<?xml version="1.0" encoding="utf-8"?>
<DBIN2 xmlns:xsi="http://www.w3.org/2001/XMLSchema-instance" xmlns:xsd="http://www.w3.org/2001/XMLSchema" Key="466859134" Unknown="4">
  <Entries>
    <Entry Unknown0="978985046" Unknown1="1967092112">
      <SDL2 Key="464381365">
        <Unknown>
          <Entry>
            <Values />
            <Value0>147456</Value0>
            <Value1>65536</Value1>
          </Entry>
          <Entry>
            <Values />
            <Value0>147456</Value0>
            <Value1>131072</Value1>
          </Entry>
          <Entry>
            <Values />
            <Value0>147456</Value0>
            <Value1>196608</Value1>
          </Entry>
          <Entry>
            <Values />
            <Value0>147456</Value0>
            <Value1>262144</Value1>
          </Entry>
          <Entry>
            <Values>
              <Entry>
                <Value0>61631</Value0>
                <Value1>0</Value1>
              </Entry>
            </Values>
            <Value0>147461</Value0>
            <Value1>393216</Value1>
          </Entry>
          <Entry>
            <Values>
              <Entry>
                <Value0>61632</Value0>
                <Value1>0</Value1>
              </Entry>
            </Values>
            <Value0>147461</Value0>
            <Value1>458752</Value1>
          </Entry>
          <Entry>
            <Values />
            <Value0>147456</Value0>
            <Value1>524288</Value1>
          </Entry>
          <Entry>
            <Values>
              <Entry>
                <Value0>61633</Value0>
                <Value1>0</Value1>
              </Entry>
            </Values>
            <Value0>147461</Value0>
            <Value1>589824</Value1>
          </Entry>
          <Entry>
            <Values />
            <Value0>147456</Value0>
            <Value1>655360</Value1>
          </Entry>
          <Entry>
            <Values>
              <Entry>
                <Value0>61634</Value0>
                <Value1>0</Value1>
              </Entry>
            </Values>
            <Value0>147461</Value0>
            <Value1>720896</Value1>
          </Entry>
          <Entry>
            <Values />
            <Value0>147456</Value0>
            <Value1>786432</Value1>
          </Entry>
          <Entry>
            <Values>
              <Entry>
                <Value0>61635</Value0>
                <Value1>0</Value1>
              </Entry>
            </Values>
            <Value0>147461</Value0>
            <Value1>851968</Value1>
          </Entry>
          <Entry>
            <Values>
              <Entry>
                <Value0>61636</Value0>
                <Value1>0</Value1>
              </Entry>
            </Values>
            <Value0>147461</Value0>
            <Value1>917504</Value1>
          </Entry>
          <Entry>
            <Values />
            <Value0>147456</Value0>
            <Value1>983040</Value1>
          </Entry>
          <Entry>
            <Values>
              <Entry>
                <Value0>61637</Value0>
                <Value1>0</Value1>
              </Entry>
            </Values>
            <Value0>147461</Value0>
            <Value1>1048576</Value1>
          </Entry>
          <Entry>
            <Values>
              <Entry>
                <Value0>61638</Value0>
                <Value1>0</Value1>
              </Entry>
            </Values>
            <Value0>147473</Value0>
            <Value1>1179648</Value1>
          </Entry>
          <Entry>
            <Values />
            <Value0>147456</Value0>
            <Value1>1245184</Value1>
          </Entry>
          <Entry>
            <Values>
              <Entry>
                <Value0>61639</Value0>
                <Value1>0</Value1>
              </Entry>
            </Values>
            <Value0>147473</Value0>
            <Value1>1310720</Value1>
          </Entry>
          <Entry>
            <Values />
            <Value0>147456</Value0>
            <Value1>1376256</Value1>
          </Entry>
          <Entry>
            <Values>
              <Entry>
                <Value0>61640</Value0>
                <Value1>0</Value1>
              </Entry>
            </Values>
            <Value0>147473</Value0>
            <Value1>1441792</Value1>
          </Entry>
          <Entry>
            <Values />
            <Value0>147456</Value0>
            <Value1>1507328</Value1>
          </Entry>
          <Entry>
            <Values>
              <Entry>
                <Value0>61641</Value0>
                <Value1>0</Value1>
              </Entry>
            </Values>
            <Value0>147473</Value0>
            <Value1>1572864</Value1>
          </Entry>
          <Entry>
            <Values />
            <Value0>147456</Value0>
            <Value1>1638400</Value1>
          </Entry>
          <Entry>
            <Values>
              <Entry>
                <Value0>61642</Value0>
                <Value1>0</Value1>
              </Entry>
            </Values>
            <Value0>147473</Value0>
            <Value1>1703936</Value1>
          </Entry>
          <Entry>
            <Values />
            <Value0>147456</Value0>
            <Value1>1769472</Value1>
          </Entry>
          <Entry>
            <Values>
              <Entry>
                <Value0>61643</Value0>
                <Value1>0</Value1>
              </Entry>
            </Values>
            <Value0>147473</Value0>
            <Value1>1835008</Value1>
          </Entry>
          <Entry>
            <Values>
              <Entry>
                <Value0>61644</Value0>
                <Value1>0</Value1>
              </Entry>
            </Values>
            <Value0>147473</Value0>
            <Value1>1900544</Value1>
          </Entry>
          <Entry>
            <Values />
            <Value0>147456</Value0>
            <Value1>1966080</Value1>
          </Entry>
          <Entry>
            <Values>
              <Entry>
                <Value0>61645</Value0>
                <Value1>0</Value1>
              </Entry>
            </Values>
            <Value0>147473</Value0>
            <Value1>2031616</Value1>
          </Entry>
          <Entry>
            <Values />
            <Value0>147456</Value0>
            <Value1>2097152</Value1>
          </Entry>
          <Entry>
            <Values>
              <Entry>
                <Value0>61646</Value0>
                <Value1>0</Value1>
              </Entry>
            </Values>
            <Value0>147473</Value0>
            <Value1>2162688</Value1>
          </Entry>
          <Entry>
            <Values />
            <Value0>147456</Value0>
            <Value1>2228224</Value1>
          </Entry>
        </Unknown>
        <Dialogs>
          <Dialog>○○○○○○○○</Dialog>
          <Dialog>"（我只打过电话，但他们
马上就接受了我的申请。）"</Dialog>
          <Dialog>（我猜他们在春天真的人手
不够……）</Dialog>
          <Dialog>（家庭餐厅“迪克西”。从今
天开始我就在这里工作
了，嗯…？）</Dialog>
          <Dialog>好吧，那么。。。我应该先
做什么</Dialog>
          <Dialog>？？？</Dialog>
          <Dialog>欢迎光临！</Dialog>
          <Dialog>先生，你是一个人来的吗？</Dialog>
          <Dialog>（哇，多么漂亮的女孩！她
看起来很成熟……她是大学生吗？
不对！现在不是想这个时候)</Dialog>
          <Dialog>你有什么事吗？</Dialog>
          <Dialog>嗯。。。我从今天起将在这
里做兼职。。。</Dialog>
          <Dialog>嗯？啊，你就是新员工吗</Dialog>
          <Dialog>是的.</Dialog>
          <Dialog>请过来一下.</Dialog>
          <Dialog>员工不允许使用顾客的入
口，你知道吗？</Dialog>
          <Dialog>真是抱歉...</Dialog>
          <Dialog>哈哈，没事的。毕竟你是
第一次来。</Dialog>
          <Dialog>姉ヶ崎</Dialog>
          <Dialog>我是姐崎宁宁, 很高兴见
到你.</Dialog>
          <Dialog>I'm ▲苗字▲ ▲名前▲.
我也很高兴见到你.</Dialog>
          <Dialog>在学校和这里，我都比你
年长一岁，对吧?</Dialog>
          <Dialog>在学校…？但是，我刚转学
过来。你怎么。。。</Dialog>
          <Dialog>哈哈。对不起，我听经理
说和我同一所高中的一个二年级
学生要来这里工作。</Dialog>
          <Dialog>哦，是这样吗？</Dialog>
          <Dialog>Emmmm... 我想你还是有
点紧张吧？</Dialog>
          <Dialog>你为什么这样说？</Dialog>
          <Dialog>你对我说话的方式。即使
我比你大了一岁，你也不需要对
我说敬语，好吗</Dialog>
          <Dialog>十分抱。。。不，对不起。
我想我还是有点紧张。</Dialog>
          <Dialog>啊，没关系。但别忘了对
客人要有礼貌。</Dialog>
          <Dialog>这家餐馆在礼仪方面很严
格。</Dialog>
          <Dialog>我明白... 我是说，好的.</Dialog>
          <Dialog>呵呵。好吧，我现在就要
回去。你能在这儿等一下吗？经
理很快就会过来。</Dialog>
          <Dialog>好的，谢谢.</Dialog>
          <Dialog>哈哈,不用客气.</Dialog>
          <Dialog>(看来这份兼职会很有趣
...)</Dialog>
        </Dialogs>
      </SDL2>
    </Entry>
    <Entry Unknown0="3769097724" Unknown1="3371964381">
      <SDL2 Key="1831617403">
        <Unknown>
          <Entry>
            <Values />
            <Value0>147456</Value0>
            <Value1>65536</Value1>
          </Entry>
          <Entry>
            <Values />
            <Value0>147456</Value0>
            <Value1>131072</Value1>
          </Entry>
          <Entry>
            <Values />
            <Value0>147456</Value0>
            <Value1>196608</Value1>
          </Entry>
          <Entry>
            <Values />
            <Value0>147456</Value0>
            <Value1>262144</Value1>
          </Entry>
          <Entry>
            <Values>
              <Entry>
                <Value0>61647</Value0>
                <Value1>0</Value1>
              </Entry>
            </Values>
            <Value0>147461</Value0>
            <Value1>393216</Value1>
          </Entry>
          <Entry>
            <Values>
              <Entry>
                <Value0>61648</Value0>
                <Value1>0</Value1>
              </Entry>
            </Values>
            <Value0>147461</Value0>
            <Value1>458752</Value1>
          </Entry>
          <Entry>
            <Values />
            <Value0>147456</Value0>
            <Value1>524288</Value1>
          </Entry>
          <Entry>
            <Values>
              <Entry>
                <Value0>61649</Value0>
                <Value1>0</Value1>
              </Entry>
            </Values>
            <Value0>147461</Value0>
            <Value1>589824</Value1>
          </Entry>
          <Entry>
            <Values />
            <Value0>147456</Value0>
            <Value1>655360</Value1>
          </Entry>
          <Entry>
            <Values />
            <Value0>147456</Value0>
            <Value1>720896</Value1>
          </Entry>
          <Entry>
            <Values>
              <Entry>
                <Value0>61650</Value0>
                <Value1>0</Value1>
              </Entry>
            </Values>
            <Value0>147468</Value0>
            <Value1>851968</Value1>
          </Entry>
          <Entry>
            <Values>
              <Entry>
                <Value0>61651</Value0>
                <Value1>0</Value1>
              </Entry>
            </Values>
            <Value0>147468</Value0>
            <Value1>917504</Value1>
          </Entry>
          <Entry>
            <Values>
              <Entry>
                <Value0>61652</Value0>
                <Value1>0</Value1>
              </Entry>
            </Values>
            <Value0>147468</Value0>
            <Value1>983040</Value1>
          </Entry>
          <Entry>
            <Values />
            <Value0>147456</Value0>
            <Value1>1048576</Value1>
          </Entry>
          <Entry>
            <Values />
            <Value0>147456</Value0>
            <Value1>1114112</Value1>
          </Entry>
          <Entry>
            <Values>
              <Entry>
                <Value0>61653</Value0>
                <Value1>0</Value1>
              </Entry>
            </Values>
            <Value0>147468</Value0>
            <Value1>1179648</Value1>
          </Entry>
          <Entry>
            <Values>
              <Entry>
                <Value0>61654</Value0>
                <Value1>0</Value1>
              </Entry>
            </Values>
            <Value0>147468</Value0>
            <Value1>1245184</Value1>
          </Entry>
          <Entry>
            <Values />
            <Value0>147456</Value0>
            <Value1>1310720</Value1>
          </Entry>
          <Entry>
            <Values>
              <Entry>
                <Value0>61655</Value0>
                <Value1>0</Value1>
              </Entry>
              <Entry>
                <Value0>61656</Value0>
                <Value1>467</Value1>
              </Entry>
            </Values>
            <Value0>147468</Value0>
            <Value1>1376256</Value1>
          </Entry>
          <Entry>
            <Values />
            <Value0>147456</Value0>
            <Value1>1441792</Value1>
          </Entry>
          <Entry>
            <Values>
              <Entry>
                <Value0>61657</Value0>
                <Value1>0</Value1>
              </Entry>
            </Values>
            <Value0>147468</Value0>
            <Value1>1507328</Value1>
          </Entry>
          <Entry>
            <Values>
              <Entry>
                <Value0>61658</Value0>
                <Value1>0</Value1>
              </Entry>
            </Values>
            <Value0>147468</Value0>
            <Value1>1572864</Value1>
          </Entry>
          <Entry>
            <Values />
            <Value0>147456</Value0>
            <Value1>1638400</Value1>
          </Entry>
          <Entry>
            <Values>
              <Entry>
                <Value0>61659</Value0>
                <Value1>0</Value1>
              </Entry>
            </Values>
            <Value0>147468</Value0>
            <Value1>1703936</Value1>
          </Entry>
          <Entry>
            <Values />
            <Value0>147456</Value0>
            <Value1>1769472</Value1>
          </Entry>
          <Entry>
            <Values>
              <Entry>
                <Value0>61660</Value0>
                <Value1>0</Value1>
              </Entry>
            </Values>
            <Value0>147468</Value0>
            <Value1>1835008</Value1>
          </Entry>
          <Entry>
            <Values />
            <Value0>147456</Value0>
            <Value1>1900544</Value1>
          </Entry>
          <Entry>
            <Values>
              <Entry>
                <Value0>61661</Value0>
                <Value1>0</Value1>
              </Entry>
            </Values>
            <Value0>147468</Value0>
            <Value1>1966080</Value1>
          </Entry>
          <Entry>
            <Values />
            <Value0>147456</Value0>
            <Value1>2031616</Value1>
          </Entry>
          <Entry>
            <Values>
              <Entry>
                <Value0>61662</Value0>
                <Value1>0</Value1>
              </Entry>
            </Values>
            <Value0>147468</Value0>
            <Value1>2097152</Value1>
          </Entry>
          <Entry>
            <Values />
            <Value0>147456</Value0>
            <Value1>2162688</Value1>
          </Entry>
          <Entry>
            <Values>
              <Entry>
                <Value0>61663</Value0>
                <Value1>0</Value1>
              </Entry>
            </Values>
            <Value0>147468</Value0>
            <Value1>2228224</Value1>
          </Entry>
          <Entry>
            <Values />
            <Value0>147456</Value0>
            <Value1>2293760</Value1>
          </Entry>
        </Unknown>
        <Dialogs>
          <Dialog>○○○○○○○○</Dialog>
          <Dialog>(I've only just called, but
they accepted my application
right away.)</Dialog>
          <Dialog>(I don't want to be late on my
first day at work. It's hot,
but I must hurry...)</Dialog>
          <Dialog>(Family Restaurant "Dixie's".
I'll be working here from
today on, huh...？)</Dialog>
          <Dialog>Um, I guess this is the
employees' entrance...</Dialog>
          <Dialog>？？？</Dialog>
          <Dialog>All right, then.</Dialog>
          <Dialog>Hahh... It's so hot. I can't
handle any more garbage
disposing on a day like
this...</Dialog>
          <Dialog>Um...</Dialog>
          <Dialog>Ah... Could you be... The new
employee？</Dialog>
          <Dialog>(What a beautiful person...
She looks mature. No！ This is
not the time for this！)</Dialog>
          <Dialog>Yes. My name is
▲苗字▲ ▲名前▲.</Dialog>
          <Dialog>姉ヶ崎</Dialog>
          <Dialog>My name is Anegasaki Nene.</Dialog>
          <Dialog>Hehe, I guess you overheard me
mumbling.</Dialog>
          <Dialog>Ah, I was asked to give you
guidance. Let's work hard
together.</Dialog>
          <Dialog>Okay, Anegasaki-san.</Dialog>
          <Dialog>This is my first job and I've
just moved in. I will have to
learn a lot from you. So
please take care of me.</Dialog>
          <Dialog>Ah, right...</Dialog>
          <Dialog>...Hmm. I think you're too
formal.</Dialog>
          <Dialog>Is that so？</Dialog>
          <Dialog>You should be formal to the
customers. But you can talk
normally to me, okay？</Dialog>
          <Dialog>But you are older...</Dialog>
          <Dialog>If you say that, I... Look！
Do I look very old to you？</Dialog>
          <Dialog>When someone near my age talks
to me too formally, it just
makes me feel... You
understand, right？</Dialog>
          <Dialog>How old are you then,
Anegasaki-san？</Dialog>
          <Dialog>We go to the same high school.
I'm in 3rd year. The manager
told me that a junior from my
school was coming to work
here.</Dialog>
          <Dialog>Eh？ You're a high school
student！？</Dialog>
          <Dialog>...Yeah. I know. Everyone
reacts like that.</Dialog>
          <Dialog>No, it's not... I mean you're
so pretty. That's why I
thought you were much older...</Dialog>
          <Dialog>Now you're flattering me？</Dialog>
          <Dialog>No. But... Er...</Dialog>
          <Dialog>Okay, from now on, don't be
too formal. Then, I'll forgive
you.</Dialog>
          <Dialog>Okay... Sure. I'll try.</Dialog>
          <Dialog>Hehe. Let's work hard
together. Now, let's get
inside. I'll explain to you
what we do here.</Dialog>
          <Dialog>(Looks like this part-time job
will be fun...)</Dialog>
        </Dialogs>
      </SDL2>
    </Entry>
    <Entry Unknown0="795116361" Unknown1="1805280410">
      <SDL2 Key="635352642">
        <Unknown>
          <Entry>
            <Values />
            <Value0>147456</Value0>
            <Value1>65536</Value1>
          </Entry>
          <Entry>
            <Values />
            <Value0>147456</Value0>
            <Value1>131072</Value1>
          </Entry>
          <Entry>
            <Values />
            <Value0>147456</Value0>
            <Value1>196608</Value1>
          </Entry>
          <Entry>
            <Values />
            <Value0>147456</Value0>
            <Value1>262144</Value1>
          </Entry>
          <Entry>
            <Values />
            <Value0>147456</Value0>
            <Value1>327680</Value1>
          </Entry>
          <Entry>
            <Values />
            <Value0>147456</Value0>
            <Value1>393216</Value1>
          </Entry>
          <Entry>
            <Values />
            <Value0>147456</Value0>
            <Value1>458752</Value1>
          </Entry>
          <Entry>
            <Values>
              <Entry>
                <Value0>61664</Value0>
                <Value1>0</Value1>
              </Entry>
            </Values>
            <Value0>147464</Value0>
            <Value1>589824</Value1>
          </Entry>
          <Entry>
            <Values />
            <Value0>147456</Value0>
            <Value1>655360</Value1>
          </Entry>
          <Entry>
            <Values>
              <Entry>
                <Value0>61665</Value0>
                <Value1>0</Value1>
              </Entry>
            </Values>
            <Value0>147464</Value0>
            <Value1>720896</Value1>
          </Entry>
          <Entry>
            <Values />
            <Value0>147456</Value0>
            <Value1>786432</Value1>
          </Entry>
          <Entry>
            <Values>
              <Entry>
                <Value0>61666</Value0>
                <Value1>0</Value1>
              </Entry>
            </Values>
            <Value0>147469</Value0>
            <Value1>917504</Value1>
          </Entry>
          <Entry>
            <Values>
              <Entry>
                <Value0>61667</Value0>
                <Value1>0</Value1>
              </Entry>
            </Values>
            <Value0>147469</Value0>
            <Value1>983040</Value1>
          </Entry>
          <Entry>
            <Values />
            <Value0>147456</Value0>
            <Value1>1048576</Value1>
          </Entry>
          <Entry>
            <Values>
              <Entry>
                <Value0>61668</Value0>
                <Value1>0</Value1>
              </Entry>
            </Values>
            <Value0>147469</Value0>
            <Value1>1114112</Value1>
          </Entry>
          <Entry>
            <Values />
            <Value0>147456</Value0>
            <Value1>1179648</Value1>
          </Entry>
          <Entry>
            <Values>
              <Entry>
                <Value0>61669</Value0>
                <Value1>0</Value1>
              </Entry>
            </Values>
            <Value0>147469</Value0>
            <Value1>1245184</Value1>
          </Entry>
          <Entry>
            <Values />
            <Value0>147456</Value0>
            <Value1>1310720</Value1>
          </Entry>
          <Entry>
            <Values>
              <Entry>
                <Value0>61670</Value0>
                <Value1>0</Value1>
              </Entry>
            </Values>
            <Value0>147469</Value0>
            <Value1>1376256</Value1>
          </Entry>
          <Entry>
            <Values>
              <Entry>
                <Value0>61671</Value0>
                <Value1>0</Value1>
              </Entry>
            </Values>
            <Value0>147469</Value0>
            <Value1>1441792</Value1>
          </Entry>
          <Entry>
            <Values />
            <Value0>147456</Value0>
            <Value1>1507328</Value1>
          </Entry>
          <Entry>
            <Values>
              <Entry>
                <Value0>61672</Value0>
                <Value1>0</Value1>
              </Entry>
            </Values>
            <Value0>147469</Value0>
            <Value1>1572864</Value1>
          </Entry>
          <Entry>
            <Values>
              <Entry>
                <Value0>61673</Value0>
                <Value1>0</Value1>
              </Entry>
            </Values>
            <Value0>147469</Value0>
            <Value1>1638400</Value1>
          </Entry>
          <Entry>
            <Values />
            <Value0>147456</Value0>
            <Value1>1703936</Value1>
          </Entry>
          <Entry>
            <Values>
              <Entry>
                <Value0>61674</Value0>
                <Value1>0</Value1>
              </Entry>
            </Values>
            <Value0>147469</Value0>
            <Value1>1769472</Value1>
          </Entry>
          <Entry>
            <Values />
            <Value0>147456</Value0>
            <Value1>1835008</Value1>
          </Entry>
          <Entry>
            <Values>
              <Entry>
                <Value0>61675</Value0>
                <Value1>0</Value1>
              </Entry>
            </Values>
            <Value0>147469</Value0>
            <Value1>1900544</Value1>
          </Entry>
          <Entry>
            <Values />
            <Value0>147456</Value0>
            <Value1>1966080</Value1>
          </Entry>
          <Entry>
            <Values>
              <Entry>
                <Value0>61676</Value0>
                <Value1>0</Value1>
              </Entry>
            </Values>
            <Value0>147469</Value0>
            <Value1>2031616</Value1>
          </Entry>
          <Entry>
            <Values />
            <Value0>147456</Value0>
            <Value1>2097152</Value1>
          </Entry>
        </Unknown>
        <Dialogs>
          <Dialog>○○○○○○○○</Dialog>
          <Dialog>(I was hired with just one
phone call...)</Dialog>
          <Dialog>(It's a bit cold today. I'd
better hurry.)</Dialog>
          <Dialog>(Family restaurant "Dixie's".
I'll be working here starting
today.)</Dialog>
          <Dialog>(I guess the employees'
entrance is here...)</Dialog>
          <Dialog>Excuse me.</Dialog>
          <Dialog>Hmm, I guess I'm not used to
wearing this...</Dialog>
          <Dialog>A job, huh...？ I feel a bit
uneasy. Can I really do this？</Dialog>
          <Dialog>？？？</Dialog>
          <Dialog>Ah, there you are. Are you the
new employee？</Dialog>
          <Dialog>(Wow, this girl... She looks
beautiful and mature... No！
This is not the time for
this！)</Dialog>
          <Dialog>Hm？ What's wrong？</Dialog>
          <Dialog>Um, I'm
▲苗字▲ ▲名前▲.
My pleasure to meet you.</Dialog>
          <Dialog>姉ヶ崎</Dialog>
          <Dialog>Hehe, I'm Anegasaki Nene.</Dialog>
          <Dialog>I'll be looking after you, but
you don't have to be too
formal, okay？ I'm just a year
older.</Dialog>
          <Dialog>Are you a high school
student？</Dialog>
          <Dialog>...How old do I look？</Dialog>
          <Dialog>Well, you're really
beautiful... I figured you
were a college student...</Dialog>
          <Dialog>Hehe. You're good at flattery.
I guess you'll be fine to take
care of the customers, huh？</Dialog>
          <Dialog>It's not flattery... I...</Dialog>
          <Dialog>Geez, don't be so serious. But
I really don't like people
near my age to talk to me too
formally, okay？</Dialog>
          <Dialog>Of course, you need to speak
formally to the customers,
though.</Dialog>
          <Dialog>...Okay, I got it.</Dialog>
          <Dialog>Hehe... Then I'll start
explaining the job right away,
okay？</Dialog>
          <Dialog>We have many special menus in
the fall, so it might be
difficult to remember. You'll
have to do your best.</Dialog>
          <Dialog>Ah, yes... I mean... Sure, I
got it.</Dialog>
          <Dialog>If it's so much of a burden,
just speak to me formally
then.</Dialog>
          <Dialog>No, Since I just moved here
recently, it's nice to have
someone who I can talk
casually with.</Dialog>
          <Dialog>Is that so...？ Let's be
friends then.</Dialog>
          <Dialog>Yeah. We're not senior and
junior, but friends.</Dialog>
          <Dialog>Hehe. Then let's get along.</Dialog>
          <Dialog>(Looks like this part-time job
will be fun...)</Dialog>
        </Dialogs>
      </SDL2>
    </Entry>
    <Entry Unknown0="3926577158" Unknown1="1005527360">
      <SDL2 Key="1194192044">
        <Unknown>
          <Entry>
            <Values />
            <Value0>147456</Value0>
            <Value1>65536</Value1>
          </Entry>
          <Entry>
            <Values />
            <Value0>147456</Value0>
            <Value1>131072</Value1>
          </Entry>
          <Entry>
            <Values />
            <Value0>147456</Value0>
            <Value1>196608</Value1>
          </Entry>
          <Entry>
            <Values />
            <Value0>147456</Value0>
            <Value1>262144</Value1>
          </Entry>
          <Entry>
            <Values>
              <Entry>
                <Value0>61677</Value0>
                <Value1>0</Value1>
              </Entry>
            </Values>
            <Value0>147461</Value0>
            <Value1>393216</Value1>
          </Entry>
          <Entry>
            <Values />
            <Value0>147456</Value0>
            <Value1>458752</Value1>
          </Entry>
          <Entry>
            <Values>
              <Entry>
                <Value0>61678</Value0>
                <Value1>0</Value1>
              </Entry>
            </Values>
            <Value0>147461</Value0>
            <Value1>524288</Value1>
          </Entry>
          <Entry>
            <Values />
            <Value0>147456</Value0>
            <Value1>589824</Value1>
          </Entry>
          <Entry>
            <Values>
              <Entry>
                <Value0>61679</Value0>
                <Value1>0</Value1>
              </Entry>
            </Values>
            <Value0>147461</Value0>
            <Value1>655360</Value1>
          </Entry>
          <Entry>
            <Values />
            <Value0>147456</Value0>
            <Value1>720896</Value1>
          </Entry>
          <Entry>
            <Values>
              <Entry>
                <Value0>61680</Value0>
                <Value1>0</Value1>
              </Entry>
            </Values>
            <Value0>147461</Value0>
            <Value1>786432</Value1>
          </Entry>
          <Entry>
            <Values />
            <Value0>147456</Value0>
            <Value1>851968</Value1>
          </Entry>
          <Entry>
            <Values>
              <Entry>
                <Value0>61681</Value0>
                <Value1>0</Value1>
              </Entry>
            </Values>
            <Value0>147461</Value0>
            <Value1>917504</Value1>
          </Entry>
          <Entry>
            <Values />
            <Value0>147456</Value0>
            <Value1>983040</Value1>
          </Entry>
          <Entry>
            <Values>
              <Entry>
                <Value0>61682</Value0>
                <Value1>0</Value1>
              </Entry>
            </Values>
            <Value0>147461</Value0>
            <Value1>1048576</Value1>
          </Entry>
          <Entry>
            <Values />
            <Value0>147456</Value0>
            <Value1>1114112</Value1>
          </Entry>
          <Entry>
            <Values>
              <Entry>
                <Value0>61683</Value0>
                <Value1>0</Value1>
              </Entry>
            </Values>
            <Value0>147474</Value0>
            <Value1>1245184</Value1>
          </Entry>
          <Entry>
            <Values>
              <Entry>
                <Value0>61684</Value0>
                <Value1>0</Value1>
              </Entry>
            </Values>
            <Value0>147474</Value0>
            <Value1>1310720</Value1>
          </Entry>
          <Entry>
            <Values />
            <Value0>147456</Value0>
            <Value1>1376256</Value1>
          </Entry>
          <Entry>
            <Values />
            <Value0>147456</Value0>
            <Value1>1441792</Value1>
          </Entry>
          <Entry>
            <Values>
              <Entry>
                <Value0>61685</Value0>
                <Value1>0</Value1>
              </Entry>
            </Values>
            <Value0>147474</Value0>
            <Value1>1507328</Value1>
          </Entry>
          <Entry>
            <Values />
            <Value0>147456</Value0>
            <Value1>1572864</Value1>
          </Entry>
          <Entry>
            <Values>
              <Entry>
                <Value0>61686</Value0>
                <Value1>0</Value1>
              </Entry>
            </Values>
            <Value0>147474</Value0>
            <Value1>1638400</Value1>
          </Entry>
          <Entry>
            <Values />
            <Value0>147456</Value0>
            <Value1>1703936</Value1>
          </Entry>
          <Entry>
            <Values>
              <Entry>
                <Value0>61687</Value0>
                <Value1>0</Value1>
              </Entry>
            </Values>
            <Value0>147474</Value0>
            <Value1>1769472</Value1>
          </Entry>
          <Entry>
            <Values>
              <Entry>
                <Value0>61688</Value0>
                <Value1>0</Value1>
              </Entry>
            </Values>
            <Value0>147474</Value0>
            <Value1>1835008</Value1>
          </Entry>
          <Entry>
            <Values />
            <Value0>147456</Value0>
            <Value1>1900544</Value1>
          </Entry>
          <Entry>
            <Values>
              <Entry>
                <Value0>61689</Value0>
                <Value1>0</Value1>
              </Entry>
            </Values>
            <Value0>147474</Value0>
            <Value1>1966080</Value1>
          </Entry>
          <Entry>
            <Values />
            <Value0>147456</Value0>
            <Value1>2031616</Value1>
          </Entry>
          <Entry>
            <Values>
              <Entry>
                <Value0>61690</Value0>
                <Value1>0</Value1>
              </Entry>
            </Values>
            <Value0>147474</Value0>
            <Value1>2097152</Value1>
          </Entry>
          <Entry>
            <Values />
            <Value0>147456</Value0>
            <Value1>2162688</Value1>
          </Entry>
          <Entry>
            <Values>
              <Entry>
                <Value0>61691</Value0>
                <Value1>0</Value1>
              </Entry>
            </Values>
            <Value0>147474</Value0>
            <Value1>2228224</Value1>
          </Entry>
          <Entry>
            <Values />
            <Value0>147456</Value0>
            <Value1>2293760</Value1>
          </Entry>
          <Entry>
            <Values>
              <Entry>
                <Value0>61692</Value0>
                <Value1>0</Value1>
              </Entry>
            </Values>
            <Value0>147474</Value0>
            <Value1>2359296</Value1>
          </Entry>
        </Unknown>
        <Dialogs>
          <Dialog>○○○○○○○○</Dialog>
          <Dialog>(I've only called, but they
accepted my application right
away.)</Dialog>
          <Dialog>(Urgh, it's cold. It's my
first day so I don't want to
be late. I'll hurry...)</Dialog>
          <Dialog>(Family Restaurant "Dixie's".
I'll be working here from
today on, huh...？)</Dialog>
          <Dialog>Brrr, it's cold... I need to
hurry inside.</Dialog>
          <Dialog>？？？</Dialog>
          <Dialog>Achoo！</Dialog>
          <Dialog>Hm？</Dialog>
          <Dialog>Urgh, cleaning outside in the
winter is like being
punished... Geez...</Dialog>
          <Dialog>Um, excuse me. Do you work
here？</Dialog>
          <Dialog>Ah, yes. The entrance is right
over there.</Dialog>
          <Dialog>(What a beautiful person...
She looks mature. No！ This is
not the time for this！)</Dialog>
          <Dialog>What's wrong？</Dialog>
          <Dialog>No, I'll be working here
starting from today.</Dialog>
          <Dialog>Eh？ Ah, you're the new
employee？ Then come over
here.</Dialog>
          <Dialog>This is the staff room, huh...</Dialog>
          <Dialog>Sorry for the wait.</Dialog>
          <Dialog>Yes...</Dialog>
          <Dialog>姉ヶ崎</Dialog>
          <Dialog>I'm Anegasaki Nene...</Dialog>
          <Dialog>I'm a third year at our high
school, but you don't know me,
right？</Dialog>
          <Dialog>That's right. I moved here
recently. I'm a second year,
▲苗字▲　▲名前▲.</Dialog>
          <Dialog>Umm, so that makes you my
senior by one year？</Dialog>
          <Dialog>Geez, I bet you were thinking
I was much older, right？</Dialog>
          <Dialog>You look mature, so I just...</Dialog>
          <Dialog>If you stop speaking formally,
I'll forgive you.</Dialog>
          <Dialog>Eh？</Dialog>
          <Dialog>I said, stop speaking
formally. After all, there's
only one year difference
between us...</Dialog>
          <Dialog>I don't like being treated as
if I'm a lot older.</Dialog>
          <Dialog>Is that so...？ I got it. Then
I'll speak casually.</Dialog>
          <Dialog>Hehe. You're obedient.</Dialog>
          <Dialog>Hmm, you think？</Dialog>
          <Dialog>Then I'll start training you
right away.</Dialog>
          <Dialog>Eh...？！ That sudden？</Dialog>
          <Dialog>Hehe. Speed is everything for
business, you know？</Dialog>
          <Dialog>I see... I might cause a bunch
of trouble, but let's get
along.</Dialog>
          <Dialog>Yeah, let's get along.</Dialog>
        </Dialogs>
      </SDL2>
    </Entry>
  </Entries>
</DBIN2>