<?xml version="1.0" encoding="utf-8"?>
<DBIN2 xmlns:xsi="http://www.w3.org/2001/XMLSchema-instance" xmlns:xsd="http://www.w3.org/2001/XMLSchema" Key="461568939" Unknown="15">
  <Entries>
    <Entry Unknown0="2198425501" Unknown1="611104831">
      <SDL2 Key="3582459581">
        <Unknown>
          <Entry>
            <Values />
            <Value0>147456</Value0>
            <Value1>65536</Value1>
          </Entry>
          <Entry>
            <Values />
            <Value0>147456</Value0>
            <Value1>131072</Value1>
          </Entry>
          <Entry>
            <Values />
            <Value0>147456</Value0>
            <Value1>196608</Value1>
          </Entry>
          <Entry>
            <Values>
              <Entry>
                <Value0>61984</Value0>
                <Value1>0</Value1>
              </Entry>
            </Values>
            <Value0>65540</Value0>
            <Value1>147456</Value1>
          </Entry>
          <Entry>
            <Values />
            <Value0>147456</Value0>
            <Value1>327680</Value1>
          </Entry>
          <Entry>
            <Values />
            <Value0>147456</Value0>
            <Value1>393216</Value1>
          </Entry>
          <Entry>
            <Values />
            <Value0>147456</Value0>
            <Value1>458752</Value1>
          </Entry>
          <Entry>
            <Values />
            <Value0>147456</Value0>
            <Value1>524288</Value1>
          </Entry>
          <Entry>
            <Values>
              <Entry>
                <Value0>4294901762</Value0>
                <Value1>0</Value1>
              </Entry>
            </Values>
            <Value0>147465</Value0>
            <Value1>655360</Value1>
          </Entry>
          <Entry>
            <Values />
            <Value0>147456</Value0>
            <Value1>720896</Value1>
          </Entry>
          <Entry>
            <Values>
              <Entry>
                <Value0>61985</Value0>
                <Value1>0</Value1>
              </Entry>
            </Values>
            <Value0>147465</Value0>
            <Value1>786432</Value1>
          </Entry>
          <Entry>
            <Values>
              <Entry>
                <Value0>61986</Value0>
                <Value1>0</Value1>
              </Entry>
            </Values>
            <Value0>147465</Value0>
            <Value1>851968</Value1>
          </Entry>
          <Entry>
            <Values>
              <Entry>
                <Value0>61987</Value0>
                <Value1>0</Value1>
              </Entry>
            </Values>
            <Value0>147465</Value0>
            <Value1>917504</Value1>
          </Entry>
          <Entry>
            <Values>
              <Entry>
                <Value0>61988</Value0>
                <Value1>0</Value1>
              </Entry>
            </Values>
            <Value0>147465</Value0>
            <Value1>983040</Value1>
          </Entry>
          <Entry>
            <Values>
              <Entry>
                <Value0>61989</Value0>
                <Value1>0</Value1>
              </Entry>
            </Values>
            <Value0>147465</Value0>
            <Value1>1048576</Value1>
          </Entry>
          <Entry>
            <Values />
            <Value0>147456</Value0>
            <Value1>1114112</Value1>
          </Entry>
          <Entry>
            <Values>
              <Entry>
                <Value0>61990</Value0>
                <Value1>0</Value1>
              </Entry>
            </Values>
            <Value0>147465</Value0>
            <Value1>1179648</Value1>
          </Entry>
          <Entry>
            <Values />
            <Value0>147456</Value0>
            <Value1>1245184</Value1>
          </Entry>
          <Entry>
            <Values>
              <Entry>
                <Value0>61991</Value0>
                <Value1>0</Value1>
              </Entry>
            </Values>
            <Value0>147465</Value0>
            <Value1>1310720</Value1>
          </Entry>
          <Entry>
            <Values>
              <Entry>
                <Value0>61992</Value0>
                <Value1>0</Value1>
              </Entry>
            </Values>
            <Value0>147465</Value0>
            <Value1>1376256</Value1>
          </Entry>
          <Entry>
            <Values />
            <Value0>147456</Value0>
            <Value1>1441792</Value1>
          </Entry>
          <Entry>
            <Values>
              <Entry>
                <Value0>61993</Value0>
                <Value1>0</Value1>
              </Entry>
            </Values>
            <Value0>147465</Value0>
            <Value1>1507328</Value1>
          </Entry>
          <Entry>
            <Values>
              <Entry>
                <Value0>61994</Value0>
                <Value1>0</Value1>
              </Entry>
            </Values>
            <Value0>147465</Value0>
            <Value1>1572864</Value1>
          </Entry>
          <Entry>
            <Values />
            <Value0>147456</Value0>
            <Value1>1638400</Value1>
          </Entry>
          <Entry>
            <Values>
              <Entry>
                <Value0>61995</Value0>
                <Value1>0</Value1>
              </Entry>
            </Values>
            <Value0>147465</Value0>
            <Value1>1703936</Value1>
          </Entry>
          <Entry>
            <Values />
            <Value0>147456</Value0>
            <Value1>1769472</Value1>
          </Entry>
          <Entry>
            <Values>
              <Entry>
                <Value0>61996</Value0>
                <Value1>0</Value1>
              </Entry>
            </Values>
            <Value0>147465</Value0>
            <Value1>1835008</Value1>
          </Entry>
          <Entry>
            <Values />
            <Value0>147456</Value0>
            <Value1>1900544</Value1>
          </Entry>
          <Entry>
            <Values>
              <Entry>
                <Value0>61997</Value0>
                <Value1>0</Value1>
              </Entry>
            </Values>
            <Value0>147465</Value0>
            <Value1>1966080</Value1>
          </Entry>
          <Entry>
            <Values>
              <Entry>
                <Value0>61998</Value0>
                <Value1>0</Value1>
              </Entry>
            </Values>
            <Value0>147465</Value0>
            <Value1>2031616</Value1>
          </Entry>
          <Entry>
            <Values>
              <Entry>
                <Value0>61999</Value0>
                <Value1>0</Value1>
              </Entry>
            </Values>
            <Value0>147465</Value0>
            <Value1>2097152</Value1>
          </Entry>
          <Entry>
            <Values />
            <Value0>147456</Value0>
            <Value1>2162688</Value1>
          </Entry>
          <Entry>
            <Values>
              <Entry>
                <Value0>62000</Value0>
                <Value1>0</Value1>
              </Entry>
            </Values>
            <Value0>147465</Value0>
            <Value1>2228224</Value1>
          </Entry>
          <Entry>
            <Values>
              <Entry>
                <Value0>62001</Value0>
                <Value1>0</Value1>
              </Entry>
            </Values>
            <Value0>147465</Value0>
            <Value1>2293760</Value1>
          </Entry>
          <Entry>
            <Values />
            <Value0>147456</Value0>
            <Value1>2359296</Value1>
          </Entry>
          <Entry>
            <Values>
              <Entry>
                <Value0>62002</Value0>
                <Value1>0</Value1>
              </Entry>
              <Entry>
                <Value0>62003</Value0>
                <Value1>400</Value1>
              </Entry>
            </Values>
            <Value0>147465</Value0>
            <Value1>2424832</Value1>
          </Entry>
          <Entry>
            <Values />
            <Value0>147456</Value0>
            <Value1>2490368</Value1>
          </Entry>
          <Entry>
            <Values>
              <Entry>
                <Value0>62004</Value0>
                <Value1>0</Value1>
              </Entry>
            </Values>
            <Value0>147465</Value0>
            <Value1>2555904</Value1>
          </Entry>
          <Entry>
            <Values />
            <Value0>147456</Value0>
            <Value1>2621440</Value1>
          </Entry>
          <Entry>
            <Values>
              <Entry>
                <Value0>62005</Value0>
                <Value1>0</Value1>
              </Entry>
            </Values>
            <Value0>147465</Value0>
            <Value1>2686976</Value1>
          </Entry>
          <Entry>
            <Values>
              <Entry>
                <Value0>62006</Value0>
                <Value1>0</Value1>
              </Entry>
            </Values>
            <Value0>147465</Value0>
            <Value1>2752512</Value1>
          </Entry>
          <Entry>
            <Values />
            <Value0>147456</Value0>
            <Value1>2490368</Value1>
          </Entry>
          <Entry>
            <Values>
              <Entry>
                <Value0>62007</Value0>
                <Value1>0</Value1>
              </Entry>
            </Values>
            <Value0>147465</Value0>
            <Value1>2818048</Value1>
          </Entry>
          <Entry>
            <Values />
            <Value0>147456</Value0>
            <Value1>2883584</Value1>
          </Entry>
          <Entry>
            <Values>
              <Entry>
                <Value0>62008</Value0>
                <Value1>0</Value1>
              </Entry>
            </Values>
            <Value0>147465</Value0>
            <Value1>2949120</Value1>
          </Entry>
          <Entry>
            <Values>
              <Entry>
                <Value0>62009</Value0>
                <Value1>0</Value1>
              </Entry>
            </Values>
            <Value0>147465</Value0>
            <Value1>3014656</Value1>
          </Entry>
          <Entry>
            <Values />
            <Value0>147456</Value0>
            <Value1>2490368</Value1>
          </Entry>
          <Entry>
            <Values>
              <Entry>
                <Value0>62010</Value0>
                <Value1>0</Value1>
              </Entry>
            </Values>
            <Value0>147465</Value0>
            <Value1>3080192</Value1>
          </Entry>
          <Entry>
            <Values>
              <Entry>
                <Value0>62011</Value0>
                <Value1>0</Value1>
              </Entry>
            </Values>
            <Value0>147465</Value0>
            <Value1>3145728</Value1>
          </Entry>
          <Entry>
            <Values />
            <Value0>147456</Value0>
            <Value1>1114112</Value1>
          </Entry>
          <Entry>
            <Values>
              <Entry>
                <Value0>62012</Value0>
                <Value1>0</Value1>
              </Entry>
            </Values>
            <Value0>147465</Value0>
            <Value1>3211264</Value1>
          </Entry>
          <Entry>
            <Values>
              <Entry>
                <Value0>62013</Value0>
                <Value1>0</Value1>
              </Entry>
            </Values>
            <Value0>147465</Value0>
            <Value1>3276800</Value1>
          </Entry>
          <Entry>
            <Values />
            <Value0>147456</Value0>
            <Value1>2490368</Value1>
          </Entry>
          <Entry>
            <Values>
              <Entry>
                <Value0>62014</Value0>
                <Value1>0</Value1>
              </Entry>
            </Values>
            <Value0>147465</Value0>
            <Value1>3342336</Value1>
          </Entry>
          <Entry>
            <Values>
              <Entry>
                <Value0>62015</Value0>
                <Value1>0</Value1>
              </Entry>
            </Values>
            <Value0>147465</Value0>
            <Value1>3407872</Value1>
          </Entry>
          <Entry>
            <Values />
            <Value0>65589</Value0>
            <Value1>65590</Value1>
          </Entry>
          <Entry>
            <Values />
            <Value0>65590</Value0>
            <Value1>147465</Value1>
          </Entry>
          <Entry>
            <Values>
              <Entry>
                <Value0>62016</Value0>
                <Value1>0</Value1>
              </Entry>
            </Values>
            <Value0>147465</Value0>
            <Value1>3604480</Value1>
          </Entry>
          <Entry>
            <Values />
            <Value0>147456</Value0>
            <Value1>3670016</Value1>
          </Entry>
          <Entry>
            <Values />
            <Value0>147456</Value0>
            <Value1>3735552</Value1>
          </Entry>
          <Entry>
            <Values>
              <Entry>
                <Value0>62017</Value0>
                <Value1>0</Value1>
              </Entry>
            </Values>
            <Value0>147465</Value0>
            <Value1>3801088</Value1>
          </Entry>
          <Entry>
            <Values />
            <Value0>147456</Value0>
            <Value1>3866624</Value1>
          </Entry>
          <Entry>
            <Values>
              <Entry>
                <Value0>62018</Value0>
                <Value1>0</Value1>
              </Entry>
            </Values>
            <Value0>147465</Value0>
            <Value1>3932160</Value1>
          </Entry>
          <Entry>
            <Values />
            <Value0>147456</Value0>
            <Value1>2883584</Value1>
          </Entry>
          <Entry>
            <Values>
              <Entry>
                <Value0>62019</Value0>
                <Value1>0</Value1>
              </Entry>
            </Values>
            <Value0>147465</Value0>
            <Value1>3997696</Value1>
          </Entry>
          <Entry>
            <Values />
            <Value0>147456</Value0>
            <Value1>4063232</Value1>
          </Entry>
          <Entry>
            <Values>
              <Entry>
                <Value0>62020</Value0>
                <Value1>0</Value1>
              </Entry>
            </Values>
            <Value0>147465</Value0>
            <Value1>4128768</Value1>
          </Entry>
          <Entry>
            <Values />
            <Value0>147456</Value0>
            <Value1>4194304</Value1>
          </Entry>
          <Entry>
            <Values>
              <Entry>
                <Value0>62021</Value0>
                <Value1>0</Value1>
              </Entry>
            </Values>
            <Value0>147465</Value0>
            <Value1>4259840</Value1>
          </Entry>
          <Entry>
            <Values />
            <Value0>147456</Value0>
            <Value1>4325376</Value1>
          </Entry>
          <Entry>
            <Values>
              <Entry>
                <Value0>62022</Value0>
                <Value1>0</Value1>
              </Entry>
            </Values>
            <Value0>147465</Value0>
            <Value1>4390912</Value1>
          </Entry>
          <Entry>
            <Values />
            <Value0>147456</Value0>
            <Value1>1114112</Value1>
          </Entry>
          <Entry>
            <Values>
              <Entry>
                <Value0>62023</Value0>
                <Value1>0</Value1>
              </Entry>
            </Values>
            <Value0>147465</Value0>
            <Value1>4456448</Value1>
          </Entry>
          <Entry>
            <Values />
            <Value0>147456</Value0>
            <Value1>4128768</Value1>
          </Entry>
          <Entry>
            <Values />
            <Value0>147456</Value0>
            <Value1>4521984</Value1>
          </Entry>
          <Entry>
            <Values />
            <Value0>147456</Value0>
            <Value1>4587520</Value1>
          </Entry>
          <Entry>
            <Values />
            <Value0>147456</Value0>
            <Value1>4653056</Value1>
          </Entry>
          <Entry>
            <Values>
              <Entry>
                <Value0>62024</Value0>
                <Value1>0</Value1>
              </Entry>
            </Values>
            <Value0>147465</Value0>
            <Value1>4718592</Value1>
          </Entry>
          <Entry>
            <Values />
            <Value0>147456</Value0>
            <Value1>4784128</Value1>
          </Entry>
          <Entry>
            <Values>
              <Entry>
                <Value0>62025</Value0>
                <Value1>0</Value1>
              </Entry>
            </Values>
            <Value0>147465</Value0>
            <Value1>4849664</Value1>
          </Entry>
          <Entry>
            <Values />
            <Value0>147456</Value0>
            <Value1>4915200</Value1>
          </Entry>
          <Entry>
            <Values>
              <Entry>
                <Value0>62026</Value0>
                <Value1>0</Value1>
              </Entry>
            </Values>
            <Value0>147465</Value0>
            <Value1>4980736</Value1>
          </Entry>
          <Entry>
            <Values />
            <Value0>147456</Value0>
            <Value1>5046272</Value1>
          </Entry>
          <Entry>
            <Values>
              <Entry>
                <Value0>62027</Value0>
                <Value1>0</Value1>
              </Entry>
              <Entry>
                <Value0>62028</Value0>
                <Value1>400</Value1>
              </Entry>
            </Values>
            <Value0>147465</Value0>
            <Value1>5111808</Value1>
          </Entry>
          <Entry>
            <Values />
            <Value0>147456</Value0>
            <Value1>1114112</Value1>
          </Entry>
          <Entry>
            <Values>
              <Entry>
                <Value0>62029</Value0>
                <Value1>0</Value1>
              </Entry>
            </Values>
            <Value0>147465</Value0>
            <Value1>5177344</Value1>
          </Entry>
        </Unknown>
        <Dialogs>
          <Dialog>○○○○○○○○</Dialog>
          <Dialog>Phew, I'm done with my work
today...</Dialog>
          <Dialog>Ah, a message...</Dialog>
          <Dialog>▲姉ヶ崎＊▲
sent me a message？
She's just left. I
wonder if she forgot
something here.</Dialog>
          <Dialog>"Please come to the school's
backyard. - Nene."</Dialog>
          <Dialog>(She sent me a message asking
me to meet her...)</Dialog>
          <Dialog>(But why at school...？)</Dialog>
          <Dialog>(In the backyard...)</Dialog>
          <Dialog>▲姉ヶ崎＊▲！</Dialog>
          <Dialog>姉ヶ崎</Dialog>
          <Dialog>▲主人公＊▲...</Dialog>
          <Dialog>What's the matter？ Why did
you message me all of a
sudden？ And why at
school...？</Dialog>
          <Dialog>Well, I was thinking that
Dixie's might be okay, but...</Dialog>
          <Dialog>Supposing... Just supposing
that we were in the same
grade...</Dialog>
          <Dialog>We could have met at school...</Dialog>
          <Dialog>And we could have spent most
of our time together at
school...</Dialog>
          <Dialog>When I thought about that, I
just chose this place without
realizing...</Dialog>
          <Dialog>▲姉ヶ崎＊▲...</Dialog>
          <Dialog>Hey, do you remember the first
time we met？</Dialog>
          <Dialog>Yes, I made a mistake by
entering Dixie's from the
front door...</Dialog>
          <Dialog>Actually, I was thinking, "If
this kid was such a burden
like that, it might be hard
for me to work with him."</Dialog>
          <Dialog>Well, blame it on the nice
Spring weather, hm？</Dialog>
          <Dialog>It was really hot. And
▲姉ヶ崎＊▲,
you were carrying a large
bucket. You seemed to be
working hard.</Dialog>
          <Dialog>Hehe. And I was grumbling. It
was really embarrassing that
you heard it.</Dialog>
          <Dialog>I'm not quite good at working
under the heat...</Dialog>
          <Dialog>It was on a cool day in the
Fall. I was about to go to
work and was surprised to meet
such a beautiful girl.</Dialog>
          <Dialog>Right, and you flattered me at
the first moment we met. I was
also surprised.</Dialog>
          <Dialog>I didn't flatter you. And I
told you that already.</Dialog>
          <Dialog>That caused me some
misunderstanding and I even
doubted whether or not you
would be a nice kid.</Dialog>
          <Dialog>It was a very cold day. You
were sweeping in front of the
restaurant, right？</Dialog>
          <Dialog>Yeah, that was such a painful
work...</Dialog>
          <Dialog>Actually, another staff member
was absent on that day. That's
why I had to sweep out there.</Dialog>
          <Dialog>What I was thinking back then
was that...</Dialog>
          <Dialog>What？</Dialog>
          <Dialog>...The new employee had
arrived and I had to give him
guidance. He happened to be a
junior at my school, so...</Dialog>
          <Dialog>He would surely rely on me a
lot.</Dialog>
          <Dialog>Did I trouble you？</Dialog>
          <Dialog>No, you didn't. That was just
the feeling I had back then.
But...</Dialog>
          <Dialog>......</Dialog>
          <Dialog>But, I knew I was wrong.
You've betrayed me.</Dialog>
          <Dialog>I betrayed you？</Dialog>
          <Dialog>Yes, you're still not quite
reliable and you still act
childish, but it's not just
like that.</Dialog>
          <Dialog>"You can rely on me." You're
the kind of guy who said that
to me.</Dialog>
          <Dialog>I've told you before that I am
not as strong as I look.</Dialog>
          <Dialog>Yes...</Dialog>
          <Dialog>I... I...</Dialog>
          <Dialog>I had a person that I liked.</Dialog>
          <Dialog>He was an upperclassman. To be
a girl that'd be suitable for
him, I tried my best in
everything...</Dialog>
          <Dialog>As a result, I've become this
reliable Nene-san that
everyone knows.</Dialog>
          <Dialog>But I'm not that reliable... I
just want the person I love to
like me.</Dialog>
          <Dialog>I want the person I love to be
by my side...</Dialog>
          <Dialog>I... want you to be by my
side...</Dialog>
          <Dialog>I... love you...</Dialog>
          <Dialog>I love you, too</Dialog>
          <Dialog>Sorry</Dialog>
          <Dialog>...Really？</Dialog>
          <Dialog>Yes, I also want
▲姉ヶ崎＊▲
to be by my side.</Dialog>
          <Dialog>I want you to be my
girlfriend.</Dialog>
          <Dialog>I'm so happy...</Dialog>
          <Dialog>Me, too...</Dialog>
          <Dialog>Can I get closer to you？</Dialog>
          <Dialog>I've always wanted to do
this...</Dialog>
          <Dialog>Can I kiss you...？</Dialog>
          <Dialog>Yeah...</Dialog>
          <Dialog>▲姉ヶ崎＊▲？</Dialog>
          <Dialog>Never mind... It's okay...</Dialog>
          <Dialog>(...！)</Dialog>
          <Dialog>I'm sorry. Our kiss was like
that...</Dialog>
          <Dialog>We can make up for this later,
right...？</Dialog>
          <Dialog>I don't think of you that
way...</Dialog>
          <Dialog>▲姉ヶ崎＊▲,
I like you, but...</Dialog>
          <Dialog>It's not the same feeling that
you have for me, so...</Dialog>
          <Dialog>No, don't worry... Thanks for
hearing me out.</Dialog>
          <Dialog>Sorry...</Dialog>
          <Dialog>Don't apologize. I was the one
that called you here.</Dialog>
          <Dialog>But, what will we be after
this...？</Dialog>
          <Dialog>If possible, can I keep having
this feeling toward you...？</Dialog>
          <Dialog>I'll also continue liking
▲姉ヶ崎＊▲
as my friend...</Dialog>
          <Dialog>Thanks. I'll keep on loving
you, even though my feelings
for you are more than feelings
for a friend...</Dialog>
          <Dialog>I love you...</Dialog>
        </Dialogs>
      </SDL2>
    </Entry>
    <Entry Unknown0="2446599851" Unknown1="3845899786">
      <SDL2 Key="4122424857">
        <Unknown>
          <Entry>
            <Values />
            <Value0>147456</Value0>
            <Value1>65536</Value1>
          </Entry>
          <Entry>
            <Values />
            <Value0>147456</Value0>
            <Value1>131072</Value1>
          </Entry>
          <Entry>
            <Values />
            <Value0>147456</Value0>
            <Value1>196608</Value1>
          </Entry>
          <Entry>
            <Values>
              <Entry>
                <Value0>62030</Value0>
                <Value1>0</Value1>
              </Entry>
            </Values>
            <Value0>147460</Value0>
            <Value1>327680</Value1>
          </Entry>
          <Entry>
            <Values />
            <Value0>147456</Value0>
            <Value1>393216</Value1>
          </Entry>
          <Entry>
            <Values />
            <Value0>147456</Value0>
            <Value1>458752</Value1>
          </Entry>
          <Entry>
            <Values />
            <Value0>147456</Value0>
            <Value1>524288</Value1>
          </Entry>
          <Entry>
            <Values />
            <Value0>147456</Value0>
            <Value1>589824</Value1>
          </Entry>
          <Entry>
            <Values>
              <Entry>
                <Value0>4294901762</Value0>
                <Value1>0</Value1>
              </Entry>
            </Values>
            <Value0>147460</Value0>
            <Value1>655360</Value1>
          </Entry>
          <Entry>
            <Values />
            <Value0>147456</Value0>
            <Value1>720896</Value1>
          </Entry>
          <Entry>
            <Values />
            <Value0>147456</Value0>
            <Value1>786432</Value1>
          </Entry>
          <Entry>
            <Values>
              <Entry>
                <Value0>62031</Value0>
                <Value1>0</Value1>
              </Entry>
            </Values>
            <Value0>147460</Value0>
            <Value1>851968</Value1>
          </Entry>
          <Entry>
            <Values />
            <Value0>147456</Value0>
            <Value1>917504</Value1>
          </Entry>
          <Entry>
            <Values>
              <Entry>
                <Value0>62032</Value0>
                <Value1>0</Value1>
              </Entry>
            </Values>
            <Value0>147460</Value0>
            <Value1>983040</Value1>
          </Entry>
          <Entry>
            <Values />
            <Value0>147456</Value0>
            <Value1>1048576</Value1>
          </Entry>
          <Entry>
            <Values>
              <Entry>
                <Value0>62033</Value0>
                <Value1>0</Value1>
              </Entry>
            </Values>
            <Value0>147460</Value0>
            <Value1>1114112</Value1>
          </Entry>
          <Entry>
            <Values />
            <Value0>147456</Value0>
            <Value1>1179648</Value1>
          </Entry>
          <Entry>
            <Values>
              <Entry>
                <Value0>62034</Value0>
                <Value1>0</Value1>
              </Entry>
            </Values>
            <Value0>147460</Value0>
            <Value1>1245184</Value1>
          </Entry>
          <Entry>
            <Values />
            <Value0>147456</Value0>
            <Value1>1310720</Value1>
          </Entry>
          <Entry>
            <Values>
              <Entry>
                <Value0>62035</Value0>
                <Value1>0</Value1>
              </Entry>
            </Values>
            <Value0>147460</Value0>
            <Value1>1376256</Value1>
          </Entry>
          <Entry>
            <Values />
            <Value0>147456</Value0>
            <Value1>1441792</Value1>
          </Entry>
          <Entry>
            <Values>
              <Entry>
                <Value0>62036</Value0>
                <Value1>0</Value1>
              </Entry>
            </Values>
            <Value0>147460</Value0>
            <Value1>1507328</Value1>
          </Entry>
          <Entry>
            <Values />
            <Value0>147456</Value0>
            <Value1>1572864</Value1>
          </Entry>
          <Entry>
            <Values>
              <Entry>
                <Value0>62037</Value0>
                <Value1>0</Value1>
              </Entry>
            </Values>
            <Value0>147460</Value0>
            <Value1>1638400</Value1>
          </Entry>
          <Entry>
            <Values />
            <Value0>147456</Value0>
            <Value1>1703936</Value1>
          </Entry>
          <Entry>
            <Values>
              <Entry>
                <Value0>62038</Value0>
                <Value1>0</Value1>
              </Entry>
            </Values>
            <Value0>147460</Value0>
            <Value1>1769472</Value1>
          </Entry>
          <Entry>
            <Values>
              <Entry>
                <Value0>62039</Value0>
                <Value1>0</Value1>
              </Entry>
            </Values>
            <Value0>147460</Value0>
            <Value1>1835008</Value1>
          </Entry>
          <Entry>
            <Values>
              <Entry>
                <Value0>62040</Value0>
                <Value1>0</Value1>
              </Entry>
            </Values>
            <Value0>147460</Value0>
            <Value1>1900544</Value1>
          </Entry>
          <Entry>
            <Values />
            <Value0>147456</Value0>
            <Value1>1966080</Value1>
          </Entry>
          <Entry>
            <Values>
              <Entry>
                <Value0>62041</Value0>
                <Value1>0</Value1>
              </Entry>
            </Values>
            <Value0>147460</Value0>
            <Value1>2031616</Value1>
          </Entry>
          <Entry>
            <Values />
            <Value0>147456</Value0>
            <Value1>2097152</Value1>
          </Entry>
          <Entry>
            <Values>
              <Entry>
                <Value0>62042</Value0>
                <Value1>0</Value1>
              </Entry>
            </Values>
            <Value0>147460</Value0>
            <Value1>2162688</Value1>
          </Entry>
          <Entry>
            <Values>
              <Entry>
                <Value0>62043</Value0>
                <Value1>0</Value1>
              </Entry>
            </Values>
            <Value0>147460</Value0>
            <Value1>2228224</Value1>
          </Entry>
          <Entry>
            <Values />
            <Value0>147456</Value0>
            <Value1>2293760</Value1>
          </Entry>
          <Entry>
            <Values>
              <Entry>
                <Value0>62044</Value0>
                <Value1>0</Value1>
              </Entry>
              <Entry>
                <Value0>62045</Value0>
                <Value1>200</Value1>
              </Entry>
            </Values>
            <Value0>147460</Value0>
            <Value1>2359296</Value1>
          </Entry>
          <Entry>
            <Values>
              <Entry>
                <Value0>62046</Value0>
                <Value1>0</Value1>
              </Entry>
            </Values>
            <Value0>147460</Value0>
            <Value1>2424832</Value1>
          </Entry>
          <Entry>
            <Values />
            <Value0>147456</Value0>
            <Value1>2490368</Value1>
          </Entry>
          <Entry>
            <Values>
              <Entry>
                <Value0>62047</Value0>
                <Value1>0</Value1>
              </Entry>
            </Values>
            <Value0>147460</Value0>
            <Value1>2555904</Value1>
          </Entry>
          <Entry>
            <Values />
            <Value0>147456</Value0>
            <Value1>2621440</Value1>
          </Entry>
          <Entry>
            <Values>
              <Entry>
                <Value0>62048</Value0>
                <Value1>0</Value1>
              </Entry>
            </Values>
            <Value0>147460</Value0>
            <Value1>2686976</Value1>
          </Entry>
          <Entry>
            <Values />
            <Value0>147456</Value0>
            <Value1>917504</Value1>
          </Entry>
          <Entry>
            <Values>
              <Entry>
                <Value0>62049</Value0>
                <Value1>0</Value1>
              </Entry>
            </Values>
            <Value0>147460</Value0>
            <Value1>2752512</Value1>
          </Entry>
          <Entry>
            <Values>
              <Entry>
                <Value0>62050</Value0>
                <Value1>0</Value1>
              </Entry>
            </Values>
            <Value0>147460</Value0>
            <Value1>2818048</Value1>
          </Entry>
          <Entry>
            <Values>
              <Entry>
                <Value0>62051</Value0>
                <Value1>0</Value1>
              </Entry>
            </Values>
            <Value0>147460</Value0>
            <Value1>2883584</Value1>
          </Entry>
          <Entry>
            <Values>
              <Entry>
                <Value0>62052</Value0>
                <Value1>0</Value1>
              </Entry>
            </Values>
            <Value0>147460</Value0>
            <Value1>2949120</Value1>
          </Entry>
          <Entry>
            <Values>
              <Entry>
                <Value0>62053</Value0>
                <Value1>0</Value1>
              </Entry>
            </Values>
            <Value0>147460</Value0>
            <Value1>3014656</Value1>
          </Entry>
          <Entry>
            <Values>
              <Entry>
                <Value0>62054</Value0>
                <Value1>0</Value1>
              </Entry>
            </Values>
            <Value0>147460</Value0>
            <Value1>3080192</Value1>
          </Entry>
          <Entry>
            <Values>
              <Entry>
                <Value0>62055</Value0>
                <Value1>0</Value1>
              </Entry>
            </Values>
            <Value0>147460</Value0>
            <Value1>3145728</Value1>
          </Entry>
          <Entry>
            <Values />
            <Value0>147456</Value0>
            <Value1>3211264</Value1>
          </Entry>
          <Entry>
            <Values>
              <Entry>
                <Value0>62056</Value0>
                <Value1>0</Value1>
              </Entry>
            </Values>
            <Value0>147460</Value0>
            <Value1>3276800</Value1>
          </Entry>
          <Entry>
            <Values />
            <Value0>65587</Value0>
            <Value1>65588</Value1>
          </Entry>
          <Entry>
            <Values />
            <Value0>65588</Value0>
            <Value1>147460</Value1>
          </Entry>
          <Entry>
            <Values>
              <Entry>
                <Value0>62057</Value0>
                <Value1>0</Value1>
              </Entry>
            </Values>
            <Value0>147460</Value0>
            <Value1>3473408</Value1>
          </Entry>
          <Entry>
            <Values />
            <Value0>147456</Value0>
            <Value1>3538944</Value1>
          </Entry>
          <Entry>
            <Values>
              <Entry>
                <Value0>62058</Value0>
                <Value1>0</Value1>
              </Entry>
            </Values>
            <Value0>147460</Value0>
            <Value1>3604480</Value1>
          </Entry>
          <Entry>
            <Values />
            <Value0>147456</Value0>
            <Value1>3670016</Value1>
          </Entry>
          <Entry>
            <Values>
              <Entry>
                <Value0>62059</Value0>
                <Value1>0</Value1>
              </Entry>
            </Values>
            <Value0>147460</Value0>
            <Value1>3735552</Value1>
          </Entry>
          <Entry>
            <Values>
              <Entry>
                <Value0>62060</Value0>
                <Value1>0</Value1>
              </Entry>
            </Values>
            <Value0>147460</Value0>
            <Value1>3801088</Value1>
          </Entry>
          <Entry>
            <Values />
            <Value0>147456</Value0>
            <Value1>3866624</Value1>
          </Entry>
          <Entry>
            <Values>
              <Entry>
                <Value0>62061</Value0>
                <Value1>0</Value1>
              </Entry>
            </Values>
            <Value0>147460</Value0>
            <Value1>3932160</Value1>
          </Entry>
          <Entry>
            <Values />
            <Value0>147456</Value0>
            <Value1>3997696</Value1>
          </Entry>
          <Entry>
            <Values>
              <Entry>
                <Value0>62062</Value0>
                <Value1>0</Value1>
              </Entry>
            </Values>
            <Value0>147460</Value0>
            <Value1>4063232</Value1>
          </Entry>
          <Entry>
            <Values />
            <Value0>147456</Value0>
            <Value1>4128768</Value1>
          </Entry>
          <Entry>
            <Values>
              <Entry>
                <Value0>62063</Value0>
                <Value1>0</Value1>
              </Entry>
            </Values>
            <Value0>147460</Value0>
            <Value1>4194304</Value1>
          </Entry>
          <Entry>
            <Values />
            <Value0>147456</Value0>
            <Value1>4259840</Value1>
          </Entry>
          <Entry>
            <Values>
              <Entry>
                <Value0>62064</Value0>
                <Value1>0</Value1>
              </Entry>
            </Values>
            <Value0>147460</Value0>
            <Value1>4325376</Value1>
          </Entry>
          <Entry>
            <Values />
            <Value0>147456</Value0>
            <Value1>4390912</Value1>
          </Entry>
          <Entry>
            <Values>
              <Entry>
                <Value0>62065</Value0>
                <Value1>0</Value1>
              </Entry>
            </Values>
            <Value0>147460</Value0>
            <Value1>4456448</Value1>
          </Entry>
          <Entry>
            <Values />
            <Value0>147456</Value0>
            <Value1>4521984</Value1>
          </Entry>
          <Entry>
            <Values>
              <Entry>
                <Value0>62066</Value0>
                <Value1>0</Value1>
              </Entry>
            </Values>
            <Value0>147460</Value0>
            <Value1>4587520</Value1>
          </Entry>
          <Entry>
            <Values />
            <Value0>147456</Value0>
            <Value1>4653056</Value1>
          </Entry>
          <Entry>
            <Values />
            <Value0>147456</Value0>
            <Value1>4718592</Value1>
          </Entry>
          <Entry>
            <Values />
            <Value0>147456</Value0>
            <Value1>4784128</Value1>
          </Entry>
          <Entry>
            <Values>
              <Entry>
                <Value0>62067</Value0>
                <Value1>0</Value1>
              </Entry>
            </Values>
            <Value0>147460</Value0>
            <Value1>4849664</Value1>
          </Entry>
          <Entry>
            <Values>
              <Entry>
                <Value0>62068</Value0>
                <Value1>0</Value1>
              </Entry>
            </Values>
            <Value0>147460</Value0>
            <Value1>4915200</Value1>
          </Entry>
          <Entry>
            <Values />
            <Value0>147456</Value0>
            <Value1>2097152</Value1>
          </Entry>
          <Entry>
            <Values>
              <Entry>
                <Value0>62069</Value0>
                <Value1>0</Value1>
              </Entry>
            </Values>
            <Value0>147460</Value0>
            <Value1>4980736</Value1>
          </Entry>
          <Entry>
            <Values>
              <Entry>
                <Value0>62070</Value0>
                <Value1>0</Value1>
              </Entry>
            </Values>
            <Value0>147460</Value0>
            <Value1>5046272</Value1>
          </Entry>
          <Entry>
            <Values />
            <Value0>147456</Value0>
            <Value1>5111808</Value1>
          </Entry>
          <Entry>
            <Values>
              <Entry>
                <Value0>62071</Value0>
                <Value1>0</Value1>
              </Entry>
            </Values>
            <Value0>147460</Value0>
            <Value1>5177344</Value1>
          </Entry>
          <Entry>
            <Values>
              <Entry>
                <Value0>62072</Value0>
                <Value1>0</Value1>
              </Entry>
            </Values>
            <Value0>147460</Value0>
            <Value1>5242880</Value1>
          </Entry>
        </Unknown>
        <Dialogs>
          <Dialog>○○○○○○○○</Dialog>
          <Dialog>Phew, I've finished my work
today...</Dialog>
          <Dialog>Telephone... From
▲姉ヶ崎＊▲？
Although she has just left...</Dialog>
          <Dialog>Hello...</Dialog>
          <Dialog>姉ヶ崎</Dialog>
          <Dialog>Hello. Um...</Dialog>
          <Dialog>(She called me out...)</Dialog>
          <Dialog>(But, why at school？)</Dialog>
          <Dialog>(In the backyard...)</Dialog>
          <Dialog>▲姉ヶ崎＊▲！</Dialog>
          <Dialog>▲主人公＊▲.</Dialog>
          <Dialog>Why did you call to ask me
out？</Dialog>
          <Dialog>And, why at school？</Dialog>
          <Dialog>Because... There were a lot
things happened between us at
Dixie's, but that's not what I
want us to be.</Dialog>
          <Dialog>Eh...？</Dialog>
          <Dialog>Hey, do you remember the first
time we met？</Dialog>
          <Dialog>Ah... I went in Dixie's front
door instead of employees'
entrance...</Dialog>
          <Dialog>Right. I doubted if I could
train you. That clumsiness was
because of Spring's joyful
atmosphere, huh？</Dialog>
          <Dialog>It was in the
middle of the Summer.
▲姉ヶ崎＊▲
was sweating while working
hard on her job.</Dialog>
          <Dialog>Geez, you should've forgotten
about that embarrassing
moment.</Dialog>
          <Dialog>Embarrassing...？ I was just
thinking that you were really
working hard.</Dialog>
          <Dialog>Really？ Then that's fine.</Dialog>
          <Dialog>It was a cool day in the fall.
I went to work and met a
beautiful girl.</Dialog>
          <Dialog>Geez, if you keep saying this
kind of thing in front of
women, you won't grow up to be
a good man, you know？</Dialog>
          <Dialog>"Keep saying"？ I had only
said it once...</Dialog>
          <Dialog>Hehe, just kidding.</Dialog>
          <Dialog>It was on a very cold day. You
were sweeping outside. It
seemed like a tough job.</Dialog>
          <Dialog>Yeah, it was so painful. My
hands became all numb.</Dialog>
          <Dialog>But actually, I was helping
out because of an absent staff
member...</Dialog>
          <Dialog>At that time, I was a little
depressed.</Dialog>
          <Dialog>Eh？ Why？</Dialog>
          <Dialog>Because there was a new
employee that I had to train.
To make the matter worse, he
was my junior at my school...</Dialog>
          <Dialog>Sorry...</Dialog>
          <Dialog>Hehe. You don't have to
apologize. I was just teasing
you.</Dialog>
          <Dialog>But he turned out to be
interesting, so it was fine...</Dialog>
          <Dialog>Interesting？</Dialog>
          <Dialog>Right. He was a newcomer, and
younger than me, yet he asked
me to rely on him. Such a
cheeky guy.</Dialog>
          <Dialog>That was very interesting. I
was really happy when he said
that to me.</Dialog>
          <Dialog>Really...？</Dialog>
          <Dialog>I've told you before that I'm
not as strong as I look.</Dialog>
          <Dialog>Yes...</Dialog>
          <Dialog>I had a person that I liked.</Dialog>
          <Dialog>He was an upperclassman.</Dialog>
          <Dialog>I always tried my very best
just to be able to stand by
his side.</Dialog>
          <Dialog>That was the only reason...</Dialog>
          <Dialog>To think back, I'm not sure if
that was the right thing to
do...</Dialog>
          <Dialog>Now that I'm looking at you
here, I really doubt that what
I had always done might be
wrong.</Dialog>
          <Dialog>Look at how you've always
tried your best... You're
innocent, cute, and
charming...</Dialog>
          <Dialog>And, I have fallen in love
with you...</Dialog>
          <Dialog>▲姉ヶ崎＊▲...</Dialog>
          <Dialog>...Will you become my
boyfriend...？</Dialog>
          <Dialog>I love you</Dialog>
          <Dialog>Sorry</Dialog>
          <Dialog>Eh？ Really...？</Dialog>
          <Dialog>Yes...
If you think I'm
good enough for you,
I want to be
▲姉ヶ崎＊▲'s
boyfriend.</Dialog>
          <Dialog>...Then I'll be your
girlfriend, not your big
sister, you know？</Dialog>
          <Dialog>Yes, I know...</Dialog>
          <Dialog>I see. Then from now on, you
are my boyfriend.</Dialog>
          <Dialog>...Hey, I'm going there.</Dialog>
          <Dialog>O-Okay...</Dialog>
          <Dialog>Hehe, isn't your heart
throbbing？</Dialog>
          <Dialog>That's right...</Dialog>
          <Dialog>Don't you want to kiss？</Dialog>
          <Dialog>That's...</Dialog>
          <Dialog>I want to...</Dialog>
          <Dialog>(...！)</Dialog>
          <Dialog>...What's wrong？</Dialog>
          <Dialog>B-But...</Dialog>
          <Dialog>Hey, stop speaking.</Dialog>
          <Dialog>I wonder if you are...</Dialog>
          <Dialog>Stop speaking...</Dialog>
          <Dialog>I don't think of you like
that...</Dialog>
          <Dialog>▲姉ヶ崎＊▲,
I like you, but it's not the
same feeling as what
▲姉ヶ崎＊▲
has toward me...</Dialog>
          <Dialog>So...</Dialog>
          <Dialog>No, it's okay.</Dialog>
          <Dialog>This is too bad, but it can't
be helped...</Dialog>
          <Dialog>Don't apologize anymore. One
reason I love you is because
you're like this...</Dialog>
          <Dialog>Hey, from now on, you won't
try to avoid me, right？</Dialog>
          <Dialog>No, I won't.</Dialog>
          <Dialog>Then that's fine...</Dialog>
          <Dialog>Please continue to be nice to
me, okay？</Dialog>
        </Dialogs>
      </SDL2>
    </Entry>
    <Entry Unknown0="1521168502" Unknown1="3528036833">
      <SDL2 Key="3350890876">
        <Unknown>
          <Entry>
            <Values />
            <Value0>147456</Value0>
            <Value1>65536</Value1>
          </Entry>
          <Entry>
            <Values>
              <Entry>
                <Value0>62073</Value0>
                <Value1>0</Value1>
              </Entry>
            </Values>
            <Value0>147458</Value0>
            <Value1>196608</Value1>
          </Entry>
          <Entry>
            <Values />
            <Value0>147456</Value0>
            <Value1>262144</Value1>
          </Entry>
          <Entry>
            <Values>
              <Entry>
                <Value0>62074</Value0>
                <Value1>0</Value1>
              </Entry>
            </Values>
            <Value0>147458</Value0>
            <Value1>327680</Value1>
          </Entry>
          <Entry>
            <Values />
            <Value0>147456</Value0>
            <Value1>393216</Value1>
          </Entry>
          <Entry>
            <Values />
            <Value0>147456</Value0>
            <Value1>458752</Value1>
          </Entry>
          <Entry>
            <Values />
            <Value0>147456</Value0>
            <Value1>524288</Value1>
          </Entry>
          <Entry>
            <Values />
            <Value0>147456</Value0>
            <Value1>589824</Value1>
          </Entry>
          <Entry>
            <Values>
              <Entry>
                <Value0>4294901762</Value0>
                <Value1>0</Value1>
              </Entry>
            </Values>
            <Value0>147458</Value0>
            <Value1>655360</Value1>
          </Entry>
          <Entry>
            <Values />
            <Value0>147456</Value0>
            <Value1>720896</Value1>
          </Entry>
          <Entry>
            <Values />
            <Value0>147456</Value0>
            <Value1>786432</Value1>
          </Entry>
          <Entry>
            <Values>
              <Entry>
                <Value0>62075</Value0>
                <Value1>0</Value1>
              </Entry>
            </Values>
            <Value0>147458</Value0>
            <Value1>851968</Value1>
          </Entry>
          <Entry>
            <Values>
              <Entry>
                <Value0>62076</Value0>
                <Value1>0</Value1>
              </Entry>
            </Values>
            <Value0>147458</Value0>
            <Value1>917504</Value1>
          </Entry>
          <Entry>
            <Values>
              <Entry>
                <Value0>62077</Value0>
                <Value1>0</Value1>
              </Entry>
            </Values>
            <Value0>147458</Value0>
            <Value1>983040</Value1>
          </Entry>
          <Entry>
            <Values />
            <Value0>147456</Value0>
            <Value1>1048576</Value1>
          </Entry>
          <Entry>
            <Values>
              <Entry>
                <Value0>62078</Value0>
                <Value1>0</Value1>
              </Entry>
            </Values>
            <Value0>147458</Value0>
            <Value1>1114112</Value1>
          </Entry>
          <Entry>
            <Values>
              <Entry>
                <Value0>62079</Value0>
                <Value1>0</Value1>
              </Entry>
            </Values>
            <Value0>147458</Value0>
            <Value1>1179648</Value1>
          </Entry>
          <Entry>
            <Values />
            <Value0>147456</Value0>
            <Value1>1245184</Value1>
          </Entry>
          <Entry>
            <Values>
              <Entry>
                <Value0>62080</Value0>
                <Value1>0</Value1>
              </Entry>
            </Values>
            <Value0>147458</Value0>
            <Value1>1310720</Value1>
          </Entry>
          <Entry>
            <Values />
            <Value0>147456</Value0>
            <Value1>1376256</Value1>
          </Entry>
          <Entry>
            <Values>
              <Entry>
                <Value0>62081</Value0>
                <Value1>0</Value1>
              </Entry>
            </Values>
            <Value0>147458</Value0>
            <Value1>1441792</Value1>
          </Entry>
          <Entry>
            <Values>
              <Entry>
                <Value0>62082</Value0>
                <Value1>0</Value1>
              </Entry>
            </Values>
            <Value0>147458</Value0>
            <Value1>1507328</Value1>
          </Entry>
          <Entry>
            <Values />
            <Value0>147456</Value0>
            <Value1>1572864</Value1>
          </Entry>
          <Entry>
            <Values>
              <Entry>
                <Value0>62083</Value0>
                <Value1>0</Value1>
              </Entry>
            </Values>
            <Value0>147458</Value0>
            <Value1>1638400</Value1>
          </Entry>
          <Entry>
            <Values>
              <Entry>
                <Value0>62084</Value0>
                <Value1>0</Value1>
              </Entry>
            </Values>
            <Value0>147458</Value0>
            <Value1>1703936</Value1>
          </Entry>
          <Entry>
            <Values />
            <Value0>147456</Value0>
            <Value1>1769472</Value1>
          </Entry>
          <Entry>
            <Values>
              <Entry>
                <Value0>62085</Value0>
                <Value1>0</Value1>
              </Entry>
            </Values>
            <Value0>147458</Value0>
            <Value1>1835008</Value1>
          </Entry>
          <Entry>
            <Values />
            <Value0>147456</Value0>
            <Value1>1900544</Value1>
          </Entry>
          <Entry>
            <Values>
              <Entry>
                <Value0>62086</Value0>
                <Value1>0</Value1>
              </Entry>
            </Values>
            <Value0>147458</Value0>
            <Value1>1966080</Value1>
          </Entry>
          <Entry>
            <Values />
            <Value0>147456</Value0>
            <Value1>2031616</Value1>
          </Entry>
          <Entry>
            <Values>
              <Entry>
                <Value0>62087</Value0>
                <Value1>0</Value1>
              </Entry>
            </Values>
            <Value0>147458</Value0>
            <Value1>2097152</Value1>
          </Entry>
          <Entry>
            <Values>
              <Entry>
                <Value0>62088</Value0>
                <Value1>0</Value1>
              </Entry>
            </Values>
            <Value0>147458</Value0>
            <Value1>2162688</Value1>
          </Entry>
          <Entry>
            <Values>
              <Entry>
                <Value0>62089</Value0>
                <Value1>0</Value1>
              </Entry>
            </Values>
            <Value0>147458</Value0>
            <Value1>2228224</Value1>
          </Entry>
          <Entry>
            <Values />
            <Value0>147456</Value0>
            <Value1>2293760</Value1>
          </Entry>
          <Entry>
            <Values>
              <Entry>
                <Value0>62090</Value0>
                <Value1>0</Value1>
              </Entry>
            </Values>
            <Value0>147458</Value0>
            <Value1>2359296</Value1>
          </Entry>
          <Entry>
            <Values />
            <Value0>147456</Value0>
            <Value1>2424832</Value1>
          </Entry>
          <Entry>
            <Values>
              <Entry>
                <Value0>62091</Value0>
                <Value1>0</Value1>
              </Entry>
            </Values>
            <Value0>147458</Value0>
            <Value1>2490368</Value1>
          </Entry>
          <Entry>
            <Values>
              <Entry>
                <Value0>62092</Value0>
                <Value1>0</Value1>
              </Entry>
            </Values>
            <Value0>147458</Value0>
            <Value1>2555904</Value1>
          </Entry>
          <Entry>
            <Values>
              <Entry>
                <Value0>62093</Value0>
                <Value1>0</Value1>
              </Entry>
            </Values>
            <Value0>147458</Value0>
            <Value1>2621440</Value1>
          </Entry>
          <Entry>
            <Values>
              <Entry>
                <Value0>62094</Value0>
                <Value1>0</Value1>
              </Entry>
            </Values>
            <Value0>147458</Value0>
            <Value1>2686976</Value1>
          </Entry>
          <Entry>
            <Values />
            <Value0>147456</Value0>
            <Value1>2752512</Value1>
          </Entry>
          <Entry>
            <Values>
              <Entry>
                <Value0>62095</Value0>
                <Value1>0</Value1>
              </Entry>
            </Values>
            <Value0>147458</Value0>
            <Value1>2818048</Value1>
          </Entry>
          <Entry>
            <Values />
            <Value0>147456</Value0>
            <Value1>2883584</Value1>
          </Entry>
          <Entry>
            <Values>
              <Entry>
                <Value0>62096</Value0>
                <Value1>0</Value1>
              </Entry>
            </Values>
            <Value0>147458</Value0>
            <Value1>2949120</Value1>
          </Entry>
          <Entry>
            <Values />
            <Value0>147456</Value0>
            <Value1>2752512</Value1>
          </Entry>
          <Entry>
            <Values>
              <Entry>
                <Value0>62097</Value0>
                <Value1>0</Value1>
              </Entry>
            </Values>
            <Value0>147458</Value0>
            <Value1>3014656</Value1>
          </Entry>
          <Entry>
            <Values>
              <Entry>
                <Value0>62098</Value0>
                <Value1>0</Value1>
              </Entry>
            </Values>
            <Value0>147458</Value0>
            <Value1>3080192</Value1>
          </Entry>
          <Entry>
            <Values>
              <Entry>
                <Value0>62099</Value0>
                <Value1>0</Value1>
              </Entry>
            </Values>
            <Value0>147458</Value0>
            <Value1>3145728</Value1>
          </Entry>
          <Entry>
            <Values />
            <Value0>147456</Value0>
            <Value1>3211264</Value1>
          </Entry>
          <Entry>
            <Values>
              <Entry>
                <Value0>62100</Value0>
                <Value1>0</Value1>
              </Entry>
            </Values>
            <Value0>147458</Value0>
            <Value1>3276800</Value1>
          </Entry>
          <Entry>
            <Values>
              <Entry>
                <Value0>62101</Value0>
                <Value1>0</Value1>
              </Entry>
            </Values>
            <Value0>147458</Value0>
            <Value1>3342336</Value1>
          </Entry>
          <Entry>
            <Values />
            <Value0>147456</Value0>
            <Value1>2752512</Value1>
          </Entry>
          <Entry>
            <Values>
              <Entry>
                <Value0>62102</Value0>
                <Value1>0</Value1>
              </Entry>
              <Entry>
                <Value0>62103</Value0>
                <Value1>333</Value1>
              </Entry>
            </Values>
            <Value0>147458</Value0>
            <Value1>3407872</Value1>
          </Entry>
          <Entry>
            <Values>
              <Entry>
                <Value0>62104</Value0>
                <Value1>0</Value1>
              </Entry>
            </Values>
            <Value0>147458</Value0>
            <Value1>3473408</Value1>
          </Entry>
          <Entry>
            <Values />
            <Value0>65590</Value0>
            <Value1>65591</Value1>
          </Entry>
          <Entry>
            <Values />
            <Value0>65591</Value0>
            <Value1>147458</Value1>
          </Entry>
          <Entry>
            <Values>
              <Entry>
                <Value0>62105</Value0>
                <Value1>0</Value1>
              </Entry>
            </Values>
            <Value0>147458</Value0>
            <Value1>3670016</Value1>
          </Entry>
          <Entry>
            <Values />
            <Value0>147456</Value0>
            <Value1>3735552</Value1>
          </Entry>
          <Entry>
            <Values>
              <Entry>
                <Value0>62106</Value0>
                <Value1>0</Value1>
              </Entry>
            </Values>
            <Value0>147458</Value0>
            <Value1>3801088</Value1>
          </Entry>
          <Entry>
            <Values />
            <Value0>147456</Value0>
            <Value1>3866624</Value1>
          </Entry>
          <Entry>
            <Values>
              <Entry>
                <Value0>62107</Value0>
                <Value1>0</Value1>
              </Entry>
            </Values>
            <Value0>147458</Value0>
            <Value1>3932160</Value1>
          </Entry>
          <Entry>
            <Values />
            <Value0>147456</Value0>
            <Value1>2883584</Value1>
          </Entry>
          <Entry>
            <Values>
              <Entry>
                <Value0>62108</Value0>
                <Value1>0</Value1>
              </Entry>
            </Values>
            <Value0>147458</Value0>
            <Value1>3997696</Value1>
          </Entry>
          <Entry>
            <Values />
            <Value0>147456</Value0>
            <Value1>4063232</Value1>
          </Entry>
          <Entry>
            <Values>
              <Entry>
                <Value0>62109</Value0>
                <Value1>0</Value1>
              </Entry>
            </Values>
            <Value0>147458</Value0>
            <Value1>4128768</Value1>
          </Entry>
          <Entry>
            <Values />
            <Value0>147456</Value0>
            <Value1>4194304</Value1>
          </Entry>
          <Entry>
            <Values>
              <Entry>
                <Value0>62110</Value0>
                <Value1>0</Value1>
              </Entry>
            </Values>
            <Value0>147458</Value0>
            <Value1>4259840</Value1>
          </Entry>
          <Entry>
            <Values />
            <Value0>147456</Value0>
            <Value1>4325376</Value1>
          </Entry>
          <Entry>
            <Values>
              <Entry>
                <Value0>62111</Value0>
                <Value1>0</Value1>
              </Entry>
            </Values>
            <Value0>147458</Value0>
            <Value1>4390912</Value1>
          </Entry>
          <Entry>
            <Values />
            <Value0>147456</Value0>
            <Value1>4456448</Value1>
          </Entry>
          <Entry>
            <Values>
              <Entry>
                <Value0>62112</Value0>
                <Value1>0</Value1>
              </Entry>
            </Values>
            <Value0>147458</Value0>
            <Value1>4521984</Value1>
          </Entry>
          <Entry>
            <Values />
            <Value0>147456</Value0>
            <Value1>4587520</Value1>
          </Entry>
          <Entry>
            <Values>
              <Entry>
                <Value0>62113</Value0>
                <Value1>0</Value1>
              </Entry>
            </Values>
            <Value0>147458</Value0>
            <Value1>4653056</Value1>
          </Entry>
          <Entry>
            <Values />
            <Value0>147456</Value0>
            <Value1>4718592</Value1>
          </Entry>
          <Entry>
            <Values />
            <Value0>147456</Value0>
            <Value1>4784128</Value1>
          </Entry>
          <Entry>
            <Values />
            <Value0>147456</Value0>
            <Value1>4849664</Value1>
          </Entry>
          <Entry>
            <Values>
              <Entry>
                <Value0>62114</Value0>
                <Value1>0</Value1>
              </Entry>
            </Values>
            <Value0>147458</Value0>
            <Value1>4915200</Value1>
          </Entry>
          <Entry>
            <Values />
            <Value0>147456</Value0>
            <Value1>3211264</Value1>
          </Entry>
          <Entry>
            <Values>
              <Entry>
                <Value0>62115</Value0>
                <Value1>0</Value1>
              </Entry>
            </Values>
            <Value0>147458</Value0>
            <Value1>4980736</Value1>
          </Entry>
          <Entry>
            <Values />
            <Value0>147456</Value0>
            <Value1>5046272</Value1>
          </Entry>
          <Entry>
            <Values>
              <Entry>
                <Value0>62116</Value0>
                <Value1>0</Value1>
              </Entry>
            </Values>
            <Value0>147458</Value0>
            <Value1>5111808</Value1>
          </Entry>
          <Entry>
            <Values />
            <Value0>147456</Value0>
            <Value1>5177344</Value1>
          </Entry>
          <Entry>
            <Values>
              <Entry>
                <Value0>62117</Value0>
                <Value1>0</Value1>
              </Entry>
            </Values>
            <Value0>147458</Value0>
            <Value1>5242880</Value1>
          </Entry>
          <Entry>
            <Values />
            <Value0>147456</Value0>
            <Value1>3211264</Value1>
          </Entry>
          <Entry>
            <Values>
              <Entry>
                <Value0>62118</Value0>
                <Value1>0</Value1>
              </Entry>
            </Values>
            <Value0>147458</Value0>
            <Value1>5308416</Value1>
          </Entry>
        </Unknown>
        <Dialogs>
          <Dialog>○○○○○○○○</Dialog>
          <Dialog>Phew, just a little bit more
until today's job is done.
I'll just hang in there！</Dialog>
          <Dialog>姉ヶ崎</Dialog>
          <Dialog>Hey.</Dialog>
          <Dialog>▲姉ヶ崎＊▲...
Did you finish your
work early today？</Dialog>
          <Dialog>Well...</Dialog>
          <Dialog>(She said she had something to
talk to me after I finished my
work. What could it be...？)</Dialog>
          <Dialog>(And, why at school...？)</Dialog>
          <Dialog>(In the backyard, huh...？)</Dialog>
          <Dialog>▲姉ヶ崎＊▲！</Dialog>
          <Dialog>▲主人公＊▲.</Dialog>
          <Dialog>What's the matter？ Why did
you want to talk to me？</Dialog>
          <Dialog>And why not at Dixie's, but at
school...？</Dialog>
          <Dialog>Because we might be
interrupted if we talked at
Dixie's.</Dialog>
          <Dialog>I wanted this to be private.</Dialog>
          <Dialog>No, I mean, this is a very
private business...</Dialog>
          <Dialog>And What exactly is it...？</Dialog>
          <Dialog>Hey, don't rush me...</Dialog>
          <Dialog>While I was waiting for you, I
thought about the first time
we met.</Dialog>
          <Dialog>Eh...？</Dialog>
          <Dialog>Hey, do you still remember
it？</Dialog>
          <Dialog>I came to work at Dixie's but
I entered from the front
door...</Dialog>
          <Dialog>Hehe, that's why I thought you
were a customer.</Dialog>
          <Dialog>The weather was kind of warm
outside. Maybe you could blame
it on that. Hehe.</Dialog>
          <Dialog>It was such a hot day, but
▲姉ヶ崎＊▲
was working very hard.</Dialog>
          <Dialog>That time... To tell you the
truth...</Dialog>
          <Dialog>It was really tough working
like that and it was
embarrassing that you saw me.</Dialog>
          <Dialog>It was a cool day in the fall.
I was really surprised when I
saw the beautiful
▲姉ヶ崎＊▲.</Dialog>
          <Dialog>You don't have to repeat that
kind of flattery.</Dialog>
          <Dialog>It's my honest opinion...</Dialog>
          <Dialog>Geez, don't make me feel
embarrassed.</Dialog>
          <Dialog>You were sweeping outside on a
very cold day.</Dialog>
          <Dialog>That was really painful... I
was thinking why I had to do
it that day.</Dialog>
          <Dialog>I was helping out because a
staff member was absent, but
that job was too much.</Dialog>
          <Dialog>At that time, I didn't think
that things would turn out
this way...</Dialog>
          <Dialog>...This way？</Dialog>
          <Dialog>I had to train someone who was
my junior at school. I was
wondering if I could turn him
into a reliable staff.</Dialog>
          <Dialog>...Sorry that I turned out
like this.</Dialog>
          <Dialog>Hehe, don't worry. That part
was something I had expected.</Dialog>
          <Dialog>For a guy who couldn't even
take care of his own job, it
was cute when you told me that
I could rely on you.</Dialog>
          <Dialog>It's good if a newcomer can
work on his own without my
help, but with you, I felt
different.</Dialog>
          <Dialog>I want to continue taking care
of you, and I don't want to
part with you.</Dialog>
          <Dialog>......</Dialog>
          <Dialog>I've told you before that I am
not as strong as I look.</Dialog>
          <Dialog>Yes...</Dialog>
          <Dialog>Well, I had someone that I
loved...</Dialog>
          <Dialog>He was an upperclassman.</Dialog>
          <Dialog>I didn't want to rely on him
too much, so I tried my best
to act like an adult.</Dialog>
          <Dialog>Even now that I've become like
this, from his point of view,
I'd still be just a cute
underclassman to him.</Dialog>
          <Dialog>▲姉ヶ崎＊▲...</Dialog>
          <Dialog>But I don't care about that
anymore.</Dialog>
          <Dialog>Now that I've met you, you're
just so cute. It really can't
be helped.</Dialog>
          <Dialog>You're so cute and I don't
want to lose you... In other
word... I love you.</Dialog>
          <Dialog>I... want you to be my
boyfriend.</Dialog>
          <Dialog>I love you, too</Dialog>
          <Dialog>Sorry...</Dialog>
          <Dialog>Eh？ That's...</Dialog>
          <Dialog>Yes, I love
▲姉ヶ崎＊▲,
too.</Dialog>
          <Dialog>Really？ I don't want to be
your big sister, you know？</Dialog>
          <Dialog>I know. Not as an older
sister, but as a woman.</Dialog>
          <Dialog>I'm so happy... Can I go
there...？</Dialog>
          <Dialog>Hehe...</Dialog>
          <Dialog>What？</Dialog>
          <Dialog>Hey, I'll give you a kiss...</Dialog>
          <Dialog>Eh？ Is that okay...？</Dialog>
          <Dialog>Yes, I just want to do it.</Dialog>
          <Dialog>(...！)</Dialog>
          <Dialog>...What？</Dialog>
          <Dialog>Well...</Dialog>
          <Dialog>Hehe, you want more？</Dialog>
          <Dialog>No... Yes...</Dialog>
          <Dialog>You can be honest...</Dialog>
          <Dialog>I don't think of
▲姉ヶ崎＊▲
that way...</Dialog>
          <Dialog>I like you, but it's a
different kind of feeling...</Dialog>
          <Dialog>So...</Dialog>
          <Dialog>Hah, as I thought...</Dialog>
          <Dialog>An older girl is no good,
huh？ So you like a girl in
the same grade, or in a lower
grade？</Dialog>
          <Dialog>The age isn't the factor
here...</Dialog>
          <Dialog>But, you think of me as your
big sister, right？</Dialog>
          <Dialog>...Well, that's probably
right...</Dialog>
          <Dialog>I see. Then I think it's fine
like this...</Dialog>
          <Dialog>Will you let me be your big
sister from now on...？</Dialog>
        </Dialogs>
      </SDL2>
    </Entry>
    <Entry Unknown0="867827533" Unknown1="2954455279">
      <SDL2 Key="3350890876">
        <Unknown>
          <Entry>
            <Values>
              <Entry>
                <Value0>4294901762</Value0>
                <Value1>0</Value1>
              </Entry>
            </Values>
            <Value0>147456</Value0>
            <Value1>65536</Value1>
          </Entry>
          <Entry>
            <Values>
              <Entry>
                <Value0>62119</Value0>
                <Value1>0</Value1>
              </Entry>
            </Values>
            <Value0>147456</Value0>
            <Value1>131072</Value1>
          </Entry>
          <Entry>
            <Values />
            <Value0>65539</Value0>
            <Value1>65540</Value1>
          </Entry>
          <Entry>
            <Values />
            <Value0>65540</Value0>
            <Value1>65541</Value1>
          </Entry>
          <Entry>
            <Values />
            <Value0>65541</Value0>
            <Value1>147456</Value1>
          </Entry>
          <Entry>
            <Values>
              <Entry>
                <Value0>62120</Value0>
                <Value1>0</Value1>
              </Entry>
            </Values>
            <Value0>147456</Value0>
            <Value1>393216</Value1>
          </Entry>
          <Entry>
            <Values>
              <Entry>
                <Value0>4294901762</Value0>
                <Value1>0</Value1>
              </Entry>
              <Entry>
                <Value0>62121</Value0>
                <Value1>500</Value1>
              </Entry>
            </Values>
            <Value0>147456</Value0>
            <Value1>458752</Value1>
          </Entry>
          <Entry>
            <Values>
              <Entry>
                <Value0>62122</Value0>
                <Value1>0</Value1>
              </Entry>
            </Values>
            <Value0>147456</Value0>
            <Value1>524288</Value1>
          </Entry>
          <Entry>
            <Values>
              <Entry>
                <Value0>62123</Value0>
                <Value1>0</Value1>
              </Entry>
            </Values>
            <Value0>147456</Value0>
            <Value1>589824</Value1>
          </Entry>
        </Unknown>
        <Dialogs>
          <Dialog>姉ヶ崎</Dialog>
          <Dialog>▲主人公＊▲.</Dialog>
          <Dialog>If you don't like it, I won't
do it, but... From now on, can
I call you by your first
name？</Dialog>
          <Dialog>Sure, that's fine</Dialog>
          <Dialog>It's fine as it is</Dialog>
          <Dialog>......</Dialog>
          <Dialog>T-Thanks.</Dialog>
          <Dialog>▲主人公＊▲.
Please be nice to me...</Dialog>
          <Dialog>Ah, okay. I see... I
understand.</Dialog>
          <Dialog>If you don't answer, it means
okay, right？ I'll call you by
your first name then.</Dialog>
        </Dialogs>
      </SDL2>
    </Entry>
    <Entry Unknown0="1099224667" Unknown1="4226643642">
      <SDL2 Key="3891965911">
        <Unknown>
          <Entry>
            <Values>
              <Entry>
                <Value0>4294901762</Value0>
                <Value1>0</Value1>
              </Entry>
            </Values>
            <Value0>147456</Value0>
            <Value1>65536</Value1>
          </Entry>
          <Entry>
            <Values>
              <Entry>
                <Value0>62124</Value0>
                <Value1>0</Value1>
              </Entry>
            </Values>
            <Value0>147456</Value0>
            <Value1>131072</Value1>
          </Entry>
          <Entry>
            <Values />
            <Value0>65539</Value0>
            <Value1>65540</Value1>
          </Entry>
          <Entry>
            <Values />
            <Value0>65540</Value0>
            <Value1>65541</Value1>
          </Entry>
          <Entry>
            <Values />
            <Value0>65541</Value0>
            <Value1>147456</Value1>
          </Entry>
          <Entry>
            <Values>
              <Entry>
                <Value0>62125</Value0>
                <Value1>0</Value1>
              </Entry>
            </Values>
            <Value0>147456</Value0>
            <Value1>393216</Value1>
          </Entry>
          <Entry>
            <Values>
              <Entry>
                <Value0>4294901762</Value0>
                <Value1>0</Value1>
              </Entry>
              <Entry>
                <Value0>62126</Value0>
                <Value1>500</Value1>
              </Entry>
            </Values>
            <Value0>147456</Value0>
            <Value1>458752</Value1>
          </Entry>
          <Entry>
            <Values>
              <Entry>
                <Value0>62127</Value0>
                <Value1>0</Value1>
              </Entry>
            </Values>
            <Value0>147456</Value0>
            <Value1>524288</Value1>
          </Entry>
          <Entry>
            <Values>
              <Entry>
                <Value0>62128</Value0>
                <Value1>0</Value1>
              </Entry>
            </Values>
            <Value0>147456</Value0>
            <Value1>589824</Value1>
          </Entry>
        </Unknown>
        <Dialogs>
          <Dialog>姉ヶ崎</Dialog>
          <Dialog>▲主人公＊▲.</Dialog>
          <Dialog>Hey, I can call you by your
first name from now on,
right？</Dialog>
          <Dialog>Sure, that's fine</Dialog>
          <Dialog>It's fine as it is</Dialog>
          <Dialog>......</Dialog>
          <Dialog>Hehe, okay.</Dialog>
          <Dialog>▲主人公＊▲.
From now on please
be nice to me, okay？</Dialog>
          <Dialog>Eh？ Really？ Then I won't
change how I call you. For
now.</Dialog>
          <Dialog>You didn't answer. Are you
embarrassed？ Hehe, I'll call
you by your first name then.</Dialog>
        </Dialogs>
      </SDL2>
    </Entry>
    <Entry Unknown0="173793318" Unknown1="318652817">
      <SDL2 Key="658102066">
        <Unknown>
          <Entry>
            <Values>
              <Entry>
                <Value0>4294901762</Value0>
                <Value1>0</Value1>
              </Entry>
            </Values>
            <Value0>147456</Value0>
            <Value1>65536</Value1>
          </Entry>
          <Entry>
            <Values>
              <Entry>
                <Value0>62129</Value0>
                <Value1>0</Value1>
              </Entry>
            </Values>
            <Value0>147456</Value0>
            <Value1>131072</Value1>
          </Entry>
          <Entry>
            <Values />
            <Value0>65539</Value0>
            <Value1>65540</Value1>
          </Entry>
          <Entry>
            <Values />
            <Value0>65540</Value0>
            <Value1>65541</Value1>
          </Entry>
          <Entry>
            <Values />
            <Value0>65541</Value0>
            <Value1>147456</Value1>
          </Entry>
          <Entry>
            <Values>
              <Entry>
                <Value0>62130</Value0>
                <Value1>0</Value1>
              </Entry>
            </Values>
            <Value0>147456</Value0>
            <Value1>393216</Value1>
          </Entry>
          <Entry>
            <Values>
              <Entry>
                <Value0>4294901762</Value0>
                <Value1>0</Value1>
              </Entry>
              <Entry>
                <Value0>62131</Value0>
                <Value1>500</Value1>
              </Entry>
            </Values>
            <Value0>147456</Value0>
            <Value1>458752</Value1>
          </Entry>
          <Entry>
            <Values>
              <Entry>
                <Value0>62132</Value0>
                <Value1>0</Value1>
              </Entry>
            </Values>
            <Value0>147456</Value0>
            <Value1>524288</Value1>
          </Entry>
          <Entry>
            <Values>
              <Entry>
                <Value0>62133</Value0>
                <Value1>0</Value1>
              </Entry>
            </Values>
            <Value0>147456</Value0>
            <Value1>589824</Value1>
          </Entry>
        </Unknown>
        <Dialogs>
          <Dialog>姉ヶ崎</Dialog>
          <Dialog>▲主人公＊▲.</Dialog>
          <Dialog>I'd be happy if I can call you
by your first name from now
on. How's that？</Dialog>
          <Dialog>Sure, that's fine</Dialog>
          <Dialog>It's fine as it is</Dialog>
          <Dialog>......</Dialog>
          <Dialog>Hehe. Yay！</Dialog>
          <Dialog>▲主人公＊▲.
Be nice to me, okay？</Dialog>
          <Dialog>Too bad... But I understand.
Then I won't change how I call
you for now.</Dialog>
          <Dialog>Eh？ What is it？ ...I'll just
call you by your first name
then, okay？</Dialog>
        </Dialogs>
      </SDL2>
    </Entry>
    <Entry Unknown0="3815354365" Unknown1="1288247455">
      <SDL2 Key="658102066">
        <Unknown>
          <Entry>
            <Values>
              <Entry>
                <Value0>62134</Value0>
                <Value1>0</Value1>
              </Entry>
            </Values>
            <Value0>147456</Value0>
            <Value1>65536</Value1>
          </Entry>
          <Entry>
            <Values />
            <Value0>65538</Value0>
            <Value1>65539</Value1>
          </Entry>
          <Entry>
            <Values />
            <Value0>65539</Value0>
            <Value1>65540</Value1>
          </Entry>
          <Entry>
            <Values />
            <Value0>65540</Value0>
            <Value1>147456</Value1>
          </Entry>
          <Entry>
            <Values>
              <Entry>
                <Value0>62135</Value0>
                <Value1>0</Value1>
              </Entry>
            </Values>
            <Value0>147456</Value0>
            <Value1>327680</Value1>
          </Entry>
          <Entry>
            <Values>
              <Entry>
                <Value0>62136</Value0>
                <Value1>0</Value1>
              </Entry>
            </Values>
            <Value0>147456</Value0>
            <Value1>393216</Value1>
          </Entry>
          <Entry>
            <Values>
              <Entry>
                <Value0>62137</Value0>
                <Value1>0</Value1>
              </Entry>
            </Values>
            <Value0>147456</Value0>
            <Value1>458752</Value1>
          </Entry>
          <Entry>
            <Values />
            <Value0>147464</Value0>
            <Value1>589824</Value1>
          </Entry>
          <Entry>
            <Values>
              <Entry>
                <Value0>62138</Value0>
                <Value1>0</Value1>
              </Entry>
            </Values>
            <Value0>147456</Value0>
            <Value1>655360</Value1>
          </Entry>
        </Unknown>
        <Dialogs>
          <Dialog>姉ヶ崎</Dialog>
          <Dialog>If it doesn't trouble you, I
wonder if we can go on a date
this Sunday.</Dialog>
          <Dialog>Okay, sounds good</Dialog>
          <Dialog>I'll think about it</Dialog>
          <Dialog>......</Dialog>
          <Dialog>Really？ I'm so happy. It's a
promise, okay？</Dialog>
          <Dialog>I see... Too bad, but it can't
be helped, huh？</Dialog>
          <Dialog>As I thought... It troubled
you, right？ I asked you too
suddenly.</Dialog>
          <Dialog>○○○○○○○○</Dialog>
          <Dialog>Ah, no. I spaced out for a
bit. A date, right？ Okay！</Dialog>
          <Dialog>Really？ I'm so glad...</Dialog>
        </Dialogs>
      </SDL2>
    </Entry>
    <Entry Unknown0="4046751243" Unknown1="2275223146">
      <SDL2 Key="3756743192">
        <Unknown>
          <Entry>
            <Values>
              <Entry>
                <Value0>62139</Value0>
                <Value1>0</Value1>
              </Entry>
            </Values>
            <Value0>147456</Value0>
            <Value1>65536</Value1>
          </Entry>
          <Entry>
            <Values />
            <Value0>65538</Value0>
            <Value1>65539</Value1>
          </Entry>
          <Entry>
            <Values />
            <Value0>65539</Value0>
            <Value1>65540</Value1>
          </Entry>
          <Entry>
            <Values />
            <Value0>65540</Value0>
            <Value1>147456</Value1>
          </Entry>
          <Entry>
            <Values>
              <Entry>
                <Value0>62140</Value0>
                <Value1>0</Value1>
              </Entry>
            </Values>
            <Value0>147456</Value0>
            <Value1>327680</Value1>
          </Entry>
          <Entry>
            <Values>
              <Entry>
                <Value0>62141</Value0>
                <Value1>0</Value1>
              </Entry>
            </Values>
            <Value0>147456</Value0>
            <Value1>393216</Value1>
          </Entry>
          <Entry>
            <Values>
              <Entry>
                <Value0>62142</Value0>
                <Value1>0</Value1>
              </Entry>
            </Values>
            <Value0>147456</Value0>
            <Value1>458752</Value1>
          </Entry>
          <Entry>
            <Values />
            <Value0>147464</Value0>
            <Value1>589824</Value1>
          </Entry>
          <Entry>
            <Values>
              <Entry>
                <Value0>62143</Value0>
                <Value1>0</Value1>
              </Entry>
            </Values>
            <Value0>147456</Value0>
            <Value1>655360</Value1>
          </Entry>
        </Unknown>
        <Dialogs>
          <Dialog>姉ヶ崎</Dialog>
          <Dialog>Hey, how about we go on a date
this Sunday？</Dialog>
          <Dialog>Okay, sounds good</Dialog>
          <Dialog>I'll think about it</Dialog>
          <Dialog>......</Dialog>
          <Dialog>Hehe, nice reply. It's a
promise, okay？</Dialog>
          <Dialog>Hmm, I see. ...Fine, maybe
next time.</Dialog>
          <Dialog>Hey, are you listening？</Dialog>
          <Dialog>○○○○○○○○</Dialog>
          <Dialog>Ah, no. I spaced out for a
bit. A date, right？ Okay.</Dialog>
          <Dialog>Geez, I thought I was turned
down for a bit. Hehe.</Dialog>
        </Dialogs>
      </SDL2>
    </Entry>
    <Entry Unknown0="3121320150" Unknown1="4004442433">
      <SDL2 Key="3756743192">
        <Unknown>
          <Entry>
            <Values>
              <Entry>
                <Value0>62144</Value0>
                <Value1>0</Value1>
              </Entry>
            </Values>
            <Value0>147456</Value0>
            <Value1>65536</Value1>
          </Entry>
          <Entry>
            <Values />
            <Value0>65538</Value0>
            <Value1>65539</Value1>
          </Entry>
          <Entry>
            <Values />
            <Value0>65539</Value0>
            <Value1>65540</Value1>
          </Entry>
          <Entry>
            <Values />
            <Value0>65540</Value0>
            <Value1>147456</Value1>
          </Entry>
          <Entry>
            <Values>
              <Entry>
                <Value0>62145</Value0>
                <Value1>0</Value1>
              </Entry>
            </Values>
            <Value0>147456</Value0>
            <Value1>327680</Value1>
          </Entry>
          <Entry>
            <Values>
              <Entry>
                <Value0>62146</Value0>
                <Value1>0</Value1>
              </Entry>
            </Values>
            <Value0>147456</Value0>
            <Value1>393216</Value1>
          </Entry>
          <Entry>
            <Values>
              <Entry>
                <Value0>62147</Value0>
                <Value1>0</Value1>
              </Entry>
            </Values>
            <Value0>147456</Value0>
            <Value1>458752</Value1>
          </Entry>
          <Entry>
            <Values />
            <Value0>147464</Value0>
            <Value1>589824</Value1>
          </Entry>
          <Entry>
            <Values>
              <Entry>
                <Value0>62148</Value0>
                <Value1>0</Value1>
              </Entry>
            </Values>
            <Value0>147456</Value0>
            <Value1>655360</Value1>
          </Entry>
        </Unknown>
        <Dialogs>
          <Dialog>姉ヶ崎</Dialog>
          <Dialog>I was wondering if you would
go on a date with me this
Sunday...</Dialog>
          <Dialog>Okay, sounds good</Dialog>
          <Dialog>I'll think about it</Dialog>
          <Dialog>......</Dialog>
          <Dialog>Hehe, thanks.</Dialog>
          <Dialog>Eh？ Really...？ Um, I
understand. Maybe next time,
okay？</Dialog>
          <Dialog>...Is it inconvenient for
you？</Dialog>
          <Dialog>○○○○○○○○</Dialog>
          <Dialog>Sorry, I spaced out a bit. A
date, right？ Okay.</Dialog>
          <Dialog>Yay！ I'm glad. Then, you'll
go with me, right？</Dialog>
        </Dialogs>
      </SDL2>
    </Entry>
    <Entry Unknown0="2467913644" Unknown1="410634319">
      <SDL2 Key="3756743192">
        <Unknown>
          <Entry>
            <Values>
              <Entry>
                <Value0>4294901762</Value0>
                <Value1>0</Value1>
              </Entry>
              <Entry>
                <Value0>62149</Value0>
                <Value1>500</Value1>
              </Entry>
            </Values>
            <Value0>147456</Value0>
            <Value1>65536</Value1>
          </Entry>
          <Entry>
            <Values />
            <Value0>147458</Value0>
            <Value1>196608</Value1>
          </Entry>
          <Entry>
            <Values>
              <Entry>
                <Value0>62150</Value0>
                <Value1>0</Value1>
              </Entry>
            </Values>
            <Value0>147456</Value0>
            <Value1>262144</Value1>
          </Entry>
          <Entry>
            <Values />
            <Value0>147458</Value0>
            <Value1>327680</Value1>
          </Entry>
        </Unknown>
        <Dialogs>
          <Dialog>姉ヶ崎</Dialog>
          <Dialog>▲主人公＊▲.
From now on...
I'll be in your care.</Dialog>
          <Dialog>○○○○○○○○</Dialog>
          <Dialog>Yeah, same here.</Dialog>
          <Dialog>Bye-bye. I'll see you later.</Dialog>
          <Dialog>Bye-bye. See you later.</Dialog>
        </Dialogs>
      </SDL2>
    </Entry>
    <Entry Unknown0="2716087994" Unknown1="3545093658">
      <SDL2 Key="4282089828">
        <Unknown>
          <Entry>
            <Values>
              <Entry>
                <Value0>4294901762</Value0>
                <Value1>0</Value1>
              </Entry>
              <Entry>
                <Value0>62151</Value0>
                <Value1>500</Value1>
              </Entry>
            </Values>
            <Value0>147456</Value0>
            <Value1>65536</Value1>
          </Entry>
          <Entry>
            <Values />
            <Value0>147458</Value0>
            <Value1>196608</Value1>
          </Entry>
          <Entry>
            <Values>
              <Entry>
                <Value0>62152</Value0>
                <Value1>0</Value1>
              </Entry>
            </Values>
            <Value0>147456</Value0>
            <Value1>262144</Value1>
          </Entry>
          <Entry>
            <Values />
            <Value0>147458</Value0>
            <Value1>327680</Value1>
          </Entry>
        </Unknown>
        <Dialogs>
          <Dialog>姉ヶ崎</Dialog>
          <Dialog>▲主人公＊▲.
From now on, I'll
be counting on you.</Dialog>
          <Dialog>○○○○○○○○</Dialog>
          <Dialog>Yeah, same here.</Dialog>
          <Dialog>Okay, bye-bye！</Dialog>
          <Dialog>Bye-bye. I'll see you later.</Dialog>
        </Dialogs>
      </SDL2>
    </Entry>
    <Entry Unknown0="1790656647" Unknown1="4200505841">
      <SDL2 Key="4282089828">
        <Unknown>
          <Entry>
            <Values>
              <Entry>
                <Value0>4294901762</Value0>
                <Value1>0</Value1>
              </Entry>
              <Entry>
                <Value0>62153</Value0>
                <Value1>500</Value1>
              </Entry>
            </Values>
            <Value0>147456</Value0>
            <Value1>65536</Value1>
          </Entry>
          <Entry>
            <Values />
            <Value0>147458</Value0>
            <Value1>196608</Value1>
          </Entry>
          <Entry>
            <Values>
              <Entry>
                <Value0>62154</Value0>
                <Value1>0</Value1>
              </Entry>
            </Values>
            <Value0>147456</Value0>
            <Value1>262144</Value1>
          </Entry>
          <Entry>
            <Values />
            <Value0>147458</Value0>
            <Value1>327680</Value1>
          </Entry>
        </Unknown>
        <Dialogs>
          <Dialog>姉ヶ崎</Dialog>
          <Dialog>▲主人公＊▲.
From now on, I'll be
counting on you, okay？</Dialog>
          <Dialog>○○○○○○○○</Dialog>
          <Dialog>Yeah, same here.</Dialog>
          <Dialog>Bye-bye！ I'll see you later.</Dialog>
          <Dialog>Bye-bye. See you later.</Dialog>
        </Dialogs>
      </SDL2>
    </Entry>
    <Entry Unknown0="1137250140" Unknown1="1948875007">
      <SDL2 Key="4282089828">
        <Unknown>
          <Entry>
            <Values>
              <Entry>
                <Value0>4294901762</Value0>
                <Value1>0</Value1>
              </Entry>
            </Values>
            <Value0>147456</Value0>
            <Value1>65536</Value1>
          </Entry>
          <Entry>
            <Values>
              <Entry>
                <Value0>62155</Value0>
                <Value1>0</Value1>
              </Entry>
            </Values>
            <Value0>147456</Value0>
            <Value1>131072</Value1>
          </Entry>
        </Unknown>
        <Dialogs>
          <Dialog>姉ヶ崎</Dialog>
          <Dialog>▲主人公＊▲.</Dialog>
          <Dialog>Thank you for being by my
side...</Dialog>
        </Dialogs>
      </SDL2>
    </Entry>
    <Entry Unknown0="1368712810" Unknown1="1073579722">
      <SDL2 Key="4282089828">
        <Unknown>
          <Entry>
            <Values>
              <Entry>
                <Value0>4294901762</Value0>
                <Value1>0</Value1>
              </Entry>
            </Values>
            <Value0>147456</Value0>
            <Value1>65536</Value1>
          </Entry>
          <Entry>
            <Values>
              <Entry>
                <Value0>62156</Value0>
                <Value1>0</Value1>
              </Entry>
            </Values>
            <Value0>147456</Value0>
            <Value1>131072</Value1>
          </Entry>
        </Unknown>
        <Dialogs>
          <Dialog>姉ヶ崎</Dialog>
          <Dialog>▲主人公＊▲.</Dialog>
          <Dialog>We'll be together from now on.
Are you ready for that？</Dialog>
        </Dialogs>
      </SDL2>
    </Entry>
    <Entry Unknown0="443281463" Unknown1="370037153">
      <SDL2 Key="3119313994">
        <Unknown>
          <Entry>
            <Values>
              <Entry>
                <Value0>4294901762</Value0>
                <Value1>0</Value1>
              </Entry>
            </Values>
            <Value0>147456</Value0>
            <Value1>65536</Value1>
          </Entry>
          <Entry>
            <Values>
              <Entry>
                <Value0>62157</Value0>
                <Value1>0</Value1>
              </Entry>
            </Values>
            <Value0>147456</Value0>
            <Value1>131072</Value1>
          </Entry>
        </Unknown>
        <Dialogs>
          <Dialog>姉ヶ崎</Dialog>
          <Dialog>▲主人公＊▲.</Dialog>
          <Dialog>From now on, we'll always be
together.</Dialog>
        </Dialogs>
      </SDL2>
    </Entry>
  </Entries>
</DBIN2>