<?xml version="1.0" encoding="utf-8"?>
<DBIN2 xmlns:xsi="http://www.w3.org/2001/XMLSchema-instance" xmlns:xsd="http://www.w3.org/2001/XMLSchema" Key="1709526908" Unknown="48">
  <Entries>
    <Entry Unknown0="1239341485" Unknown1="1128207016">
      <SDL2 Key="3119313994">
        <Unknown>
          <Entry>
            <Values>
              <Entry>
                <Value0>62158</Value0>
                <Value1>0</Value1>
              </Entry>
            </Values>
            <Value0>147456</Value0>
            <Value1>65536</Value1>
          </Entry>
          <Entry>
            <Values />
            <Value0>147458</Value0>
            <Value1>196608</Value1>
          </Entry>
          <Entry>
            <Values>
              <Entry>
                <Value0>62159</Value0>
                <Value1>0</Value1>
              </Entry>
              <Entry>
                <Value0>62160</Value0>
                <Value1>100</Value1>
              </Entry>
            </Values>
            <Value0>147456</Value0>
            <Value1>262144</Value1>
          </Entry>
          <Entry>
            <Values />
            <Value0>147458</Value0>
            <Value1>327680</Value1>
          </Entry>
        </Unknown>
        <Dialogs>
          <Dialog>姉ヶ崎</Dialog>
          <Dialog>Yeah, what's up？</Dialog>
          <Dialog>○○○○○○○○</Dialog>
          <Dialog>Can I talk to you now？</Dialog>
          <Dialog>Yeah, fine. Then... Hehe.
What's up？</Dialog>
          <Dialog>Well...</Dialog>
        </Dialogs>
      </SDL2>
    </Entry>
    <Entry Unknown0="3604194620" Unknown1="957063581">
      <SDL2 Key="3119313994">
        <Unknown>
          <Entry>
            <Values>
              <Entry>
                <Value0>62161</Value0>
                <Value1>0</Value1>
              </Entry>
            </Values>
            <Value0>147456</Value0>
            <Value1>65536</Value1>
          </Entry>
          <Entry>
            <Values />
            <Value0>147458</Value0>
            <Value1>196608</Value1>
          </Entry>
          <Entry>
            <Values>
              <Entry>
                <Value0>62162</Value0>
                <Value1>0</Value1>
              </Entry>
            </Values>
            <Value0>147456</Value0>
            <Value1>262144</Value1>
          </Entry>
          <Entry>
            <Values />
            <Value0>147458</Value0>
            <Value1>327680</Value1>
          </Entry>
        </Unknown>
        <Dialogs>
          <Dialog>姉ヶ崎</Dialog>
          <Dialog>Yes. Hello？</Dialog>
          <Dialog>○○○○○○○○</Dialog>
          <Dialog>It's me. Can I talk to you
now？</Dialog>
          <Dialog>Yeah！ It's fine. hmm, what's
up？</Dialog>
          <Dialog>Well...</Dialog>
        </Dialogs>
      </SDL2>
    </Entry>
    <Entry Unknown0="3449763377" Unknown1="110794345">
      <SDL2 Key="3119313994">
        <Unknown>
          <Entry>
            <Values>
              <Entry>
                <Value0>62163</Value0>
                <Value1>0</Value1>
              </Entry>
            </Values>
            <Value0>147456</Value0>
            <Value1>65536</Value1>
          </Entry>
          <Entry>
            <Values />
            <Value0>147458</Value0>
            <Value1>196608</Value1>
          </Entry>
          <Entry>
            <Values>
              <Entry>
                <Value0>62164</Value0>
                <Value1>0</Value1>
              </Entry>
            </Values>
            <Value0>147456</Value0>
            <Value1>262144</Value1>
          </Entry>
          <Entry>
            <Values />
            <Value0>147458</Value0>
            <Value1>327680</Value1>
          </Entry>
        </Unknown>
        <Dialogs>
          <Dialog>姉ヶ崎</Dialog>
          <Dialog>Hello.</Dialog>
          <Dialog>○○○○○○○○</Dialog>
          <Dialog>Hello. It's me. Is it okay to
talk now？</Dialog>
          <Dialog>Yes, okay.</Dialog>
          <Dialog>Well...</Dialog>
        </Dialogs>
      </SDL2>
    </Entry>
    <Entry Unknown0="2569939453" Unknown1="2576311032">
      <SDL2 Key="3119313994">
        <Unknown>
          <Entry>
            <Values />
            <Value0>147456</Value0>
            <Value1>65536</Value1>
          </Entry>
        </Unknown>
        <Dialogs>
          <Dialog>○○○○○○○○</Dialog>
          <Dialog>▲月▲▲日▲ is a holiday.
Shall we go to the
▲デート場所▲
together？</Dialog>
        </Dialogs>
      </SDL2>
    </Entry>
    <Entry Unknown0="639890828" Unknown1="2203841005">
      <SDL2 Key="3119313994">
        <Unknown>
          <Entry>
            <Values />
            <Value0>147456</Value0>
            <Value1>65536</Value1>
          </Entry>
        </Unknown>
        <Dialogs>
          <Dialog>○○○○○○○○</Dialog>
          <Dialog>This weekend, shall we go to
the ▲デート場所▲？</Dialog>
        </Dialogs>
      </SDL2>
    </Entry>
    <Entry Unknown0="502236801" Unknown1="1491789497">
      <SDL2 Key="3913038485">
        <Unknown>
          <Entry>
            <Values />
            <Value0>147456</Value0>
            <Value1>65536</Value1>
          </Entry>
        </Unknown>
        <Dialogs>
          <Dialog>○○○○○○○○</Dialog>
          <Dialog>If you're free now,
shall we go to the
▲デート場所▲？</Dialog>
        </Dialogs>
      </SDL2>
    </Entry>
    <Entry Unknown0="3917379917" Unknown1="2279584328">
      <SDL2 Key="3913038485">
        <Unknown>
          <Entry>
            <Values>
              <Entry>
                <Value0>62165</Value0>
                <Value1>0</Value1>
              </Entry>
              <Entry>
                <Value0>62166</Value0>
                <Value1>83</Value1>
              </Entry>
            </Values>
            <Value0>147456</Value0>
            <Value1>65536</Value1>
          </Entry>
        </Unknown>
        <Dialogs>
          <Dialog>姉ヶ崎</Dialog>
          <Dialog>Yeah, I'm free on that day.
...Even if I'm not free, I'll
do something so that I can go
with you. Hehe.</Dialog>
        </Dialogs>
      </SDL2>
    </Entry>
    <Entry Unknown0="1987266012" Unknown1="3182117181">
      <SDL2 Key="3913038485">
        <Unknown>
          <Entry>
            <Values>
              <Entry>
                <Value0>62167</Value0>
                <Value1>0</Value1>
              </Entry>
            </Values>
            <Value0>147456</Value0>
            <Value1>65536</Value1>
          </Entry>
        </Unknown>
        <Dialogs>
          <Dialog>姉ヶ崎</Dialog>
          <Dialog>That day...？ Yeah, okay.</Dialog>
        </Dialogs>
      </SDL2>
    </Entry>
    <Entry Unknown0="1832900305" Unknown1="3392812553">
      <SDL2 Key="3913038485">
        <Unknown>
          <Entry>
            <Values>
              <Entry>
                <Value0>62168</Value0>
                <Value1>0</Value1>
              </Entry>
            </Values>
            <Value0>147456</Value0>
            <Value1>65536</Value1>
          </Entry>
        </Unknown>
        <Dialogs>
          <Dialog>姉ヶ崎</Dialog>
          <Dialog>Yeah, okay. I can't possibly
reject your invitation, can
I？</Dialog>
        </Dialogs>
      </SDL2>
    </Entry>
    <Entry Unknown0="969853341" Unknown1="1546584728">
      <SDL2 Key="3913038485">
        <Unknown>
          <Entry>
            <Values>
              <Entry>
                <Value0>62169</Value0>
                <Value1>0</Value1>
              </Entry>
            </Values>
            <Value0>147456</Value0>
            <Value1>65536</Value1>
          </Entry>
        </Unknown>
        <Dialogs>
          <Dialog>姉ヶ崎</Dialog>
          <Dialog>Yeah, this weekend is fine for
me.</Dialog>
        </Dialogs>
      </SDL2>
    </Entry>
    <Entry Unknown0="3334706476" Unknown1="1358664077">
      <SDL2 Key="426533345">
        <Unknown>
          <Entry>
            <Values>
              <Entry>
                <Value0>62170</Value0>
                <Value1>0</Value1>
              </Entry>
            </Values>
            <Value0>147456</Value0>
            <Value1>65536</Value1>
          </Entry>
        </Unknown>
        <Dialogs>
          <Dialog>姉ヶ崎</Dialog>
          <Dialog>Hehe. Of course, it's okay.
Actually, I've been waiting
for you to invite me out.</Dialog>
        </Dialogs>
      </SDL2>
    </Entry>
    <Entry Unknown0="3180275233" Unknown1="2374665817">
      <SDL2 Key="426533345">
        <Unknown>
          <Entry>
            <Values>
              <Entry>
                <Value0>62171</Value0>
                <Value1>0</Value1>
              </Entry>
            </Values>
            <Value0>147456</Value0>
            <Value1>65536</Value1>
          </Entry>
        </Unknown>
        <Dialogs>
          <Dialog>姉ヶ崎</Dialog>
          <Dialog>Yeah, I'm free. I'll go with
you.</Dialog>
        </Dialogs>
      </SDL2>
    </Entry>
    <Entry Unknown0="2300451309" Unknown1="25121512">
      <SDL2 Key="426533345">
        <Unknown>
          <Entry>
            <Values>
              <Entry>
                <Value0>62172</Value0>
                <Value1>0</Value1>
              </Entry>
            </Values>
            <Value0>147456</Value0>
            <Value1>65536</Value1>
          </Entry>
        </Unknown>
        <Dialogs>
          <Dialog>姉ヶ崎</Dialog>
          <Dialog>That day...？ Sorry, I have
something to do. I can't go.</Dialog>
        </Dialogs>
      </SDL2>
    </Entry>
    <Entry Unknown0="370402684" Unknown1="4216054237">
      <SDL2 Key="426533345">
        <Unknown>
          <Entry>
            <Values>
              <Entry>
                <Value0>62173</Value0>
                <Value1>0</Value1>
              </Entry>
            </Values>
            <Value0>147456</Value0>
            <Value1>65536</Value1>
          </Entry>
        </Unknown>
        <Dialogs>
          <Dialog>姉ヶ崎</Dialog>
          <Dialog>Ah... Sorry. I can't go.</Dialog>
        </Dialogs>
      </SDL2>
    </Entry>
    <Entry Unknown0="232748657" Unknown1="3369785001">
      <SDL2 Key="426533345">
        <Unknown>
          <Entry>
            <Values>
              <Entry>
                <Value0>62174</Value0>
                <Value1>0</Value1>
              </Entry>
            </Values>
            <Value0>147456</Value0>
            <Value1>65536</Value1>
          </Entry>
        </Unknown>
        <Dialogs>
          <Dialog>姉ヶ崎</Dialog>
          <Dialog>This weekend？ Ah, too bad. I
have a lot of things to do...</Dialog>
        </Dialogs>
      </SDL2>
    </Entry>
    <Entry Unknown0="3647891773" Unknown1="1590665784">
      <SDL2 Key="3275609287">
        <Unknown>
          <Entry>
            <Values>
              <Entry>
                <Value0>62175</Value0>
                <Value1>0</Value1>
              </Entry>
            </Values>
            <Value0>147456</Value0>
            <Value1>65536</Value1>
          </Entry>
        </Unknown>
        <Dialogs>
          <Dialog>姉ヶ崎</Dialog>
          <Dialog>Eh？ This weekend？ Sorry, I
can't.</Dialog>
        </Dialogs>
      </SDL2>
    </Entry>
    <Entry Unknown0="1717777868" Unknown1="1587228973">
      <SDL2 Key="3275609287">
        <Unknown>
          <Entry>
            <Values>
              <Entry>
                <Value0>62176</Value0>
                <Value1>0</Value1>
              </Entry>
            </Values>
            <Value0>147456</Value0>
            <Value1>65536</Value1>
          </Entry>
        </Unknown>
        <Dialogs>
          <Dialog>姉ヶ崎</Dialog>
          <Dialog>Eh？ Now？ Sorry, I can't.
It's so sudden...</Dialog>
        </Dialogs>
      </SDL2>
    </Entry>
    <Entry Unknown0="1563412161" Unknown1="53094137">
      <SDL2 Key="3275609287">
        <Unknown>
          <Entry>
            <Values>
              <Entry>
                <Value0>62177</Value0>
                <Value1>0</Value1>
              </Entry>
            </Values>
            <Value0>147456</Value0>
            <Value1>65536</Value1>
          </Entry>
        </Unknown>
        <Dialogs>
          <Dialog>姉ヶ崎</Dialog>
          <Dialog>Hmm... I don't think I can go
now.</Dialog>
        </Dialogs>
      </SDL2>
    </Entry>
    <Entry Unknown0="700365197" Unknown1="2199909000">
      <SDL2 Key="3275609287">
        <Unknown>
          <Entry>
            <Values>
              <Entry>
                <Value0>62178</Value0>
                <Value1>0</Value1>
              </Entry>
            </Values>
            <Value0>147456</Value0>
            <Value1>65536</Value1>
          </Entry>
        </Unknown>
        <Dialogs>
          <Dialog>姉ヶ崎</Dialog>
          <Dialog>I'd be happier if we went to a
different location. How's
that？</Dialog>
        </Dialogs>
      </SDL2>
    </Entry>
    <Entry Unknown0="3065218332" Unknown1="3001778557">
      <SDL2 Key="3275609287">
        <Unknown>
          <Entry>
            <Values>
              <Entry>
                <Value0>62179</Value0>
                <Value1>0</Value1>
              </Entry>
            </Values>
            <Value0>147456</Value0>
            <Value1>65536</Value1>
          </Entry>
        </Unknown>
        <Dialogs>
          <Dialog>姉ヶ崎</Dialog>
          <Dialog>Hmm... Can you pick a
different day？</Dialog>
        </Dialogs>
      </SDL2>
    </Entry>
    <Entry Unknown0="2910787089" Unknown1="1350202953">
      <SDL2 Key="3275609287">
        <Unknown>
          <Entry>
            <Values>
              <Entry>
                <Value0>62180</Value0>
                <Value1>0</Value1>
              </Entry>
            </Values>
            <Value0>147456</Value0>
            <Value1>65536</Value1>
          </Entry>
          <Entry>
            <Values />
            <Value0>147458</Value0>
            <Value1>196608</Value1>
          </Entry>
        </Unknown>
        <Dialogs>
          <Dialog>姉ヶ崎</Dialog>
          <Dialog>Our timings don't match...
Let's forget about it this
time.</Dialog>
          <Dialog>○○○○○○○○</Dialog>
          <Dialog>What a pity. But, it can't be
helped...</Dialog>
        </Dialogs>
      </SDL2>
    </Entry>
    <Entry Unknown0="2030963165" Unknown1="3144631000">
      <SDL2 Key="3815578402">
        <Unknown>
          <Entry>
            <Values>
              <Entry>
                <Value0>62181</Value0>
                <Value1>0</Value1>
              </Entry>
            </Values>
            <Value0>147456</Value0>
            <Value1>65536</Value1>
          </Entry>
          <Entry>
            <Values />
            <Value0>147458</Value0>
            <Value1>196608</Value1>
          </Entry>
        </Unknown>
        <Dialogs>
          <Dialog>姉ヶ崎</Dialog>
          <Dialog>Then what time shall we meet
up？</Dialog>
          <Dialog>○○○○○○○○</Dialog>
          <Dialog>Let me see...</Dialog>
        </Dialogs>
      </SDL2>
    </Entry>
    <Entry Unknown0="100914540" Unknown1="3124482509">
      <SDL2 Key="3815578402">
        <Unknown>
          <Entry>
            <Values>
              <Entry>
                <Value0>62182</Value0>
                <Value1>0</Value1>
              </Entry>
            </Values>
            <Value0>147456</Value0>
            <Value1>65536</Value1>
          </Entry>
          <Entry>
            <Values />
            <Value0>147458</Value0>
            <Value1>196608</Value1>
          </Entry>
        </Unknown>
        <Dialogs>
          <Dialog>姉ヶ崎</Dialog>
          <Dialog>Yeah, that's okay for me.</Dialog>
          <Dialog>○○○○○○○○</Dialog>
          <Dialog>Then at ▲時刻▲,
we'll meet at the
▲デート場所▲.</Dialog>
        </Dialogs>
      </SDL2>
    </Entry>
    <Entry Unknown0="4258227809" Unknown1="3905603225">
      <SDL2 Key="3815578402">
        <Unknown>
          <Entry>
            <Values>
              <Entry>
                <Value0>62183</Value0>
                <Value1>0</Value1>
              </Entry>
              <Entry>
                <Value0>62184</Value0>
                <Value1>50</Value1>
              </Entry>
            </Values>
            <Value0>147456</Value0>
            <Value1>65536</Value1>
          </Entry>
          <Entry>
            <Values />
            <Value0>147458</Value0>
            <Value1>196608</Value1>
          </Entry>
        </Unknown>
        <Dialogs>
          <Dialog>姉ヶ崎</Dialog>
          <Dialog>Hmm... Isn't that a little bit
too late？ We'll have to hurry
home if we decide on that
time.</Dialog>
          <Dialog>○○○○○○○○</Dialog>
          <Dialog>Then, I should make it
earlier...</Dialog>
        </Dialogs>
      </SDL2>
    </Entry>
    <Entry Unknown0="3378403629" Unknown1="633311784">
      <SDL2 Key="3815578402">
        <Unknown>
          <Entry>
            <Values>
              <Entry>
                <Value0>62185</Value0>
                <Value1>0</Value1>
              </Entry>
            </Values>
            <Value0>147456</Value0>
            <Value1>65536</Value1>
          </Entry>
          <Entry>
            <Values />
            <Value0>147458</Value0>
            <Value1>196608</Value1>
          </Entry>
        </Unknown>
        <Dialogs>
          <Dialog>姉ヶ崎</Dialog>
          <Dialog>It's too early. I have to get
ready before going out.</Dialog>
          <Dialog>○○○○○○○○</Dialog>
          <Dialog>Really？ Then I'll make it a
little later than that.</Dialog>
        </Dialogs>
      </SDL2>
    </Entry>
    <Entry Unknown0="1448289725" Unknown1="2492145949">
      <SDL2 Key="3815578402">
        <Unknown>
          <Entry>
            <Values>
              <Entry>
                <Value0>62186</Value0>
                <Value1>0</Value1>
              </Entry>
            </Values>
            <Value0>147456</Value0>
            <Value1>65536</Value1>
          </Entry>
          <Entry>
            <Values />
            <Value0>147458</Value0>
            <Value1>196608</Value1>
          </Entry>
        </Unknown>
        <Dialogs>
          <Dialog>姉ヶ崎</Dialog>
          <Dialog>Hehe. I can't wait for it. Do
you feel the same？</Dialog>
          <Dialog>○○○○○○○○</Dialog>
          <Dialog>Yes, of course.</Dialog>
        </Dialogs>
      </SDL2>
    </Entry>
    <Entry Unknown0="1293924016" Unknown1="2837059305">
      <SDL2 Key="2873069304">
        <Unknown>
          <Entry>
            <Values>
              <Entry>
                <Value0>62187</Value0>
                <Value1>0</Value1>
              </Entry>
            </Values>
            <Value0>147456</Value0>
            <Value1>65536</Value1>
          </Entry>
          <Entry>
            <Values />
            <Value0>147458</Value0>
            <Value1>196608</Value1>
          </Entry>
        </Unknown>
        <Dialogs>
          <Dialog>姉ヶ崎</Dialog>
          <Dialog>Okay, it's decided. I can't
wait for our date.</Dialog>
          <Dialog>○○○○○○○○</Dialog>
          <Dialog>Yes, I can't wait either.</Dialog>
        </Dialogs>
      </SDL2>
    </Entry>
    <Entry Unknown0="430877052" Unknown1="621798008">
      <SDL2 Key="2873069304">
        <Unknown>
          <Entry>
            <Values>
              <Entry>
                <Value0>62188</Value0>
                <Value1>0</Value1>
              </Entry>
              <Entry>
                <Value0>62189</Value0>
                <Value1>83</Value1>
              </Entry>
            </Values>
            <Value0>147456</Value0>
            <Value1>65536</Value1>
          </Entry>
          <Entry>
            <Values />
            <Value0>147458</Value0>
            <Value1>196608</Value1>
          </Entry>
        </Unknown>
        <Dialogs>
          <Dialog>姉ヶ崎</Dialog>
          <Dialog>This weekend, huh？ Hehe. You
have to go to bed early the
day before, okay？ I won't
forgive you if you're late！</Dialog>
          <Dialog>○○○○○○○○</Dialog>
          <Dialog>Okay, I know. See you this
weekend, then.</Dialog>
        </Dialogs>
      </SDL2>
    </Entry>
    <Entry Unknown0="2795730189" Unknown1="1071346029">
      <SDL2 Key="2873069304">
        <Unknown>
          <Entry>
            <Values>
              <Entry>
                <Value0>62190</Value0>
                <Value1>0</Value1>
              </Entry>
            </Values>
            <Value0>147456</Value0>
            <Value1>65536</Value1>
          </Entry>
          <Entry>
            <Values />
            <Value0>147458</Value0>
            <Value1>196608</Value1>
          </Entry>
        </Unknown>
        <Dialogs>
          <Dialog>姉ヶ崎</Dialog>
          <Dialog>Then it's this weekend,
right？</Dialog>
          <Dialog>○○○○○○○○</Dialog>
          <Dialog>Yes, I'll see you then.</Dialog>
        </Dialogs>
      </SDL2>
    </Entry>
    <Entry Unknown0="2641298944" Unknown1="2490000953">
      <SDL2 Key="2873069304">
        <Unknown>
          <Entry>
            <Values>
              <Entry>
                <Value0>62191</Value0>
                <Value1>0</Value1>
              </Entry>
              <Entry>
                <Value0>62192</Value0>
                <Value1>83</Value1>
              </Entry>
            </Values>
            <Value0>147456</Value0>
            <Value1>65536</Value1>
          </Entry>
          <Entry>
            <Values />
            <Value0>147458</Value0>
            <Value1>196608</Value1>
          </Entry>
        </Unknown>
        <Dialogs>
          <Dialog>姉ヶ崎</Dialog>
          <Dialog>Okay, I'll be prepared for
that. If you're late, I'll
cry, you know？</Dialog>
          <Dialog>○○○○○○○○</Dialog>
          <Dialog>I'd never make you cry. See
you soon.</Dialog>
        </Dialogs>
      </SDL2>
    </Entry>
    <Entry Unknown0="1778317772" Unknown1="576664264">
      <SDL2 Key="2873069304">
        <Unknown>
          <Entry>
            <Values>
              <Entry>
                <Value0>62193</Value0>
                <Value1>0</Value1>
              </Entry>
            </Values>
            <Value0>147456</Value0>
            <Value1>65536</Value1>
          </Entry>
          <Entry>
            <Values />
            <Value0>147458</Value0>
            <Value1>196608</Value1>
          </Entry>
        </Unknown>
        <Dialogs>
          <Dialog>姉ヶ崎</Dialog>
          <Dialog>So, I'll be leaving now.</Dialog>
          <Dialog>○○○○○○○○</Dialog>
          <Dialog>Okay, I'll hurry there, too.</Dialog>
        </Dialogs>
      </SDL2>
    </Entry>
    <Entry Unknown0="4143170909" Unknown1="304857533">
      <SDL2 Key="3681531220">
        <Unknown>
          <Entry>
            <Values>
              <Entry>
                <Value0>62194</Value0>
                <Value1>0</Value1>
              </Entry>
            </Values>
            <Value0>147456</Value0>
            <Value1>65536</Value1>
          </Entry>
          <Entry>
            <Values />
            <Value0>147458</Value0>
            <Value1>196608</Value1>
          </Entry>
        </Unknown>
        <Dialogs>
          <Dialog>姉ヶ崎</Dialog>
          <Dialog>Sorry. You took the trouble to
call me, but...</Dialog>
          <Dialog>○○○○○○○○</Dialog>
          <Dialog>No, it can't be helped. I'll
invite you again later.</Dialog>
        </Dialogs>
      </SDL2>
    </Entry>
    <Entry Unknown0="3988739664" Unknown1="1874507401">
      <SDL2 Key="3681531220">
        <Unknown>
          <Entry>
            <Values>
              <Entry>
                <Value0>62195</Value0>
                <Value1>0</Value1>
              </Entry>
            </Values>
            <Value0>147456</Value0>
            <Value1>65536</Value1>
          </Entry>
          <Entry>
            <Values />
            <Value0>147458</Value0>
            <Value1>196608</Value1>
          </Entry>
        </Unknown>
        <Dialogs>
          <Dialog>姉ヶ崎</Dialog>
          <Dialog>...You have to invite me
again, okay？</Dialog>
          <Dialog>○○○○○○○○</Dialog>
          <Dialog>Yes, of course.</Dialog>
        </Dialogs>
      </SDL2>
    </Entry>
    <Entry Unknown0="3108915484" Unknown1="3887039000">
      <SDL2 Key="3681531220">
        <Unknown>
          <Entry>
            <Values>
              <Entry>
                <Value0>62196</Value0>
                <Value1>0</Value1>
              </Entry>
            </Values>
            <Value0>147456</Value0>
            <Value1>65536</Value1>
          </Entry>
          <Entry>
            <Values />
            <Value0>147458</Value0>
            <Value1>196608</Value1>
          </Entry>
        </Unknown>
        <Dialogs>
          <Dialog>姉ヶ崎</Dialog>
          <Dialog>Well, sorry that I can't go
this time.</Dialog>
          <Dialog>○○○○○○○○</Dialog>
          <Dialog>No, I'll invite you again
later, okay？</Dialog>
        </Dialogs>
      </SDL2>
    </Entry>
    <Entry Unknown0="1178801581" Unknown1="4135260429">
      <SDL2 Key="3681531220">
        <Unknown>
          <Entry>
            <Values />
            <Value0>147456</Value0>
            <Value1>65536</Value1>
          </Entry>
          <Entry>
            <Values>
              <Entry>
                <Value0>62197</Value0>
                <Value1>0</Value1>
              </Entry>
            </Values>
            <Value0>147458</Value0>
            <Value1>196608</Value1>
          </Entry>
        </Unknown>
        <Dialogs>
          <Dialog>○○○○○○○○</Dialog>
          <Dialog>Hmm, sorry. Actually, I don't
have anything to say. Haha.</Dialog>
          <Dialog>姉ヶ崎</Dialog>
          <Dialog>Eh？ Ah, really？ There's
nothing then. Well...</Dialog>
        </Dialogs>
      </SDL2>
    </Entry>
    <Entry Unknown0="1024435872" Unknown1="722077401">
      <SDL2 Key="3681531220">
        <Unknown>
          <Entry>
            <Values />
            <Value0>147456</Value0>
            <Value1>65536</Value1>
          </Entry>
          <Entry>
            <Values>
              <Entry>
                <Value0>62198</Value0>
                <Value1>0</Value1>
              </Entry>
            </Values>
            <Value0>147458</Value0>
            <Value1>196608</Value1>
          </Entry>
        </Unknown>
        <Dialogs>
          <Dialog>○○○○○○○○</Dialog>
          <Dialog>Well, sorry. Actually, I don't
have anything to say.</Dialog>
          <Dialog>姉ヶ崎</Dialog>
          <Dialog>Hey, don't joke with me like
this, okay？</Dialog>
        </Dialogs>
      </SDL2>
    </Entry>
    <Entry Unknown0="161388908" Unknown1="1677709928">
      <SDL2 Key="4221496254">
        <Unknown>
          <Entry>
            <Values />
            <Value0>147456</Value0>
            <Value1>65536</Value1>
          </Entry>
          <Entry>
            <Values>
              <Entry>
                <Value0>62199</Value0>
                <Value1>0</Value1>
              </Entry>
            </Values>
            <Value0>147458</Value0>
            <Value1>196608</Value1>
          </Entry>
        </Unknown>
        <Dialogs>
          <Dialog>○○○○○○○○</Dialog>
          <Dialog>Ah, sorry. It's nothing.</Dialog>
          <Dialog>姉ヶ崎</Dialog>
          <Dialog>Eh？ Okay, that's fine then...</Dialog>
        </Dialogs>
      </SDL2>
    </Entry>
    <Entry Unknown0="2526242301" Unknown1="1758159197">
      <SDL2 Key="4221496254">
        <Unknown>
          <Entry>
            <Values>
              <Entry>
                <Value0>62200</Value0>
                <Value1>0</Value1>
              </Entry>
              <Entry>
                <Value0>62201</Value0>
                <Value1>83</Value1>
              </Entry>
            </Values>
            <Value0>147456</Value0>
            <Value1>65536</Value1>
          </Entry>
          <Entry>
            <Values />
            <Value0>147458</Value0>
            <Value1>196608</Value1>
          </Entry>
        </Unknown>
        <Dialogs>
          <Dialog>姉ヶ崎</Dialog>
          <Dialog>I'm really looking forward to
our date. See you then.</Dialog>
          <Dialog>○○○○○○○○</Dialog>
          <Dialog>Me, too. See you.</Dialog>
        </Dialogs>
      </SDL2>
    </Entry>
    <Entry Unknown0="2371876592" Unknown1="1431983657">
      <SDL2 Key="4221496254">
        <Unknown>
          <Entry>
            <Values>
              <Entry>
                <Value0>62202</Value0>
                <Value1>0</Value1>
              </Entry>
              <Entry>
                <Value0>62203</Value0>
                <Value1>83</Value1>
              </Entry>
            </Values>
            <Value0>147456</Value0>
            <Value1>65536</Value1>
          </Entry>
          <Entry>
            <Values />
            <Value0>147458</Value0>
            <Value1>196608</Value1>
          </Entry>
        </Unknown>
        <Dialogs>
          <Dialog>姉ヶ崎</Dialog>
          <Dialog>I can't wait for our date.
Now, good night.</Dialog>
          <Dialog>○○○○○○○○</Dialog>
          <Dialog>Yeah, good night.</Dialog>
        </Dialogs>
      </SDL2>
    </Entry>
    <Entry Unknown0="1508829628" Unknown1="3377406648">
      <SDL2 Key="4221496254">
        <Unknown>
          <Entry>
            <Values>
              <Entry>
                <Value0>62204</Value0>
                <Value1>0</Value1>
              </Entry>
              <Entry>
                <Value0>62205</Value0>
                <Value1>83</Value1>
              </Entry>
            </Values>
            <Value0>147456</Value0>
            <Value1>65536</Value1>
          </Entry>
          <Entry>
            <Values />
            <Value0>147458</Value0>
            <Value1>196608</Value1>
          </Entry>
        </Unknown>
        <Dialogs>
          <Dialog>姉ヶ崎</Dialog>
          <Dialog>You took the trouble to invite
me... Sorry. See you later,
okay？</Dialog>
          <Dialog>○○○○○○○○</Dialog>
          <Dialog>Ah, don't worry about that.
I'll see you later.</Dialog>
        </Dialogs>
      </SDL2>
    </Entry>
    <Entry Unknown0="3873682765" Unknown1="3541807533">
      <SDL2 Key="4221496254">
        <Unknown>
          <Entry>
            <Values>
              <Entry>
                <Value0>62206</Value0>
                <Value1>0</Value1>
              </Entry>
            </Values>
            <Value0>147456</Value0>
            <Value1>65536</Value1>
          </Entry>
          <Entry>
            <Values />
            <Value0>147458</Value0>
            <Value1>196608</Value1>
          </Entry>
        </Unknown>
        <Dialogs>
          <Dialog>姉ヶ崎</Dialog>
          <Dialog>You took the trouble to invite
me... What a pity. Now, good
night.</Dialog>
          <Dialog>○○○○○○○○</Dialog>
          <Dialog>Don't worry,
▲姉ヶ崎＊▲.
Good night..</Dialog>
        </Dialogs>
      </SDL2>
    </Entry>
    <Entry Unknown0="3719251520" Unknown1="3769345657">
      <SDL2 Key="4258428540">
        <Unknown>
          <Entry>
            <Values>
              <Entry>
                <Value0>62207</Value0>
                <Value1>0</Value1>
              </Entry>
            </Values>
            <Value0>147456</Value0>
            <Value1>65536</Value1>
          </Entry>
          <Entry>
            <Values />
            <Value0>147458</Value0>
            <Value1>196608</Value1>
          </Entry>
          <Entry>
            <Values>
              <Entry>
                <Value0>62208</Value0>
                <Value1>0</Value1>
              </Entry>
              <Entry>
                <Value0>62209</Value0>
                <Value1>67</Value1>
              </Entry>
            </Values>
            <Value0>147456</Value0>
            <Value1>262144</Value1>
          </Entry>
          <Entry>
            <Values />
            <Value0>147458</Value0>
            <Value1>327680</Value1>
          </Entry>
          <Entry>
            <Values>
              <Entry>
                <Value0>62210</Value0>
                <Value1>0</Value1>
              </Entry>
            </Values>
            <Value0>147456</Value0>
            <Value1>393216</Value1>
          </Entry>
        </Unknown>
        <Dialogs>
          <Dialog>姉ヶ崎</Dialog>
          <Dialog>Hehe... Why don't you hang
up？</Dialog>
          <Dialog>○○○○○○○○</Dialog>
          <Dialog>Why...？ How about
▲姉ヶ崎＊▲？
Why don't you？</Dialog>
          <Dialog>Why is that？ A moment like
this is nice, but I have to
hang up now. Otherwise, you'll
start to feel burdened.</Dialog>
          <Dialog>No, I won't. But, we can talk
later.</Dialog>
          <Dialog>Yeah... Bye.</Dialog>
        </Dialogs>
      </SDL2>
    </Entry>
    <Entry Unknown0="2839427340" Unknown1="1469936136">
      <SDL2 Key="2811488579">
        <Unknown>
          <Entry>
            <Values>
              <Entry>
                <Value0>62211</Value0>
                <Value1>0</Value1>
              </Entry>
            </Values>
            <Value0>147456</Value0>
            <Value1>65536</Value1>
          </Entry>
          <Entry>
            <Values />
            <Value0>147458</Value0>
            <Value1>196608</Value1>
          </Entry>
          <Entry>
            <Values>
              <Entry>
                <Value0>62212</Value0>
                <Value1>0</Value1>
              </Entry>
            </Values>
            <Value0>147456</Value0>
            <Value1>262144</Value1>
          </Entry>
          <Entry>
            <Values />
            <Value0>147458</Value0>
            <Value1>327680</Value1>
          </Entry>
          <Entry>
            <Values>
              <Entry>
                <Value0>62213</Value0>
                <Value1>0</Value1>
              </Entry>
            </Values>
            <Value0>147456</Value0>
            <Value1>393216</Value1>
          </Entry>
        </Unknown>
        <Dialogs>
          <Dialog>姉ヶ崎</Dialog>
          <Dialog>...You can hang up now.</Dialog>
          <Dialog>○○○○○○○○</Dialog>
          <Dialog>▲姉ヶ崎＊▲
should hang up first.</Dialog>
          <Dialog>...Then let's hang up at the
same time. ...3, 2, 1.</Dialog>
          <Dialog>...</Dialog>
          <Dialog>Hey！ Cheater. I'll hang up
first, then.</Dialog>
        </Dialogs>
      </SDL2>
    </Entry>
    <Entry Unknown0="909313437" Unknown1="1818755581">
      <SDL2 Key="2811488579">
        <Unknown>
          <Entry>
            <Values>
              <Entry>
                <Value0>62214</Value0>
                <Value1>0</Value1>
              </Entry>
            </Values>
            <Value0>147456</Value0>
            <Value1>65536</Value1>
          </Entry>
          <Entry>
            <Values />
            <Value0>147458</Value0>
            <Value1>196608</Value1>
          </Entry>
          <Entry>
            <Values>
              <Entry>
                <Value0>62215</Value0>
                <Value1>0</Value1>
              </Entry>
              <Entry>
                <Value0>62216</Value0>
                <Value1>67</Value1>
              </Entry>
            </Values>
            <Value0>147456</Value0>
            <Value1>262144</Value1>
          </Entry>
          <Entry>
            <Values />
            <Value0>147458</Value0>
            <Value1>327680</Value1>
          </Entry>
        </Unknown>
        <Dialogs>
          <Dialog>姉ヶ崎</Dialog>
          <Dialog>Hey... If you don't hang up,
how long do you intend to keep
this on？</Dialog>
          <Dialog>○○○○○○○○</Dialog>
          <Dialog>Well...</Dialog>
          <Dialog>Hehe. If we lived together, we
wouldn't have a chance to do
this, right？ Now, I'll hang
up. Bye-bye！</Dialog>
          <Dialog>If we lived together... Eh！？</Dialog>
        </Dialogs>
      </SDL2>
    </Entry>
    <Entry Unknown0="771724947" Unknown1="1023080137">
      <SDL2 Key="3620941742">
        <Unknown>
          <Entry>
            <Values />
            <Value0>147456</Value0>
            <Value1>65536</Value1>
          </Entry>
        </Unknown>
        <Dialogs>
          <Dialog>○○○○○○○○</Dialog>
          <Dialog>(This situation isn't good...)</Dialog>
        </Dialogs>
      </SDL2>
    </Entry>
    <Entry Unknown0="4186868063" Unknown1="2867839576">
      <SDL2 Key="3620941742">
        <Unknown>
          <Entry>
            <Values />
            <Value0>147456</Value0>
            <Value1>65536</Value1>
          </Entry>
        </Unknown>
        <Dialogs>
          <Dialog>○○○○○○○○</Dialog>
          <Dialog>(I should be more
considerate of 
▲姉ヶ崎＊▲...)</Dialog>
        </Dialogs>
      </SDL2>
    </Entry>
    <Entry Unknown0="2256754158" Unknown1="2998620493">
      <SDL2 Key="3620941742">
        <Unknown>
          <Entry>
            <Values />
            <Value0>147456</Value0>
            <Value1>65536</Value1>
          </Entry>
        </Unknown>
        <Dialogs>
          <Dialog>○○○○○○○○</Dialog>
          <Dialog>(Bad timing, huh？)</Dialog>
        </Dialogs>
      </SDL2>
    </Entry>
    <Entry Unknown0="2102388451" Unknown1="4014622233">
      <SDL2 Key="3620941742">
        <Unknown>
          <Entry>
            <Values />
            <Value0>147456</Value0>
            <Value1>65536</Value1>
          </Entry>
        </Unknown>
        <Dialogs>
          <Dialog>○○○○○○○○</Dialog>
          <Dialog>(I should've thought about the
location more...)</Dialog>
        </Dialogs>
      </SDL2>
    </Entry>
  </Entries>
</DBIN2>