<?xml version="1.0" encoding="utf-8"?>
<DBIN2 xmlns:xsi="http://www.w3.org/2001/XMLSchema-instance" xmlns:xsd="http://www.w3.org/2001/XMLSchema" Key="1599450813" Unknown="35">
  <Entries>
    <Entry Unknown0="2284909544" Unknown1="2404861934">
      <SDL2 Key="2677379957">
        <Unknown>
          <Entry>
            <Values />
            <Value0>147456</Value0>
            <Value1>65536</Value1>
          </Entry>
          <Entry>
            <Values>
              <Entry>
                <Value0>62217</Value0>
                <Value1>0</Value1>
              </Entry>
            </Values>
            <Value0>147458</Value0>
            <Value1>196608</Value1>
          </Entry>
          <Entry>
            <Values />
            <Value0>147456</Value0>
            <Value1>262144</Value1>
          </Entry>
          <Entry>
            <Values>
              <Entry>
                <Value0>62218</Value0>
                <Value1>0</Value1>
              </Entry>
            </Values>
            <Value0>147458</Value0>
            <Value1>327680</Value1>
          </Entry>
        </Unknown>
        <Dialogs>
          <Dialog>○○○○○○○○</Dialog>
          <Dialog>Yes, hello.
▲姉ヶ崎＊▲？</Dialog>
          <Dialog>姉ヶ崎</Dialog>
          <Dialog>Yes, it's me. Can I talk to
you now？ Am I bothering you？</Dialog>
          <Dialog>Not at all. We can talk now.</Dialog>
          <Dialog>Well...</Dialog>
        </Dialogs>
      </SDL2>
    </Entry>
    <Entry Unknown0="181585770" Unknown1="824232336">
      <SDL2 Key="2677379957">
        <Unknown>
          <Entry>
            <Values />
            <Value0>147456</Value0>
            <Value1>65536</Value1>
          </Entry>
          <Entry>
            <Values>
              <Entry>
                <Value0>62219</Value0>
                <Value1>0</Value1>
              </Entry>
            </Values>
            <Value0>147458</Value0>
            <Value1>196608</Value1>
          </Entry>
          <Entry>
            <Values />
            <Value0>147456</Value0>
            <Value1>262144</Value1>
          </Entry>
          <Entry>
            <Values>
              <Entry>
                <Value0>62220</Value0>
                <Value1>0</Value1>
              </Entry>
            </Values>
            <Value0>147458</Value0>
            <Value1>327680</Value1>
          </Entry>
        </Unknown>
        <Dialogs>
          <Dialog>○○○○○○○○</Dialog>
          <Dialog>Yes, hello.
▲姉ヶ崎＊▲？</Dialog>
          <Dialog>姉ヶ崎</Dialog>
          <Dialog>Yes, it's me. Can we talk
now？</Dialog>
          <Dialog>Yes, of course. What's up？</Dialog>
          <Dialog>Um...</Dialog>
        </Dialogs>
      </SDL2>
    </Entry>
    <Entry Unknown0="2896052492" Unknown1="4255607644">
      <SDL2 Key="2677379957">
        <Unknown>
          <Entry>
            <Values />
            <Value0>147456</Value0>
            <Value1>65536</Value1>
          </Entry>
          <Entry>
            <Values>
              <Entry>
                <Value0>62221</Value0>
                <Value1>0</Value1>
              </Entry>
            </Values>
            <Value0>147458</Value0>
            <Value1>196608</Value1>
          </Entry>
          <Entry>
            <Values />
            <Value0>147456</Value0>
            <Value1>262144</Value1>
          </Entry>
          <Entry>
            <Values>
              <Entry>
                <Value0>62222</Value0>
                <Value1>0</Value1>
              </Entry>
            </Values>
            <Value0>147458</Value0>
            <Value1>327680</Value1>
          </Entry>
        </Unknown>
        <Dialogs>
          <Dialog>○○○○○○○○</Dialog>
          <Dialog>Yes, hello.
▲姉ヶ崎＊▲？</Dialog>
          <Dialog>姉ヶ崎</Dialog>
          <Dialog>Yes, it's me. Are you free to
talk now？</Dialog>
          <Dialog>Yes, I'm free.</Dialog>
          <Dialog>Then...</Dialog>
        </Dialogs>
      </SDL2>
    </Entry>
    <Entry Unknown0="2015421400" Unknown1="1967601630">
      <SDL2 Key="2677379957">
        <Unknown>
          <Entry>
            <Values>
              <Entry>
                <Value0>62223</Value0>
                <Value1>0</Value1>
              </Entry>
            </Values>
            <Value0>147456</Value0>
            <Value1>65536</Value1>
          </Entry>
        </Unknown>
        <Dialogs>
          <Dialog>姉ヶ崎</Dialog>
          <Dialog>In case you have time, shall
we go on a date？</Dialog>
        </Dialogs>
      </SDL2>
    </Entry>
    <Entry Unknown0="4207064922" Unknown1="722516352">
      <SDL2 Key="2677379957">
        <Unknown>
          <Entry>
            <Values>
              <Entry>
                <Value0>62224</Value0>
                <Value1>0</Value1>
              </Entry>
            </Values>
            <Value0>147456</Value0>
            <Value1>65536</Value1>
          </Entry>
        </Unknown>
        <Dialogs>
          <Dialog>姉ヶ崎</Dialog>
          <Dialog>Hehe. Since you didn't ask me,
I decided to ask you out on a
date.</Dialog>
        </Dialogs>
      </SDL2>
    </Entry>
    <Entry Unknown0="2626564604" Unknown1="3885456204">
      <SDL2 Key="2677379957">
        <Unknown>
          <Entry>
            <Values>
              <Entry>
                <Value0>62225</Value0>
                <Value1>0</Value1>
              </Entry>
            </Values>
            <Value0>147456</Value0>
            <Value1>65536</Value1>
          </Entry>
        </Unknown>
        <Dialogs>
          <Dialog>姉ヶ崎</Dialog>
          <Dialog>Shall we schedule our next
date？ Is it okay？</Dialog>
        </Dialogs>
      </SDL2>
    </Entry>
    <Entry Unknown0="1745933256" Unknown1="1681336270">
      <SDL2 Key="3217344991">
        <Unknown>
          <Entry>
            <Values>
              <Entry>
                <Value0>62226</Value0>
                <Value1>0</Value1>
              </Entry>
            </Values>
            <Value0>147456</Value0>
            <Value1>65536</Value1>
          </Entry>
        </Unknown>
        <Dialogs>
          <Dialog>姉ヶ崎</Dialog>
          <Dialog>Shall we go on a date this
weekend？ Do you have free
time？</Dialog>
        </Dialogs>
      </SDL2>
    </Entry>
    <Entry Unknown0="3937576778" Unknown1="436250992">
      <SDL2 Key="3217344991">
        <Unknown>
          <Entry>
            <Values>
              <Entry>
                <Value0>62227</Value0>
                <Value1>0</Value1>
              </Entry>
            </Values>
            <Value0>147456</Value0>
            <Value1>65536</Value1>
          </Entry>
        </Unknown>
        <Dialogs>
          <Dialog>姉ヶ崎</Dialog>
          <Dialog>I'm thinking about us going on
a date this weekend... How's
that？</Dialog>
        </Dialogs>
      </SDL2>
    </Entry>
    <Entry Unknown0="2357076460" Unknown1="3599190844">
      <SDL2 Key="3217344991">
        <Unknown>
          <Entry>
            <Values>
              <Entry>
                <Value0>62228</Value0>
                <Value1>0</Value1>
              </Entry>
            </Values>
            <Value0>147456</Value0>
            <Value1>65536</Value1>
          </Entry>
        </Unknown>
        <Dialogs>
          <Dialog>姉ヶ崎</Dialog>
          <Dialog>I couldn't wait, so I decided
to ask you out on a date.</Dialog>
        </Dialogs>
      </SDL2>
    </Entry>
    <Entry Unknown0="1476445112" Unknown1="1395070910">
      <SDL2 Key="3217344991">
        <Unknown>
          <Entry>
            <Values>
              <Entry>
                <Value0>62229</Value0>
                <Value1>0</Value1>
              </Entry>
            </Values>
            <Value0>147456</Value0>
            <Value1>65536</Value1>
          </Entry>
        </Unknown>
        <Dialogs>
          <Dialog>姉ヶ崎</Dialog>
          <Dialog>If you're free, how about we
go somewhere now？</Dialog>
        </Dialogs>
      </SDL2>
    </Entry>
    <Entry Unknown0="3668088634" Unknown1="233871712">
      <SDL2 Key="3217344991">
        <Unknown>
          <Entry>
            <Values>
              <Entry>
                <Value0>62230</Value0>
                <Value1>0</Value1>
              </Entry>
            </Values>
            <Value0>147456</Value0>
            <Value1>65536</Value1>
          </Entry>
        </Unknown>
        <Dialogs>
          <Dialog>姉ヶ崎</Dialog>
          <Dialog>In case you're free, shall we
go somewhere now？ Hehe. What
do you say？</Dialog>
        </Dialogs>
      </SDL2>
    </Entry>
    <Entry Unknown0="2087588316" Unknown1="3245816620">
      <SDL2 Key="3205820219">
        <Unknown>
          <Entry>
            <Values>
              <Entry>
                <Value0>62231</Value0>
                <Value1>0</Value1>
              </Entry>
            </Values>
            <Value0>147456</Value0>
            <Value1>65536</Value1>
          </Entry>
        </Unknown>
        <Dialogs>
          <Dialog>姉ヶ崎</Dialog>
          <Dialog>Shall we go somewhere now？
Just the two of us, okay？</Dialog>
        </Dialogs>
      </SDL2>
    </Entry>
    <Entry Unknown0="1223734184" Unknown1="1528170414">
      <SDL2 Key="3205820219">
        <Unknown>
          <Entry>
            <Values>
              <Entry>
                <Value0>62232</Value0>
                <Value1>0</Value1>
              </Entry>
            </Values>
            <Value0>147456</Value0>
            <Value1>65536</Value1>
          </Entry>
        </Unknown>
        <Dialogs>
          <Dialog>姉ヶ崎</Dialog>
          <Dialog>What do you think about this
place...？</Dialog>
        </Dialogs>
      </SDL2>
    </Entry>
    <Entry Unknown0="3398600490" Unknown1="4024600912">
      <SDL2 Key="3205820219">
        <Unknown>
          <Entry>
            <Values />
            <Value0>65536</Value0>
            <Value1>65537</Value1>
          </Entry>
          <Entry>
            <Values />
            <Value0>65537</Value0>
            <Value1>65538</Value1>
          </Entry>
          <Entry>
            <Values />
            <Value0>65538</Value0>
            <Value1>65536</Value1>
          </Entry>
          <Entry>
            <Values />
            <Value0>65536</Value0>
            <Value1>65537</Value1>
          </Entry>
          <Entry>
            <Values />
            <Value0>65537</Value0>
            <Value1>65538</Value1>
          </Entry>
          <Entry>
            <Values />
            <Value0>65538</Value0>
            <Value1>65539</Value1>
          </Entry>
          <Entry>
            <Values />
            <Value0>65539</Value0>
            <Value1>1237889</Value1>
          </Entry>
        </Unknown>
        <Dialogs>
          <Dialog>Okay, sounds good</Dialog>
          <Dialog>Sorry. I'm so busy</Dialog>
          <Dialog>Can we change the place？</Dialog>
          <Dialog>Can we change the day？</Dialog>
        </Dialogs>
      </SDL2>
    </Entry>
    <Entry Unknown0="1818100172" Unknown1="2506435356">
      <SDL2 Key="3205820219">
        <Unknown>
          <Entry>
            <Values>
              <Entry>
                <Value0>62233</Value0>
                <Value1>0</Value1>
              </Entry>
            </Values>
            <Value0>147456</Value0>
            <Value1>65536</Value1>
          </Entry>
          <Entry>
            <Values />
            <Value0>147458</Value0>
            <Value1>196608</Value1>
          </Entry>
        </Unknown>
        <Dialogs>
          <Dialog>姉ヶ崎</Dialog>
          <Dialog>Well, do you have a place in
mind that you wanted to go
to？</Dialog>
          <Dialog>○○○○○○○○</Dialog>
          <Dialog>Let me see...</Dialog>
        </Dialogs>
      </SDL2>
    </Entry>
    <Entry Unknown0="954246040" Unknown1="386201502">
      <SDL2 Key="2848355090">
        <Unknown>
          <Entry>
            <Values>
              <Entry>
                <Value0>62234</Value0>
                <Value1>0</Value1>
              </Entry>
            </Values>
            <Value0>147456</Value0>
            <Value1>65536</Value1>
          </Entry>
          <Entry>
            <Values />
            <Value0>147458</Value0>
            <Value1>196608</Value1>
          </Entry>
        </Unknown>
        <Dialogs>
          <Dialog>姉ヶ崎</Dialog>
          <Dialog>Then where do you want to go？</Dialog>
          <Dialog>○○○○○○○○</Dialog>
          <Dialog>Let me see...</Dialog>
        </Dialogs>
      </SDL2>
    </Entry>
    <Entry Unknown0="3129112346" Unknown1="3385948480">
      <SDL2 Key="2848355090">
        <Unknown>
          <Entry>
            <Values>
              <Entry>
                <Value0>62235</Value0>
                <Value1>0</Value1>
              </Entry>
            </Values>
            <Value0>147456</Value0>
            <Value1>65536</Value1>
          </Entry>
          <Entry>
            <Values />
            <Value0>147458</Value0>
            <Value1>196608</Value1>
          </Entry>
        </Unknown>
        <Dialogs>
          <Dialog>姉ヶ崎</Dialog>
          <Dialog>Hmm... Do you have a place in
mind that you wanted to go
to？</Dialog>
          <Dialog>○○○○○○○○</Dialog>
          <Dialog>Let me see...</Dialog>
        </Dialogs>
      </SDL2>
    </Entry>
    <Entry Unknown0="1548677564" Unknown1="3377797900">
      <SDL2 Key="2848355090">
        <Unknown>
          <Entry>
            <Values>
              <Entry>
                <Value0>62236</Value0>
                <Value1>0</Value1>
              </Entry>
            </Values>
            <Value0>147456</Value0>
            <Value1>65536</Value1>
          </Entry>
          <Entry>
            <Values />
            <Value0>147458</Value0>
            <Value1>196608</Value1>
          </Entry>
        </Unknown>
        <Dialogs>
          <Dialog>姉ヶ崎</Dialog>
          <Dialog>Yeah, I like it there.</Dialog>
          <Dialog>○○○○○○○○</Dialog>
          <Dialog>Then it's decided.</Dialog>
        </Dialogs>
      </SDL2>
    </Entry>
    <Entry Unknown0="684757896" Unknown1="1274341262">
      <SDL2 Key="2848355090">
        <Unknown>
          <Entry>
            <Values>
              <Entry>
                <Value0>62237</Value0>
                <Value1>0</Value1>
              </Entry>
            </Values>
            <Value0>147456</Value0>
            <Value1>65536</Value1>
          </Entry>
          <Entry>
            <Values />
            <Value0>147458</Value0>
            <Value1>196608</Value1>
          </Entry>
        </Unknown>
        <Dialogs>
          <Dialog>姉ヶ崎</Dialog>
          <Dialog>I see. It's good. Let's go
there.</Dialog>
          <Dialog>○○○○○○○○</Dialog>
          <Dialog>Then it's decided.</Dialog>
        </Dialogs>
      </SDL2>
    </Entry>
    <Entry Unknown0="2859624202" Unknown1="3049351472">
      <SDL2 Key="2848355090">
        <Unknown>
          <Entry>
            <Values>
              <Entry>
                <Value0>62238</Value0>
                <Value1>0</Value1>
              </Entry>
            </Values>
            <Value0>147456</Value0>
            <Value1>65536</Value1>
          </Entry>
          <Entry>
            <Values />
            <Value0>147458</Value0>
            <Value1>196608</Value1>
          </Entry>
        </Unknown>
        <Dialogs>
          <Dialog>姉ヶ崎</Dialog>
          <Dialog>Yeah, I think it's good.</Dialog>
          <Dialog>○○○○○○○○</Dialog>
          <Dialog>Then it's decided.</Dialog>
        </Dialogs>
      </SDL2>
    </Entry>
    <Entry Unknown0="1279189420" Unknown1="4081388540">
      <SDL2 Key="2848355090">
        <Unknown>
          <Entry>
            <Values>
              <Entry>
                <Value0>62239</Value0>
                <Value1>0</Value1>
              </Entry>
            </Values>
            <Value0>147456</Value0>
            <Value1>65536</Value1>
          </Entry>
          <Entry>
            <Values />
            <Value0>147458</Value0>
            <Value1>196608</Value1>
          </Entry>
        </Unknown>
        <Dialogs>
          <Dialog>姉ヶ崎</Dialog>
          <Dialog>Hmm, I think it's not bad,
but...</Dialog>
          <Dialog>○○○○○○○○</Dialog>
          <Dialog>(I should've chosen a
different place...)</Dialog>
        </Dialogs>
      </SDL2>
    </Entry>
    <Entry Unknown0="415269752" Unknown1="1910822782">
      <SDL2 Key="3373701740">
        <Unknown>
          <Entry>
            <Values>
              <Entry>
                <Value0>62240</Value0>
                <Value1>0</Value1>
              </Entry>
            </Values>
            <Value0>147456</Value0>
            <Value1>65536</Value1>
          </Entry>
          <Entry>
            <Values />
            <Value0>147458</Value0>
            <Value1>196608</Value1>
          </Entry>
        </Unknown>
        <Dialogs>
          <Dialog>姉ヶ崎</Dialog>
          <Dialog>Well... That place... I don't
think it's good.</Dialog>
          <Dialog>○○○○○○○○</Dialog>
          <Dialog>I see...</Dialog>
        </Dialogs>
      </SDL2>
    </Entry>
    <Entry Unknown0="2590136314" Unknown1="2947635488">
      <SDL2 Key="3373701740">
        <Unknown>
          <Entry>
            <Values>
              <Entry>
                <Value0>62241</Value0>
                <Value1>0</Value1>
              </Entry>
            </Values>
            <Value0>147456</Value0>
            <Value1>65536</Value1>
          </Entry>
          <Entry>
            <Values />
            <Value0>147458</Value0>
            <Value1>196608</Value1>
          </Entry>
        </Unknown>
        <Dialogs>
          <Dialog>姉ヶ崎</Dialog>
          <Dialog>Well, do you really want to go
there？</Dialog>
          <Dialog>○○○○○○○○</Dialog>
          <Dialog>(She doesn't like it, I
guess...)</Dialog>
        </Dialogs>
      </SDL2>
    </Entry>
    <Entry Unknown0="1009701276" Unknown1="1161165804">
      <SDL2 Key="3373701740">
        <Unknown>
          <Entry>
            <Values>
              <Entry>
                <Value0>62242</Value0>
                <Value1>0</Value1>
              </Entry>
            </Values>
            <Value0>147456</Value0>
            <Value1>65536</Value1>
          </Entry>
          <Entry>
            <Values />
            <Value0>147458</Value0>
            <Value1>196608</Value1>
          </Entry>
        </Unknown>
        <Dialogs>
          <Dialog>姉ヶ崎</Dialog>
          <Dialog>Then... What time shall we
meet up？</Dialog>
          <Dialog>○○○○○○○○</Dialog>
          <Dialog>Let me see...</Dialog>
        </Dialogs>
      </SDL2>
    </Entry>
    <Entry Unknown0="145781608" Unknown1="3352610670">
      <SDL2 Key="3373701740">
        <Unknown>
          <Entry>
            <Values>
              <Entry>
                <Value0>62243</Value0>
                <Value1>0</Value1>
              </Entry>
            </Values>
            <Value0>147456</Value0>
            <Value1>65536</Value1>
          </Entry>
          <Entry>
            <Values />
            <Value0>147458</Value0>
            <Value1>196608</Value1>
          </Entry>
        </Unknown>
        <Dialogs>
          <Dialog>姉ヶ崎</Dialog>
          <Dialog>Then what time shall we meet
up？</Dialog>
          <Dialog>○○○○○○○○</Dialog>
          <Dialog>Let me see...</Dialog>
        </Dialogs>
      </SDL2>
    </Entry>
    <Entry Unknown0="2320648170" Unknown1="2040613136">
      <SDL2 Key="3373701740">
        <Unknown>
          <Entry>
            <Values>
              <Entry>
                <Value0>62244</Value0>
                <Value1>0</Value1>
              </Entry>
            </Values>
            <Value0>147456</Value0>
            <Value1>65536</Value1>
          </Entry>
          <Entry>
            <Values />
            <Value0>147458</Value0>
            <Value1>196608</Value1>
          </Entry>
        </Unknown>
        <Dialogs>
          <Dialog>姉ヶ崎</Dialog>
          <Dialog>Hmm, what time should we meet
up？</Dialog>
          <Dialog>○○○○○○○○</Dialog>
          <Dialog>Let me see...</Dialog>
        </Dialogs>
      </SDL2>
    </Entry>
    <Entry Unknown0="740213133" Unknown1="1361439708">
      <SDL2 Key="2177314099">
        <Unknown>
          <Entry>
            <Values>
              <Entry>
                <Value0>62245</Value0>
                <Value1>0</Value1>
              </Entry>
            </Values>
            <Value0>147456</Value0>
            <Value1>65536</Value1>
          </Entry>
          <Entry>
            <Values />
            <Value0>147458</Value0>
            <Value1>196608</Value1>
          </Entry>
        </Unknown>
        <Dialogs>
          <Dialog>姉ヶ崎</Dialog>
          <Dialog>Yeah, then it's all decided.</Dialog>
          <Dialog>○○○○○○○○</Dialog>
          <Dialog>Yeah.</Dialog>
        </Dialogs>
      </SDL2>
    </Entry>
    <Entry Unknown0="4171260761" Unknown1="3552884574">
      <SDL2 Key="2177314099">
        <Unknown>
          <Entry>
            <Values>
              <Entry>
                <Value0>62246</Value0>
                <Value1>0</Value1>
              </Entry>
            </Values>
            <Value0>147456</Value0>
            <Value1>65536</Value1>
          </Entry>
          <Entry>
            <Values />
            <Value0>147458</Value0>
            <Value1>196608</Value1>
          </Entry>
        </Unknown>
        <Dialogs>
          <Dialog>姉ヶ崎</Dialog>
          <Dialog>Now, we just wait for our
date. Hehe.</Dialog>
          <Dialog>○○○○○○○○</Dialog>
          <Dialog>Yeah.</Dialog>
        </Dialogs>
      </SDL2>
    </Entry>
    <Entry Unknown0="2051160027" Unknown1="2375104768">
      <SDL2 Key="2177314099">
        <Unknown>
          <Entry>
            <Values>
              <Entry>
                <Value0>62247</Value0>
                <Value1>0</Value1>
              </Entry>
            </Values>
            <Value0>147456</Value0>
            <Value1>65536</Value1>
          </Entry>
          <Entry>
            <Values />
            <Value0>147458</Value0>
            <Value1>196608</Value1>
          </Entry>
        </Unknown>
        <Dialogs>
          <Dialog>姉ヶ崎</Dialog>
          <Dialog>Hehe. I'm glad I asked you.</Dialog>
          <Dialog>○○○○○○○○</Dialog>
          <Dialog>Yes, thank you.</Dialog>
        </Dialogs>
      </SDL2>
    </Entry>
    <Entry Unknown0="470724989" Unknown1="1528159180">
      <SDL2 Key="2177314099">
        <Unknown>
          <Entry>
            <Values>
              <Entry>
                <Value0>62248</Value0>
                <Value1>0</Value1>
              </Entry>
            </Values>
            <Value0>147456</Value0>
            <Value1>65536</Value1>
          </Entry>
          <Entry>
            <Values />
            <Value0>147458</Value0>
            <Value1>196608</Value1>
          </Entry>
        </Unknown>
        <Dialogs>
          <Dialog>姉ヶ崎</Dialog>
          <Dialog>Sorry. I was the one asking
you but I let you decide
everything...</Dialog>
          <Dialog>○○○○○○○○</Dialog>
          <Dialog>No, I don't mind.</Dialog>
        </Dialogs>
      </SDL2>
    </Entry>
    <Entry Unknown0="3901772617" Unknown1="3652495182">
      <SDL2 Key="2177314099">
        <Unknown>
          <Entry>
            <Values>
              <Entry>
                <Value0>62249</Value0>
                <Value1>0</Value1>
              </Entry>
            </Values>
            <Value0>147456</Value0>
            <Value1>65536</Value1>
          </Entry>
          <Entry>
            <Values />
            <Value0>147458</Value0>
            <Value1>196608</Value1>
          </Entry>
        </Unknown>
        <Dialogs>
          <Dialog>姉ヶ崎</Dialog>
          <Dialog>Hehe. I'll be happy if you ask
me out for a date next time.</Dialog>
          <Dialog>○○○○○○○○</Dialog>
          <Dialog>Okay, I'll try to do that.</Dialog>
        </Dialogs>
      </SDL2>
    </Entry>
    <Entry Unknown0="1781671883" Unknown1="2810259952">
      <SDL2 Key="2736211101">
        <Unknown>
          <Entry>
            <Values>
              <Entry>
                <Value0>62250</Value0>
                <Value1>0</Value1>
              </Entry>
            </Values>
            <Value0>147456</Value0>
            <Value1>65536</Value1>
          </Entry>
          <Entry>
            <Values />
            <Value0>147458</Value0>
            <Value1>196608</Value1>
          </Entry>
        </Unknown>
        <Dialogs>
          <Dialog>姉ヶ崎</Dialog>
          <Dialog>I'm glad you've decided the
date and time for our date.</Dialog>
          <Dialog>○○○○○○○○</Dialog>
          <Dialog>Okay. No problem.</Dialog>
        </Dialogs>
      </SDL2>
    </Entry>
    <Entry Unknown0="218014061" Unknown1="486919100">
      <SDL2 Key="2736211101">
        <Unknown>
          <Entry>
            <Values>
              <Entry>
                <Value0>62251</Value0>
                <Value1>0</Value1>
              </Entry>
            </Values>
            <Value0>147456</Value0>
            <Value1>65536</Value1>
          </Entry>
          <Entry>
            <Values />
            <Value0>147458</Value0>
            <Value1>196608</Value1>
          </Entry>
        </Unknown>
        <Dialogs>
          <Dialog>姉ヶ崎</Dialog>
          <Dialog>Sorry for asking you so
sudden. I'll try to keep my
schedules free, so...</Dialog>
          <Dialog>○○○○○○○○</Dialog>
          <Dialog>I'm the one who should say
sorry to you...</Dialog>
        </Dialogs>
      </SDL2>
    </Entry>
    <Entry Unknown0="3632284473" Unknown1="2678363966">
      <SDL2 Key="2736211101">
        <Unknown>
          <Entry>
            <Values>
              <Entry>
                <Value0>62252</Value0>
                <Value1>0</Value1>
              </Entry>
              <Entry>
                <Value0>62253</Value0>
                <Value1>83</Value1>
              </Entry>
            </Values>
            <Value0>147456</Value0>
            <Value1>65536</Value1>
          </Entry>
          <Entry>
            <Values />
            <Value0>147458</Value0>
            <Value1>196608</Value1>
          </Entry>
        </Unknown>
        <Dialogs>
          <Dialog>姉ヶ崎</Dialog>
          <Dialog>I see... What a pity. I have
no choice. Maybe we can go on
a date later then.</Dialog>
          <Dialog>○○○○○○○○</Dialog>
          <Dialog>Next time, I'll be inviting
you. Sorry about today.</Dialog>
        </Dialogs>
      </SDL2>
    </Entry>
    <Entry Unknown0="1512183739" Unknown1="3245414880">
      <SDL2 Key="2736211101">
        <Unknown>
          <Entry>
            <Values>
              <Entry>
                <Value0>62254</Value0>
                <Value1>0</Value1>
              </Entry>
            </Values>
            <Value0>147456</Value0>
            <Value1>65536</Value1>
          </Entry>
          <Entry>
            <Values />
            <Value0>147458</Value0>
            <Value1>196608</Value1>
          </Entry>
        </Unknown>
        <Dialogs>
          <Dialog>姉ヶ崎</Dialog>
          <Dialog>It can't be helped then...
Yeah, I know it was sudden.
You've got many things to do,
right？</Dialog>
          <Dialog>○○○○○○○○</Dialog>
          <Dialog>Sorry. Let's go on a date next
time. I'll be the one inviting
you then.</Dialog>
        </Dialogs>
      </SDL2>
    </Entry>
  </Entries>
</DBIN2>