<?xml version="1.0" encoding="utf-8"?>
<DBIN2 xmlns:xsi="http://www.w3.org/2001/XMLSchema-instance" xmlns:xsd="http://www.w3.org/2001/XMLSchema" Key="2105088813" Unknown="9">
  <Entries>
    <Entry Unknown0="2380930313" Unknown1="1738114788">
      <SDL2 Key="1699488447">
        <Unknown>
          <Entry>
            <Values>
              <Entry>
                <Value0>62298</Value0>
                <Value1>0</Value1>
              </Entry>
            </Values>
            <Value0>147456</Value0>
            <Value1>65536</Value1>
          </Entry>
          <Entry>
            <Values />
            <Value0>147458</Value0>
            <Value1>196608</Value1>
          </Entry>
          <Entry>
            <Values>
              <Entry>
                <Value0>62299</Value0>
                <Value1>0</Value1>
              </Entry>
            </Values>
            <Value0>147456</Value0>
            <Value1>262144</Value1>
          </Entry>
          <Entry>
            <Values />
            <Value0>147458</Value0>
            <Value1>327680</Value1>
          </Entry>
          <Entry>
            <Values>
              <Entry>
                <Value0>62300</Value0>
                <Value1>0</Value1>
              </Entry>
            </Values>
            <Value0>147456</Value0>
            <Value1>393216</Value1>
          </Entry>
        </Unknown>
        <Dialogs>
          <Dialog>姉ヶ崎</Dialog>
          <Dialog>Hello. What's up？</Dialog>
          <Dialog>○○○○○○○○</Dialog>
          <Dialog>I happen to have an
appointment on the day that we
scheduled our date. Can I
cancel it？</Dialog>
          <Dialog>Eh？ Ah, okay. If it's an
urgent business, then it can't
be helped.</Dialog>
          <Dialog>Sorry. I'll make up for it
next time.</Dialog>
          <Dialog>It's okay. Don't worry. I'll
see you later then.</Dialog>
        </Dialogs>
      </SDL2>
    </Entry>
    <Entry Unknown0="1519156440" Unknown1="167073158">
      <SDL2 Key="2507954202">
        <Unknown>
          <Entry>
            <Values>
              <Entry>
                <Value0>62301</Value0>
                <Value1>0</Value1>
              </Entry>
            </Values>
            <Value0>147456</Value0>
            <Value1>65536</Value1>
          </Entry>
          <Entry>
            <Values />
            <Value0>147458</Value0>
            <Value1>196608</Value1>
          </Entry>
          <Entry>
            <Values>
              <Entry>
                <Value0>62302</Value0>
                <Value1>0</Value1>
              </Entry>
              <Entry>
                <Value0>62303</Value0>
                <Value1>50</Value1>
              </Entry>
            </Values>
            <Value0>147456</Value0>
            <Value1>262144</Value1>
          </Entry>
          <Entry>
            <Values />
            <Value0>147458</Value0>
            <Value1>327680</Value1>
          </Entry>
          <Entry>
            <Values>
              <Entry>
                <Value0>62304</Value0>
                <Value1>0</Value1>
              </Entry>
              <Entry>
                <Value0>62305</Value0>
                <Value1>83</Value1>
              </Entry>
            </Values>
            <Value0>147456</Value0>
            <Value1>393216</Value1>
          </Entry>
        </Unknown>
        <Dialogs>
          <Dialog>姉ヶ崎</Dialog>
          <Dialog>Yes, hello. What's up？</Dialog>
          <Dialog>○○○○○○○○</Dialog>
          <Dialog>▲姉ヶ崎＊▲.
Sorry. Actually...</Dialog>
          <Dialog>Could it be about our date？
If you say that you have to
cancel it due to an urgent
business, I'll cry.</Dialog>
          <Dialog>I'm sorry... I'll make up for
it next time.</Dialog>
          <Dialog>Hehe. Don't worry. We can go
for a date later. Well, I'll
see you later then.</Dialog>
        </Dialogs>
      </SDL2>
    </Entry>
    <Entry Unknown0="4243279738" Unknown1="1757804517">
      <SDL2 Key="2507954202">
        <Unknown>
          <Entry>
            <Values>
              <Entry>
                <Value0>62316</Value0>
                <Value1>0</Value1>
              </Entry>
            </Values>
            <Value0>147456</Value0>
            <Value1>65536</Value1>
          </Entry>
          <Entry>
            <Values />
            <Value0>147458</Value0>
            <Value1>196608</Value1>
          </Entry>
          <Entry>
            <Values>
              <Entry>
                <Value0>62306</Value0>
                <Value1>0</Value1>
              </Entry>
              <Entry>
                <Value0>62307</Value0>
                <Value1>50</Value1>
              </Entry>
            </Values>
            <Value0>147456</Value0>
            <Value1>262144</Value1>
          </Entry>
          <Entry>
            <Values />
            <Value0>147458</Value0>
            <Value1>327680</Value1>
          </Entry>
          <Entry>
            <Values>
              <Entry>
                <Value0>62308</Value0>
                <Value1>0</Value1>
              </Entry>
              <Entry>
                <Value0>62309</Value0>
                <Value1>83</Value1>
              </Entry>
            </Values>
            <Value0>147456</Value0>
            <Value1>393216</Value1>
          </Entry>
        </Unknown>
        <Dialogs>
          <Dialog>姉ヶ崎</Dialog>
          <Dialog>Yes. Hello？</Dialog>
          <Dialog>○○○○○○○○</Dialog>
          <Dialog>It's me. I have an appointment
on the day that we scheduled
our date. Can I cancel it？</Dialog>
          <Dialog>...Hmm. It must be an
important appointment, right？
Take that as your priority
then.</Dialog>
          <Dialog>I'm sorry... I'll make up for
it next time.</Dialog>
          <Dialog>Hehe. This big sister is very
generous, so she'll forgive
you. You can go take care of
what you have to do. See you
later then.</Dialog>
        </Dialogs>
      </SDL2>
    </Entry>
    <Entry Unknown0="1572531673" Unknown1="912873140">
      <SDL2 Key="3082588022">
        <Unknown>
          <Entry>
            <Values>
              <Entry>
                <Value0>62298</Value0>
                <Value1>0</Value1>
              </Entry>
            </Values>
            <Value0>147456</Value0>
            <Value1>65536</Value1>
          </Entry>
          <Entry>
            <Values />
            <Value0>147458</Value0>
            <Value1>196608</Value1>
          </Entry>
          <Entry>
            <Values>
              <Entry>
                <Value0>62310</Value0>
                <Value1>0</Value1>
              </Entry>
            </Values>
            <Value0>147456</Value0>
            <Value1>262144</Value1>
          </Entry>
          <Entry>
            <Values />
            <Value0>147458</Value0>
            <Value1>327680</Value1>
          </Entry>
          <Entry>
            <Values>
              <Entry>
                <Value0>62311</Value0>
                <Value1>0</Value1>
              </Entry>
            </Values>
            <Value0>147456</Value0>
            <Value1>393216</Value1>
          </Entry>
        </Unknown>
        <Dialogs>
          <Dialog>姉ヶ崎</Dialog>
          <Dialog>Yes. Hello？</Dialog>
          <Dialog>○○○○○○○○</Dialog>
          <Dialog>Well, it's me. About our
upcoming date...</Dialog>
          <Dialog>Ah... Do you have an urgent
business？</Dialog>
          <Dialog>I'm sorry. I really can't
postpone it. I'll try to make
up for this date next time. Is
that okay？</Dialog>
          <Dialog>Well, it can't be helped then.
See you later. Bye.</Dialog>
        </Dialogs>
      </SDL2>
    </Entry>
    <Entry Unknown0="710692008" Unknown1="3636798806">
      <SDL2 Key="3082588022">
        <Unknown>
          <Entry>
            <Values>
              <Entry>
                <Value0>62312</Value0>
                <Value1>0</Value1>
              </Entry>
            </Values>
            <Value0>147456</Value0>
            <Value1>65536</Value1>
          </Entry>
          <Entry>
            <Values />
            <Value0>147458</Value0>
            <Value1>196608</Value1>
          </Entry>
          <Entry>
            <Values>
              <Entry>
                <Value0>62313</Value0>
                <Value1>0</Value1>
              </Entry>
            </Values>
            <Value0>147456</Value0>
            <Value1>262144</Value1>
          </Entry>
          <Entry>
            <Values />
            <Value0>147458</Value0>
            <Value1>327680</Value1>
          </Entry>
          <Entry>
            <Values>
              <Entry>
                <Value0>62314</Value0>
                <Value1>0</Value1>
              </Entry>
              <Entry>
                <Value0>62315</Value0>
                <Value1>83</Value1>
              </Entry>
            </Values>
            <Value0>147456</Value0>
            <Value1>393216</Value1>
          </Entry>
        </Unknown>
        <Dialogs>
          <Dialog>姉ヶ崎</Dialog>
          <Dialog>Yes. Hello. What's the
matter？ Is it about our
date？</Dialog>
          <Dialog>○○○○○○○○</Dialog>
          <Dialog>Yes... Sorry. I have an
appointment that I can't
postpone...</Dialog>
          <Dialog>No way.</Dialog>
          <Dialog>I'm really sorry. I real can't
postpone it. I'll make up for
our date next time.</Dialog>
          <Dialog>...Hehe. I was just kidding.
We can have our date later
then. I'll be waiting, okay？</Dialog>
        </Dialogs>
      </SDL2>
    </Entry>
    <Entry Unknown0="3434815306" Unknown1="966117301">
      <SDL2 Key="2138960716">
        <Unknown>
          <Entry>
            <Values>
              <Entry>
                <Value0>62316</Value0>
                <Value1>0</Value1>
              </Entry>
            </Values>
            <Value0>147456</Value0>
            <Value1>65536</Value1>
          </Entry>
          <Entry>
            <Values />
            <Value0>147458</Value0>
            <Value1>196608</Value1>
          </Entry>
          <Entry>
            <Values>
              <Entry>
                <Value0>62317</Value0>
                <Value1>0</Value1>
              </Entry>
            </Values>
            <Value0>147456</Value0>
            <Value1>262144</Value1>
          </Entry>
          <Entry>
            <Values />
            <Value0>147458</Value0>
            <Value1>327680</Value1>
          </Entry>
          <Entry>
            <Values>
              <Entry>
                <Value0>62318</Value0>
                <Value1>0</Value1>
              </Entry>
            </Values>
            <Value0>147456</Value0>
            <Value1>393216</Value1>
          </Entry>
        </Unknown>
        <Dialogs>
          <Dialog>姉ヶ崎</Dialog>
          <Dialog>Yes, hello.</Dialog>
          <Dialog>○○○○○○○○</Dialog>
          <Dialog>It's me. About our date...</Dialog>
          <Dialog>...What's the matter？</Dialog>
          <Dialog>Sorry！ I got an urgent
business...</Dialog>
          <Dialog>Geez... It can't be helped
then. I'll let you off just
this time, okay？</Dialog>
        </Dialogs>
      </SDL2>
    </Entry>
    <Entry Unknown0="764067241" Unknown1="87631492">
      <SDL2 Key="2138960716">
        <Unknown>
          <Entry>
            <Values>
              <Entry>
                <Value0>62319</Value0>
                <Value1>0</Value1>
              </Entry>
            </Values>
            <Value0>147456</Value0>
            <Value1>65536</Value1>
          </Entry>
          <Entry>
            <Values />
            <Value0>147458</Value0>
            <Value1>196608</Value1>
          </Entry>
          <Entry>
            <Values>
              <Entry>
                <Value0>62320</Value0>
                <Value1>0</Value1>
              </Entry>
              <Entry>
                <Value0>62321</Value0>
                <Value1>50</Value1>
              </Entry>
            </Values>
            <Value0>147456</Value0>
            <Value1>262144</Value1>
          </Entry>
          <Entry>
            <Values />
            <Value0>147458</Value0>
            <Value1>327680</Value1>
          </Entry>
          <Entry>
            <Values>
              <Entry>
                <Value0>62322</Value0>
                <Value1>0</Value1>
              </Entry>
            </Values>
            <Value0>147456</Value0>
            <Value1>393216</Value1>
          </Entry>
        </Unknown>
        <Dialogs>
          <Dialog>姉ヶ崎</Dialog>
          <Dialog>Ah, hello. Could it be that I
have been waiting at the wrong
place？</Dialog>
          <Dialog>○○○○○○○○</Dialog>
          <Dialog>I'm sorry for calling you so
late. Actually, I have an
urgent business to take care
of...</Dialog>
          <Dialog>Ah... Is that so？ What a
relief. I was worrying that I
might have made you wait for
me.</Dialog>
          <Dialog>I'm truly sorry. I should have
contacted you earlier...</Dialog>
          <Dialog>No, it's okay. You don't have
to worry...</Dialog>
        </Dialogs>
      </SDL2>
    </Entry>
    <Entry Unknown0="4197194872" Unknown1="2878731558">
      <SDL2 Key="2138960716">
        <Unknown>
          <Entry>
            <Values>
              <Entry>
                <Value0>62323</Value0>
                <Value1>0</Value1>
              </Entry>
            </Values>
            <Value0>147456</Value0>
            <Value1>65536</Value1>
          </Entry>
          <Entry>
            <Values />
            <Value0>147458</Value0>
            <Value1>196608</Value1>
          </Entry>
          <Entry>
            <Values>
              <Entry>
                <Value0>62324</Value0>
                <Value1>0</Value1>
              </Entry>
            </Values>
            <Value0>147456</Value0>
            <Value1>262144</Value1>
          </Entry>
          <Entry>
            <Values />
            <Value0>147458</Value0>
            <Value1>327680</Value1>
          </Entry>
          <Entry>
            <Values>
              <Entry>
                <Value0>62325</Value0>
                <Value1>0</Value1>
              </Entry>
            </Values>
            <Value0>147456</Value0>
            <Value1>393216</Value1>
          </Entry>
        </Unknown>
        <Dialogs>
          <Dialog>姉ヶ崎</Dialog>
          <Dialog>Did something happen？ Our
appointed time has already
passed...</Dialog>
          <Dialog>○○○○○○○○</Dialog>
          <Dialog>I'm sorry for calling you so
late. Actually, I have an
urgent business to take care
of...</Dialog>
          <Dialog>Geez... If that's the case,
you should have called me
earlier.</Dialog>
          <Dialog>I'm truly sorry. I'll make up
for it next time.</Dialog>
          <Dialog>If this happens again on our
next date, I'll never forgive
you. Bye.</Dialog>
        </Dialogs>
      </SDL2>
    </Entry>
    <Entry Unknown0="2626416410" Unknown1="174430085">
      <SDL2 Key="2947365287">
        <Unknown>
          <Entry>
            <Values>
              <Entry>
                <Value0>62326</Value0>
                <Value1>0</Value1>
              </Entry>
            </Values>
            <Value0>147456</Value0>
            <Value1>65536</Value1>
          </Entry>
          <Entry>
            <Values />
            <Value0>147458</Value0>
            <Value1>196608</Value1>
          </Entry>
          <Entry>
            <Values>
              <Entry>
                <Value0>62327</Value0>
                <Value1>0</Value1>
              </Entry>
            </Values>
            <Value0>147456</Value0>
            <Value1>262144</Value1>
          </Entry>
          <Entry>
            <Values />
            <Value0>147458</Value0>
            <Value1>327680</Value1>
          </Entry>
          <Entry>
            <Values>
              <Entry>
                <Value0>62328</Value0>
                <Value1>0</Value1>
              </Entry>
            </Values>
            <Value0>147456</Value0>
            <Value1>393216</Value1>
          </Entry>
        </Unknown>
        <Dialogs>
          <Dialog>姉ヶ崎</Dialog>
          <Dialog>Ah, hello. We have a date
today, right？ Did you go to
the wrong place？</Dialog>
          <Dialog>○○○○○○○○</Dialog>
          <Dialog>I'm sorry for calling you so
late. Actually, I have an
urgent business to take care
of...</Dialog>
          <Dialog>Ah... Is that so？</Dialog>
          <Dialog>I'm truly sorry. I should have
contacted you earlier...</Dialog>
          <Dialog>If that's the case, then it
can't be helped. Let's have a
date later, okay？</Dialog>
        </Dialogs>
      </SDL2>
    </Entry>
  </Entries>
</DBIN2>