<?xml version="1.0" encoding="utf-8"?>
<DBIN2 xmlns:xsi="http://www.w3.org/2001/XMLSchema-instance" xmlns:xsd="http://www.w3.org/2001/XMLSchema" Key="2045093153" Unknown="75">
  <Entries>
    <Entry Unknown0="54718587" Unknown1="3144807476">
      <SDL2 Key="2947365287">
        <Unknown>
          <Entry>
            <Values>
              <Entry>
                <Value0>62329</Value0>
                <Value1>0</Value1>
              </Entry>
            </Values>
            <Value0>147456</Value0>
            <Value1>65536</Value1>
          </Entry>
          <Entry>
            <Values />
            <Value0>147458</Value0>
            <Value1>196608</Value1>
          </Entry>
          <Entry>
            <Values />
            <Value0>65540</Value0>
            <Value1>65541</Value1>
          </Entry>
          <Entry>
            <Values />
            <Value0>65541</Value0>
            <Value1>648615</Value1>
          </Entry>
        </Unknown>
        <Dialogs>
          <Dialog>姉ヶ崎</Dialog>
          <Dialog>I had my hair cut... What do
you think？</Dialog>
          <Dialog>○○○○○○○○</Dialog>
          <Dialog>Well...</Dialog>
          <Dialog>Yeah, this is nice</Dialog>
          <Dialog>The last style was better</Dialog>
        </Dialogs>
      </SDL2>
    </Entry>
    <Entry Unknown0="2656362264" Unknown1="3444805958">
      <SDL2 Key="2947365287">
        <Unknown>
          <Entry>
            <Values>
              <Entry>
                <Value0>62330</Value0>
                <Value1>0</Value1>
              </Entry>
            </Values>
            <Value0>147456</Value0>
            <Value1>65536</Value1>
          </Entry>
          <Entry>
            <Values />
            <Value0>147458</Value0>
            <Value1>196608</Value1>
          </Entry>
          <Entry>
            <Values />
            <Value0>65540</Value0>
            <Value1>65541</Value1>
          </Entry>
          <Entry>
            <Values />
            <Value0>65541</Value0>
            <Value1>648615</Value1>
          </Entry>
        </Unknown>
        <Dialogs>
          <Dialog>姉ヶ崎</Dialog>
          <Dialog>It's good to change your look
sometimes, right？</Dialog>
          <Dialog>○○○○○○○○</Dialog>
          <Dialog>Well...</Dialog>
          <Dialog>Yeah, this is nice</Dialog>
          <Dialog>The last style was better</Dialog>
        </Dialogs>
      </SDL2>
    </Entry>
    <Entry Unknown0="2956292650" Unknown1="2934809383">
      <SDL2 Key="2947365287">
        <Unknown>
          <Entry>
            <Values>
              <Entry>
                <Value0>62331</Value0>
                <Value1>0</Value1>
              </Entry>
            </Values>
            <Value0>147456</Value0>
            <Value1>65536</Value1>
          </Entry>
          <Entry>
            <Values />
            <Value0>147458</Value0>
            <Value1>196608</Value1>
          </Entry>
          <Entry>
            <Values />
            <Value0>65540</Value0>
            <Value1>65541</Value1>
          </Entry>
          <Entry>
            <Values />
            <Value0>65541</Value0>
            <Value1>648615</Value1>
          </Entry>
        </Unknown>
        <Dialogs>
          <Dialog>姉ヶ崎</Dialog>
          <Dialog>I took a risk with my
hairstyle. What do you think？</Dialog>
          <Dialog>○○○○○○○○</Dialog>
          <Dialog>Well...</Dialog>
          <Dialog>Yeah, this is nice</Dialog>
          <Dialog>The last style was better</Dialog>
        </Dialogs>
      </SDL2>
    </Entry>
    <Entry Unknown0="2480046091" Unknown1="1241613508">
      <SDL2 Key="2947365287">
        <Unknown>
          <Entry>
            <Values>
              <Entry>
                <Value0>62332</Value0>
                <Value1>0</Value1>
              </Entry>
            </Values>
            <Value0>147456</Value0>
            <Value1>65536</Value1>
          </Entry>
          <Entry>
            <Values />
            <Value0>147458</Value0>
            <Value1>196608</Value1>
          </Entry>
          <Entry>
            <Values />
            <Value0>65540</Value0>
            <Value1>65541</Value1>
          </Entry>
          <Entry>
            <Values />
            <Value0>65541</Value0>
            <Value1>648615</Value1>
          </Entry>
        </Unknown>
        <Dialogs>
          <Dialog>姉ヶ崎</Dialog>
          <Dialog>I hoped you would like this
hair length... What do you
say？</Dialog>
          <Dialog>○○○○○○○○</Dialog>
          <Dialog>Well...</Dialog>
          <Dialog>Yeah, this is nice</Dialog>
          <Dialog>The last style was better</Dialog>
        </Dialogs>
      </SDL2>
    </Entry>
    <Entry Unknown0="786722728" Unknown1="1558389206">
      <SDL2 Key="1736420477">
        <Unknown>
          <Entry>
            <Values>
              <Entry>
                <Value0>62333</Value0>
                <Value1>0</Value1>
              </Entry>
            </Values>
            <Value0>147456</Value0>
            <Value1>65536</Value1>
          </Entry>
          <Entry>
            <Values />
            <Value0>147458</Value0>
            <Value1>196608</Value1>
          </Entry>
          <Entry>
            <Values />
            <Value0>65540</Value0>
            <Value1>65541</Value1>
          </Entry>
          <Entry>
            <Values />
            <Value0>65541</Value0>
            <Value1>648615</Value1>
          </Entry>
        </Unknown>
        <Dialogs>
          <Dialog>姉ヶ崎</Dialog>
          <Dialog>From your point of view, what
do think about my hair
length？</Dialog>
          <Dialog>○○○○○○○○</Dialog>
          <Dialog>Well...</Dialog>
          <Dialog>Yeah, this is nice</Dialog>
          <Dialog>The last style was better</Dialog>
        </Dialogs>
      </SDL2>
    </Entry>
    <Entry Unknown0="1086653114" Unknown1="1065169847">
      <SDL2 Key="1736420477">
        <Unknown>
          <Entry>
            <Values>
              <Entry>
                <Value0>62334</Value0>
                <Value1>0</Value1>
              </Entry>
            </Values>
            <Value0>147456</Value0>
            <Value1>65536</Value1>
          </Entry>
          <Entry>
            <Values />
            <Value0>147458</Value0>
            <Value1>196608</Value1>
          </Entry>
          <Entry>
            <Values />
            <Value0>65540</Value0>
            <Value1>65541</Value1>
          </Entry>
          <Entry>
            <Values />
            <Value0>65541</Value0>
            <Value1>648615</Value1>
          </Entry>
        </Unknown>
        <Dialogs>
          <Dialog>姉ヶ崎</Dialog>
          <Dialog>Tada！ I changed my hairstyle.
What do you think about the
new Nene？</Dialog>
          <Dialog>○○○○○○○○</Dialog>
          <Dialog>Well...</Dialog>
          <Dialog>Yeah, this is nice</Dialog>
          <Dialog>The last style was better</Dialog>
        </Dialogs>
      </SDL2>
    </Entry>
    <Entry Unknown0="593629339" Unknown1="3650163796">
      <SDL2 Key="1736420477">
        <Unknown>
          <Entry>
            <Values>
              <Entry>
                <Value0>62335</Value0>
                <Value1>0</Value1>
              </Entry>
            </Values>
            <Value0>147456</Value0>
            <Value1>65536</Value1>
          </Entry>
          <Entry>
            <Values />
            <Value0>147458</Value0>
            <Value1>196608</Value1>
          </Entry>
          <Entry>
            <Values />
            <Value0>65540</Value0>
            <Value1>65541</Value1>
          </Entry>
          <Entry>
            <Values />
            <Value0>65541</Value0>
            <Value1>648615</Value1>
          </Entry>
        </Unknown>
        <Dialogs>
          <Dialog>姉ヶ崎</Dialog>
          <Dialog>My hair is longer now... What
do you think？</Dialog>
          <Dialog>○○○○○○○○</Dialog>
          <Dialog>Well...</Dialog>
          <Dialog>Yes, you look good</Dialog>
          <Dialog>Not very good...</Dialog>
        </Dialogs>
      </SDL2>
    </Entry>
    <Entry Unknown0="3195338552" Unknown1="4017336678">
      <SDL2 Key="1736420477">
        <Unknown>
          <Entry>
            <Values>
              <Entry>
                <Value0>62336</Value0>
                <Value1>0</Value1>
              </Entry>
            </Values>
            <Value0>147456</Value0>
            <Value1>65536</Value1>
          </Entry>
          <Entry>
            <Values />
            <Value0>147458</Value0>
            <Value1>196608</Value1>
          </Entry>
          <Entry>
            <Values />
            <Value0>65540</Value0>
            <Value1>65541</Value1>
          </Entry>
          <Entry>
            <Values />
            <Value0>65541</Value0>
            <Value1>648615</Value1>
          </Entry>
        </Unknown>
        <Dialogs>
          <Dialog>姉ヶ崎</Dialog>
          <Dialog>Guys like girls with long
hair, right？ Hehe. What do
you think？</Dialog>
          <Dialog>○○○○○○○○</Dialog>
          <Dialog>Well...</Dialog>
          <Dialog>Yeah, this is nice</Dialog>
          <Dialog>The last style was better</Dialog>
        </Dialogs>
      </SDL2>
    </Entry>
    <Entry Unknown0="3495268938" Unknown1="3423454023">
      <SDL2 Key="1736420477">
        <Unknown>
          <Entry>
            <Values>
              <Entry>
                <Value0>62337</Value0>
                <Value1>0</Value1>
              </Entry>
            </Values>
            <Value0>147456</Value0>
            <Value1>65536</Value1>
          </Entry>
          <Entry>
            <Values />
            <Value0>147458</Value0>
            <Value1>196608</Value1>
          </Entry>
          <Entry>
            <Values />
            <Value0>65540</Value0>
            <Value1>65541</Value1>
          </Entry>
          <Entry>
            <Values />
            <Value0>65541</Value0>
            <Value1>648615</Value1>
          </Entry>
        </Unknown>
        <Dialogs>
          <Dialog>姉ヶ崎</Dialog>
          <Dialog>Hey. Do you like long hair？</Dialog>
          <Dialog>○○○○○○○○</Dialog>
          <Dialog>Well...</Dialog>
          <Dialog>I like it, I guess</Dialog>
          <Dialog>Not really...</Dialog>
        </Dialogs>
      </SDL2>
    </Entry>
    <Entry Unknown0="3019022379" Unknown1="1747035364">
      <SDL2 Key="2276381656">
        <Unknown>
          <Entry>
            <Values>
              <Entry>
                <Value0>62338</Value0>
                <Value1>0</Value1>
              </Entry>
            </Values>
            <Value0>147456</Value0>
            <Value1>65536</Value1>
          </Entry>
        </Unknown>
        <Dialogs>
          <Dialog>姉ヶ崎</Dialog>
          <Dialog>I'm glad you like it. Thanks.</Dialog>
        </Dialogs>
      </SDL2>
    </Entry>
    <Entry Unknown0="1308921800" Unknown1="2114142710">
      <SDL2 Key="2276381656">
        <Unknown>
          <Entry>
            <Values>
              <Entry>
                <Value0>62339</Value0>
                <Value1>0</Value1>
              </Entry>
            </Values>
            <Value0>147456</Value0>
            <Value1>65536</Value1>
          </Entry>
        </Unknown>
        <Dialogs>
          <Dialog>姉ヶ崎</Dialog>
          <Dialog>I thought you would say that
you didn't care about my hair.
Hehe.</Dialog>
        </Dialogs>
      </SDL2>
    </Entry>
    <Entry Unknown0="1625629402" Unknown1="1570591703">
      <SDL2 Key="2276381656">
        <Unknown>
          <Entry>
            <Values>
              <Entry>
                <Value0>62340</Value0>
                <Value1>0</Value1>
              </Entry>
            </Values>
            <Value0>147456</Value0>
            <Value1>65536</Value1>
          </Entry>
        </Unknown>
        <Dialogs>
          <Dialog>姉ヶ崎</Dialog>
          <Dialog>Hehe, I'm glad. I had been
worrying about this. Now, I'm
relieved.</Dialog>
        </Dialogs>
      </SDL2>
    </Entry>
    <Entry Unknown0="1132605627" Unknown1="4289803380">
      <SDL2 Key="2276381656">
        <Unknown>
          <Entry>
            <Values>
              <Entry>
                <Value0>62341</Value0>
                <Value1>0</Value1>
              </Entry>
            </Values>
            <Value0>147456</Value0>
            <Value1>65536</Value1>
          </Entry>
        </Unknown>
        <Dialogs>
          <Dialog>姉ヶ崎</Dialog>
          <Dialog>Eh？ Ah, um... I probably made
a mistake...</Dialog>
        </Dialogs>
      </SDL2>
    </Entry>
    <Entry Unknown0="3734249304" Unknown1="160682374">
      <SDL2 Key="2276381656">
        <Unknown>
          <Entry>
            <Values>
              <Entry>
                <Value0>62342</Value0>
                <Value1>0</Value1>
              </Entry>
            </Values>
            <Value0>147456</Value0>
            <Value1>65536</Value1>
          </Entry>
        </Unknown>
        <Dialogs>
          <Dialog>姉ヶ崎</Dialog>
          <Dialog>I see... I really tried my
best though...</Dialog>
        </Dialogs>
      </SDL2>
    </Entry>
    <Entry Unknown0="4034245226" Unknown1="3928875879">
      <SDL2 Key="2276381656">
        <Unknown>
          <Entry>
            <Values>
              <Entry>
                <Value0>62343</Value0>
                <Value1>0</Value1>
              </Entry>
            </Values>
            <Value0>147456</Value0>
            <Value1>65536</Value1>
          </Entry>
        </Unknown>
        <Dialogs>
          <Dialog>姉ヶ崎</Dialog>
          <Dialog>Ah, I see... Then I'll try
harder next time, okay？</Dialog>
        </Dialogs>
      </SDL2>
    </Entry>
    <Entry Unknown0="3541221451" Unknown1="2386674692">
      <SDL2 Key="3119388980">
        <Unknown>
          <Entry>
            <Values>
              <Entry>
                <Value0>62344</Value0>
                <Value1>0</Value1>
              </Entry>
            </Values>
            <Value0>147456</Value0>
            <Value1>65536</Value1>
          </Entry>
          <Entry>
            <Values />
            <Value0>147458</Value0>
            <Value1>196608</Value1>
          </Entry>
          <Entry>
            <Values />
            <Value0>65540</Value0>
            <Value1>65541</Value1>
          </Entry>
          <Entry>
            <Values />
            <Value0>65541</Value0>
            <Value1>648615</Value1>
          </Entry>
        </Unknown>
        <Dialogs>
          <Dialog>姉ヶ崎</Dialog>
          <Dialog>I changed my hairstyle. Do I
look weird？</Dialog>
          <Dialog>○○○○○○○○</Dialog>
          <Dialog>Well...</Dialog>
          <Dialog>This is good</Dialog>
          <Dialog>Not good, I guess</Dialog>
        </Dialogs>
      </SDL2>
    </Entry>
    <Entry Unknown0="1847898088" Unknown1="2552455446">
      <SDL2 Key="3119388980">
        <Unknown>
          <Entry>
            <Values>
              <Entry>
                <Value0>62345</Value0>
                <Value1>0</Value1>
              </Entry>
            </Values>
            <Value0>147456</Value0>
            <Value1>65536</Value1>
          </Entry>
          <Entry>
            <Values />
            <Value0>147458</Value0>
            <Value1>196608</Value1>
          </Entry>
          <Entry>
            <Values />
            <Value0>65540</Value0>
            <Value1>65541</Value1>
          </Entry>
          <Entry>
            <Values />
            <Value0>65541</Value0>
            <Value1>648615</Value1>
          </Entry>
        </Unknown>
        <Dialogs>
          <Dialog>姉ヶ崎</Dialog>
          <Dialog>How is it？ Do you like my new
hairstyle？</Dialog>
          <Dialog>○○○○○○○○</Dialog>
          <Dialog>Well...</Dialog>
          <Dialog>This is good</Dialog>
          <Dialog>Not good, I guess</Dialog>
        </Dialogs>
      </SDL2>
    </Entry>
    <Entry Unknown0="2147828474" Unknown1="2076013559">
      <SDL2 Key="3119388980">
        <Unknown>
          <Entry>
            <Values>
              <Entry>
                <Value0>62346</Value0>
                <Value1>0</Value1>
              </Entry>
            </Values>
            <Value0>147456</Value0>
            <Value1>65536</Value1>
          </Entry>
          <Entry>
            <Values />
            <Value0>147458</Value0>
            <Value1>196608</Value1>
          </Entry>
          <Entry>
            <Values />
            <Value0>65540</Value0>
            <Value1>65541</Value1>
          </Entry>
          <Entry>
            <Values />
            <Value0>65541</Value0>
            <Value1>648615</Value1>
          </Entry>
        </Unknown>
        <Dialogs>
          <Dialog>姉ヶ崎</Dialog>
          <Dialog>Tada！ I changed my hairstyle.</Dialog>
          <Dialog>○○○○○○○○</Dialog>
          <Dialog>Well...</Dialog>
          <Dialog>This is good</Dialog>
          <Dialog>Not good, I guess</Dialog>
        </Dialogs>
      </SDL2>
    </Entry>
    <Entry Unknown0="1671581915" Unknown1="500257940">
      <SDL2 Key="3119388980">
        <Unknown>
          <Entry>
            <Values>
              <Entry>
                <Value0>62347</Value0>
                <Value1>0</Value1>
              </Entry>
            </Values>
            <Value0>147456</Value0>
            <Value1>65536</Value1>
          </Entry>
        </Unknown>
        <Dialogs>
          <Dialog>姉ヶ崎</Dialog>
          <Dialog>Hehe, I'm glad.</Dialog>
        </Dialogs>
      </SDL2>
    </Entry>
    <Entry Unknown0="4273225592" Unknown1="733213094">
      <SDL2 Key="3119388980">
        <Unknown>
          <Entry>
            <Values>
              <Entry>
                <Value0>62348</Value0>
                <Value1>0</Value1>
              </Entry>
            </Values>
            <Value0>147456</Value0>
            <Value1>65536</Value1>
          </Entry>
        </Unknown>
        <Dialogs>
          <Dialog>姉ヶ崎</Dialog>
          <Dialog>Um, thank you for being
honest.</Dialog>
        </Dialogs>
      </SDL2>
    </Entry>
    <Entry Unknown0="278254218" Unknown1="139264903">
      <SDL2 Key="1637977114">
        <Unknown>
          <Entry>
            <Values>
              <Entry>
                <Value0>62349</Value0>
                <Value1>0</Value1>
              </Entry>
            </Values>
            <Value0>147456</Value0>
            <Value1>65536</Value1>
          </Entry>
        </Unknown>
        <Dialogs>
          <Dialog>姉ヶ崎</Dialog>
          <Dialog>Yay！ I'm glad I decided on
this.</Dialog>
        </Dialogs>
      </SDL2>
    </Entry>
    <Entry Unknown0="4080197739" Unknown1="2892096548">
      <SDL2 Key="1637977114">
        <Unknown>
          <Entry>
            <Values>
              <Entry>
                <Value0>62350</Value0>
                <Value1>0</Value1>
              </Entry>
            </Values>
            <Value0>147456</Value0>
            <Value1>65536</Value1>
          </Entry>
        </Unknown>
        <Dialogs>
          <Dialog>姉ヶ崎</Dialog>
          <Dialog>Ah, really？ Sorry...</Dialog>
        </Dialogs>
      </SDL2>
    </Entry>
    <Entry Unknown0="2386874120" Unknown1="3124986166">
      <SDL2 Key="1637977114">
        <Unknown>
          <Entry>
            <Values>
              <Entry>
                <Value0>62351</Value0>
                <Value1>0</Value1>
              </Entry>
            </Values>
            <Value0>147456</Value0>
            <Value1>65536</Value1>
          </Entry>
        </Unknown>
        <Dialogs>
          <Dialog>姉ヶ崎</Dialog>
          <Dialog>Eh？ You said it.</Dialog>
        </Dialogs>
      </SDL2>
    </Entry>
    <Entry Unknown0="2686804506" Unknown1="2581435159">
      <SDL2 Key="1637977114">
        <Unknown>
          <Entry>
            <Values>
              <Entry>
                <Value0>62352</Value0>
                <Value1>0</Value1>
              </Entry>
            </Values>
            <Value0>147456</Value0>
            <Value1>65536</Value1>
          </Entry>
        </Unknown>
        <Dialogs>
          <Dialog>姉ヶ崎</Dialog>
          <Dialog>Hmm. I failed again.</Dialog>
        </Dialogs>
      </SDL2>
    </Entry>
    <Entry Unknown0="2210558203" Unknown1="871462068">
      <SDL2 Key="1637977114">
        <Unknown>
          <Entry>
            <Values>
              <Entry>
                <Value0>62367</Value0>
                <Value1>0</Value1>
              </Entry>
            </Values>
            <Value0>147456</Value0>
            <Value1>65536</Value1>
          </Entry>
          <Entry>
            <Values />
            <Value0>147458</Value0>
            <Value1>196608</Value1>
          </Entry>
          <Entry>
            <Values />
            <Value0>65540</Value0>
            <Value1>65541</Value1>
          </Entry>
          <Entry>
            <Values />
            <Value0>65541</Value0>
            <Value1>648615</Value1>
          </Entry>
        </Unknown>
        <Dialogs>
          <Dialog>姉ヶ崎</Dialog>
          <Dialog>I just thought about changing
my image today.</Dialog>
          <Dialog>○○○○○○○○</Dialog>
          <Dialog>Ah, your hair color...</Dialog>
          <Dialog>That looks good！</Dialog>
          <Dialog>Not so good！</Dialog>
        </Dialogs>
      </SDL2>
    </Entry>
    <Entry Unknown0="517234584" Unknown1="1171460550">
      <SDL2 Key="2448405605">
        <Unknown>
          <Entry>
            <Values>
              <Entry>
                <Value0>62367</Value0>
                <Value1>0</Value1>
              </Entry>
            </Values>
            <Value0>147456</Value0>
            <Value1>65536</Value1>
          </Entry>
          <Entry>
            <Values />
            <Value0>147458</Value0>
            <Value1>196608</Value1>
          </Entry>
          <Entry>
            <Values />
            <Value0>65540</Value0>
            <Value1>65541</Value1>
          </Entry>
          <Entry>
            <Values />
            <Value0>65541</Value0>
            <Value1>648615</Value1>
          </Entry>
        </Unknown>
        <Dialogs>
          <Dialog>姉ヶ崎</Dialog>
          <Dialog>I just thought about changing
my image today.</Dialog>
          <Dialog>○○○○○○○○</Dialog>
          <Dialog>Ah, your hair color...</Dialog>
          <Dialog>That looks good！</Dialog>
          <Dialog>Not so good！</Dialog>
        </Dialogs>
      </SDL2>
    </Entry>
    <Entry Unknown0="817230506" Unknown1="644686759">
      <SDL2 Key="2448405605">
        <Unknown>
          <Entry>
            <Values>
              <Entry>
                <Value0>62367</Value0>
                <Value1>0</Value1>
              </Entry>
            </Values>
            <Value0>147456</Value0>
            <Value1>65536</Value1>
          </Entry>
          <Entry>
            <Values />
            <Value0>147458</Value0>
            <Value1>196608</Value1>
          </Entry>
          <Entry>
            <Values />
            <Value0>65540</Value0>
            <Value1>65541</Value1>
          </Entry>
          <Entry>
            <Values />
            <Value0>65541</Value0>
            <Value1>648615</Value1>
          </Entry>
        </Unknown>
        <Dialogs>
          <Dialog>姉ヶ崎</Dialog>
          <Dialog>I just thought about changing
my image today.</Dialog>
          <Dialog>○○○○○○○○</Dialog>
          <Dialog>Ah, your hair color...</Dialog>
          <Dialog>That looks good！</Dialog>
          <Dialog>Not so good！</Dialog>
        </Dialogs>
      </SDL2>
    </Entry>
    <Entry Unknown0="324141195" Unknown1="3263235140">
      <SDL2 Key="2448405605">
        <Unknown>
          <Entry>
            <Values />
            <Value0>147456</Value0>
            <Value1>65536</Value1>
          </Entry>
          <Entry>
            <Values>
              <Entry>
                <Value0>62369</Value0>
                <Value1>0</Value1>
              </Entry>
            </Values>
            <Value0>147458</Value0>
            <Value1>196608</Value1>
          </Entry>
          <Entry>
            <Values />
            <Value0>147456</Value0>
            <Value1>262144</Value1>
          </Entry>
          <Entry>
            <Values />
            <Value0>65541</Value0>
            <Value1>65542</Value1>
          </Entry>
          <Entry>
            <Values />
            <Value0>65542</Value0>
            <Value1>1630871</Value1>
          </Entry>
        </Unknown>
        <Dialogs>
          <Dialog>○○○○○○○○</Dialog>
          <Dialog>▲姉ヶ崎＊▲！？
The color of your hair...</Dialog>
          <Dialog>姉ヶ崎</Dialog>
          <Dialog>I just tried my best. It's a
little embarrassing though.
What do you think？</Dialog>
          <Dialog>Hmm, well...</Dialog>
          <Dialog>This is the best！</Dialog>
          <Dialog>It's not so good</Dialog>
        </Dialogs>
      </SDL2>
    </Entry>
    <Entry Unknown0="2925850408" Unknown1="3563299158">
      <SDL2 Key="2448405605">
        <Unknown>
          <Entry>
            <Values />
            <Value0>147456</Value0>
            <Value1>65536</Value1>
          </Entry>
          <Entry>
            <Values>
              <Entry>
                <Value0>62387</Value0>
                <Value1>0</Value1>
              </Entry>
            </Values>
            <Value0>147458</Value0>
            <Value1>196608</Value1>
          </Entry>
          <Entry>
            <Values />
            <Value0>147456</Value0>
            <Value1>262144</Value1>
          </Entry>
          <Entry>
            <Values />
            <Value0>65541</Value0>
            <Value1>65542</Value1>
          </Entry>
          <Entry>
            <Values />
            <Value0>65542</Value0>
            <Value1>1630871</Value1>
          </Entry>
        </Unknown>
        <Dialogs>
          <Dialog>○○○○○○○○</Dialog>
          <Dialog>▲姉ヶ崎＊▲！？
The color of your hair...</Dialog>
          <Dialog>姉ヶ崎</Dialog>
          <Dialog>Do you think it's weird？</Dialog>
          <Dialog>Hmm, well...</Dialog>
          <Dialog>This is the best！</Dialog>
          <Dialog>It's not so good</Dialog>
        </Dialogs>
      </SDL2>
    </Entry>
    <Entry Unknown0="3225780794" Unknown1="3086857015">
      <SDL2 Key="2448405605">
        <Unknown>
          <Entry>
            <Values />
            <Value0>147456</Value0>
            <Value1>65536</Value1>
          </Entry>
          <Entry>
            <Values>
              <Entry>
                <Value0>62331</Value0>
                <Value1>0</Value1>
              </Entry>
            </Values>
            <Value0>147458</Value0>
            <Value1>196608</Value1>
          </Entry>
          <Entry>
            <Values />
            <Value0>147456</Value0>
            <Value1>262144</Value1>
          </Entry>
          <Entry>
            <Values />
            <Value0>65541</Value0>
            <Value1>65542</Value1>
          </Entry>
          <Entry>
            <Values />
            <Value0>65542</Value0>
            <Value1>1630871</Value1>
          </Entry>
        </Unknown>
        <Dialogs>
          <Dialog>○○○○○○○○</Dialog>
          <Dialog>▲姉ヶ崎＊▲！？
The color of your hair...</Dialog>
          <Dialog>姉ヶ崎</Dialog>
          <Dialog>I thought I'd take a risk.
What do you think？</Dialog>
          <Dialog>Hmm, well...</Dialog>
          <Dialog>This is the best！</Dialog>
          <Dialog>It's not so good</Dialog>
        </Dialogs>
      </SDL2>
    </Entry>
    <Entry Unknown0="2749534235" Unknown1="1058116820">
      <SDL2 Key="1503803195">
        <Unknown>
          <Entry>
            <Values>
              <Entry>
                <Value0>62353</Value0>
                <Value1>0</Value1>
              </Entry>
            </Values>
            <Value0>147456</Value0>
            <Value1>65536</Value1>
          </Entry>
        </Unknown>
        <Dialogs>
          <Dialog>姉ヶ崎</Dialog>
          <Dialog>I changed my clothing style
today... Do you think I look
weird？</Dialog>
        </Dialogs>
      </SDL2>
    </Entry>
    <Entry Unknown0="1056210872" Unknown1="166932966">
      <SDL2 Key="1503803195">
        <Unknown>
          <Entry>
            <Values>
              <Entry>
                <Value0>62354</Value0>
                <Value1>0</Value1>
              </Entry>
            </Values>
            <Value0>147456</Value0>
            <Value1>65536</Value1>
          </Entry>
        </Unknown>
        <Dialogs>
          <Dialog>姉ヶ崎</Dialog>
          <Dialog>I changed my image with a
different clothing style
today... Don't laugh at me or
I'll get mad, okay？</Dialog>
        </Dialogs>
      </SDL2>
    </Entry>
    <Entry Unknown0="1356141258" Unknown1="713900999">
      <SDL2 Key="1503803195">
        <Unknown>
          <Entry>
            <Values>
              <Entry>
                <Value0>62355</Value0>
                <Value1>0</Value1>
              </Entry>
              <Entry>
                <Value0>62356</Value0>
                <Value1>667</Value1>
              </Entry>
            </Values>
            <Value0>147456</Value0>
            <Value1>65536</Value1>
          </Entry>
        </Unknown>
        <Dialogs>
          <Dialog>姉ヶ崎</Dialog>
          <Dialog>Occasionally, I also like to
wear this style of clothes...
Hehe, I feel really nervous
though.</Dialog>
        </Dialogs>
      </SDL2>
    </Entry>
    <Entry Unknown0="863117483" Unknown1="2392925284">
      <SDL2 Key="1503803195">
        <Unknown>
          <Entry>
            <Values>
              <Entry>
                <Value0>62357</Value0>
                <Value1>0</Value1>
              </Entry>
            </Values>
            <Value0>147456</Value0>
            <Value1>65536</Value1>
          </Entry>
          <Entry>
            <Values />
            <Value0>147458</Value0>
            <Value1>196608</Value1>
          </Entry>
          <Entry>
            <Values />
            <Value0>65540</Value0>
            <Value1>65541</Value1>
          </Entry>
          <Entry>
            <Values />
            <Value0>65541</Value0>
            <Value1>65542</Value1>
          </Entry>
          <Entry>
            <Values />
            <Value0>65542</Value0>
            <Value1>648615</Value1>
          </Entry>
        </Unknown>
        <Dialogs>
          <Dialog>姉ヶ崎</Dialog>
          <Dialog>I'm wearing formal clothes
like this... Do you think I
look strange？</Dialog>
          <Dialog>○○○○○○○○</Dialog>
          <Dialog>Well...</Dialog>
          <Dialog>You look good</Dialog>
          <Dialog>This is no good...</Dialog>
          <Dialog>I guess it's okay</Dialog>
        </Dialogs>
      </SDL2>
    </Entry>
    <Entry Unknown0="3464761160" Unknown1="2558771574">
      <SDL2 Key="1503803195">
        <Unknown>
          <Entry>
            <Values>
              <Entry>
                <Value0>62358</Value0>
                <Value1>0</Value1>
              </Entry>
            </Values>
            <Value0>147456</Value0>
            <Value1>65536</Value1>
          </Entry>
          <Entry>
            <Values />
            <Value0>147458</Value0>
            <Value1>196608</Value1>
          </Entry>
          <Entry>
            <Values />
            <Value0>65540</Value0>
            <Value1>65541</Value1>
          </Entry>
          <Entry>
            <Values />
            <Value0>65541</Value0>
            <Value1>65542</Value1>
          </Entry>
          <Entry>
            <Values />
            <Value0>65542</Value0>
            <Value1>648615</Value1>
          </Entry>
        </Unknown>
        <Dialogs>
          <Dialog>姉ヶ崎</Dialog>
          <Dialog>My theme for today is the neat
and tidy "older woman" look...
Hehe, what do you think？</Dialog>
          <Dialog>○○○○○○○○</Dialog>
          <Dialog>Let me see...</Dialog>
          <Dialog>You look good</Dialog>
          <Dialog>This is no good...</Dialog>
          <Dialog>I guess it's okay</Dialog>
        </Dialogs>
      </SDL2>
    </Entry>
    <Entry Unknown0="3764757082" Unknown1="3139294039">
      <SDL2 Key="2044882327">
        <Unknown>
          <Entry>
            <Values>
              <Entry>
                <Value0>62359</Value0>
                <Value1>0</Value1>
              </Entry>
            </Values>
            <Value0>147456</Value0>
            <Value1>65536</Value1>
          </Entry>
          <Entry>
            <Values />
            <Value0>147458</Value0>
            <Value1>196608</Value1>
          </Entry>
          <Entry>
            <Values />
            <Value0>65540</Value0>
            <Value1>65541</Value1>
          </Entry>
          <Entry>
            <Values />
            <Value0>65541</Value0>
            <Value1>65542</Value1>
          </Entry>
          <Entry>
            <Values />
            <Value0>65542</Value0>
            <Value1>648615</Value1>
          </Entry>
        </Unknown>
        <Dialogs>
          <Dialog>姉ヶ崎</Dialog>
          <Dialog>I tried this neat "big sister"
look for today. What do you
think？</Dialog>
          <Dialog>○○○○○○○○</Dialog>
          <Dialog>Let me see...</Dialog>
          <Dialog>You look good</Dialog>
          <Dialog>This is no good...</Dialog>
          <Dialog>I guess it's okay</Dialog>
        </Dialogs>
      </SDL2>
    </Entry>
    <Entry Unknown0="3271733307" Unknown1="489796852">
      <SDL2 Key="2044882327">
        <Unknown>
          <Entry>
            <Values>
              <Entry>
                <Value0>62360</Value0>
                <Value1>0</Value1>
              </Entry>
            </Values>
            <Value0>147456</Value0>
            <Value1>65536</Value1>
          </Entry>
          <Entry>
            <Values />
            <Value0>147458</Value0>
            <Value1>196608</Value1>
          </Entry>
          <Entry>
            <Values />
            <Value0>65540</Value0>
            <Value1>65541</Value1>
          </Entry>
          <Entry>
            <Values />
            <Value0>65541</Value0>
            <Value1>65542</Value1>
          </Entry>
          <Entry>
            <Values />
            <Value0>65542</Value0>
            <Value1>648615</Value1>
          </Entry>
        </Unknown>
        <Dialogs>
          <Dialog>姉ヶ崎</Dialog>
          <Dialog>I tried this feminine outfit
today... How is it？</Dialog>
          <Dialog>○○○○○○○○</Dialog>
          <Dialog>Let me see...</Dialog>
          <Dialog>You look good</Dialog>
          <Dialog>You don't look good...</Dialog>
          <Dialog>I guess it's okay</Dialog>
        </Dialogs>
      </SDL2>
    </Entry>
    <Entry Unknown0="1578409944" Unknown1="3943911686">
      <SDL2 Key="2044882327">
        <Unknown>
          <Entry>
            <Values>
              <Entry>
                <Value0>62361</Value0>
                <Value1>0</Value1>
              </Entry>
            </Values>
            <Value0>147456</Value0>
            <Value1>65536</Value1>
          </Entry>
          <Entry>
            <Values />
            <Value0>147458</Value0>
            <Value1>196608</Value1>
          </Entry>
          <Entry>
            <Values />
            <Value0>65540</Value0>
            <Value1>65541</Value1>
          </Entry>
          <Entry>
            <Values />
            <Value0>65541</Value0>
            <Value1>65542</Value1>
          </Entry>
          <Entry>
            <Values />
            <Value0>65542</Value0>
            <Value1>648615</Value1>
          </Entry>
        </Unknown>
        <Dialogs>
          <Dialog>姉ヶ崎</Dialog>
          <Dialog>I tried to look more feminine
today. Hehe. What do you
think？</Dialog>
          <Dialog>○○○○○○○○</Dialog>
          <Dialog>Um, let me see...</Dialog>
          <Dialog>You look good</Dialog>
          <Dialog>This is no good...</Dialog>
          <Dialog>I guess it's okay</Dialog>
        </Dialogs>
      </SDL2>
    </Entry>
    <Entry Unknown0="1895117546" Unknown1="145581031">
      <SDL2 Key="2044882327">
        <Unknown>
          <Entry>
            <Values>
              <Entry>
                <Value0>62362</Value0>
                <Value1>0</Value1>
              </Entry>
            </Values>
            <Value0>147456</Value0>
            <Value1>65536</Value1>
          </Entry>
          <Entry>
            <Values />
            <Value0>147458</Value0>
            <Value1>196608</Value1>
          </Entry>
          <Entry>
            <Values />
            <Value0>65540</Value0>
            <Value1>65541</Value1>
          </Entry>
          <Entry>
            <Values />
            <Value0>65541</Value0>
            <Value1>65542</Value1>
          </Entry>
          <Entry>
            <Values />
            <Value0>65542</Value0>
            <Value1>648615</Value1>
          </Entry>
        </Unknown>
        <Dialogs>
          <Dialog>姉ヶ崎</Dialog>
          <Dialog>I tried a feminine look today.
What do you think？</Dialog>
          <Dialog>○○○○○○○○</Dialog>
          <Dialog>Well...</Dialog>
          <Dialog>Yes！ This is great！</Dialog>
          <Dialog>Not very good...</Dialog>
          <Dialog>I guess it's okay</Dialog>
        </Dialogs>
      </SDL2>
    </Entry>
    <Entry Unknown0="1402093771" Unknown1="1824605316">
      <SDL2 Key="2044882327">
        <Unknown>
          <Entry>
            <Values>
              <Entry>
                <Value0>62363</Value0>
                <Value1>0</Value1>
              </Entry>
            </Values>
            <Value0>147456</Value0>
            <Value1>65536</Value1>
          </Entry>
          <Entry>
            <Values />
            <Value0>147458</Value0>
            <Value1>196608</Value1>
          </Entry>
          <Entry>
            <Values />
            <Value0>65540</Value0>
            <Value1>65541</Value1>
          </Entry>
          <Entry>
            <Values />
            <Value0>65541</Value0>
            <Value1>65542</Value1>
          </Entry>
          <Entry>
            <Values />
            <Value0>65542</Value0>
            <Value1>648615</Value1>
          </Entry>
        </Unknown>
        <Dialogs>
          <Dialog>姉ヶ崎</Dialog>
          <Dialog>I tried this active style
outfit today... What do you
think？</Dialog>
          <Dialog>○○○○○○○○</Dialog>
          <Dialog>Well...</Dialog>
          <Dialog>You look good</Dialog>
          <Dialog>It's not very good...</Dialog>
          <Dialog>It doesn't matter</Dialog>
        </Dialogs>
      </SDL2>
    </Entry>
    <Entry Unknown0="4003737448" Unknown1="2057560470">
      <SDL2 Key="2871104738">
        <Unknown>
          <Entry>
            <Values>
              <Entry>
                <Value0>62364</Value0>
                <Value1>0</Value1>
              </Entry>
            </Values>
            <Value0>147456</Value0>
            <Value1>65536</Value1>
          </Entry>
          <Entry>
            <Values />
            <Value0>147458</Value0>
            <Value1>196608</Value1>
          </Entry>
          <Entry>
            <Values />
            <Value0>65540</Value0>
            <Value1>65541</Value1>
          </Entry>
          <Entry>
            <Values />
            <Value0>65541</Value0>
            <Value1>65542</Value1>
          </Entry>
          <Entry>
            <Values />
            <Value0>65542</Value0>
            <Value1>648615</Value1>
          </Entry>
        </Unknown>
        <Dialogs>
          <Dialog>姉ヶ崎</Dialog>
          <Dialog>This style of outfit makes me
look as energetic as younger
people. Hehe. What do you
think？</Dialog>
          <Dialog>○○○○○○○○</Dialog>
          <Dialog>Energetic...？</Dialog>
          <Dialog>You look good</Dialog>
          <Dialog>You don't look good...</Dialog>
          <Dialog>It doesn't matter</Dialog>
        </Dialogs>
      </SDL2>
    </Entry>
    <Entry Unknown0="8766074" Unknown1="2570974071">
      <SDL2 Key="2871104738">
        <Unknown>
          <Entry>
            <Values>
              <Entry>
                <Value0>62365</Value0>
                <Value1>0</Value1>
              </Entry>
            </Values>
            <Value0>147456</Value0>
            <Value1>65536</Value1>
          </Entry>
          <Entry>
            <Values />
            <Value0>147458</Value0>
            <Value1>196608</Value1>
          </Entry>
          <Entry>
            <Values />
            <Value0>65540</Value0>
            <Value1>65541</Value1>
          </Entry>
          <Entry>
            <Values />
            <Value0>65541</Value0>
            <Value1>65542</Value1>
          </Entry>
          <Entry>
            <Values />
            <Value0>65542</Value0>
            <Value1>648615</Value1>
          </Entry>
        </Unknown>
        <Dialogs>
          <Dialog>姉ヶ崎</Dialog>
          <Dialog>I'm wearing active style
clothing today. Hehe, what do
you think？</Dialog>
          <Dialog>○○○○○○○○</Dialog>
          <Dialog>Well...</Dialog>
          <Dialog>Yes, you look good</Dialog>
          <Dialog>This is not very good...</Dialog>
          <Dialog>It doesn't matter</Dialog>
        </Dialogs>
      </SDL2>
    </Entry>
    <Entry Unknown0="3810709595" Unknown1="4082226196">
      <SDL2 Key="2871104738">
        <Unknown>
          <Entry>
            <Values>
              <Entry>
                <Value0>62366</Value0>
                <Value1>0</Value1>
              </Entry>
            </Values>
            <Value0>147456</Value0>
            <Value1>65536</Value1>
          </Entry>
          <Entry>
            <Values />
            <Value0>147458</Value0>
            <Value1>196608</Value1>
          </Entry>
          <Entry>
            <Values />
            <Value0>65540</Value0>
            <Value1>65541</Value1>
          </Entry>
          <Entry>
            <Values />
            <Value0>65541</Value0>
            <Value1>65542</Value1>
          </Entry>
          <Entry>
            <Values />
            <Value0>65542</Value0>
            <Value1>648615</Value1>
          </Entry>
        </Unknown>
        <Dialogs>
          <Dialog>姉ヶ崎</Dialog>
          <Dialog>Um, I wonder if you like my
outfit today... What do you
say？</Dialog>
          <Dialog>○○○○○○○○</Dialog>
          <Dialog>Um, well...</Dialog>
          <Dialog>This is great！</Dialog>
          <Dialog>It's too gaudy...</Dialog>
          <Dialog>Wear whatever you want</Dialog>
        </Dialogs>
      </SDL2>
    </Entry>
    <Entry Unknown0="2117386232" Unknown1="3308482854">
      <SDL2 Key="2871104738">
        <Unknown>
          <Entry>
            <Values>
              <Entry>
                <Value0>62367</Value0>
                <Value1>0</Value1>
              </Entry>
              <Entry>
                <Value0>62368</Value0>
                <Value1>333</Value1>
              </Entry>
            </Values>
            <Value0>147456</Value0>
            <Value1>65536</Value1>
          </Entry>
          <Entry>
            <Values />
            <Value0>147458</Value0>
            <Value1>196608</Value1>
          </Entry>
          <Entry>
            <Values />
            <Value0>65540</Value0>
            <Value1>65541</Value1>
          </Entry>
          <Entry>
            <Values />
            <Value0>65541</Value0>
            <Value1>65542</Value1>
          </Entry>
          <Entry>
            <Values />
            <Value0>65542</Value0>
            <Value1>648615</Value1>
          </Entry>
        </Unknown>
        <Dialogs>
          <Dialog>姉ヶ崎</Dialog>
          <Dialog>I changed my image a little
bit today. Guys like this
style, right？</Dialog>
          <Dialog>○○○○○○○○</Dialog>
          <Dialog>Um, well...</Dialog>
          <Dialog>Exactly. I love it</Dialog>
          <Dialog>This is too gaudy</Dialog>
          <Dialog>I don't care</Dialog>
        </Dialogs>
      </SDL2>
    </Entry>
    <Entry Unknown0="2417316362" Unknown1="3872228103">
      <SDL2 Key="1675827144">
        <Unknown>
          <Entry>
            <Values>
              <Entry>
                <Value0>62369</Value0>
                <Value1>0</Value1>
              </Entry>
            </Values>
            <Value0>147456</Value0>
            <Value1>65536</Value1>
          </Entry>
          <Entry>
            <Values />
            <Value0>147458</Value0>
            <Value1>196608</Value1>
          </Entry>
          <Entry>
            <Values />
            <Value0>65540</Value0>
            <Value1>65541</Value1>
          </Entry>
          <Entry>
            <Values />
            <Value0>65541</Value0>
            <Value1>65542</Value1>
          </Entry>
          <Entry>
            <Values />
            <Value0>65542</Value0>
            <Value1>648615</Value1>
          </Entry>
        </Unknown>
        <Dialogs>
          <Dialog>姉ヶ崎</Dialog>
          <Dialog>I've tried my best. This is a
little embarrassing, though.
...What do you think？</Dialog>
          <Dialog>○○○○○○○○</Dialog>
          <Dialog>Um, well...</Dialog>
          <Dialog>Yes, you look great.</Dialog>
          <Dialog>This is too gaudy...</Dialog>
          <Dialog>I don't care</Dialog>
        </Dialogs>
      </SDL2>
    </Entry>
    <Entry Unknown0="1941070059" Unknown1="1122067620">
      <SDL2 Key="1675827144">
        <Unknown>
          <Entry>
            <Values>
              <Entry>
                <Value0>62370</Value0>
                <Value1>0</Value1>
              </Entry>
            </Values>
            <Value0>147456</Value0>
            <Value1>65536</Value1>
          </Entry>
        </Unknown>
        <Dialogs>
          <Dialog>姉ヶ崎</Dialog>
          <Dialog>I'm glad. I was worrying about
what I should do if you said I
looked weird...</Dialog>
        </Dialogs>
      </SDL2>
    </Entry>
    <Entry Unknown0="247746440" Unknown1="1422066102">
      <SDL2 Key="1675827144">
        <Unknown>
          <Entry>
            <Values>
              <Entry>
                <Value0>62371</Value0>
                <Value1>0</Value1>
              </Entry>
            </Values>
            <Value0>147456</Value0>
            <Value1>65536</Value1>
          </Entry>
        </Unknown>
        <Dialogs>
          <Dialog>姉ヶ崎</Dialog>
          <Dialog>Hehe. Thanks. If you said I
didn't look good, I would
scold you.</Dialog>
        </Dialogs>
      </SDL2>
    </Entry>
    <Entry Unknown0="547742362" Unknown1="2002588567">
      <SDL2 Key="1675827144">
        <Unknown>
          <Entry>
            <Values>
              <Entry>
                <Value0>62372</Value0>
                <Value1>0</Value1>
              </Entry>
            </Values>
            <Value0>147456</Value0>
            <Value1>65536</Value1>
          </Entry>
        </Unknown>
        <Dialogs>
          <Dialog>姉ヶ崎</Dialog>
          <Dialog>Hehe, thanks. This is worth my
effort then.</Dialog>
        </Dialogs>
      </SDL2>
    </Entry>
    <Entry Unknown0="54718587" Unknown1="3513906228">
      <SDL2 Key="1675827144">
        <Unknown>
          <Entry>
            <Values>
              <Entry>
                <Value0>62373</Value0>
                <Value1>0</Value1>
              </Entry>
            </Values>
            <Value0>147456</Value0>
            <Value1>65536</Value1>
          </Entry>
        </Unknown>
        <Dialogs>
          <Dialog>姉ヶ崎</Dialog>
          <Dialog>Ah, sorry... I'll try wearing
something else next time...</Dialog>
        </Dialogs>
      </SDL2>
    </Entry>
    <Entry Unknown0="2656362264" Unknown1="2807271750">
      <SDL2 Key="2200128804">
        <Unknown>
          <Entry>
            <Values>
              <Entry>
                <Value0>62374</Value0>
                <Value1>0</Value1>
              </Entry>
            </Values>
            <Value0>147456</Value0>
            <Value1>65536</Value1>
          </Entry>
        </Unknown>
        <Dialogs>
          <Dialog>姉ヶ崎</Dialog>
          <Dialog>I see... I feel a little
disappointed. Anyway, I can
use this as a reference. Hehe.</Dialog>
        </Dialogs>
      </SDL2>
    </Entry>
    <Entry Unknown0="2956292650" Unknown1="3303908135">
      <SDL2 Key="2200128804">
        <Unknown>
          <Entry>
            <Values>
              <Entry>
                <Value0>62375</Value0>
                <Value1>0</Value1>
              </Entry>
            </Values>
            <Value0>147456</Value0>
            <Value1>65536</Value1>
          </Entry>
        </Unknown>
        <Dialogs>
          <Dialog>姉ヶ崎</Dialog>
          <Dialog>Ah, so you don't like
something like this... Okay,
it's difficult to understand
your taste.</Dialog>
        </Dialogs>
      </SDL2>
    </Entry>
    <Entry Unknown0="2480046091" Unknown1="536970436">
      <SDL2 Key="2200128804">
        <Unknown>
          <Entry>
            <Values>
              <Entry>
                <Value0>62376</Value0>
                <Value1>0</Value1>
              </Entry>
            </Values>
            <Value0>147456</Value0>
            <Value1>65536</Value1>
          </Entry>
        </Unknown>
        <Dialogs>
          <Dialog>姉ヶ崎</Dialog>
          <Dialog>Ah, okay... Sorry for asking
such a boring question.</Dialog>
        </Dialogs>
      </SDL2>
    </Entry>
    <Entry Unknown0="786722728" Unknown1="920854998">
      <SDL2 Key="2200128804">
        <Unknown>
          <Entry>
            <Values>
              <Entry>
                <Value0>62377</Value0>
                <Value1>0</Value1>
              </Entry>
            </Values>
            <Value0>147456</Value0>
            <Value1>65536</Value1>
          </Entry>
        </Unknown>
        <Dialogs>
          <Dialog>姉ヶ崎</Dialog>
          <Dialog>Hey. If you don't answer me
properly, I'll start to pout,
okay？</Dialog>
        </Dialogs>
      </SDL2>
    </Entry>
    <Entry Unknown0="1086653114" Unknown1="1434268599">
      <SDL2 Key="2200128804">
        <Unknown>
          <Entry>
            <Values>
              <Entry>
                <Value0>62378</Value0>
                <Value1>0</Value1>
              </Entry>
            </Values>
            <Value0>147456</Value0>
            <Value1>65536</Value1>
          </Entry>
        </Unknown>
        <Dialogs>
          <Dialog>姉ヶ崎</Dialog>
          <Dialog>Hey, you're not interested？
...Well, I'll let you off
today.</Dialog>
        </Dialogs>
      </SDL2>
    </Entry>
    <Entry Unknown0="593629339" Unknown1="3079738452">
      <SDL2 Key="2200128804">
        <Unknown>
          <Entry>
            <Values>
              <Entry>
                <Value0>62379</Value0>
                <Value1>0</Value1>
              </Entry>
            </Values>
            <Value0>147456</Value0>
            <Value1>65536</Value1>
          </Entry>
        </Unknown>
        <Dialogs>
          <Dialog>姉ヶ崎</Dialog>
          <Dialog>Ah... Never mind. Yeah...
Never mind.</Dialog>
        </Dialogs>
      </SDL2>
    </Entry>
    <Entry Unknown0="3195338552" Unknown1="2171842918">
      <SDL2 Key="1273278970">
        <Unknown>
          <Entry>
            <Values>
              <Entry>
                <Value0>62380</Value0>
                <Value1>0</Value1>
              </Entry>
            </Values>
            <Value0>147456</Value0>
            <Value1>65536</Value1>
          </Entry>
        </Unknown>
        <Dialogs>
          <Dialog>姉ヶ崎</Dialog>
          <Dialog>Hmm...？ So, you're not old
enough to care about how girls
dress yet, huh？</Dialog>
        </Dialogs>
      </SDL2>
    </Entry>
    <Entry Unknown0="3495268938" Unknown1="2718810951">
      <SDL2 Key="1273278970">
        <Unknown>
          <Entry>
            <Values>
              <Entry>
                <Value0>62381</Value0>
                <Value1>0</Value1>
              </Entry>
            </Values>
            <Value0>147456</Value0>
            <Value1>65536</Value1>
          </Entry>
        </Unknown>
        <Dialogs>
          <Dialog>姉ヶ崎</Dialog>
          <Dialog>Hey... I'll forgive you this
time, but it's not good to
ignore me, okay？</Dialog>
        </Dialogs>
      </SDL2>
    </Entry>
    <Entry Unknown0="3019022379" Unknown1="2736891108">
      <SDL2 Key="1273278970">
        <Unknown>
          <Entry>
            <Values>
              <Entry>
                <Value0>62382</Value0>
                <Value1>0</Value1>
              </Entry>
            </Values>
            <Value0>147456</Value0>
            <Value1>65536</Value1>
          </Entry>
          <Entry>
            <Values />
            <Value0>147458</Value0>
            <Value1>196608</Value1>
          </Entry>
          <Entry>
            <Values />
            <Value0>65540</Value0>
            <Value1>65541</Value1>
          </Entry>
          <Entry>
            <Values />
            <Value0>65541</Value0>
            <Value1>65542</Value1>
          </Entry>
          <Entry>
            <Values />
            <Value0>65542</Value0>
            <Value1>648615</Value1>
          </Entry>
        </Unknown>
        <Dialogs>
          <Dialog>姉ヶ崎</Dialog>
          <Dialog>Hey, I've been wearing this
style of clothes for quite a
while. Do you think I should
change？</Dialog>
          <Dialog>○○○○○○○○</Dialog>
          <Dialog>Well...</Dialog>
          <Dialog>It's good like this</Dialog>
          <Dialog>Yeah, you should change</Dialog>
          <Dialog>I don't really know...</Dialog>
        </Dialogs>
      </SDL2>
    </Entry>
    <Entry Unknown0="1308921800" Unknown1="3036889590">
      <SDL2 Key="1273278970">
        <Unknown>
          <Entry>
            <Values>
              <Entry>
                <Value0>62383</Value0>
                <Value1>0</Value1>
              </Entry>
            </Values>
            <Value0>147456</Value0>
            <Value1>65536</Value1>
          </Entry>
          <Entry>
            <Values />
            <Value0>147458</Value0>
            <Value1>196608</Value1>
          </Entry>
          <Entry>
            <Values />
            <Value0>65540</Value0>
            <Value1>65541</Value1>
          </Entry>
          <Entry>
            <Values />
            <Value0>65541</Value0>
            <Value1>65542</Value1>
          </Entry>
          <Entry>
            <Values />
            <Value0>65542</Value0>
            <Value1>648615</Value1>
          </Entry>
        </Unknown>
        <Dialogs>
          <Dialog>姉ヶ崎</Dialog>
          <Dialog>I've been wearing this kind of
clothes with neat and tidy
image for a while. Shall I
change？</Dialog>
          <Dialog>○○○○○○○○</Dialog>
          <Dialog>Well...</Dialog>
          <Dialog>It's good like this</Dialog>
          <Dialog>You should try new styles</Dialog>
          <Dialog>I don't really know...</Dialog>
        </Dialogs>
      </SDL2>
    </Entry>
    <Entry Unknown0="1625629402" Unknown1="2526893015">
      <SDL2 Key="1273278970">
        <Unknown>
          <Entry>
            <Values>
              <Entry>
                <Value0>62384</Value0>
                <Value1>0</Value1>
              </Entry>
            </Values>
            <Value0>147456</Value0>
            <Value1>65536</Value1>
          </Entry>
          <Entry>
            <Values />
            <Value0>147458</Value0>
            <Value1>196608</Value1>
          </Entry>
          <Entry>
            <Values />
            <Value0>65540</Value0>
            <Value1>65541</Value1>
          </Entry>
          <Entry>
            <Values />
            <Value0>65541</Value0>
            <Value1>65542</Value1>
          </Entry>
          <Entry>
            <Values />
            <Value0>65542</Value0>
            <Value1>648615</Value1>
          </Entry>
        </Unknown>
        <Dialogs>
          <Dialog>姉ヶ崎</Dialog>
          <Dialog>I've always been wearing neat
and tidy clothes. What's your
opinion about this clothing
style？</Dialog>
          <Dialog>○○○○○○○○</Dialog>
          <Dialog>Well...</Dialog>
          <Dialog>It suits you best</Dialog>
          <Dialog>How about some changes？</Dialog>
          <Dialog>I don't really know...</Dialog>
        </Dialogs>
      </SDL2>
    </Entry>
    <Entry Unknown0="1132605627" Unknown1="850474100">
      <SDL2 Key="2066016341">
        <Unknown>
          <Entry>
            <Values>
              <Entry>
                <Value0>62385</Value0>
                <Value1>0</Value1>
              </Entry>
            </Values>
            <Value0>147456</Value0>
            <Value1>65536</Value1>
          </Entry>
          <Entry>
            <Values />
            <Value0>147458</Value0>
            <Value1>196608</Value1>
          </Entry>
          <Entry>
            <Values />
            <Value0>65540</Value0>
            <Value1>65541</Value1>
          </Entry>
          <Entry>
            <Values />
            <Value0>65541</Value0>
            <Value1>65542</Value1>
          </Entry>
          <Entry>
            <Values />
            <Value0>65542</Value0>
            <Value1>648615</Value1>
          </Entry>
        </Unknown>
        <Dialogs>
          <Dialog>姉ヶ崎</Dialog>
          <Dialog>I tried this feminine outfit
today... Is it weird？</Dialog>
          <Dialog>○○○○○○○○</Dialog>
          <Dialog>Well...</Dialog>
          <Dialog>You're so cute</Dialog>
          <Dialog>Well, it doesn't suit you</Dialog>
          <Dialog>I guess it's good</Dialog>
        </Dialogs>
      </SDL2>
    </Entry>
    <Entry Unknown0="3734249304" Unknown1="3298021766">
      <SDL2 Key="2066016341">
        <Unknown>
          <Entry>
            <Values>
              <Entry>
                <Value0>62386</Value0>
                <Value1>0</Value1>
              </Entry>
              <Entry>
                <Value0>62387</Value0>
                <Value1>467</Value1>
              </Entry>
            </Values>
            <Value0>147456</Value0>
            <Value1>65536</Value1>
          </Entry>
          <Entry>
            <Values />
            <Value0>147458</Value0>
            <Value1>196608</Value1>
          </Entry>
          <Entry>
            <Values />
            <Value0>65540</Value0>
            <Value1>65541</Value1>
          </Entry>
          <Entry>
            <Values />
            <Value0>65541</Value0>
            <Value1>65542</Value1>
          </Entry>
          <Entry>
            <Values />
            <Value0>65542</Value0>
            <Value1>648615</Value1>
          </Entry>
        </Unknown>
        <Dialogs>
          <Dialog>姉ヶ崎</Dialog>
          <Dialog>I tried wearing this feminine
outfit today. What do you
think？ Do I look weird？</Dialog>
          <Dialog>○○○○○○○○</Dialog>
          <Dialog>Well...</Dialog>
          <Dialog>I like it</Dialog>
          <Dialog>...Um, it's really weird</Dialog>
          <Dialog>I guess it's good</Dialog>
        </Dialogs>
      </SDL2>
    </Entry>
    <Entry Unknown0="4034245226" Unknown1="657318759">
      <SDL2 Key="2066016341">
        <Unknown>
          <Entry>
            <Values>
              <Entry>
                <Value0>62388</Value0>
                <Value1>0</Value1>
              </Entry>
              <Entry>
                <Value0>62389</Value0>
                <Value1>467</Value1>
              </Entry>
            </Values>
            <Value0>147456</Value0>
            <Value1>65536</Value1>
          </Entry>
          <Entry>
            <Values />
            <Value0>147458</Value0>
            <Value1>196608</Value1>
          </Entry>
          <Entry>
            <Values />
            <Value0>65540</Value0>
            <Value1>65541</Value1>
          </Entry>
          <Entry>
            <Values />
            <Value0>65541</Value0>
            <Value1>65542</Value1>
          </Entry>
          <Entry>
            <Values />
            <Value0>65542</Value0>
            <Value1>648615</Value1>
          </Entry>
        </Unknown>
        <Dialogs>
          <Dialog>姉ヶ崎</Dialog>
          <Dialog>I've been wearing these
feminine style clothes for a
while... I wonder what my
boyfriend would say.</Dialog>
          <Dialog>○○○○○○○○</Dialog>
          <Dialog>Well...</Dialog>
          <Dialog>You look good, so "okay."</Dialog>
          <Dialog>I think it's no good...</Dialog>
          <Dialog>I guess it's good</Dialog>
        </Dialogs>
      </SDL2>
    </Entry>
    <Entry Unknown0="3541221451" Unknown1="1094829060">
      <SDL2 Key="2066016341">
        <Unknown>
          <Entry>
            <Values>
              <Entry>
                <Value0>62390</Value0>
                <Value1>0</Value1>
              </Entry>
            </Values>
            <Value0>147456</Value0>
            <Value1>65536</Value1>
          </Entry>
          <Entry>
            <Values />
            <Value0>147458</Value0>
            <Value1>196608</Value1>
          </Entry>
          <Entry>
            <Values />
            <Value0>65540</Value0>
            <Value1>65541</Value1>
          </Entry>
          <Entry>
            <Values />
            <Value0>65541</Value0>
            <Value1>65542</Value1>
          </Entry>
          <Entry>
            <Values />
            <Value0>65542</Value0>
            <Value1>648615</Value1>
          </Entry>
        </Unknown>
        <Dialogs>
          <Dialog>姉ヶ崎</Dialog>
          <Dialog>I started to like active style
clothing lately. What do you
think？</Dialog>
          <Dialog>○○○○○○○○</Dialog>
          <Dialog>Well...</Dialog>
          <Dialog>Yes, I think I like it</Dialog>
          <Dialog>I think it's no good...</Dialog>
          <Dialog>I guess it's good</Dialog>
        </Dialogs>
      </SDL2>
    </Entry>
    <Entry Unknown0="1847898088" Unknown1="1461936406">
      <SDL2 Key="2639535791">
        <Unknown>
          <Entry>
            <Values>
              <Entry>
                <Value0>62391</Value0>
                <Value1>0</Value1>
              </Entry>
            </Values>
            <Value0>147456</Value0>
            <Value1>65536</Value1>
          </Entry>
          <Entry>
            <Values />
            <Value0>147458</Value0>
            <Value1>196608</Value1>
          </Entry>
          <Entry>
            <Values />
            <Value0>65540</Value0>
            <Value1>65541</Value1>
          </Entry>
          <Entry>
            <Values />
            <Value0>65541</Value0>
            <Value1>65542</Value1>
          </Entry>
          <Entry>
            <Values />
            <Value0>65542</Value0>
            <Value1>648615</Value1>
          </Entry>
        </Unknown>
        <Dialogs>
          <Dialog>姉ヶ崎</Dialog>
          <Dialog>What do you think about my
clothes？ Do you hate this
kind of casual wear？</Dialog>
          <Dialog>○○○○○○○○</Dialog>
          <Dialog>Well...</Dialog>
          <Dialog>I don't hate it</Dialog>
          <Dialog>Um, this is no good</Dialog>
          <Dialog>I guess it's good</Dialog>
        </Dialogs>
      </SDL2>
    </Entry>
    <Entry Unknown0="2147828474" Unknown1="3032314871">
      <SDL2 Key="2639535791">
        <Unknown>
          <Entry>
            <Values>
              <Entry>
                <Value0>62392</Value0>
                <Value1>0</Value1>
              </Entry>
            </Values>
            <Value0>147456</Value0>
            <Value1>65536</Value1>
          </Entry>
          <Entry>
            <Values />
            <Value0>147458</Value0>
            <Value1>196608</Value1>
          </Entry>
          <Entry>
            <Values />
            <Value0>65540</Value0>
            <Value1>65541</Value1>
          </Entry>
          <Entry>
            <Values />
            <Value0>65541</Value0>
            <Value1>65542</Value1>
          </Entry>
          <Entry>
            <Values />
            <Value0>65542</Value0>
            <Value1>648615</Value1>
          </Entry>
        </Unknown>
        <Dialogs>
          <Dialog>姉ヶ崎</Dialog>
          <Dialog>Lately, I started to like
wearing active clothes. I
wonder what my boyfriend would
say.</Dialog>
          <Dialog>○○○○○○○○</Dialog>
          <Dialog>Well...</Dialog>
          <Dialog>You look good, Very cute</Dialog>
          <Dialog>This is no good</Dialog>
          <Dialog>I guess it's good</Dialog>
        </Dialogs>
      </SDL2>
    </Entry>
    <Entry Unknown0="1671581915" Unknown1="3503379604">
      <SDL2 Key="2639535791">
        <Unknown>
          <Entry>
            <Values>
              <Entry>
                <Value0>62393</Value0>
                <Value1>0</Value1>
              </Entry>
            </Values>
            <Value0>147456</Value0>
            <Value1>65536</Value1>
          </Entry>
        </Unknown>
        <Dialogs>
          <Dialog>姉ヶ崎</Dialog>
          <Dialog>...Okay, thanks. I can never
decide what to wear... I'm
glad I chose this one.</Dialog>
        </Dialogs>
      </SDL2>
    </Entry>
    <Entry Unknown0="4273225592" Unknown1="3870552486">
      <SDL2 Key="2639535791">
        <Unknown>
          <Entry>
            <Values>
              <Entry>
                <Value0>62394</Value0>
                <Value1>0</Value1>
              </Entry>
            </Values>
            <Value0>147456</Value0>
            <Value1>65536</Value1>
          </Entry>
        </Unknown>
        <Dialogs>
          <Dialog>姉ヶ崎</Dialog>
          <Dialog>Hehe. If you said that I don't
look good, I would scold you.</Dialog>
        </Dialogs>
      </SDL2>
    </Entry>
    <Entry Unknown0="278254218" Unknown1="3310158727">
      <SDL2 Key="2639535791">
        <Unknown>
          <Entry>
            <Values>
              <Entry>
                <Value0>62395</Value0>
                <Value1>0</Value1>
              </Entry>
            </Values>
            <Value0>147456</Value0>
            <Value1>65536</Value1>
          </Entry>
        </Unknown>
        <Dialogs>
          <Dialog>姉ヶ崎</Dialog>
          <Dialog>Hehe, thanks. I'll try to keep
myself updated about fashion
from now on too.</Dialog>
        </Dialogs>
      </SDL2>
    </Entry>
    <Entry Unknown0="4080197739" Unknown1="1734468644">
      <SDL2 Key="2639535791">
        <Unknown>
          <Entry>
            <Values>
              <Entry>
                <Value0>62396</Value0>
                <Value1>0</Value1>
              </Entry>
            </Values>
            <Value0>147456</Value0>
            <Value1>65536</Value1>
          </Entry>
        </Unknown>
        <Dialogs>
          <Dialog>姉ヶ崎</Dialog>
          <Dialog>Eh？ Ah, um... Sorry. I'll try
to pick something that you
like next time, okay？</Dialog>
        </Dialogs>
      </SDL2>
    </Entry>
    <Entry Unknown0="2386874120" Unknown1="1900249398">
      <SDL2 Key="1428591238">
        <Unknown>
          <Entry>
            <Values>
              <Entry>
                <Value0>62397</Value0>
                <Value1>0</Value1>
              </Entry>
            </Values>
            <Value0>147456</Value0>
            <Value1>65536</Value1>
          </Entry>
        </Unknown>
        <Dialogs>
          <Dialog>姉ヶ崎</Dialog>
          <Dialog>...Hehe. Your answer is really
vague. Anyway, I'll let you
off today.</Dialog>
        </Dialogs>
      </SDL2>
    </Entry>
    <Entry Unknown0="2686804506" Unknown1="1390252823">
      <SDL2 Key="1428591238">
        <Unknown>
          <Entry>
            <Values>
              <Entry>
                <Value0>62398</Value0>
                <Value1>0</Value1>
              </Entry>
            </Values>
            <Value0>147456</Value0>
            <Value1>65536</Value1>
          </Entry>
        </Unknown>
        <Dialogs>
          <Dialog>姉ヶ崎</Dialog>
          <Dialog>Ah, I see... What a failure. I
made a wrong guess about your
taste. Sorry.</Dialog>
        </Dialogs>
      </SDL2>
    </Entry>
    <Entry Unknown0="2210558203" Unknown1="4143019188">
      <SDL2 Key="1428591238">
        <Unknown>
          <Entry>
            <Values>
              <Entry>
                <Value0>62399</Value0>
                <Value1>0</Value1>
              </Entry>
            </Values>
            <Value0>147456</Value0>
            <Value1>65536</Value1>
          </Entry>
        </Unknown>
        <Dialogs>
          <Dialog>姉ヶ崎</Dialog>
          <Dialog>Ah... Sorry. You probably
don't like to talk about it, I
guess.</Dialog>
        </Dialogs>
      </SDL2>
    </Entry>
    <Entry Unknown0="517234584" Unknown1="2161316294">
      <SDL2 Key="1428591238">
        <Unknown>
          <Entry>
            <Values>
              <Entry>
                <Value0>62400</Value0>
                <Value1>0</Value1>
              </Entry>
            </Values>
            <Value0>147456</Value0>
            <Value1>65536</Value1>
          </Entry>
        </Unknown>
        <Dialogs>
          <Dialog>姉ヶ崎</Dialog>
          <Dialog>Hey... Could you at least
think about it？ You haven't
even looked at me.</Dialog>
        </Dialogs>
      </SDL2>
    </Entry>
    <Entry Unknown0="817230506" Unknown1="3815580583">
      <SDL2 Key="1428591238">
        <Unknown>
          <Entry>
            <Values>
              <Entry>
                <Value0>62401</Value0>
                <Value1>0</Value1>
              </Entry>
            </Values>
            <Value0>147456</Value0>
            <Value1>65536</Value1>
          </Entry>
        </Unknown>
        <Dialogs>
          <Dialog>姉ヶ崎</Dialog>
          <Dialog>Hehe. Not interested in your
girlfriend's clothes, huh？
Hmm... This is a bit
unfortunate...</Dialog>
        </Dialogs>
      </SDL2>
    </Entry>
  </Entries>
</DBIN2>