<?xml version="1.0" encoding="utf-8"?>
<DBIN2 xmlns:xsi="http://www.w3.org/2001/XMLSchema-instance" xmlns:xsd="http://www.w3.org/2001/XMLSchema" Key="692750405" Unknown="132">
  <Entries>
    <Entry Unknown0="1410806910" Unknown1="1080403817">
      <SDL2 Key="2409811127">
        <Unknown>
          <Entry>
            <Values>
              <Entry>
                <Value0>63766</Value0>
                <Value1>0</Value1>
              </Entry>
            </Values>
            <Value0>147456</Value0>
            <Value1>65536</Value1>
          </Entry>
          <Entry>
            <Values />
            <Value0>147458</Value0>
            <Value1>196608</Value1>
          </Entry>
          <Entry>
            <Values />
            <Value0>65540</Value0>
            <Value1>65541</Value1>
          </Entry>
          <Entry>
            <Values />
            <Value0>65541</Value0>
            <Value1>648615</Value1>
          </Entry>
        </Unknown>
        <Dialogs>
          <Dialog>姉ヶ崎</Dialog>
          <Dialog>Hey... If it's okay with you,
how about you come to study at
my house？ We have tests
coming up, right？</Dialog>
          <Dialog>○○○○○○○○</Dialog>
          <Dialog>Right, the tests...</Dialog>
          <Dialog>Okay, I'd love to</Dialog>
          <Dialog>I'll study by myself</Dialog>
        </Dialogs>
      </SDL2>
    </Entry>
    <Entry Unknown0="3842524173" Unknown1="829830746">
      <SDL2 Key="2950820898">
        <Unknown>
          <Entry>
            <Values>
              <Entry>
                <Value0>63767</Value0>
                <Value1>0</Value1>
              </Entry>
            </Values>
            <Value0>147456</Value0>
            <Value1>65536</Value1>
          </Entry>
          <Entry>
            <Values />
            <Value0>147458</Value0>
            <Value1>196608</Value1>
          </Entry>
          <Entry>
            <Values />
            <Value0>65540</Value0>
            <Value1>65541</Value1>
          </Entry>
          <Entry>
            <Values />
            <Value0>65541</Value0>
            <Value1>648615</Value1>
          </Entry>
        </Unknown>
        <Dialogs>
          <Dialog>姉ヶ崎</Dialog>
          <Dialog>Wanna come to study at my
house？ You haven't studied
for the coming tests, right？</Dialog>
          <Dialog>○○○○○○○○</Dialog>
          <Dialog>The coming tests...？</Dialog>
          <Dialog>Okay, I'd love to</Dialog>
          <Dialog>I'll study by myself</Dialog>
        </Dialogs>
      </SDL2>
    </Entry>
    <Entry Unknown0="3558397438" Unknown1="1090529130">
      <SDL2 Key="2950820898">
        <Unknown>
          <Entry>
            <Values>
              <Entry>
                <Value0>63768</Value0>
                <Value1>0</Value1>
              </Entry>
            </Values>
            <Value0>147456</Value0>
            <Value1>65536</Value1>
          </Entry>
          <Entry>
            <Values />
            <Value0>147458</Value0>
            <Value1>196608</Value1>
          </Entry>
          <Entry>
            <Values />
            <Value0>65540</Value0>
            <Value1>65541</Value1>
          </Entry>
          <Entry>
            <Values />
            <Value0>65541</Value0>
            <Value1>648615</Value1>
          </Entry>
        </Unknown>
        <Dialogs>
          <Dialog>姉ヶ崎</Dialog>
          <Dialog>Have you studied for the
coming tests？ Wanna come to
study at my house？</Dialog>
          <Dialog>○○○○○○○○</Dialog>
          <Dialog>Well...</Dialog>
          <Dialog>Okay, I'd love to</Dialog>
          <Dialog>I'll study by myself</Dialog>
        </Dialogs>
      </SDL2>
    </Entry>
    <Entry Unknown0="3836199950" Unknown1="3522508793">
      <SDL2 Key="2950820898">
        <Unknown>
          <Entry>
            <Values>
              <Entry>
                <Value0>63769</Value0>
                <Value1>0</Value1>
              </Entry>
            </Values>
            <Value0>147456</Value0>
            <Value1>65536</Value1>
          </Entry>
        </Unknown>
        <Dialogs>
          <Dialog>姉ヶ崎</Dialog>
          <Dialog>Then I'll see you after
school.</Dialog>
        </Dialogs>
      </SDL2>
    </Entry>
    <Entry Unknown0="1972950173" Unknown1="3221669610">
      <SDL2 Key="2950820898">
        <Unknown>
          <Entry>
            <Values>
              <Entry>
                <Value0>63770</Value0>
                <Value1>0</Value1>
              </Entry>
            </Values>
            <Value0>147456</Value0>
            <Value1>65536</Value1>
          </Entry>
        </Unknown>
        <Dialogs>
          <Dialog>姉ヶ崎</Dialog>
          <Dialog>Then come to my house after
school.</Dialog>
        </Dialogs>
      </SDL2>
    </Entry>
    <Entry Unknown0="1688757646" Unknown1="3499145210">
      <SDL2 Key="2950820898">
        <Unknown>
          <Entry>
            <Values>
              <Entry>
                <Value0>63771</Value0>
                <Value1>0</Value1>
              </Entry>
            </Values>
            <Value0>147456</Value0>
            <Value1>65536</Value1>
          </Entry>
        </Unknown>
        <Dialogs>
          <Dialog>姉ヶ崎</Dialog>
          <Dialog>Um, then let's meet at my
house after school.</Dialog>
        </Dialogs>
      </SDL2>
    </Entry>
    <Entry Unknown0="1949783198" Unknown1="1652934537">
      <SDL2 Key="1738766312">
        <Unknown>
          <Entry>
            <Values>
              <Entry>
                <Value0>63772</Value0>
                <Value1>0</Value1>
              </Entry>
            </Values>
            <Value0>147456</Value0>
            <Value1>65536</Value1>
          </Entry>
        </Unknown>
        <Dialogs>
          <Dialog>姉ヶ崎</Dialog>
          <Dialog>I see... Okay, do your best
then.</Dialog>
        </Dialogs>
      </SDL2>
    </Entry>
    <Entry Unknown0="86533165" Unknown1="1402361466">
      <SDL2 Key="1738766312">
        <Unknown>
          <Entry>
            <Values>
              <Entry>
                <Value0>63773</Value0>
                <Value1>0</Value1>
              </Entry>
            </Values>
            <Value0>147456</Value0>
            <Value1>65536</Value1>
          </Entry>
        </Unknown>
        <Dialogs>
          <Dialog>姉ヶ崎</Dialog>
          <Dialog>Really？ Don't regret it later
then...</Dialog>
        </Dialogs>
      </SDL2>
    </Entry>
    <Entry Unknown0="4097373470" Unknown1="1663059850">
      <SDL2 Key="1738766312">
        <Unknown>
          <Entry>
            <Values>
              <Entry>
                <Value0>63774</Value0>
                <Value1>0</Value1>
              </Entry>
            </Values>
            <Value0>147456</Value0>
            <Value1>65536</Value1>
          </Entry>
        </Unknown>
        <Dialogs>
          <Dialog>姉ヶ崎</Dialog>
          <Dialog>I see. You want to study by
yourself. Good student, huh？</Dialog>
        </Dialogs>
      </SDL2>
    </Entry>
    <Entry Unknown0="80208942" Unknown1="4195702553">
      <SDL2 Key="1738766312">
        <Unknown>
          <Entry>
            <Values>
              <Entry>
                <Value0>63775</Value0>
                <Value1>0</Value1>
              </Entry>
              <Entry>
                <Value0>63776</Value0>
                <Value1>467</Value1>
              </Entry>
            </Values>
            <Value0>147456</Value0>
            <Value1>65536</Value1>
          </Entry>
          <Entry>
            <Values />
            <Value0>147458</Value0>
            <Value1>196608</Value1>
          </Entry>
          <Entry>
            <Values />
            <Value0>65540</Value0>
            <Value1>65541</Value1>
          </Entry>
          <Entry>
            <Values />
            <Value0>65541</Value0>
            <Value1>648615</Value1>
          </Entry>
        </Unknown>
        <Dialogs>
          <Dialog>姉ヶ崎</Dialog>
          <Dialog>Eh？ You're here... Right, if
you have time, how about
coming to my house to study
for the tests？</Dialog>
          <Dialog>○○○○○○○○</Dialog>
          <Dialog>Study for the tests？ Right,
we have tests coming up...</Dialog>
          <Dialog>Okay, I'd love to</Dialog>
          <Dialog>Sorry, I can't go today</Dialog>
        </Dialogs>
      </SDL2>
    </Entry>
    <Entry Unknown0="2511926461" Unknown1="3945195018">
      <SDL2 Key="1738766312">
        <Unknown>
          <Entry>
            <Values>
              <Entry>
                <Value0>63777</Value0>
                <Value1>0</Value1>
              </Entry>
            </Values>
            <Value0>147456</Value0>
            <Value1>65536</Value1>
          </Entry>
          <Entry>
            <Values />
            <Value0>147458</Value0>
            <Value1>196608</Value1>
          </Entry>
          <Entry>
            <Values />
            <Value0>65540</Value0>
            <Value1>65541</Value1>
          </Entry>
          <Entry>
            <Values />
            <Value0>65541</Value0>
            <Value1>648615</Value1>
          </Entry>
        </Unknown>
        <Dialogs>
          <Dialog>姉ヶ崎</Dialog>
          <Dialog>Eh？ You're here... Ah, have
you studied for the tests？
How about you come to study at
my house？</Dialog>
          <Dialog>○○○○○○○○</Dialog>
          <Dialog>Right, it's almost exam time
again...</Dialog>
          <Dialog>Okay, I'd love to</Dialog>
          <Dialog>Sorry, I can't go today</Dialog>
        </Dialogs>
      </SDL2>
    </Entry>
    <Entry Unknown0="2227733934" Unknown1="4222670618">
      <SDL2 Key="2547232084">
        <Unknown>
          <Entry>
            <Values>
              <Entry>
                <Value0>63778</Value0>
                <Value1>0</Value1>
              </Entry>
              <Entry>
                <Value0>63779</Value0>
                <Value1>467</Value1>
              </Entry>
            </Values>
            <Value0>147456</Value0>
            <Value1>65536</Value1>
          </Entry>
          <Entry>
            <Values />
            <Value0>147458</Value0>
            <Value1>196608</Value1>
          </Entry>
          <Entry>
            <Values />
            <Value0>65540</Value0>
            <Value1>65541</Value1>
          </Entry>
          <Entry>
            <Values />
            <Value0>65541</Value0>
            <Value1>648615</Value1>
          </Entry>
        </Unknown>
        <Dialogs>
          <Dialog>姉ヶ崎</Dialog>
          <Dialog>Eh？ I didn't expect to meet
you here. Right, I got a nice
idea. Let's study for the
exams together. How's that？</Dialog>
          <Dialog>○○○○○○○○</Dialog>
          <Dialog>Right, the exams are coming
up...</Dialog>
          <Dialog>Okay, I'd love to</Dialog>
          <Dialog>Sorry, I can't go today</Dialog>
        </Dialogs>
      </SDL2>
    </Entry>
    <Entry Unknown0="2488759486" Unknown1="2342905769">
      <SDL2 Key="2547232084">
        <Unknown>
          <Entry>
            <Values>
              <Entry>
                <Value0>63780</Value0>
                <Value1>0</Value1>
              </Entry>
            </Values>
            <Value0>147456</Value0>
            <Value1>65536</Value1>
          </Entry>
        </Unknown>
        <Dialogs>
          <Dialog>姉ヶ崎</Dialog>
          <Dialog>Well... Then come to my house
after this. I'll be waiting.</Dialog>
        </Dialogs>
      </SDL2>
    </Entry>
    <Entry Unknown0="625509453" Unknown1="2058778266">
      <SDL2 Key="2547232084">
        <Unknown>
          <Entry>
            <Values>
              <Entry>
                <Value0>63781</Value0>
                <Value1>0</Value1>
              </Entry>
            </Values>
            <Value0>147456</Value0>
            <Value1>65536</Value1>
          </Entry>
        </Unknown>
        <Dialogs>
          <Dialog>姉ヶ崎</Dialog>
          <Dialog>Then let's meet at my house
later today. Don't be late,
okay？</Dialog>
        </Dialogs>
      </SDL2>
    </Entry>
    <Entry Unknown0="341316926" Unknown1="2319476650">
      <SDL2 Key="2547232084">
        <Unknown>
          <Entry>
            <Values>
              <Entry>
                <Value0>63782</Value0>
                <Value1>0</Value1>
              </Entry>
            </Values>
            <Value0>147456</Value0>
            <Value1>65536</Value1>
          </Entry>
        </Unknown>
        <Dialogs>
          <Dialog>姉ヶ崎</Dialog>
          <Dialog>Then we'll meet after this. We
have to study hard, okay？</Dialog>
        </Dialogs>
      </SDL2>
    </Entry>
    <Entry Unknown0="619119694" Unknown1="473265977">
      <SDL2 Key="2547232084">
        <Unknown>
          <Entry>
            <Values>
              <Entry>
                <Value0>63783</Value0>
                <Value1>0</Value1>
              </Entry>
            </Values>
            <Value0>147456</Value0>
            <Value1>65536</Value1>
          </Entry>
        </Unknown>
        <Dialogs>
          <Dialog>姉ヶ崎</Dialog>
          <Dialog>I see. It's sudden, huh？
Sorry...</Dialog>
        </Dialogs>
      </SDL2>
    </Entry>
    <Entry Unknown0="3050837213" Unknown1="222692906">
      <SDL2 Key="3106133166">
        <Unknown>
          <Entry>
            <Values>
              <Entry>
                <Value0>63784</Value0>
                <Value1>0</Value1>
              </Entry>
            </Values>
            <Value0>147456</Value0>
            <Value1>65536</Value1>
          </Entry>
        </Unknown>
        <Dialogs>
          <Dialog>姉ヶ崎</Dialog>
          <Dialog>You turned me down... Well,
it's probably so sudden.
Sorry.</Dialog>
        </Dialogs>
      </SDL2>
    </Entry>
    <Entry Unknown0="2766710222" Unknown1="500234042">
      <SDL2 Key="3106133166">
        <Unknown>
          <Entry>
            <Values>
              <Entry>
                <Value0>63785</Value0>
                <Value1>0</Value1>
              </Entry>
            </Values>
            <Value0>147456</Value0>
            <Value1>65536</Value1>
          </Entry>
        </Unknown>
        <Dialogs>
          <Dialog>姉ヶ崎</Dialog>
          <Dialog>A-ha... You rejected me. What
a pity. Maybe next time then.</Dialog>
        </Dialogs>
      </SDL2>
    </Entry>
    <Entry Unknown0="3027735774" Unknown1="3032811465">
      <SDL2 Key="3106133166">
        <Unknown>
          <Entry>
            <Values />
            <Value0>147456</Value0>
            <Value1>65536</Value1>
          </Entry>
          <Entry>
            <Values>
              <Entry>
                <Value0>63786</Value0>
                <Value1>0</Value1>
              </Entry>
            </Values>
            <Value0>147458</Value0>
            <Value1>196608</Value1>
          </Entry>
        </Unknown>
        <Dialogs>
          <Dialog>○○○○○○○○</Dialog>
          <Dialog>I don't quite understand. How
about we study together？</Dialog>
          <Dialog>姉ヶ崎</Dialog>
          <Dialog>That's fine. Although I'm not
confident that I can teach
you, you can come to study at
my house.</Dialog>
        </Dialogs>
      </SDL2>
    </Entry>
    <Entry Unknown0="1164485741" Unknown1="2245433018">
      <SDL2 Key="3106133166">
        <Unknown>
          <Entry>
            <Values />
            <Value0>147456</Value0>
            <Value1>65536</Value1>
          </Entry>
          <Entry>
            <Values>
              <Entry>
                <Value0>63787</Value0>
                <Value1>0</Value1>
              </Entry>
            </Values>
            <Value0>147458</Value0>
            <Value1>196608</Value1>
          </Entry>
        </Unknown>
        <Dialogs>
          <Dialog>○○○○○○○○</Dialog>
          <Dialog>I don't quite understand. How
about we study together？</Dialog>
          <Dialog>姉ヶ崎</Dialog>
          <Dialog>Hehe, come to study at my
house. I'll teach you then.</Dialog>
        </Dialogs>
      </SDL2>
    </Entry>
    <Entry Unknown0="880293214" Unknown1="3043002314">
      <SDL2 Key="3106133166">
        <Unknown>
          <Entry>
            <Values />
            <Value0>147456</Value0>
            <Value1>65536</Value1>
          </Entry>
          <Entry>
            <Values>
              <Entry>
                <Value0>63788</Value0>
                <Value1>0</Value1>
              </Entry>
            </Values>
            <Value0>147458</Value0>
            <Value1>196608</Value1>
          </Entry>
        </Unknown>
        <Dialogs>
          <Dialog>○○○○○○○○</Dialog>
          <Dialog>I don't quite understand. How
about we study together？</Dialog>
          <Dialog>姉ヶ崎</Dialog>
          <Dialog>Then come to study at my
house. This is like I'm your
tutor, huh？</Dialog>
        </Dialogs>
      </SDL2>
    </Entry>
    <Entry Unknown0="1141318766" Unknown1="1414895449">
      <SDL2 Key="3106133166">
        <Unknown>
          <Entry>
            <Values>
              <Entry>
                <Value0>63789</Value0>
                <Value1>0</Value1>
              </Entry>
            </Values>
            <Value0>147456</Value0>
            <Value1>65536</Value1>
          </Entry>
          <Entry>
            <Values />
            <Value0>147458</Value0>
            <Value1>196608</Value1>
          </Entry>
        </Unknown>
        <Dialogs>
          <Dialog>姉ヶ崎</Dialog>
          <Dialog>It's your first time here,
right？ This is a little
embarrassing...</Dialog>
          <Dialog>○○○○○○○○</Dialog>
          <Dialog>Yes... Well, I'll have to
bother you today...</Dialog>
        </Dialogs>
      </SDL2>
    </Entry>
    <Entry Unknown0="3589813501" Unknown1="1164322378">
      <SDL2 Key="1909741445">
        <Unknown>
          <Entry>
            <Values>
              <Entry>
                <Value0>63790</Value0>
                <Value1>0</Value1>
              </Entry>
            </Values>
            <Value0>147456</Value0>
            <Value1>65536</Value1>
          </Entry>
          <Entry>
            <Values />
            <Value0>147458</Value0>
            <Value1>196608</Value1>
          </Entry>
        </Unknown>
        <Dialogs>
          <Dialog>姉ヶ崎</Dialog>
          <Dialog>This is your first time to be
here, right？ Don't do
anything mischievous, okay？</Dialog>
          <Dialog>○○○○○○○○</Dialog>
          <Dialog>I won't...</Dialog>
        </Dialogs>
      </SDL2>
    </Entry>
    <Entry Unknown0="3288909294" Unknown1="1441797978">
      <SDL2 Key="1909741445">
        <Unknown>
          <Entry>
            <Values>
              <Entry>
                <Value0>63791</Value0>
                <Value1>0</Value1>
              </Entry>
            </Values>
            <Value0>147456</Value0>
            <Value1>65536</Value1>
          </Entry>
          <Entry>
            <Values />
            <Value0>147458</Value0>
            <Value1>196608</Value1>
          </Entry>
        </Unknown>
        <Dialogs>
          <Dialog>姉ヶ崎</Dialog>
          <Dialog>Hehe. It's the first time that
you're here. I feel a little
nervous.</Dialog>
          <Dialog>○○○○○○○○</Dialog>
          <Dialog>I'm nervous, too.</Dialog>
        </Dialogs>
      </SDL2>
    </Entry>
    <Entry Unknown0="3566712062" Unknown1="2783258601">
      <SDL2 Key="1909741445">
        <Unknown>
          <Entry>
            <Values>
              <Entry>
                <Value0>63792</Value0>
                <Value1>0</Value1>
              </Entry>
            </Values>
            <Value0>147456</Value0>
            <Value1>65536</Value1>
          </Entry>
          <Entry>
            <Values />
            <Value0>147458</Value0>
            <Value1>196608</Value1>
          </Entry>
        </Unknown>
        <Dialogs>
          <Dialog>姉ヶ崎</Dialog>
          <Dialog>Welcome to my home. Now, let's
get inside.</Dialog>
          <Dialog>○○○○○○○○</Dialog>
          <Dialog>Okay, I have to bother you
today.</Dialog>
        </Dialogs>
      </SDL2>
    </Entry>
    <Entry Unknown0="1703462029" Unknown1="3572938458">
      <SDL2 Key="1909741445">
        <Unknown>
          <Entry>
            <Values>
              <Entry>
                <Value0>63793</Value0>
                <Value1>0</Value1>
              </Entry>
            </Values>
            <Value0>147456</Value0>
            <Value1>65536</Value1>
          </Entry>
          <Entry>
            <Values />
            <Value0>147458</Value0>
            <Value1>196608</Value1>
          </Entry>
        </Unknown>
        <Dialogs>
          <Dialog>姉ヶ崎</Dialog>
          <Dialog>Don't keep staring at things
in my room like you did last
time, okay？</Dialog>
          <Dialog>○○○○○○○○</Dialog>
          <Dialog>I won't... Then I have to
bother you today.</Dialog>
        </Dialogs>
      </SDL2>
    </Entry>
    <Entry Unknown0="1419269502" Unknown1="2759895018">
      <SDL2 Key="1909741445">
        <Unknown>
          <Entry>
            <Values>
              <Entry>
                <Value0>63794</Value0>
                <Value1>0</Value1>
              </Entry>
            </Values>
            <Value0>147456</Value0>
            <Value1>65536</Value1>
          </Entry>
          <Entry>
            <Values />
            <Value0>147458</Value0>
            <Value1>196608</Value1>
          </Entry>
        </Unknown>
        <Dialogs>
          <Dialog>姉ヶ崎</Dialog>
          <Dialog>Okay, welcome to my home. I've
always been waiting for you to
come here. Hehe.</Dialog>
          <Dialog>○○○○○○○○</Dialog>
          <Dialog>You're exaggerating again...
Then I have to bother you
today.</Dialog>
        </Dialogs>
      </SDL2>
    </Entry>
    <Entry Unknown0="1680295054" Unknown1="1047902073">
      <SDL2 Key="2703527377">
        <Unknown>
          <Entry>
            <Values>
              <Entry>
                <Value0>63795</Value0>
                <Value1>0</Value1>
              </Entry>
            </Values>
            <Value0>147456</Value0>
            <Value1>65536</Value1>
          </Entry>
        </Unknown>
        <Dialogs>
          <Dialog>姉ヶ崎</Dialog>
          <Dialog>It's just a normal room,
right？ There's nothing
particularly interesting, so
don't stare.</Dialog>
        </Dialogs>
      </SDL2>
    </Entry>
    <Entry Unknown0="4112012317" Unknown1="797329002">
      <SDL2 Key="2703527377">
        <Unknown>
          <Entry>
            <Values>
              <Entry>
                <Value0>63796</Value0>
                <Value1>0</Value1>
              </Entry>
            </Values>
            <Value0>147456</Value0>
            <Value1>65536</Value1>
          </Entry>
        </Unknown>
        <Dialogs>
          <Dialog>姉ヶ崎</Dialog>
          <Dialog>The only thing you can do in
here is to sit down and stay
still, okay？</Dialog>
        </Dialogs>
      </SDL2>
    </Entry>
    <Entry Unknown0="3827885326" Unknown1="1058027386">
      <SDL2 Key="2703527377">
        <Unknown>
          <Entry>
            <Values>
              <Entry>
                <Value0>63797</Value0>
                <Value1>0</Value1>
              </Entry>
            </Values>
            <Value0>147456</Value0>
            <Value1>65536</Value1>
          </Entry>
        </Unknown>
        <Dialogs>
          <Dialog>姉ヶ崎</Dialog>
          <Dialog>Hehe... Are you nervous？ You
can make yourself more
comfortable.</Dialog>
        </Dialogs>
      </SDL2>
    </Entry>
    <Entry Unknown0="4105688094" Unknown1="2399487753">
      <SDL2 Key="2703527377">
        <Unknown>
          <Entry>
            <Values>
              <Entry>
                <Value0>63798</Value0>
                <Value1>0</Value1>
              </Entry>
            </Values>
            <Value0>147456</Value0>
            <Value1>65536</Value1>
          </Entry>
        </Unknown>
        <Dialogs>
          <Dialog>姉ヶ崎</Dialog>
          <Dialog>You really can't calm down,
can you...？ Hehe.</Dialog>
        </Dialogs>
      </SDL2>
    </Entry>
    <Entry Unknown0="2242438317" Unknown1="3189167866">
      <SDL2 Key="2703527377">
        <Unknown>
          <Entry>
            <Values>
              <Entry>
                <Value0>63799</Value0>
                <Value1>0</Value1>
              </Entry>
            </Values>
            <Value0>147456</Value0>
            <Value1>65536</Value1>
          </Entry>
        </Unknown>
        <Dialogs>
          <Dialog>姉ヶ崎</Dialog>
          <Dialog>Let's sit there. That way you
can't look around my room.
It's embarrassing...</Dialog>
        </Dialogs>
      </SDL2>
    </Entry>
    <Entry Unknown0="1958245790" Unknown1="2392901386">
      <SDL2 Key="1507193255">
        <Unknown>
          <Entry>
            <Values>
              <Entry>
                <Value0>63800</Value0>
                <Value1>0</Value1>
              </Entry>
            </Values>
            <Value0>147456</Value0>
            <Value1>65536</Value1>
          </Entry>
        </Unknown>
        <Dialogs>
          <Dialog>姉ヶ崎</Dialog>
          <Dialog>Are you still nervous？
Actually, I'm not used to
something like this either.</Dialog>
        </Dialogs>
      </SDL2>
    </Entry>
    <Entry Unknown0="2219271342" Unknown1="3096827801">
      <SDL2 Key="1507193255">
        <Unknown>
          <Entry>
            <Values>
              <Entry>
                <Value0>63801</Value0>
                <Value1>0</Value1>
              </Entry>
            </Values>
            <Value0>147456</Value0>
            <Value1>65536</Value1>
          </Entry>
        </Unknown>
        <Dialogs>
          <Dialog>姉ヶ崎</Dialog>
          <Dialog>Shall we sit over there？
Let's get started.</Dialog>
        </Dialogs>
      </SDL2>
    </Entry>
    <Entry Unknown0="356021309" Unknown1="2846254730">
      <SDL2 Key="1507193255">
        <Unknown>
          <Entry>
            <Values>
              <Entry>
                <Value0>63802</Value0>
                <Value1>0</Value1>
              </Entry>
            </Values>
            <Value0>147456</Value0>
            <Value1>65536</Value1>
          </Entry>
        </Unknown>
        <Dialogs>
          <Dialog>姉ヶ崎</Dialog>
          <Dialog>Hey, hey. Hurry up and take a
seat....Where shall we start？</Dialog>
        </Dialogs>
      </SDL2>
    </Entry>
    <Entry Unknown0="71828782" Unknown1="3106953114">
      <SDL2 Key="1507193255">
        <Unknown>
          <Entry>
            <Values>
              <Entry>
                <Value0>63803</Value0>
                <Value1>0</Value1>
              </Entry>
            </Values>
            <Value0>147456</Value0>
            <Value1>65536</Value1>
          </Entry>
        </Unknown>
        <Dialogs>
          <Dialog>姉ヶ崎</Dialog>
          <Dialog>Now, shall we start our lesson
reviews？</Dialog>
        </Dialogs>
      </SDL2>
    </Entry>
    <Entry Unknown0="349697086" Unknown1="3374671657">
      <SDL2 Key="1507193255">
        <Unknown>
          <Entry>
            <Values>
              <Entry>
                <Value0>63804</Value0>
                <Value1>0</Value1>
              </Entry>
            </Values>
            <Value0>147456</Value0>
            <Value1>65536</Value1>
          </Entry>
        </Unknown>
        <Dialogs>
          <Dialog>姉ヶ崎</Dialog>
          <Dialog>Okay, here we go.</Dialog>
        </Dialogs>
      </SDL2>
    </Entry>
    <Entry Unknown0="2781349069" Unknown1="943126042">
      <SDL2 Key="2300917778">
        <Unknown>
          <Entry>
            <Values>
              <Entry>
                <Value0>63805</Value0>
                <Value1>0</Value1>
              </Entry>
            </Values>
            <Value0>147456</Value0>
            <Value1>65536</Value1>
          </Entry>
        </Unknown>
        <Dialogs>
          <Dialog>姉ヶ崎</Dialog>
          <Dialog>Okay, we should get started.</Dialog>
        </Dialogs>
      </SDL2>
    </Entry>
    <Entry Unknown0="2497222078" Unknown1="3368085290">
      <SDL2 Key="2300917778">
        <Unknown>
          <Entry>
            <Values>
              <Entry>
                <Value0>63806</Value0>
                <Value1>0</Value1>
              </Entry>
            </Values>
            <Value0>147456</Value0>
            <Value1>65536</Value1>
          </Entry>
        </Unknown>
        <Dialogs>
          <Dialog>姉ヶ崎</Dialog>
          <Dialog>Shall we start？ Are you
ready？</Dialog>
        </Dialogs>
      </SDL2>
    </Entry>
    <Entry Unknown0="2758247630" Unknown1="1521809337">
      <SDL2 Key="2300917778">
        <Unknown>
          <Entry>
            <Values>
              <Entry>
                <Value0>63807</Value0>
                <Value1>0</Value1>
              </Entry>
            </Values>
            <Value0>147456</Value0>
            <Value1>65536</Value1>
          </Entry>
          <Entry>
            <Values>
              <Entry>
                <Value0>63808</Value0>
                <Value1>0</Value1>
              </Entry>
            </Values>
            <Value0>147456</Value0>
            <Value1>131072</Value1>
          </Entry>
        </Unknown>
        <Dialogs>
          <Dialog>姉ヶ崎</Dialog>
          <Dialog>There will be a set of 3
questions. If you answer them
all correctly, I'll give you a
reward... Do you feel
motivated now？</Dialog>
          <Dialog>Okay, start！</Dialog>
        </Dialogs>
      </SDL2>
    </Entry>
    <Entry Unknown0="894997597" Unknown1="1405453994">
      <SDL2 Key="2300917778">
        <Unknown>
          <Entry>
            <Values>
              <Entry>
                <Value0>63809</Value0>
                <Value1>0</Value1>
              </Entry>
            </Values>
            <Value0>147456</Value0>
            <Value1>65536</Value1>
          </Entry>
        </Unknown>
        <Dialogs>
          <Dialog>姉ヶ崎</Dialog>
          <Dialog>Yes, correct！</Dialog>
        </Dialogs>
      </SDL2>
    </Entry>
    <Entry Unknown0="610805070" Unknown1="1129412538">
      <SDL2 Key="2300917778">
        <Unknown>
          <Entry>
            <Values>
              <Entry>
                <Value0>63810</Value0>
                <Value1>0</Value1>
              </Entry>
            </Values>
            <Value0>147456</Value0>
            <Value1>65536</Value1>
          </Entry>
        </Unknown>
        <Dialogs>
          <Dialog>姉ヶ崎</Dialog>
          <Dialog>Ah, that's correct.</Dialog>
        </Dialogs>
      </SDL2>
    </Entry>
    <Entry Unknown0="888607838" Unknown1="4064773961">
      <SDL2 Key="2874502765">
        <Unknown>
          <Entry>
            <Values>
              <Entry>
                <Value0>63811</Value0>
                <Value1>0</Value1>
              </Entry>
            </Values>
            <Value0>147456</Value0>
            <Value1>65536</Value1>
          </Entry>
        </Unknown>
        <Dialogs>
          <Dialog>姉ヶ崎</Dialog>
          <Dialog>Correct！</Dialog>
        </Dialogs>
      </SDL2>
    </Entry>
    <Entry Unknown0="3320325357" Unknown1="3260356154">
      <SDL2 Key="2874502765">
        <Unknown>
          <Entry>
            <Values>
              <Entry>
                <Value0>63812</Value0>
                <Value1>0</Value1>
              </Entry>
            </Values>
            <Value0>147456</Value0>
            <Value1>65536</Value1>
          </Entry>
        </Unknown>
        <Dialogs>
          <Dialog>姉ヶ崎</Dialog>
          <Dialog>No... Calm down, okay？</Dialog>
        </Dialogs>
      </SDL2>
    </Entry>
    <Entry Unknown0="3036198366" Unknown1="4074833738">
      <SDL2 Key="2874502765">
        <Unknown>
          <Entry>
            <Values>
              <Entry>
                <Value0>63813</Value0>
                <Value1>0</Value1>
              </Entry>
            </Values>
            <Value0>147456</Value0>
            <Value1>65536</Value1>
          </Entry>
        </Unknown>
        <Dialogs>
          <Dialog>姉ヶ崎</Dialog>
          <Dialog>Um, incorrect. Hehe...</Dialog>
        </Dialogs>
      </SDL2>
    </Entry>
    <Entry Unknown0="3297223918" Unknown1="1675040729">
      <SDL2 Key="2874502765">
        <Unknown>
          <Entry>
            <Values>
              <Entry>
                <Value0>63814</Value0>
                <Value1>0</Value1>
              </Entry>
            </Values>
            <Value0>147456</Value0>
            <Value1>65536</Value1>
          </Entry>
        </Unknown>
        <Dialogs>
          <Dialog>姉ヶ崎</Dialog>
          <Dialog>Boo-boo~</Dialog>
        </Dialogs>
      </SDL2>
    </Entry>
    <Entry Unknown0="1433973885" Unknown1="1977984714">
      <SDL2 Key="2874502765">
        <Unknown>
          <Entry>
            <Values>
              <Entry>
                <Value0>63815</Value0>
                <Value1>0</Value1>
              </Entry>
            </Values>
            <Value0>147456</Value0>
            <Value1>65536</Value1>
          </Entry>
        </Unknown>
        <Dialogs>
          <Dialog>姉ヶ崎</Dialog>
          <Dialog>Ah, pass？ Okay, I got it.</Dialog>
        </Dialogs>
      </SDL2>
    </Entry>
    <Entry Unknown0="1149781358" Unknown1="1701943258">
      <SDL2 Key="2874502765">
        <Unknown>
          <Entry>
            <Values>
              <Entry>
                <Value0>63816</Value0>
                <Value1>0</Value1>
              </Entry>
            </Values>
            <Value0>147456</Value0>
            <Value1>65536</Value1>
          </Entry>
        </Unknown>
        <Dialogs>
          <Dialog>姉ヶ崎</Dialog>
          <Dialog>It wasn't a difficult one,
though. Hehe...</Dialog>
        </Dialogs>
      </SDL2>
    </Entry>
    <Entry Unknown0="1410806910" Unknown1="2489821033">
      <SDL2 Key="1663554116">
        <Unknown>
          <Entry>
            <Values>
              <Entry>
                <Value0>63817</Value0>
                <Value1>0</Value1>
              </Entry>
            </Values>
            <Value0>147456</Value0>
            <Value1>65536</Value1>
          </Entry>
        </Unknown>
        <Dialogs>
          <Dialog>姉ヶ崎</Dialog>
          <Dialog>It can't be helped. So, we'll
skip this one.</Dialog>
        </Dialogs>
      </SDL2>
    </Entry>
    <Entry Unknown0="3842524173" Unknown1="3983881818">
      <SDL2 Key="1663554116">
        <Unknown>
          <Entry>
            <Values>
              <Entry>
                <Value0>63818</Value0>
                <Value1>0</Value1>
              </Entry>
            </Values>
            <Value0>147456</Value0>
            <Value1>65536</Value1>
          </Entry>
        </Unknown>
        <Dialogs>
          <Dialog>姉ヶ崎</Dialog>
          <Dialog>To the next question.</Dialog>
        </Dialogs>
      </SDL2>
    </Entry>
    <Entry Unknown0="3558397438" Unknown1="2634098538">
      <SDL2 Key="1663554116">
        <Unknown>
          <Entry>
            <Values>
              <Entry>
                <Value0>63819</Value0>
                <Value1>0</Value1>
              </Entry>
            </Values>
            <Value0>147456</Value0>
            <Value1>65536</Value1>
          </Entry>
        </Unknown>
        <Dialogs>
          <Dialog>姉ヶ崎</Dialog>
          <Dialog>Okay, then the next one.</Dialog>
        </Dialogs>
      </SDL2>
    </Entry>
    <Entry Unknown0="3836199950" Unknown1="217528313">
      <SDL2 Key="1663554116">
        <Unknown>
          <Entry>
            <Values>
              <Entry>
                <Value0>63820</Value0>
                <Value1>0</Value1>
              </Entry>
            </Values>
            <Value0>147456</Value0>
            <Value1>65536</Value1>
          </Entry>
        </Unknown>
        <Dialogs>
          <Dialog>姉ヶ崎</Dialog>
          <Dialog>Okay, then the next question.</Dialog>
        </Dialogs>
      </SDL2>
    </Entry>
    <Entry Unknown0="1972950173" Unknown1="654690026">
      <SDL2 Key="2471893150">
        <Unknown>
          <Entry>
            <Values>
              <Entry>
                <Value0>63821</Value0>
                <Value1>0</Value1>
              </Entry>
            </Values>
            <Value0>147456</Value0>
            <Value1>65536</Value1>
          </Entry>
        </Unknown>
        <Dialogs>
          <Dialog>姉ヶ崎</Dialog>
          <Dialog>Ah, amazing. You got them all
correct. I'll give you a
reward.</Dialog>
        </Dialogs>
      </SDL2>
    </Entry>
    <Entry Unknown0="1688757646" Unknown1="932296698">
      <SDL2 Key="2471893150">
        <Unknown>
          <Entry>
            <Values>
              <Entry>
                <Value0>63822</Value0>
                <Value1>0</Value1>
              </Entry>
            </Values>
            <Value0>147456</Value0>
            <Value1>65536</Value1>
          </Entry>
        </Unknown>
        <Dialogs>
          <Dialog>姉ヶ崎</Dialog>
          <Dialog>You got them all correct. You
really can do it. Then I'll
have to give you a reward,
right...？</Dialog>
        </Dialogs>
      </SDL2>
    </Entry>
    <Entry Unknown0="1949783198" Unknown1="2257045385">
      <SDL2 Key="2471893150">
        <Unknown>
          <Entry>
            <Values>
              <Entry>
                <Value0>63823</Value0>
                <Value1>0</Value1>
              </Entry>
            </Values>
            <Value0>147456</Value0>
            <Value1>65536</Value1>
          </Entry>
        </Unknown>
        <Dialogs>
          <Dialog>姉ヶ崎</Dialog>
          <Dialog>You got them all. Hehe... Then
my reward for this is...</Dialog>
        </Dialogs>
      </SDL2>
    </Entry>
    <Entry Unknown0="86533165" Unknown1="3063174778">
      <SDL2 Key="2471893150">
        <Unknown>
          <Entry>
            <Values>
              <Entry>
                <Value0>63824</Value0>
                <Value1>0</Value1>
              </Entry>
            </Values>
            <Value0>147456</Value0>
            <Value1>65536</Value1>
          </Entry>
        </Unknown>
        <Dialogs>
          <Dialog>姉ヶ崎</Dialog>
          <Dialog>Hehe. Your reward this time is
this...</Dialog>
        </Dialogs>
      </SDL2>
    </Entry>
    <Entry Unknown0="4097373470" Unknown1="2300790666">
      <SDL2 Key="2471893150">
        <Unknown>
          <Entry>
            <Values>
              <Entry>
                <Value0>63825</Value0>
                <Value1>0</Value1>
              </Entry>
            </Values>
            <Value0>147456</Value0>
            <Value1>65536</Value1>
          </Entry>
        </Unknown>
        <Dialogs>
          <Dialog>姉ヶ崎</Dialog>
          <Dialog>Wait a second. I'll be right
back.</Dialog>
        </Dialogs>
      </SDL2>
    </Entry>
    <Entry Unknown0="80208942" Unknown1="1398553">
      <SDL2 Key="1529383797">
        <Unknown>
          <Entry>
            <Values>
              <Entry>
                <Value0>63826</Value0>
                <Value1>0</Value1>
              </Entry>
            </Values>
            <Value0>147456</Value0>
            <Value1>65536</Value1>
          </Entry>
        </Unknown>
        <Dialogs>
          <Dialog>姉ヶ崎</Dialog>
          <Dialog>Too bad... It's regrettable,
but you missed one question...</Dialog>
        </Dialogs>
      </SDL2>
    </Entry>
    <Entry Unknown0="2511926461" Unknown1="287761930">
      <SDL2 Key="1529383797">
        <Unknown>
          <Entry>
            <Values>
              <Entry>
                <Value0>63827</Value0>
                <Value1>0</Value1>
              </Entry>
            </Values>
            <Value0>147456</Value0>
            <Value1>65536</Value1>
          </Entry>
        </Unknown>
        <Dialogs>
          <Dialog>姉ヶ崎</Dialog>
          <Dialog>You made one wrong answer. I
can't give you a reward.</Dialog>
        </Dialogs>
      </SDL2>
    </Entry>
    <Entry Unknown0="2227733934" Unknown1="28366618">
      <SDL2 Key="1529383797">
        <Unknown>
          <Entry>
            <Values>
              <Entry>
                <Value0>63828</Value0>
                <Value1>0</Value1>
              </Entry>
            </Values>
            <Value0>147456</Value0>
            <Value1>65536</Value1>
          </Entry>
        </Unknown>
        <Dialogs>
          <Dialog>姉ヶ崎</Dialog>
          <Dialog>You missed one question. I
can't give you a reward,
okay？</Dialog>
        </Dialogs>
      </SDL2>
    </Entry>
    <Entry Unknown0="2488759486" Unknown1="1906632617">
      <SDL2 Key="1529383797">
        <Unknown>
          <Entry>
            <Values>
              <Entry>
                <Value0>63829</Value0>
                <Value1>0</Value1>
              </Entry>
            </Values>
            <Value0>147456</Value0>
            <Value1>65536</Value1>
          </Entry>
        </Unknown>
        <Dialogs>
          <Dialog>姉ヶ崎</Dialog>
          <Dialog>What's next？ Wanna try
again？</Dialog>
        </Dialogs>
      </SDL2>
    </Entry>
    <Entry Unknown0="625509453" Unknown1="2209642138">
      <SDL2 Key="1529383797">
        <Unknown>
          <Entry>
            <Values>
              <Entry>
                <Value0>63830</Value0>
                <Value1>0</Value1>
              </Entry>
            </Values>
            <Value0>147456</Value0>
            <Value1>65536</Value1>
          </Entry>
        </Unknown>
        <Dialogs>
          <Dialog>姉ヶ崎</Dialog>
          <Dialog>Hmm, you want to quit,
huh...？</Dialog>
        </Dialogs>
      </SDL2>
    </Entry>
    <Entry Unknown0="341316926" Unknown1="1917020074">
      <SDL2 Key="1529383797">
        <Unknown>
          <Entry>
            <Values>
              <Entry>
                <Value0>63831</Value0>
                <Value1>0</Value1>
              </Entry>
            </Values>
            <Value0>147456</Value0>
            <Value1>65536</Value1>
          </Entry>
        </Unknown>
        <Dialogs>
          <Dialog>姉ヶ崎</Dialog>
          <Dialog>Okay, once more, right？</Dialog>
        </Dialogs>
      </SDL2>
    </Entry>
    <Entry Unknown0="619119694" Unknown1="3929372473">
      <SDL2 Key="2069410511">
        <Unknown>
          <Entry>
            <Values>
              <Entry>
                <Value0>63832</Value0>
                <Value1>0</Value1>
              </Entry>
            </Values>
            <Value0>147456</Value0>
            <Value1>65536</Value1>
          </Entry>
        </Unknown>
        <Dialogs>
          <Dialog>姉ヶ崎</Dialog>
          <Dialog>Wait, this doesn't seem
good...</Dialog>
        </Dialogs>
      </SDL2>
    </Entry>
    <Entry Unknown0="3050837213" Unknown1="4215670314">
      <SDL2 Key="2069410511">
        <Unknown>
          <Entry>
            <Values>
              <Entry>
                <Value0>63833</Value0>
                <Value1>0</Value1>
              </Entry>
            </Values>
            <Value0>147456</Value0>
            <Value1>65536</Value1>
          </Entry>
        </Unknown>
        <Dialogs>
          <Dialog>姉ヶ崎</Dialog>
          <Dialog>Hehe... If it's like this,
I'll have to tutor you very
hard, huh？</Dialog>
        </Dialogs>
      </SDL2>
    </Entry>
    <Entry Unknown0="2766710222" Unknown1="3956340538">
      <SDL2 Key="2069410511">
        <Unknown>
          <Entry>
            <Values>
              <Entry>
                <Value0>63834</Value0>
                <Value1>0</Value1>
              </Entry>
            </Values>
            <Value0>147456</Value0>
            <Value1>65536</Value1>
          </Entry>
        </Unknown>
        <Dialogs>
          <Dialog>姉ヶ崎</Dialog>
          <Dialog>Don't mind, don't mind. Don't
lose your heart with just
something like this.</Dialog>
        </Dialogs>
      </SDL2>
    </Entry>
    <Entry Unknown0="3027735774" Unknown1="1539573705">
      <SDL2 Key="2069410511">
        <Unknown>
          <Entry>
            <Values>
              <Entry>
                <Value0>63835</Value0>
                <Value1>0</Value1>
              </Entry>
            </Values>
            <Value0>147456</Value0>
            <Value1>65536</Value1>
          </Entry>
        </Unknown>
        <Dialogs>
          <Dialog>姉ヶ崎</Dialog>
          <Dialog>Yes, the most important thing
is not to give up.</Dialog>
        </Dialogs>
      </SDL2>
    </Entry>
    <Entry Unknown0="1164485741" Unknown1="1842648762">
      <SDL2 Key="2069410511">
        <Unknown>
          <Entry>
            <Values>
              <Entry>
                <Value0>63836</Value0>
                <Value1>0</Value1>
              </Entry>
            </Values>
            <Value0>147456</Value0>
            <Value1>65536</Value1>
          </Entry>
        </Unknown>
        <Dialogs>
          <Dialog>姉ヶ崎</Dialog>
          <Dialog>Geez... You gave up already.</Dialog>
        </Dialogs>
      </SDL2>
    </Entry>
    <Entry Unknown0="880293214" Unknown1="1550026698">
      <SDL2 Key="2911361067">
        <Unknown>
          <Entry>
            <Values>
              <Entry>
                <Value0>63837</Value0>
                <Value1>0</Value1>
              </Entry>
            </Values>
            <Value0>147456</Value0>
            <Value1>65536</Value1>
          </Entry>
        </Unknown>
        <Dialogs>
          <Dialog>姉ヶ崎</Dialog>
          <Dialog>You still haven't learned
anything much, right？</Dialog>
        </Dialogs>
      </SDL2>
    </Entry>
    <Entry Unknown0="1141318766" Unknown1="3461650265">
      <SDL2 Key="2911361067">
        <Unknown>
          <Entry>
            <Values>
              <Entry>
                <Value0>63838</Value0>
                <Value1>0</Value1>
              </Entry>
            </Values>
            <Value0>147456</Value0>
            <Value1>65536</Value1>
          </Entry>
        </Unknown>
        <Dialogs>
          <Dialog>姉ヶ崎</Dialog>
          <Dialog>It can't be helped. Well, I'll
try to cheer you up a little
bit.</Dialog>
        </Dialogs>
      </SDL2>
    </Entry>
    <Entry Unknown0="3589813500" Unknown1="627320394">
      <SDL2 Key="2911361067">
        <Unknown>
          <Entry>
            <Values>
              <Entry>
                <Value0>63839</Value0>
                <Value1>0</Value1>
              </Entry>
            </Values>
            <Value0>147456</Value0>
            <Value1>65536</Value1>
          </Entry>
        </Unknown>
        <Dialogs>
          <Dialog>姉ヶ崎</Dialog>
          <Dialog>...It'd be better if you come
a little closer.</Dialog>
        </Dialogs>
      </SDL2>
    </Entry>
    <Entry Unknown0="3288909295" Unknown1="888346458">
      <SDL2 Key="2911361067">
        <Unknown>
          <Entry>
            <Values>
              <Entry>
                <Value0>63840</Value0>
                <Value1>0</Value1>
              </Entry>
            </Values>
            <Value0>147456</Value0>
            <Value1>65536</Value1>
          </Entry>
        </Unknown>
        <Dialogs>
          <Dialog>姉ヶ崎</Dialog>
          <Dialog>Hehe... Hey, you know what to
do, right？</Dialog>
        </Dialogs>
      </SDL2>
    </Entry>
    <Entry Unknown0="3566712063" Unknown1="3336841193">
      <SDL2 Key="2911361067">
        <Unknown>
          <Entry>
            <Values>
              <Entry>
                <Value0>63841</Value0>
                <Value1>0</Value1>
              </Entry>
            </Values>
            <Value0>147456</Value0>
            <Value1>65536</Value1>
          </Entry>
        </Unknown>
        <Dialogs>
          <Dialog>姉ヶ崎</Dialog>
          <Dialog>Hey, just a little bit...
Okay？</Dialog>
        </Dialogs>
      </SDL2>
    </Entry>
    <Entry Unknown0="1703462028" Unknown1="2650060506">
      <SDL2 Key="1700359410">
        <Unknown>
          <Entry>
            <Values>
              <Entry>
                <Value0>63842</Value0>
                <Value1>0</Value1>
              </Entry>
            </Values>
            <Value0>147456</Value0>
            <Value1>65536</Value1>
          </Entry>
        </Unknown>
        <Dialogs>
          <Dialog>姉ヶ崎</Dialog>
          <Dialog>How about this...？</Dialog>
        </Dialogs>
      </SDL2>
    </Entry>
    <Entry Unknown0="1419269503" Unknown1="4152535018">
      <SDL2 Key="1700359410">
        <Unknown>
          <Entry>
            <Values>
              <Entry>
                <Value0>63843</Value0>
                <Value1>0</Value1>
              </Entry>
            </Values>
            <Value0>147456</Value0>
            <Value1>65536</Value1>
          </Entry>
        </Unknown>
        <Dialogs>
          <Dialog>姉ヶ崎</Dialog>
          <Dialog>This is what you gave me. How
is it？ Does it suit me？</Dialog>
        </Dialogs>
      </SDL2>
    </Entry>
    <Entry Unknown0="1680295055" Unknown1="1719056249">
      <SDL2 Key="1700359410">
        <Unknown>
          <Entry>
            <Values>
              <Entry>
                <Value0>63844</Value0>
                <Value1>0</Value1>
              </Entry>
            </Values>
            <Value0>147456</Value0>
            <Value1>65536</Value1>
          </Entry>
        </Unknown>
        <Dialogs>
          <Dialog>姉ヶ崎</Dialog>
          <Dialog>Do you remember this outfit？
Now, may I ask your opinion
about it？</Dialog>
        </Dialogs>
      </SDL2>
    </Entry>
    <Entry Unknown0="4112012316" Unknown1="2005354090">
      <SDL2 Key="1700359410">
        <Unknown>
          <Entry>
            <Values>
              <Entry>
                <Value0>63845</Value0>
                <Value1>0</Value1>
              </Entry>
            </Values>
            <Value0>147456</Value0>
            <Value1>65536</Value1>
          </Entry>
        </Unknown>
        <Dialogs>
          <Dialog>姉ヶ崎</Dialog>
          <Dialog>Okay, as a reward, I'm wearing
the outfit you gave me. How is
it？</Dialog>
        </Dialogs>
      </SDL2>
    </Entry>
    <Entry Unknown0="3827885327" Unknown1="1712469882">
      <SDL2 Key="1700359410">
        <Unknown>
          <Entry>
            <Values>
              <Entry>
                <Value0>63846</Value0>
                <Value1>0</Value1>
              </Entry>
            </Values>
            <Value0>147456</Value0>
            <Value1>65536</Value1>
          </Entry>
        </Unknown>
        <Dialogs>
          <Dialog>姉ヶ崎</Dialog>
          <Dialog>Occasionally, I wear something
like this... How is it？</Dialog>
        </Dialogs>
      </SDL2>
    </Entry>
    <Entry Unknown0="4105688095" Unknown1="3607512841">
      <SDL2 Key="1700359410">
        <Unknown>
          <Entry>
            <Values>
              <Entry>
                <Value0>63847</Value0>
                <Value1>0</Value1>
              </Entry>
            </Values>
            <Value0>147456</Value0>
            <Value1>65536</Value1>
          </Entry>
        </Unknown>
        <Dialogs>
          <Dialog>姉ヶ崎</Dialog>
          <Dialog>Hey, how is it？ I look
different, right？</Dialog>
        </Dialogs>
      </SDL2>
    </Entry>
    <Entry Unknown0="2242438316" Unknown1="3860322042">
      <SDL2 Key="2240381788">
        <Unknown>
          <Entry>
            <Values>
              <Entry>
                <Value0>63848</Value0>
                <Value1>0</Value1>
              </Entry>
            </Values>
            <Value0>147456</Value0>
            <Value1>65536</Value1>
          </Entry>
        </Unknown>
        <Dialogs>
          <Dialog>姉ヶ崎</Dialog>
          <Dialog>I ended up wearing this.
Hehehe... Are you happy？</Dialog>
        </Dialogs>
      </SDL2>
    </Entry>
    <Entry Unknown0="1958245791" Unknown1="3651323658">
      <SDL2 Key="2240381788">
        <Unknown>
          <Entry>
            <Values>
              <Entry>
                <Value0>63849</Value0>
                <Value1>0</Value1>
              </Entry>
            </Values>
            <Value0>147456</Value0>
            <Value1>65536</Value1>
          </Entry>
        </Unknown>
        <Dialogs>
          <Dialog>姉ヶ崎</Dialog>
          <Dialog>It's enough, right？ This is
really embarrassing, you
know？</Dialog>
        </Dialogs>
      </SDL2>
    </Entry>
    <Entry Unknown0="2219271343" Unknown1="1217845145">
      <SDL2 Key="2240381788">
        <Unknown>
          <Entry>
            <Values>
              <Entry>
                <Value0>63850</Value0>
                <Value1>0</Value1>
              </Entry>
            </Values>
            <Value0>147456</Value0>
            <Value1>65536</Value1>
          </Entry>
        </Unknown>
        <Dialogs>
          <Dialog>姉ヶ崎</Dialog>
          <Dialog>Okay, enough for the service.
Hehe. Looking at me like that
won't help.</Dialog>
        </Dialogs>
      </SDL2>
    </Entry>
    <Entry Unknown0="356021308" Unknown1="1504142986">
      <SDL2 Key="2240381788">
        <Unknown>
          <Entry>
            <Values>
              <Entry>
                <Value0>63851</Value0>
                <Value1>0</Value1>
              </Entry>
            </Values>
            <Value0>147456</Value0>
            <Value1>65536</Value1>
          </Entry>
        </Unknown>
        <Dialogs>
          <Dialog>姉ヶ崎</Dialog>
          <Dialog>Okay, this is it. If I keep
this on for too long, it won't
be called a special anymore.</Dialog>
        </Dialogs>
      </SDL2>
    </Entry>
    <Entry Unknown0="71828783" Unknown1="1211324314">
      <SDL2 Key="2240381788">
        <Unknown>
          <Entry>
            <Values>
              <Entry>
                <Value0>63852</Value0>
                <Value1>0</Value1>
              </Entry>
            </Values>
            <Value0>147456</Value0>
            <Value1>65536</Value1>
          </Entry>
        </Unknown>
        <Dialogs>
          <Dialog>姉ヶ崎</Dialog>
          <Dialog>How about this？ If you get
more questions correct, I'll
wear something else. Hehe.</Dialog>
        </Dialogs>
      </SDL2>
    </Entry>
    <Entry Unknown0="349697087" Unknown1="975464233">
      <SDL2 Key="1297749555">
        <Unknown>
          <Entry>
            <Values>
              <Entry>
                <Value0>63853</Value0>
                <Value1>0</Value1>
              </Entry>
            </Values>
            <Value0>147456</Value0>
            <Value1>65536</Value1>
          </Entry>
        </Unknown>
        <Dialogs>
          <Dialog>姉ヶ崎</Dialog>
          <Dialog>Okay, I knew this would be
your answer.</Dialog>
        </Dialogs>
      </SDL2>
    </Entry>
    <Entry Unknown0="2781349068" Unknown1="3392468506">
      <SDL2 Key="1297749555">
        <Unknown>
          <Entry>
            <Values>
              <Entry>
                <Value0>63854</Value0>
                <Value1>0</Value1>
              </Entry>
            </Values>
            <Value0>147456</Value0>
            <Value1>65536</Value1>
          </Entry>
        </Unknown>
        <Dialogs>
          <Dialog>姉ヶ崎</Dialog>
          <Dialog>I see... That's too bad.</Dialog>
        </Dialogs>
      </SDL2>
    </Entry>
    <Entry Unknown0="2497222079" Unknown1="1103292202">
      <SDL2 Key="1297749555">
        <Unknown>
          <Entry>
            <Values>
              <Entry>
                <Value0>63855</Value0>
                <Value1>0</Value1>
              </Entry>
            </Values>
            <Value0>147456</Value0>
            <Value1>65536</Value1>
          </Entry>
        </Unknown>
        <Dialogs>
          <Dialog>姉ヶ崎</Dialog>
          <Dialog>This is... special, okay？</Dialog>
        </Dialogs>
      </SDL2>
    </Entry>
    <Entry Unknown0="2758247631" Unknown1="3501651897">
      <SDL2 Key="1297749555">
        <Unknown>
          <Entry>
            <Values>
              <Entry>
                <Value0>63856</Value0>
                <Value1>0</Value1>
              </Entry>
            </Values>
            <Value0>147456</Value0>
            <Value1>65536</Value1>
          </Entry>
        </Unknown>
        <Dialogs>
          <Dialog>姉ヶ崎</Dialog>
          <Dialog>Hey, this is very special,
okay？</Dialog>
        </Dialogs>
      </SDL2>
    </Entry>
    <Entry Unknown0="894997596" Unknown1="3251078826">
      <SDL2 Key="1297749555">
        <Unknown>
          <Entry>
            <Values>
              <Entry>
                <Value0>63857</Value0>
                <Value1>0</Value1>
              </Entry>
            </Values>
            <Value0>147456</Value0>
            <Value1>65536</Value1>
          </Entry>
        </Unknown>
        <Dialogs>
          <Dialog>姉ヶ崎</Dialog>
          <Dialog>This is the special. Hehe.</Dialog>
        </Dialogs>
      </SDL2>
    </Entry>
    <Entry Unknown0="610805071" Unknown1="3495065530">
      <SDL2 Key="1297749555">
        <Unknown>
          <Entry>
            <Values>
              <Entry>
                <Value0>63858</Value0>
                <Value1>0</Value1>
              </Entry>
            </Values>
            <Value0>147456</Value0>
            <Value1>65536</Value1>
          </Entry>
        </Unknown>
        <Dialogs>
          <Dialog>姉ヶ崎</Dialog>
          <Dialog>Do you feel motivated now？</Dialog>
        </Dialogs>
      </SDL2>
    </Entry>
    <Entry Unknown0="888607839" Unknown1="1632012105">
      <SDL2 Key="1837776014">
        <Unknown>
          <Entry>
            <Values>
              <Entry>
                <Value0>63859</Value0>
                <Value1>0</Value1>
              </Entry>
            </Values>
            <Value0>147456</Value0>
            <Value1>65536</Value1>
          </Entry>
        </Unknown>
        <Dialogs>
          <Dialog>姉ヶ崎</Dialog>
          <Dialog>Hey, I've done this much for
you. If you still don't feel
motivated, I have nothing to
say.</Dialog>
        </Dialogs>
      </SDL2>
    </Entry>
    <Entry Unknown0="3320325356" Unknown1="1347884602">
      <SDL2 Key="1837776014">
        <Unknown>
          <Entry>
            <Values>
              <Entry>
                <Value0>63860</Value0>
                <Value1>0</Value1>
              </Entry>
            </Values>
            <Value0>147456</Value0>
            <Value1>65536</Value1>
          </Entry>
        </Unknown>
        <Dialogs>
          <Dialog>姉ヶ崎</Dialog>
          <Dialog>Hehehe... Do you feel
motivated？</Dialog>
        </Dialogs>
      </SDL2>
    </Entry>
    <Entry Unknown0="3036198367" Unknown1="1810040650">
      <SDL2 Key="1837776014">
        <Unknown>
          <Entry>
            <Values>
              <Entry>
                <Value0>63861</Value0>
                <Value1>0</Value1>
              </Entry>
            </Values>
            <Value0>147456</Value0>
            <Value1>65536</Value1>
          </Entry>
        </Unknown>
        <Dialogs>
          <Dialog>姉ヶ崎</Dialog>
          <Dialog>Don't stare...</Dialog>
        </Dialogs>
      </SDL2>
    </Entry>
    <Entry Unknown0="3297223919" Unknown1="4224980953">
      <SDL2 Key="1837776014">
        <Unknown>
          <Entry>
            <Values>
              <Entry>
                <Value0>63862</Value0>
                <Value1>0</Value1>
              </Entry>
            </Values>
            <Value0>147456</Value0>
            <Value1>65536</Value1>
          </Entry>
        </Unknown>
        <Dialogs>
          <Dialog>姉ヶ崎</Dialog>
          <Dialog>Ah, hey. It's embarrassing...</Dialog>
        </Dialogs>
      </SDL2>
    </Entry>
    <Entry Unknown0="1433973884" Unknown1="3991185098">
      <SDL2 Key="2680841193">
        <Unknown>
          <Entry>
            <Values>
              <Entry>
                <Value0>63863</Value0>
                <Value1>0</Value1>
              </Entry>
            </Values>
            <Value0>147456</Value0>
            <Value1>65536</Value1>
          </Entry>
        </Unknown>
        <Dialogs>
          <Dialog>姉ヶ崎</Dialog>
          <Dialog>What is this？ Hey...</Dialog>
        </Dialogs>
      </SDL2>
    </Entry>
    <Entry Unknown0="1149781359" Unknown1="4235433946">
      <SDL2 Key="2680841193">
        <Unknown>
          <Entry>
            <Values>
              <Entry>
                <Value0>63864</Value0>
                <Value1>0</Value1>
              </Entry>
            </Values>
            <Value0>147456</Value0>
            <Value1>65536</Value1>
          </Entry>
        </Unknown>
        <Dialogs>
          <Dialog>姉ヶ崎</Dialog>
          <Dialog>Does this suit me？</Dialog>
        </Dialogs>
      </SDL2>
    </Entry>
    <Entry Unknown0="1410806911" Unknown1="241477481">
      <SDL2 Key="2680841193">
        <Unknown>
          <Entry>
            <Values>
              <Entry>
                <Value0>63865</Value0>
                <Value1>0</Value1>
              </Entry>
            </Values>
            <Value0>147456</Value0>
            <Value1>65536</Value1>
          </Entry>
        </Unknown>
        <Dialogs>
          <Dialog>姉ヶ崎</Dialog>
          <Dialog>Say something...</Dialog>
        </Dialogs>
      </SDL2>
    </Entry>
    <Entry Unknown0="3842524172" Unknown1="1702114906">
      <SDL2 Key="2680841193">
        <Unknown>
          <Entry>
            <Values>
              <Entry>
                <Value0>63866</Value0>
                <Value1>0</Value1>
              </Entry>
            </Values>
            <Value0>147456</Value0>
            <Value1>65536</Value1>
          </Entry>
        </Unknown>
        <Dialogs>
          <Dialog>姉ヶ崎</Dialog>
          <Dialog>Hey... Don't look at me like
that.</Dialog>
        </Dialogs>
      </SDL2>
    </Entry>
    <Entry Unknown0="3558397439" Unknown1="335751018">
      <SDL2 Key="2680841193">
        <Unknown>
          <Entry>
            <Values>
              <Entry>
                <Value0>63867</Value0>
                <Value1>0</Value1>
              </Entry>
            </Values>
            <Value0>147456</Value0>
            <Value1>65536</Value1>
          </Entry>
        </Unknown>
        <Dialogs>
          <Dialog>姉ヶ崎</Dialog>
          <Dialog>It's a special service for
you, okay？</Dialog>
        </Dialogs>
      </SDL2>
    </Entry>
    <Entry Unknown0="3836199951" Unknown1="2264152057">
      <SDL2 Key="1468847807">
        <Unknown>
          <Entry>
            <Values>
              <Entry>
                <Value0>63868</Value0>
                <Value1>0</Value1>
              </Entry>
            </Values>
            <Value0>147456</Value0>
            <Value1>65536</Value1>
          </Entry>
        </Unknown>
        <Dialogs>
          <Dialog>姉ヶ崎</Dialog>
          <Dialog>...This is really
embarrassing, you know？</Dialog>
        </Dialogs>
      </SDL2>
    </Entry>
    <Entry Unknown0="1972950172" Unknown1="2516895466">
      <SDL2 Key="1468847807">
        <Unknown>
          <Entry>
            <Values>
              <Entry>
                <Value0>63869</Value0>
                <Value1>0</Value1>
              </Entry>
            </Values>
            <Value0>147456</Value0>
            <Value1>65536</Value1>
          </Entry>
        </Unknown>
        <Dialogs>
          <Dialog>姉ヶ崎</Dialog>
          <Dialog>...Not done looking yet？</Dialog>
        </Dialogs>
      </SDL2>
    </Entry>
    <Entry Unknown0="1688757647" Unknown1="2308159482">
      <SDL2 Key="1468847807">
        <Unknown>
          <Entry>
            <Values>
              <Entry>
                <Value0>63870</Value0>
                <Value1>0</Value1>
              </Entry>
            </Values>
            <Value0>147456</Value0>
            <Value1>65536</Value1>
          </Entry>
        </Unknown>
        <Dialogs>
          <Dialog>姉ヶ崎</Dialog>
          <Dialog>Ah, hey...</Dialog>
        </Dialogs>
      </SDL2>
    </Entry>
    <Entry Unknown0="1949783199" Unknown1="1048889225">
      <SDL2 Key="1468847807">
        <Unknown>
          <Entry>
            <Values>
              <Entry>
                <Value0>63871</Value0>
                <Value1>0</Value1>
              </Entry>
            </Values>
            <Value0>147456</Value0>
            <Value1>65536</Value1>
          </Entry>
        </Unknown>
        <Dialogs>
          <Dialog>姉ヶ崎</Dialog>
          <Dialog>How long are you going to keep
looking？</Dialog>
        </Dialogs>
      </SDL2>
    </Entry>
    <Entry Unknown0="86533164" Unknown1="244602490">
      <SDL2 Key="1468847807">
        <Unknown>
          <Entry>
            <Values>
              <Entry>
                <Value0>63872</Value0>
                <Value1>0</Value1>
              </Entry>
            </Values>
            <Value0>147456</Value0>
            <Value1>65536</Value1>
          </Entry>
        </Unknown>
        <Dialogs>
          <Dialog>姉ヶ崎</Dialog>
          <Dialog>It's about time we should stop
this.</Dialog>
        </Dialogs>
      </SDL2>
    </Entry>
    <Entry Unknown0="4097373471" Unknown1="19089290">
      <SDL2 Key="1468847807">
        <Unknown>
          <Entry>
            <Values>
              <Entry>
                <Value0>63873</Value0>
                <Value1>0</Value1>
              </Entry>
            </Values>
            <Value0>147456</Value0>
            <Value1>65536</Value1>
          </Entry>
        </Unknown>
        <Dialogs>
          <Dialog>姉ヶ崎</Dialog>
          <Dialog>Urgh... This is very
embarrassing.</Dialog>
        </Dialogs>
      </SDL2>
    </Entry>
    <Entry Unknown0="80208943" Unknown1="2434029337">
      <SDL2 Key="2008751147">
        <Unknown>
          <Entry>
            <Values>
              <Entry>
                <Value0>63874</Value0>
                <Value1>0</Value1>
              </Entry>
            </Values>
            <Value0>147456</Value0>
            <Value1>65536</Value1>
          </Entry>
        </Unknown>
        <Dialogs>
          <Dialog>姉ヶ崎</Dialog>
          <Dialog>...You aren't looking at
places where you shouldn't
look, right？</Dialog>
        </Dialogs>
      </SDL2>
    </Entry>
    <Entry Unknown0="2511926460" Unknown1="2200233482">
      <SDL2 Key="2008751147">
        <Unknown>
          <Entry>
            <Values>
              <Entry>
                <Value0>63875</Value0>
                <Value1>0</Value1>
              </Entry>
            </Values>
            <Value0>147456</Value0>
            <Value1>65536</Value1>
          </Entry>
        </Unknown>
        <Dialogs>
          <Dialog>姉ヶ崎</Dialog>
          <Dialog>Hey！</Dialog>
        </Dialogs>
      </SDL2>
    </Entry>
    <Entry Unknown0="2227733935" Unknown1="2461259546">
      <SDL2 Key="2008751147">
        <Unknown>
          <Entry>
            <Values>
              <Entry>
                <Value0>63876</Value0>
                <Value1>0</Value1>
              </Entry>
            </Values>
            <Value0>147456</Value0>
            <Value1>65536</Value1>
          </Entry>
        </Unknown>
        <Dialogs>
          <Dialog>姉ヶ崎</Dialog>
          <Dialog>Hey... You're staring too
much.</Dialog>
        </Dialogs>
      </SDL2>
    </Entry>
    <Entry Unknown0="2488759487" Unknown1="3836012457">
      <SDL2 Key="2008751147">
        <Unknown>
          <Entry>
            <Values>
              <Entry>
                <Value0>63877</Value0>
                <Value1>0</Value1>
              </Entry>
            </Values>
            <Value0>147456</Value0>
            <Value1>65536</Value1>
          </Entry>
        </Unknown>
        <Dialogs>
          <Dialog>姉ヶ崎</Dialog>
          <Dialog>No, where are you looking at？</Dialog>
        </Dialogs>
      </SDL2>
    </Entry>
    <Entry Unknown0="625509452" Unknown1="347371162">
      <SDL2 Key="2008751147">
        <Unknown>
          <Entry>
            <Values>
              <Entry>
                <Value0>63878</Value0>
                <Value1>0</Value1>
              </Entry>
            </Values>
            <Value0>147456</Value0>
            <Value1>65536</Value1>
          </Entry>
        </Unknown>
        <Dialogs>
          <Dialog>姉ヶ崎</Dialog>
          <Dialog>What？ Don't stare at places
where you shouldn't look,
okay？</Dialog>
        </Dialogs>
      </SDL2>
    </Entry>
    <Entry Unknown0="341316927" Unknown1="3879954346">
      <SDL2 Key="1066242018">
        <Unknown>
          <Entry>
            <Values>
              <Entry>
                <Value0>63879</Value0>
                <Value1>0</Value1>
              </Entry>
            </Values>
            <Value0>147456</Value0>
            <Value1>65536</Value1>
          </Entry>
        </Unknown>
        <Dialogs>
          <Dialog>姉ヶ崎</Dialog>
          <Dialog>Hey, not done yet？</Dialog>
        </Dialogs>
      </SDL2>
    </Entry>
    <Entry Unknown0="619119695" Unknown1="1999927097">
      <SDL2 Key="1066242018">
        <Unknown>
          <Entry>
            <Values>
              <Entry>
                <Value0>63880</Value0>
                <Value1>0</Value1>
              </Entry>
            </Values>
            <Value0>147456</Value0>
            <Value1>65536</Value1>
          </Entry>
        </Unknown>
        <Dialogs>
          <Dialog>姉ヶ崎</Dialog>
          <Dialog>You don't have to stare so
enthusiastically like that.</Dialog>
        </Dialogs>
      </SDL2>
    </Entry>
    <Entry Unknown0="3050837212" Unknown1="1766065706">
      <SDL2 Key="1066242018">
        <Unknown>
          <Entry>
            <Values>
              <Entry>
                <Value0>63881</Value0>
                <Value1>0</Value1>
              </Entry>
            </Values>
            <Value0>147456</Value0>
            <Value1>65536</Value1>
          </Entry>
        </Unknown>
        <Dialogs>
          <Dialog>姉ヶ崎</Dialog>
          <Dialog>Maybe it's because of this
outfit that my heart is
pounding so hard...</Dialog>
        </Dialogs>
      </SDL2>
    </Entry>
    <Entry Unknown0="2766710223" Unknown1="2027157306">
      <SDL2 Key="1066242018">
        <Unknown>
          <Entry>
            <Values>
              <Entry>
                <Value0>63882</Value0>
                <Value1>0</Value1>
              </Entry>
            </Values>
            <Value0>147456</Value0>
            <Value1>65536</Value1>
          </Entry>
        </Unknown>
        <Dialogs>
          <Dialog>姉ヶ崎</Dialog>
          <Dialog>Wearing this outfit is just
too embarrassing...</Dialog>
        </Dialogs>
      </SDL2>
    </Entry>
    <Entry Unknown0="3027735775" Unknown1="3401844681">
      <SDL2 Key="1066242018">
        <Unknown>
          <Entry>
            <Values>
              <Entry>
                <Value0>63883</Value0>
                <Value1>0</Value1>
              </Entry>
            </Values>
            <Value0>147456</Value0>
            <Value1>65536</Value1>
          </Entry>
        </Unknown>
        <Dialogs>
          <Dialog>姉ヶ崎</Dialog>
          <Dialog>Do you like this outfit？</Dialog>
        </Dialogs>
      </SDL2>
    </Entry>
    <Entry Unknown0="1164485740" Unknown1="30709434">
      <SDL2 Key="1874704220">
        <Unknown>
          <Entry>
            <Values>
              <Entry>
                <Value0>63884</Value0>
                <Value1>0</Value1>
              </Entry>
            </Values>
            <Value0>147456</Value0>
            <Value1>65536</Value1>
          </Entry>
        </Unknown>
        <Dialogs>
          <Dialog>姉ヶ崎</Dialog>
          <Dialog>Then this is it for today.</Dialog>
        </Dialogs>
      </SDL2>
    </Entry>
    <Entry Unknown0="880293215" Unknown1="996313034">
      <SDL2 Key="1874704220">
        <Unknown>
          <Entry>
            <Values>
              <Entry>
                <Value0>63885</Value0>
                <Value1>0</Value1>
              </Entry>
            </Values>
            <Value0>147456</Value0>
            <Value1>65536</Value1>
          </Entry>
        </Unknown>
        <Dialogs>
          <Dialog>姉ヶ崎</Dialog>
          <Dialog>Hehe, you really tried your
best.</Dialog>
        </Dialogs>
      </SDL2>
    </Entry>
    <Entry Unknown0="1141318767" Unknown1="2857801561">
      <SDL2 Key="1874704220">
        <Unknown>
          <Entry>
            <Values>
              <Entry>
                <Value0>63886</Value0>
                <Value1>0</Value1>
              </Entry>
            </Values>
            <Value0>147456</Value0>
            <Value1>65536</Value1>
          </Entry>
        </Unknown>
        <Dialogs>
          <Dialog>姉ヶ崎</Dialog>
          <Dialog>We've studied a lot today,
right？</Dialog>
        </Dialogs>
      </SDL2>
    </Entry>
    <Entry Unknown0="3589813500" Unknown1="3144099402">
      <SDL2 Key="1874704220">
        <Unknown>
          <Entry>
            <Values>
              <Entry>
                <Value0>63887</Value0>
                <Value1>0</Value1>
              </Entry>
            </Values>
            <Value0>147456</Value0>
            <Value1>65536</Value1>
          </Entry>
        </Unknown>
        <Dialogs>
          <Dialog>姉ヶ崎</Dialog>
          <Dialog>You did your best. I'll give
you a "good job" stamp.</Dialog>
        </Dialogs>
      </SDL2>
    </Entry>
    <Entry Unknown0="3288909295" Unknown1="2867992410">
      <SDL2 Key="2180836775">
        <Unknown>
          <Entry>
            <Values>
              <Entry>
                <Value0>63888</Value0>
                <Value1>0</Value1>
              </Entry>
            </Values>
            <Value0>147456</Value0>
            <Value1>65536</Value1>
          </Entry>
        </Unknown>
        <Dialogs>
          <Dialog>姉ヶ崎</Dialog>
          <Dialog>Hehe. You've done very well.</Dialog>
        </Dialogs>
      </SDL2>
    </Entry>
    <Entry Unknown0="3566712063" Unknown1="1541810153">
      <SDL2 Key="2180836775">
        <Unknown>
          <Entry>
            <Values>
              <Entry>
                <Value0>63889</Value0>
                <Value1>0</Value1>
              </Entry>
            </Values>
            <Value0>147456</Value0>
            <Value1>65536</Value1>
          </Entry>
        </Unknown>
        <Dialogs>
          <Dialog>姉ヶ崎</Dialog>
          <Dialog>You'll have to try a little
harder, okay？</Dialog>
        </Dialogs>
      </SDL2>
    </Entry>
    <Entry Unknown0="1703462028" Unknown1="720877274">
      <SDL2 Key="2180836775">
        <Unknown>
          <Entry>
            <Values>
              <Entry>
                <Value0>63890</Value0>
                <Value1>0</Value1>
              </Entry>
            </Values>
            <Value0>147456</Value0>
            <Value1>65536</Value1>
          </Entry>
        </Unknown>
        <Dialogs>
          <Dialog>姉ヶ崎</Dialog>
          <Dialog>I'm quite worried about the
coming exams...</Dialog>
        </Dialogs>
      </SDL2>
    </Entry>
    <Entry Unknown0="1419269503" Unknown1="1568843754">
      <SDL2 Key="2180836775">
        <Unknown>
          <Entry>
            <Values>
              <Entry>
                <Value0>63891</Value0>
                <Value1>0</Value1>
              </Entry>
            </Values>
            <Value0>147456</Value0>
            <Value1>65536</Value1>
          </Entry>
        </Unknown>
        <Dialogs>
          <Dialog>姉ヶ崎</Dialog>
          <Dialog>Things didn't go well today
but I guess we can manage it
somehow, right？</Dialog>
        </Dialogs>
      </SDL2>
    </Entry>
    <Entry Unknown0="1680295055" Unknown1="3430332281">
      <SDL2 Key="2180836775">
        <Unknown>
          <Entry>
            <Values>
              <Entry>
                <Value0>63892</Value0>
                <Value1>0</Value1>
              </Entry>
            </Values>
            <Value0>147456</Value0>
            <Value1>65536</Value1>
          </Entry>
        </Unknown>
        <Dialogs>
          <Dialog>姉ヶ崎</Dialog>
          <Dialog>Things went all wrong...</Dialog>
        </Dialogs>
      </SDL2>
    </Entry>
    <Entry Unknown0="4112012316" Unknown1="3716630122">
      <SDL2 Key="2180836775">
        <Unknown>
          <Entry>
            <Values>
              <Entry>
                <Value0>63893</Value0>
                <Value1>0</Value1>
              </Entry>
            </Values>
            <Value0>147456</Value0>
            <Value1>65536</Value1>
          </Entry>
        </Unknown>
        <Dialogs>
          <Dialog>姉ヶ崎</Dialog>
          <Dialog>Geez. You made me worried. You
must study after you get home,
all right？</Dialog>
        </Dialogs>
      </SDL2>
    </Entry>
    <Entry Unknown0="3827885327" Unknown1="4111677306">
      <SDL2 Key="1237213565">
        <Unknown>
          <Entry>
            <Values>
              <Entry>
                <Value0>63894</Value0>
                <Value1>0</Value1>
              </Entry>
            </Values>
            <Value0>147456</Value0>
            <Value1>65536</Value1>
          </Entry>
        </Unknown>
        <Dialogs>
          <Dialog>姉ヶ崎</Dialog>
          <Dialog>Then do your best for the
tests. I'll do my best, too.
Hehe.</Dialog>
        </Dialogs>
      </SDL2>
    </Entry>
    <Entry Unknown0="4105688095" Unknown1="1157908233">
      <SDL2 Key="1237213565">
        <Unknown>
          <Entry>
            <Values>
              <Entry>
                <Value0>63895</Value0>
                <Value1>0</Value1>
              </Entry>
            </Values>
            <Value0>147456</Value0>
            <Value1>65536</Value1>
          </Entry>
          <Entry>
            <Values />
            <Value0>65538</Value0>
            <Value1>65539</Value1>
          </Entry>
          <Entry>
            <Values />
            <Value0>65539</Value0>
            <Value1>648615</Value1>
          </Entry>
        </Unknown>
        <Dialogs>
          <Dialog>姉ヶ崎</Dialog>
          <Dialog>I think we have covered
everything for the tests.
...You wanna go home now？</Dialog>
          <Dialog>I'm tired. I'll go home.</Dialog>
          <Dialog>Can I stay for a while？</Dialog>
        </Dialogs>
      </SDL2>
    </Entry>
    <Entry Unknown0="2242438316" Unknown1="1997854458">
      <SDL2 Key="1237213565">
        <Unknown>
          <Entry>
            <Values>
              <Entry>
                <Value0>63896</Value0>
                <Value1>0</Value1>
              </Entry>
            </Values>
            <Value0>147456</Value0>
            <Value1>65536</Value1>
          </Entry>
        </Unknown>
        <Dialogs>
          <Dialog>姉ヶ崎</Dialog>
          <Dialog>Okay... See you later then.</Dialog>
        </Dialogs>
      </SDL2>
    </Entry>
    <Entry Unknown0="1958245791" Unknown1="1185138442">
      <SDL2 Key="1237213565">
        <Unknown>
          <Entry>
            <Values>
              <Entry>
                <Value0>63897</Value0>
                <Value1>0</Value1>
              </Entry>
            </Values>
            <Value0>147456</Value0>
            <Value1>65536</Value1>
          </Entry>
        </Unknown>
        <Dialogs>
          <Dialog>姉ヶ崎</Dialog>
          <Dialog>Then wait a moment. I have
something to show you.</Dialog>
        </Dialogs>
      </SDL2>
    </Entry>
    <Entry Unknown0="2219271343" Unknown1="3734296473">
      <SDL2 Key="1237213565">
        <Unknown>
          <Entry>
            <Values>
              <Entry>
                <Value0>63898</Value0>
                <Value1>0</Value1>
              </Entry>
            </Values>
            <Value0>147456</Value0>
            <Value1>65536</Value1>
          </Entry>
          <Entry>
            <Values />
            <Value0>147458</Value0>
            <Value1>196608</Value1>
          </Entry>
        </Unknown>
        <Dialogs>
          <Dialog>姉ヶ崎</Dialog>
          <Dialog>We have spent our time
productively.</Dialog>
          <Dialog>○○○○○○○○</Dialog>
          <Dialog>Yeah. I learned a lot.</Dialog>
        </Dialogs>
      </SDL2>
    </Entry>
    <Entry Unknown0="356021308" Unknown1="3466880650">
      <SDL2 Key="1778292697">
        <Unknown>
          <Entry>
            <Values>
              <Entry>
                <Value0>63899</Value0>
                <Value1>0</Value1>
              </Entry>
            </Values>
            <Value0>147456</Value0>
            <Value1>65536</Value1>
          </Entry>
          <Entry>
            <Values />
            <Value0>147458</Value0>
            <Value1>196608</Value1>
          </Entry>
        </Unknown>
        <Dialogs>
          <Dialog>姉ヶ崎</Dialog>
          <Dialog>I don't know why things turned
out to be like that... But if
there's a chance, let's do
this again.</Dialog>
          <Dialog>○○○○○○○○</Dialog>
          <Dialog>Yeah, okay.</Dialog>
        </Dialogs>
      </SDL2>
    </Entry>
    <Entry Unknown0="71828783" Unknown1="3241367450">
      <SDL2 Key="1778292697">
        <Unknown>
          <Entry>
            <Values>
              <Entry>
                <Value0>63900</Value0>
                <Value1>0</Value1>
              </Entry>
            </Values>
            <Value0>147456</Value0>
            <Value1>65536</Value1>
          </Entry>
          <Entry>
            <Values />
            <Value0>147458</Value0>
            <Value1>196608</Value1>
          </Entry>
        </Unknown>
        <Dialogs>
          <Dialog>姉ヶ崎</Dialog>
          <Dialog>In the middle of our study, we
did some strange things...</Dialog>
          <Dialog>○○○○○○○○</Dialog>
          <Dialog>Yeah... But it was fun.</Dialog>
        </Dialogs>
      </SDL2>
    </Entry>
  </Entries>
</DBIN2>