<?xml version="1.0" encoding="utf-8"?>
<DBIN2 xmlns:xsi="http://www.w3.org/2001/XMLSchema-instance" xmlns:xsd="http://www.w3.org/2001/XMLSchema" Key="632934291" Unknown="5">
  <Entries>
    <Entry Unknown0="2305975469" Unknown1="2543833788">
      <SDL2 Key="2277749493">
        <Unknown />
        <Dialogs />
      </SDL2>
    </Entry>
    <Entry Unknown0="707425104" Unknown1="1317172596">
      <SDL2 Key="2277749493">
        <Unknown>
          <Entry>
            <Values>
              <Entry>
                <Value0>64271</Value0>
                <Value1>0</Value1>
              </Entry>
            </Values>
            <Value0>147456</Value0>
            <Value1>65536</Value1>
          </Entry>
          <Entry>
            <Values />
            <Value0>147458</Value0>
            <Value1>196608</Value1>
          </Entry>
        </Unknown>
        <Dialogs>
          <Dialog>姉ヶ崎</Dialog>
          <Dialog>Hey, you got a moment？</Dialog>
          <Dialog>○○○○○○○○</Dialog>
          <Dialog>Yeah, what is it？</Dialog>
        </Dialogs>
      </SDL2>
    </Entry>
    <Entry Unknown0="3793689608" Unknown1="1311190377">
      <SDL2 Key="2277749493">
        <Unknown>
          <Entry>
            <Values>
              <Entry>
                <Value0>64272</Value0>
                <Value1>0</Value1>
              </Entry>
            </Values>
            <Value0>147456</Value0>
            <Value1>65536</Value1>
          </Entry>
          <Entry>
            <Values />
            <Value0>147458</Value0>
            <Value1>196608</Value1>
          </Entry>
          <Entry>
            <Values>
              <Entry>
                <Value0>64273</Value0>
                <Value1>0</Value1>
              </Entry>
            </Values>
            <Value0>147456</Value0>
            <Value1>262144</Value1>
          </Entry>
          <Entry>
            <Values />
            <Value0>147458</Value0>
            <Value1>327680</Value1>
          </Entry>
          <Entry>
            <Values>
              <Entry>
                <Value0>64274</Value0>
                <Value1>0</Value1>
              </Entry>
            </Values>
            <Value0>147456</Value0>
            <Value1>393216</Value1>
          </Entry>
        </Unknown>
        <Dialogs>
          <Dialog>姉ヶ崎</Dialog>
          <Dialog>Well, there was a fortune
telling program on TV today.</Dialog>
          <Dialog>○○○○○○○○</Dialog>
          <Dialog>You mean the one with the
running animals？</Dialog>
          <Dialog>Yeah, that one. And the
raccoon dog was the winner.</Dialog>
          <Dialog>Which means... "Excellent
luck"？</Dialog>
          <Dialog>Correct！ Hehe. There must be
something good happening
today.</Dialog>
        </Dialogs>
      </SDL2>
    </Entry>
    <Entry Unknown0="3653424381" Unknown1="3975094796">
      <SDL2 Key="3086211167">
        <Unknown>
          <Entry>
            <Values>
              <Entry>
                <Value0>64275</Value0>
                <Value1>0</Value1>
              </Entry>
            </Values>
            <Value0>147456</Value0>
            <Value1>65536</Value1>
          </Entry>
          <Entry>
            <Values />
            <Value0>147458</Value0>
            <Value1>196608</Value1>
          </Entry>
          <Entry>
            <Values>
              <Entry>
                <Value0>64276</Value0>
                <Value1>0</Value1>
              </Entry>
            </Values>
            <Value0>147456</Value0>
            <Value1>262144</Value1>
          </Entry>
          <Entry>
            <Values />
            <Value0>147458</Value0>
            <Value1>327680</Value1>
          </Entry>
          <Entry>
            <Values>
              <Entry>
                <Value0>64277</Value0>
                <Value1>0</Value1>
              </Entry>
            </Values>
            <Value0>147456</Value0>
            <Value1>393216</Value1>
          </Entry>
        </Unknown>
        <Dialogs>
          <Dialog>姉ヶ崎</Dialog>
          <Dialog>On the fortune telling program
today, I feel like it was so
close.</Dialog>
          <Dialog>○○○○○○○○</Dialog>
          <Dialog>The fortune telling
program...？ Ah, the one with
the running animals？</Dialog>
          <Dialog>Yeah. The raccoon dog was the
leader until midway. In the
end, it came out second. So,
it's "Moderate luck" for me.</Dialog>
          <Dialog>Moderate luck is still nice,
isn't it？</Dialog>
          <Dialog>Hmm. But it's just too
general... Hmm.</Dialog>
        </Dialogs>
      </SDL2>
    </Entry>
    <Entry Unknown0="2054857632" Unknown1="2480063940">
      <SDL2 Key="2683667329">
        <Unknown>
          <Entry>
            <Values />
            <Value0>147456</Value0>
            <Value1>65536</Value1>
          </Entry>
          <Entry>
            <Values>
              <Entry>
                <Value0>64278</Value0>
                <Value1>0</Value1>
              </Entry>
            </Values>
            <Value0>147458</Value0>
            <Value1>196608</Value1>
          </Entry>
          <Entry>
            <Values />
            <Value0>147456</Value0>
            <Value1>262144</Value1>
          </Entry>
          <Entry>
            <Values>
              <Entry>
                <Value0>64279</Value0>
                <Value1>0</Value1>
              </Entry>
            </Values>
            <Value0>147458</Value0>
            <Value1>327680</Value1>
          </Entry>
          <Entry>
            <Values />
            <Value0>147456</Value0>
            <Value1>393216</Value1>
          </Entry>
          <Entry>
            <Values>
              <Entry>
                <Value0>64280</Value0>
                <Value1>0</Value1>
              </Entry>
            </Values>
            <Value0>147458</Value0>
            <Value1>458752</Value1>
          </Entry>
        </Unknown>
        <Dialogs>
          <Dialog>○○○○○○○○</Dialog>
          <Dialog>Eh？ You don't look well. Did
something happen？</Dialog>
          <Dialog>姉ヶ崎</Dialog>
          <Dialog>Yeah... For today's fortune
telling program...</Dialog>
          <Dialog>Ah, the one with the running
animals？</Dialog>
          <Dialog>Yeah... The raccoon dog lost
today...</Dialog>
          <Dialog>Which means your fortune isn't
good today...？</Dialog>
          <Dialog>Hah, I should behave myself
today, right...？</Dialog>
        </Dialogs>
      </SDL2>
    </Entry>
  </Entries>
</DBIN2>