<?xml version="1.0" encoding="utf-8"?>
<DBIN2 xmlns:xsi="http://www.w3.org/2001/XMLSchema-instance" xmlns:xsd="http://www.w3.org/2001/XMLSchema" Key="3209005293" Unknown="33">
  <Entries>
    <Entry Unknown0="1107325186" Unknown1="3207053694">
      <SDL2 Key="2683667329">
        <Unknown>
          <Entry>
            <Values>
              <Entry>
                <Value0>64281</Value0>
                <Value1>0</Value1>
              </Entry>
            </Values>
            <Value0>147456</Value0>
            <Value1>65536</Value1>
          </Entry>
          <Entry>
            <Values />
            <Value0>147458</Value0>
            <Value1>196608</Value1>
          </Entry>
          <Entry>
            <Values>
              <Entry>
                <Value0>64282</Value0>
                <Value1>0</Value1>
              </Entry>
            </Values>
            <Value0>147456</Value0>
            <Value1>262144</Value1>
          </Entry>
          <Entry>
            <Values />
            <Value0>147458</Value0>
            <Value1>327680</Value1>
          </Entry>
          <Entry>
            <Values>
              <Entry>
                <Value0>64283</Value0>
                <Value1>0</Value1>
              </Entry>
            </Values>
            <Value0>147456</Value0>
            <Value1>393216</Value1>
          </Entry>
          <Entry>
            <Values />
            <Value0>147458</Value0>
            <Value1>458752</Value1>
          </Entry>
          <Entry>
            <Values>
              <Entry>
                <Value0>64284</Value0>
                <Value1>0</Value1>
              </Entry>
            </Values>
            <Value0>147456</Value0>
            <Value1>524288</Value1>
          </Entry>
          <Entry>
            <Values />
            <Value0>147458</Value0>
            <Value1>589824</Value1>
          </Entry>
          <Entry>
            <Values>
              <Entry>
                <Value0>64285</Value0>
                <Value1>0</Value1>
              </Entry>
            </Values>
            <Value0>147456</Value0>
            <Value1>655360</Value1>
          </Entry>
          <Entry>
            <Values />
            <Value0>147458</Value0>
            <Value1>720896</Value1>
          </Entry>
        </Unknown>
        <Dialogs>
          <Dialog>姉ヶ崎</Dialog>
          <Dialog>Ah... What's up？ Why are you
here？</Dialog>
          <Dialog>○○○○○○○○</Dialog>
          <Dialog>How about you,
▲姉ヶ崎＊▲？</Dialog>
          <Dialog>Me？ I'm here just for a
change of mood...</Dialog>
          <Dialog>I'm here for the same
reason...</Dialog>
          <Dialog>Geez. What's that？</Dialog>
          <Dialog>Haha. What...？</Dialog>
          <Dialog>Hehe. Well... Now that I met
you, I feel like today is a
nice day.</Dialog>
          <Dialog>？</Dialog>
          <Dialog>No, never mind. Well, I have
to go. See you later, okay？</Dialog>
          <Dialog>Okay.</Dialog>
        </Dialogs>
      </SDL2>
    </Entry>
    <Entry Unknown0="3122834298" Unknown1="3766303136">
      <SDL2 Key="2683667329">
        <Unknown>
          <Entry>
            <Values>
              <Entry>
                <Value0>64286</Value0>
                <Value1>0</Value1>
              </Entry>
            </Values>
            <Value0>147456</Value0>
            <Value1>65536</Value1>
          </Entry>
          <Entry>
            <Values />
            <Value0>147458</Value0>
            <Value1>196608</Value1>
          </Entry>
          <Entry>
            <Values>
              <Entry>
                <Value0>64287</Value0>
                <Value1>0</Value1>
              </Entry>
            </Values>
            <Value0>147456</Value0>
            <Value1>262144</Value1>
          </Entry>
          <Entry>
            <Values />
            <Value0>147458</Value0>
            <Value1>327680</Value1>
          </Entry>
          <Entry>
            <Values>
              <Entry>
                <Value0>64288</Value0>
                <Value1>0</Value1>
              </Entry>
            </Values>
            <Value0>147456</Value0>
            <Value1>393216</Value1>
          </Entry>
        </Unknown>
        <Dialogs>
          <Dialog>姉ヶ崎</Dialog>
          <Dialog>Hehe. Are you here for a
change of mood again？</Dialog>
          <Dialog>○○○○○○○○</Dialog>
          <Dialog>Yeah... What a coincidence.</Dialog>
          <Dialog>Did you come here because you
expected to see me... hmm？</Dialog>
          <Dialog>Eh...？</Dialog>
          <Dialog>No, never mind. Well, see you
later, okay？</Dialog>
        </Dialogs>
      </SDL2>
    </Entry>
    <Entry Unknown0="3698860956" Unknown1="905272310">
      <SDL2 Key="2683667329">
        <Unknown>
          <Entry>
            <Values>
              <Entry>
                <Value0>64289</Value0>
                <Value1>0</Value1>
              </Entry>
            </Values>
            <Value0>147456</Value0>
            <Value1>65536</Value1>
          </Entry>
          <Entry>
            <Values />
            <Value0>147458</Value0>
            <Value1>196608</Value1>
          </Entry>
          <Entry>
            <Values>
              <Entry>
                <Value0>64290</Value0>
                <Value1>0</Value1>
              </Entry>
            </Values>
            <Value0>147456</Value0>
            <Value1>262144</Value1>
          </Entry>
          <Entry>
            <Values />
            <Value0>147458</Value0>
            <Value1>327680</Value1>
          </Entry>
          <Entry>
            <Values>
              <Entry>
                <Value0>64291</Value0>
                <Value1>0</Value1>
              </Entry>
            </Values>
            <Value0>147456</Value0>
            <Value1>393216</Value1>
          </Entry>
        </Unknown>
        <Dialogs>
          <Dialog>姉ヶ崎</Dialog>
          <Dialog>Another lucky coincidence,
huh？</Dialog>
          <Dialog>○○○○○○○○</Dialog>
          <Dialog>Ah...</Dialog>
          <Dialog>I wish I could hang out with
you a little longer, but...</Dialog>
          <Dialog>You got something planned？</Dialog>
          <Dialog>Yeah, I have to go home now.
Sorry. Bye...</Dialog>
        </Dialogs>
      </SDL2>
    </Entry>
    <Entry Unknown0="854606322" Unknown1="2769793390">
      <SDL2 Key="2683667329">
        <Unknown>
          <Entry>
            <Values>
              <Entry>
                <Value0>64292</Value0>
                <Value1>0</Value1>
              </Entry>
            </Values>
            <Value0>147456</Value0>
            <Value1>65536</Value1>
          </Entry>
          <Entry>
            <Values />
            <Value0>147458</Value0>
            <Value1>196608</Value1>
          </Entry>
          <Entry>
            <Values>
              <Entry>
                <Value0>64293</Value0>
                <Value1>0</Value1>
              </Entry>
            </Values>
            <Value0>147456</Value0>
            <Value1>262144</Value1>
          </Entry>
          <Entry>
            <Values />
            <Value0>147458</Value0>
            <Value1>327680</Value1>
          </Entry>
          <Entry>
            <Values />
            <Value0>147456</Value0>
            <Value1>393216</Value1>
          </Entry>
          <Entry>
            <Values />
            <Value0>147458</Value0>
            <Value1>458752</Value1>
          </Entry>
          <Entry>
            <Values>
              <Entry>
                <Value0>64294</Value0>
                <Value1>0</Value1>
              </Entry>
            </Values>
            <Value0>147456</Value0>
            <Value1>524288</Value1>
          </Entry>
          <Entry>
            <Values />
            <Value0>147458</Value0>
            <Value1>589824</Value1>
          </Entry>
          <Entry>
            <Values>
              <Entry>
                <Value0>64295</Value0>
                <Value1>0</Value1>
              </Entry>
            </Values>
            <Value0>147456</Value0>
            <Value1>655360</Value1>
          </Entry>
        </Unknown>
        <Dialogs>
          <Dialog>姉ヶ崎</Dialog>
          <Dialog>Ah... Hehe. You also come to
this place.</Dialog>
          <Dialog>○○○○○○○○</Dialog>
          <Dialog>▲姉ヶ崎＊▲？</Dialog>
          <Dialog>Did you come to watch a movie
alone？</Dialog>
          <Dialog>▲姉ヶ崎＊▲,
too？ Did you watch
a movie alone？</Dialog>
          <Dialog>......</Dialog>
          <Dialog>Did I... ask a weird
question？</Dialog>
          <Dialog>No, you didn't. It's just... I
was thinking that I should've
invited you here.</Dialog>
          <Dialog>Well...</Dialog>
          <Dialog>Hehe. It's okay. We can come
here together next time, all
right？</Dialog>
        </Dialogs>
      </SDL2>
    </Entry>
    <Entry Unknown0="2853354346" Unknown1="3664587152">
      <SDL2 Key="3476339180">
        <Unknown>
          <Entry>
            <Values>
              <Entry>
                <Value0>64296</Value0>
                <Value1>0</Value1>
              </Entry>
            </Values>
            <Value0>147456</Value0>
            <Value1>65536</Value1>
          </Entry>
          <Entry>
            <Values />
            <Value0>147458</Value0>
            <Value1>196608</Value1>
          </Entry>
          <Entry>
            <Values>
              <Entry>
                <Value0>64297</Value0>
                <Value1>0</Value1>
              </Entry>
            </Values>
            <Value0>147456</Value0>
            <Value1>262144</Value1>
          </Entry>
          <Entry>
            <Values />
            <Value0>147458</Value0>
            <Value1>327680</Value1>
          </Entry>
          <Entry>
            <Values>
              <Entry>
                <Value0>64298</Value0>
                <Value1>0</Value1>
              </Entry>
            </Values>
            <Value0>147456</Value0>
            <Value1>393216</Value1>
          </Entry>
        </Unknown>
        <Dialogs>
          <Dialog>姉ヶ崎</Dialog>
          <Dialog>We meet again. Are you here by
yourself？</Dialog>
          <Dialog>○○○○○○○○</Dialog>
          <Dialog>Yes.
▲姉ヶ崎＊▲,
too？</Dialog>
          <Dialog>Yeah, but I just got out of
the theater and I'm about to
go home...</Dialog>
          <Dialog>I see. Too bad. We couldn't
watch it together.</Dialog>
          <Dialog>Don't worry. We can come here
together next time, right？</Dialog>
        </Dialogs>
      </SDL2>
    </Entry>
    <Entry Unknown0="3429381004" Unknown1="736447462">
      <SDL2 Key="3476339180">
        <Unknown>
          <Entry>
            <Values>
              <Entry>
                <Value0>64299</Value0>
                <Value1>0</Value1>
              </Entry>
            </Values>
            <Value0>147456</Value0>
            <Value1>65536</Value1>
          </Entry>
          <Entry>
            <Values />
            <Value0>147458</Value0>
            <Value1>196608</Value1>
          </Entry>
          <Entry>
            <Values>
              <Entry>
                <Value0>64300</Value0>
                <Value1>0</Value1>
              </Entry>
            </Values>
            <Value0>147456</Value0>
            <Value1>262144</Value1>
          </Entry>
          <Entry>
            <Values />
            <Value0>147458</Value0>
            <Value1>327680</Value1>
          </Entry>
          <Entry>
            <Values>
              <Entry>
                <Value0>64301</Value0>
                <Value1>0</Value1>
              </Entry>
            </Values>
            <Value0>147456</Value0>
            <Value1>393216</Value1>
          </Entry>
        </Unknown>
        <Dialogs>
          <Dialog>姉ヶ崎</Dialog>
          <Dialog>Ah, we run into each other
again...？</Dialog>
          <Dialog>○○○○○○○○</Dialog>
          <Dialog>Yeah, it seems so.</Dialog>
          <Dialog>Hehe. I'm not sure if we
should call this good or bad
timing.</Dialog>
          <Dialog>Yeah, really...</Dialog>
          <Dialog>It's okay. Don't worry. We can
come here together later
whenever we want.</Dialog>
        </Dialogs>
      </SDL2>
    </Entry>
    <Entry Unknown0="585126370" Unknown1="2332402014">
      <SDL2 Key="3476339180">
        <Unknown>
          <Entry>
            <Values>
              <Entry>
                <Value0>64302</Value0>
                <Value1>0</Value1>
              </Entry>
            </Values>
            <Value0>147456</Value0>
            <Value1>65536</Value1>
          </Entry>
          <Entry>
            <Values />
            <Value0>147458</Value0>
            <Value1>196608</Value1>
          </Entry>
          <Entry>
            <Values>
              <Entry>
                <Value0>64303</Value0>
                <Value1>0</Value1>
              </Entry>
            </Values>
            <Value0>147456</Value0>
            <Value1>262144</Value1>
          </Entry>
          <Entry>
            <Values />
            <Value0>147458</Value0>
            <Value1>327680</Value1>
          </Entry>
          <Entry>
            <Values>
              <Entry>
                <Value0>64304</Value0>
                <Value1>0</Value1>
              </Entry>
            </Values>
            <Value0>147456</Value0>
            <Value1>393216</Value1>
          </Entry>
          <Entry>
            <Values />
            <Value0>147458</Value0>
            <Value1>458752</Value1>
          </Entry>
          <Entry>
            <Values>
              <Entry>
                <Value0>64305</Value0>
                <Value1>0</Value1>
              </Entry>
            </Values>
            <Value0>147456</Value0>
            <Value1>524288</Value1>
          </Entry>
          <Entry>
            <Values />
            <Value0>147458</Value0>
            <Value1>589824</Value1>
          </Entry>
          <Entry>
            <Values>
              <Entry>
                <Value0>64306</Value0>
                <Value1>0</Value1>
              </Entry>
            </Values>
            <Value0>147456</Value0>
            <Value1>655360</Value1>
          </Entry>
        </Unknown>
        <Dialogs>
          <Dialog>姉ヶ崎</Dialog>
          <Dialog>...Hehe. I found this cute boy
right here.</Dialog>
          <Dialog>○○○○○○○○</Dialog>
          <Dialog>▲姉ヶ崎＊▲？</Dialog>
          <Dialog>You're here for... training？</Dialog>
          <Dialog>Yeah, something like that...</Dialog>
          <Dialog>Hehe. I see... That's good.
It's good that you're training
your body, but don't forget
about me, okay？</Dialog>
          <Dialog>Of course, I won't...</Dialog>
          <Dialog>Hehe. Now, I've got to go...</Dialog>
          <Dialog>Okay.</Dialog>
          <Dialog>Okay, bye！</Dialog>
        </Dialogs>
      </SDL2>
    </Entry>
    <Entry Unknown0="2583858010" Unknown1="3563002240">
      <SDL2 Key="3476339180">
        <Unknown>
          <Entry>
            <Values>
              <Entry>
                <Value0>64307</Value0>
                <Value1>0</Value1>
              </Entry>
            </Values>
            <Value0>147456</Value0>
            <Value1>65536</Value1>
          </Entry>
          <Entry>
            <Values />
            <Value0>147458</Value0>
            <Value1>196608</Value1>
          </Entry>
          <Entry>
            <Values>
              <Entry>
                <Value0>64308</Value0>
                <Value1>0</Value1>
              </Entry>
              <Entry>
                <Value0>64309</Value0>
                <Value1>667</Value1>
              </Entry>
            </Values>
            <Value0>147456</Value0>
            <Value1>262144</Value1>
          </Entry>
          <Entry>
            <Values />
            <Value0>147458</Value0>
            <Value1>327680</Value1>
          </Entry>
          <Entry>
            <Values>
              <Entry>
                <Value0>64310</Value0>
                <Value1>0</Value1>
              </Entry>
            </Values>
            <Value0>147456</Value0>
            <Value1>393216</Value1>
          </Entry>
        </Unknown>
        <Dialogs>
          <Dialog>姉ヶ崎</Dialog>
          <Dialog>Hehe, we meet again.</Dialog>
          <Dialog>○○○○○○○○</Dialog>
          <Dialog>▲姉ヶ崎＊▲,
you come here again.</Dialog>
          <Dialog>You don't have to concern
about me. Are you possibly
trying to get brawny？</Dialog>
          <Dialog>Brawny？</Dialog>
          <Dialog>I object！ I don't want you to
be brawny！ So, don't！</Dialog>
        </Dialogs>
      </SDL2>
    </Entry>
    <Entry Unknown0="3159884668" Unknown1="30882774">
      <SDL2 Key="2046180531">
        <Unknown>
          <Entry>
            <Values />
            <Value0>147456</Value0>
            <Value1>65536</Value1>
          </Entry>
          <Entry>
            <Values>
              <Entry>
                <Value0>4294901762</Value0>
                <Value1>0</Value1>
              </Entry>
            </Values>
            <Value0>147458</Value0>
            <Value1>196608</Value1>
          </Entry>
          <Entry>
            <Values />
            <Value0>147456</Value0>
            <Value1>262144</Value1>
          </Entry>
          <Entry>
            <Values>
              <Entry>
                <Value0>64311</Value0>
                <Value1>0</Value1>
              </Entry>
            </Values>
            <Value0>147458</Value0>
            <Value1>327680</Value1>
          </Entry>
          <Entry>
            <Values>
              <Entry>
                <Value0>64312</Value0>
                <Value1>0</Value1>
              </Entry>
            </Values>
            <Value0>147458</Value0>
            <Value1>393216</Value1>
          </Entry>
        </Unknown>
        <Dialogs>
          <Dialog>○○○○○○○○</Dialog>
          <Dialog>Ah,
▲姉ヶ崎＊▲.
You're here again...
Are you possibly trying
to lose weight？</Dialog>
          <Dialog>姉ヶ崎</Dialog>
          <Dialog>▲主人公＊▲.</Dialog>
          <Dialog>What？</Dialog>
          <Dialog>It's okay that you enjoy body
training, but...</Dialog>
          <Dialog>Don't ever talk to your
girlfriend about her weight！
This is the warning！</Dialog>
        </Dialogs>
      </SDL2>
    </Entry>
    <Entry Unknown0="315630034" Unknown1="2448920910">
      <SDL2 Key="2046180531">
        <Unknown>
          <Entry>
            <Values>
              <Entry>
                <Value0>4294901762</Value0>
                <Value1>0</Value1>
              </Entry>
              <Entry>
                <Value0>64313</Value0>
                <Value1>500</Value1>
              </Entry>
            </Values>
            <Value0>147456</Value0>
            <Value1>65536</Value1>
          </Entry>
          <Entry>
            <Values />
            <Value0>147458</Value0>
            <Value1>196608</Value1>
          </Entry>
          <Entry>
            <Values>
              <Entry>
                <Value0>64314</Value0>
                <Value1>0</Value1>
              </Entry>
            </Values>
            <Value0>147456</Value0>
            <Value1>262144</Value1>
          </Entry>
          <Entry>
            <Values />
            <Value0>147458</Value0>
            <Value1>327680</Value1>
          </Entry>
          <Entry>
            <Values>
              <Entry>
                <Value0>64315</Value0>
                <Value1>0</Value1>
              </Entry>
            </Values>
            <Value0>147456</Value0>
            <Value1>393216</Value1>
          </Entry>
          <Entry>
            <Values />
            <Value0>147458</Value0>
            <Value1>458752</Value1>
          </Entry>
          <Entry>
            <Values>
              <Entry>
                <Value0>64316</Value0>
                <Value1>0</Value1>
              </Entry>
            </Values>
            <Value0>147456</Value0>
            <Value1>524288</Value1>
          </Entry>
          <Entry>
            <Values />
            <Value0>147458</Value0>
            <Value1>589824</Value1>
          </Entry>
          <Entry>
            <Values>
              <Entry>
                <Value0>64317</Value0>
                <Value1>0</Value1>
              </Entry>
            </Values>
            <Value0>147456</Value0>
            <Value1>655360</Value1>
          </Entry>
        </Unknown>
        <Dialogs>
          <Dialog>姉ヶ崎</Dialog>
          <Dialog>▲主人公＊▲.
Are you shopping？</Dialog>
          <Dialog>○○○○○○○○</Dialog>
          <Dialog>▲姉ヶ崎＊▲...
Yeah, that's right.</Dialog>
          <Dialog>Perhaps, you're buying
presents for some other
girls？</Dialog>
          <Dialog>Eh！？</Dialog>
          <Dialog>Geez... You don't have to
fluster like that...</Dialog>
          <Dialog>Sorry.</Dialog>
          <Dialog>Fine, I trust you... Sorry
that I said something weird...</Dialog>
          <Dialog>No, don't worry...</Dialog>
          <Dialog>Ah, I have to go... See you
later, okay？</Dialog>
        </Dialogs>
      </SDL2>
    </Entry>
    <Entry Unknown0="2331155274" Unknown1="2924284272">
      <SDL2 Key="2046180531">
        <Unknown>
          <Entry>
            <Values>
              <Entry>
                <Value0>64318</Value0>
                <Value1>0</Value1>
              </Entry>
            </Values>
            <Value0>147456</Value0>
            <Value1>65536</Value1>
          </Entry>
          <Entry>
            <Values />
            <Value0>147458</Value0>
            <Value1>196608</Value1>
          </Entry>
          <Entry>
            <Values>
              <Entry>
                <Value0>64319</Value0>
                <Value1>0</Value1>
              </Entry>
            </Values>
            <Value0>147456</Value0>
            <Value1>262144</Value1>
          </Entry>
          <Entry>
            <Values />
            <Value0>147458</Value0>
            <Value1>327680</Value1>
          </Entry>
          <Entry>
            <Values>
              <Entry>
                <Value0>64320</Value0>
                <Value1>0</Value1>
              </Entry>
            </Values>
            <Value0>147456</Value0>
            <Value1>393216</Value1>
          </Entry>
        </Unknown>
        <Dialogs>
          <Dialog>姉ヶ崎</Dialog>
          <Dialog>Ah...</Dialog>
          <Dialog>○○○○○○○○</Dialog>
          <Dialog>▲姉ヶ崎＊▲.</Dialog>
          <Dialog>Hehe, we meet again...</Dialog>
          <Dialog>Yeah...</Dialog>
          <Dialog>I have to get going... Hehe.
It feels nice that we met like
this, right？</Dialog>
        </Dialogs>
      </SDL2>
    </Entry>
    <Entry Unknown0="2890404716" Unknown1="667233222">
      <SDL2 Key="2046180531">
        <Unknown>
          <Entry>
            <Values>
              <Entry>
                <Value0>64321</Value0>
                <Value1>0</Value1>
              </Entry>
            </Values>
            <Value0>147456</Value0>
            <Value1>65536</Value1>
          </Entry>
          <Entry>
            <Values />
            <Value0>147458</Value0>
            <Value1>196608</Value1>
          </Entry>
          <Entry>
            <Values>
              <Entry>
                <Value0>64322</Value0>
                <Value1>0</Value1>
              </Entry>
            </Values>
            <Value0>147456</Value0>
            <Value1>262144</Value1>
          </Entry>
          <Entry>
            <Values />
            <Value0>147458</Value0>
            <Value1>327680</Value1>
          </Entry>
          <Entry>
            <Values>
              <Entry>
                <Value0>64323</Value0>
                <Value1>0</Value1>
              </Entry>
            </Values>
            <Value0>147456</Value0>
            <Value1>393216</Value1>
          </Entry>
        </Unknown>
        <Dialogs>
          <Dialog>姉ヶ崎</Dialog>
          <Dialog>Ah... We often meet here. Are
you shopping？</Dialog>
          <Dialog>○○○○○○○○</Dialog>
          <Dialog>Well, I'm just walking
aimlessly...</Dialog>
          <Dialog>Got so much free time, huh？</Dialog>
          <Dialog>No, I also have a lot of
things to take care of.</Dialog>
          <Dialog>I see. I want to hang out with
you a little more, but I have
to go now. Bye.</Dialog>
        </Dialogs>
      </SDL2>
    </Entry>
    <Entry Unknown0="46150082" Unknown1="1474593086">
      <SDL2 Key="2838913821">
        <Unknown>
          <Entry>
            <Values>
              <Entry>
                <Value0>64324</Value0>
                <Value1>0</Value1>
              </Entry>
            </Values>
            <Value0>147456</Value0>
            <Value1>65536</Value1>
          </Entry>
          <Entry>
            <Values />
            <Value0>147458</Value0>
            <Value1>196608</Value1>
          </Entry>
          <Entry>
            <Values>
              <Entry>
                <Value0>64325</Value0>
                <Value1>0</Value1>
              </Entry>
            </Values>
            <Value0>147456</Value0>
            <Value1>262144</Value1>
          </Entry>
          <Entry>
            <Values />
            <Value0>147458</Value0>
            <Value1>327680</Value1>
          </Entry>
          <Entry>
            <Values>
              <Entry>
                <Value0>64326</Value0>
                <Value1>0</Value1>
              </Entry>
            </Values>
            <Value0>147456</Value0>
            <Value1>393216</Value1>
          </Entry>
          <Entry>
            <Values />
            <Value0>147458</Value0>
            <Value1>458752</Value1>
          </Entry>
          <Entry>
            <Values>
              <Entry>
                <Value0>64327</Value0>
                <Value1>0</Value1>
              </Entry>
            </Values>
            <Value0>147456</Value0>
            <Value1>524288</Value1>
          </Entry>
          <Entry>
            <Values />
            <Value0>147458</Value0>
            <Value1>589824</Value1>
          </Entry>
          <Entry>
            <Values>
              <Entry>
                <Value0>64328</Value0>
                <Value1>0</Value1>
              </Entry>
              <Entry>
                <Value0>64329</Value0>
                <Value1>467</Value1>
              </Entry>
            </Values>
            <Value0>147456</Value0>
            <Value1>655360</Value1>
          </Entry>
          <Entry>
            <Values />
            <Value0>147458</Value0>
            <Value1>720896</Value1>
          </Entry>
        </Unknown>
        <Dialogs>
          <Dialog>姉ヶ崎</Dialog>
          <Dialog>...It's unusual to meet you
here.</Dialog>
          <Dialog>○○○○○○○○</Dialog>
          <Dialog>Ah,
▲姉ヶ崎＊▲.</Dialog>
          <Dialog>Could it be that... there are
some posters of the idols you
like at the entrance？</Dialog>
          <Dialog>Eh...？</Dialog>
          <Dialog>It's fine. I'm a very
understanding girlfriend.</Dialog>
          <Dialog>But...</Dialog>
          <Dialog>I know. You're at the age that
would be interested in
something like that.</Dialog>
          <Dialog>But I...</Dialog>
          <Dialog>It's fine. I understand. If
I'm still your "number one," I
wouldn't mind if you also look
at some other girls.</Dialog>
          <Dialog>(No good. She's not listening
to me...)</Dialog>
        </Dialogs>
      </SDL2>
    </Entry>
    <Entry Unknown0="2061658938" Unknown1="2285828448">
      <SDL2 Key="2838913821">
        <Unknown>
          <Entry>
            <Values />
            <Value0>147456</Value0>
            <Value1>65536</Value1>
          </Entry>
          <Entry>
            <Values>
              <Entry>
                <Value0>64330</Value0>
                <Value1>0</Value1>
              </Entry>
            </Values>
            <Value0>147458</Value0>
            <Value1>196608</Value1>
          </Entry>
          <Entry>
            <Values />
            <Value0>147456</Value0>
            <Value1>262144</Value1>
          </Entry>
          <Entry>
            <Values>
              <Entry>
                <Value0>64331</Value0>
                <Value1>0</Value1>
              </Entry>
            </Values>
            <Value0>147458</Value0>
            <Value1>327680</Value1>
          </Entry>
          <Entry>
            <Values />
            <Value0>147456</Value0>
            <Value1>393216</Value1>
          </Entry>
          <Entry>
            <Values>
              <Entry>
                <Value0>64332</Value0>
                <Value1>0</Value1>
              </Entry>
              <Entry>
                <Value0>64333</Value0>
                <Value1>467</Value1>
              </Entry>
            </Values>
            <Value0>147458</Value0>
            <Value1>458752</Value1>
          </Entry>
          <Entry>
            <Values />
            <Value0>147456</Value0>
            <Value1>524288</Value1>
          </Entry>
        </Unknown>
        <Dialogs>
          <Dialog>○○○○○○○○</Dialog>
          <Dialog>▲姉ヶ崎＊▲.</Dialog>
          <Dialog>姉ヶ崎</Dialog>
          <Dialog>Ah, we meet again...</Dialog>
          <Dialog>Let me tell you first. I'm not
attending any weird event...</Dialog>
          <Dialog>Huh？ It sounds even more
suspicious when you say that.</Dialog>
          <Dialog>I told you the truth！</Dialog>
          <Dialog>Hehe. I'll trust you this
time. I don't want to be an
evil woman. Well, I have to
go...</Dialog>
          <Dialog>But you misunderstood me...</Dialog>
        </Dialogs>
      </SDL2>
    </Entry>
    <Entry Unknown0="2620973916" Unknown1="3719699382">
      <SDL2 Key="3010938026">
        <Unknown>
          <Entry>
            <Values>
              <Entry>
                <Value0>4294901762</Value0>
                <Value1>0</Value1>
              </Entry>
              <Entry>
                <Value0>64334</Value0>
                <Value1>500</Value1>
              </Entry>
            </Values>
            <Value0>147456</Value0>
            <Value1>65536</Value1>
          </Entry>
          <Entry>
            <Values />
            <Value0>147458</Value0>
            <Value1>196608</Value1>
          </Entry>
          <Entry>
            <Values>
              <Entry>
                <Value0>64335</Value0>
                <Value1>0</Value1>
              </Entry>
            </Values>
            <Value0>147456</Value0>
            <Value1>262144</Value1>
          </Entry>
          <Entry>
            <Values />
            <Value0>147458</Value0>
            <Value1>327680</Value1>
          </Entry>
          <Entry>
            <Values>
              <Entry>
                <Value0>64336</Value0>
                <Value1>0</Value1>
              </Entry>
            </Values>
            <Value0>147456</Value0>
            <Value1>393216</Value1>
          </Entry>
        </Unknown>
        <Dialogs>
          <Dialog>姉ヶ崎</Dialog>
          <Dialog>▲主人公＊▲.
Hehe, you're here again.</Dialog>
          <Dialog>○○○○○○○○</Dialog>
          <Dialog>▲姉ヶ崎＊▲...</Dialog>
          <Dialog>Hehe. If you like it this
much, how about we come here
together for a date next
time？</Dialog>
          <Dialog>That'd be nice...</Dialog>
          <Dialog>Think about it, okay？ Ah, I
have to run an errand. ...See
you later.</Dialog>
        </Dialogs>
      </SDL2>
    </Entry>
    <Entry Unknown0="4071621042" Unknown1="1574269230">
      <SDL2 Key="2608393692">
        <Unknown>
          <Entry>
            <Values>
              <Entry>
                <Value0>64337</Value0>
                <Value1>0</Value1>
              </Entry>
            </Values>
            <Value0>147456</Value0>
            <Value1>65536</Value1>
          </Entry>
          <Entry>
            <Values />
            <Value0>147458</Value0>
            <Value1>196608</Value1>
          </Entry>
          <Entry>
            <Values>
              <Entry>
                <Value0>64338</Value0>
                <Value1>0</Value1>
              </Entry>
            </Values>
            <Value0>147456</Value0>
            <Value1>262144</Value1>
          </Entry>
          <Entry>
            <Values />
            <Value0>147458</Value0>
            <Value1>327680</Value1>
          </Entry>
          <Entry>
            <Values>
              <Entry>
                <Value0>64339</Value0>
                <Value1>0</Value1>
              </Entry>
            </Values>
            <Value0>147456</Value0>
            <Value1>393216</Value1>
          </Entry>
          <Entry>
            <Values />
            <Value0>147458</Value0>
            <Value1>458752</Value1>
          </Entry>
          <Entry>
            <Values>
              <Entry>
                <Value0>64340</Value0>
                <Value1>0</Value1>
              </Entry>
            </Values>
            <Value0>147456</Value0>
            <Value1>524288</Value1>
          </Entry>
          <Entry>
            <Values />
            <Value0>147458</Value0>
            <Value1>589824</Value1>
          </Entry>
          <Entry>
            <Values>
              <Entry>
                <Value0>64341</Value0>
                <Value1>0</Value1>
              </Entry>
            </Values>
            <Value0>147456</Value0>
            <Value1>655360</Value1>
          </Entry>
          <Entry>
            <Values />
            <Value0>147458</Value0>
            <Value1>720896</Value1>
          </Entry>
        </Unknown>
        <Dialogs>
          <Dialog>姉ヶ崎</Dialog>
          <Dialog>Hey！ What are you doing at
the game center！</Dialog>
          <Dialog>○○○○○○○○</Dialog>
          <Dialog>Whoa,
▲姉ヶ崎＊▲！？</Dialog>
          <Dialog>A student's duty is to study,
right？ Do you have so much
time to play around！？</Dialog>
          <Dialog>Urgh...</Dialog>
          <Dialog>Just kidding. Hehe. I just
wanted to act like a big
sister.</Dialog>
          <Dialog>Eh？</Dialog>
          <Dialog>I've wanted to say this for a
long time. “Don't play. Go to
study！” Something like that.</Dialog>
          <Dialog>Well...</Dialog>
          <Dialog>I'll let you off this time,
but you should go home before
it gets dark, okay？</Dialog>
          <Dialog>Y-Yes...</Dialog>
        </Dialogs>
      </SDL2>
    </Entry>
    <Entry Unknown0="1792178986" Unknown1="2721048912">
      <SDL2 Key="1396335011">
        <Unknown>
          <Entry>
            <Values>
              <Entry>
                <Value0>64342</Value0>
                <Value1>0</Value1>
              </Entry>
            </Values>
            <Value0>147456</Value0>
            <Value1>65536</Value1>
          </Entry>
          <Entry>
            <Values />
            <Value0>147458</Value0>
            <Value1>196608</Value1>
          </Entry>
          <Entry>
            <Values>
              <Entry>
                <Value0>64343</Value0>
                <Value1>0</Value1>
              </Entry>
            </Values>
            <Value0>147456</Value0>
            <Value1>262144</Value1>
          </Entry>
          <Entry>
            <Values />
            <Value0>147458</Value0>
            <Value1>327680</Value1>
          </Entry>
          <Entry>
            <Values>
              <Entry>
                <Value0>64344</Value0>
                <Value1>0</Value1>
              </Entry>
            </Values>
            <Value0>147456</Value0>
            <Value1>393216</Value1>
          </Entry>
        </Unknown>
        <Dialogs>
          <Dialog>姉ヶ崎</Dialog>
          <Dialog>Hey！ You're playing again？</Dialog>
          <Dialog>○○○○○○○○</Dialog>
          <Dialog>▲姉ヶ崎＊▲？
Don't scare me.</Dialog>
          <Dialog>Hehe. Guys really like to come
to this place, huh？</Dialog>
          <Dialog>Yeah, I think.</Dialog>
          <Dialog>Hehe, I have to go now. Don't
play until you forget your
girlfriend, okay？</Dialog>
        </Dialogs>
      </SDL2>
    </Entry>
    <Entry Unknown0="2351493964" Unknown1="3550940070">
      <SDL2 Key="1396335011">
        <Unknown>
          <Entry>
            <Values>
              <Entry>
                <Value0>64345</Value0>
                <Value1>0</Value1>
              </Entry>
            </Values>
            <Value0>147456</Value0>
            <Value1>65536</Value1>
          </Entry>
          <Entry>
            <Values />
            <Value0>147458</Value0>
            <Value1>196608</Value1>
          </Entry>
          <Entry>
            <Values>
              <Entry>
                <Value0>64346</Value0>
                <Value1>0</Value1>
              </Entry>
            </Values>
            <Value0>147456</Value0>
            <Value1>262144</Value1>
          </Entry>
          <Entry>
            <Values />
            <Value0>147458</Value0>
            <Value1>327680</Value1>
          </Entry>
          <Entry>
            <Values>
              <Entry>
                <Value0>64347</Value0>
                <Value1>0</Value1>
              </Entry>
            </Values>
            <Value0>147456</Value0>
            <Value1>393216</Value1>
          </Entry>
        </Unknown>
        <Dialogs>
          <Dialog>姉ヶ崎</Dialog>
          <Dialog>Hey, that boy. Do you want to
play with this big sister？</Dialog>
          <Dialog>○○○○○○○○</Dialog>
          <Dialog>Whoa,
▲姉ヶ崎＊▲！？</Dialog>
          <Dialog>Hehe. Wanna play with me？</Dialog>
          <Dialog>Eh...？ Well...？</Dialog>
          <Dialog>Too bad. This big sister is
too busy today, so she can't
play with you. Bye now！</Dialog>
        </Dialogs>
      </SDL2>
    </Entry>
    <Entry Unknown0="3802141090" Unknown1="1673814302">
      <SDL2 Key="1969854237">
        <Unknown>
          <Entry>
            <Values>
              <Entry>
                <Value0>64348</Value0>
                <Value1>0</Value1>
              </Entry>
            </Values>
            <Value0>147456</Value0>
            <Value1>65536</Value1>
          </Entry>
          <Entry>
            <Values />
            <Value0>147458</Value0>
            <Value1>196608</Value1>
          </Entry>
          <Entry>
            <Values>
              <Entry>
                <Value0>64349</Value0>
                <Value1>0</Value1>
              </Entry>
            </Values>
            <Value0>147456</Value0>
            <Value1>262144</Value1>
          </Entry>
          <Entry>
            <Values />
            <Value0>147458</Value0>
            <Value1>327680</Value1>
          </Entry>
          <Entry>
            <Values>
              <Entry>
                <Value0>64350</Value0>
                <Value1>0</Value1>
              </Entry>
            </Values>
            <Value0>147456</Value0>
            <Value1>393216</Value1>
          </Entry>
          <Entry>
            <Values />
            <Value0>147458</Value0>
            <Value1>458752</Value1>
          </Entry>
          <Entry>
            <Values>
              <Entry>
                <Value0>64351</Value0>
                <Value1>0</Value1>
              </Entry>
            </Values>
            <Value0>147456</Value0>
            <Value1>524288</Value1>
          </Entry>
          <Entry>
            <Values />
            <Value0>147458</Value0>
            <Value1>589824</Value1>
          </Entry>
          <Entry>
            <Values>
              <Entry>
                <Value0>64352</Value0>
                <Value1>0</Value1>
              </Entry>
            </Values>
            <Value0>147456</Value0>
            <Value1>655360</Value1>
          </Entry>
          <Entry>
            <Values />
            <Value0>147458</Value0>
            <Value1>720896</Value1>
          </Entry>
          <Entry>
            <Values>
              <Entry>
                <Value0>64353</Value0>
                <Value1>0</Value1>
              </Entry>
            </Values>
            <Value0>147456</Value0>
            <Value1>786432</Value1>
          </Entry>
        </Unknown>
        <Dialogs>
          <Dialog>姉ヶ崎</Dialog>
          <Dialog>Mister, what are you looking
for？</Dialog>
          <Dialog>○○○○○○○○</Dialog>
          <Dialog>Well... Huh？
▲姉ヶ崎＊▲！？</Dialog>
          <Dialog>Hehe. I've wanted to say it.
That line isn't what we use to
greet customers at a family
restaurant, right？</Dialog>
          <Dialog>Well...</Dialog>
          <Dialog>What were you looking for？</Dialog>
          <Dialog>It's not what you think...</Dialog>
          <Dialog>Then what is it？</Dialog>
          <Dialog>I'm... just checking the
prices, okay？</Dialog>
          <Dialog>Hehe. Don't cause any trouble,
okay？</Dialog>
          <Dialog>Okay...</Dialog>
          <Dialog>Yeah, very well. I have an
errand to run, so I'm leaving.
Bye.</Dialog>
        </Dialogs>
      </SDL2>
    </Entry>
    <Entry Unknown0="1522682650" Unknown1="3156138304">
      <SDL2 Key="1969854237">
        <Unknown>
          <Entry>
            <Values>
              <Entry>
                <Value0>64354</Value0>
                <Value1>0</Value1>
              </Entry>
            </Values>
            <Value0>147456</Value0>
            <Value1>65536</Value1>
          </Entry>
          <Entry>
            <Values />
            <Value0>147458</Value0>
            <Value1>196608</Value1>
          </Entry>
          <Entry>
            <Values>
              <Entry>
                <Value0>64355</Value0>
                <Value1>0</Value1>
              </Entry>
            </Values>
            <Value0>147456</Value0>
            <Value1>262144</Value1>
          </Entry>
          <Entry>
            <Values />
            <Value0>147458</Value0>
            <Value1>327680</Value1>
          </Entry>
          <Entry>
            <Values>
              <Entry>
                <Value0>64356</Value0>
                <Value1>0</Value1>
              </Entry>
            </Values>
            <Value0>147456</Value0>
            <Value1>393216</Value1>
          </Entry>
          <Entry>
            <Values />
            <Value0>147458</Value0>
            <Value1>458752</Value1>
          </Entry>
        </Unknown>
        <Dialogs>
          <Dialog>姉ヶ崎</Dialog>
          <Dialog>Mister, have you found what
you were looking for？</Dialog>
          <Dialog>○○○○○○○○</Dialog>
          <Dialog>No...
▲姉ヶ崎＊▲！？</Dialog>
          <Dialog>Hehe. We meet again. How's
that？ Is my service outside
the family restaurant okay？</Dialog>
          <Dialog>▲姉ヶ崎＊▲,
with your manners, you
can work at any place.</Dialog>
          <Dialog>Hehe. Even if you're trying to
flatter me, I can't cut the
price for you, okay？</Dialog>
          <Dialog>(So, she still enjoys playing
as a shopkeeper, huh...？)</Dialog>
        </Dialogs>
      </SDL2>
    </Entry>
    <Entry Unknown0="2081997628" Unknown1="3918986134">
      <SDL2 Key="2779368809">
        <Unknown>
          <Entry>
            <Values>
              <Entry>
                <Value0>64357</Value0>
                <Value1>0</Value1>
              </Entry>
            </Values>
            <Value0>147456</Value0>
            <Value1>65536</Value1>
          </Entry>
          <Entry>
            <Values />
            <Value0>147458</Value0>
            <Value1>196608</Value1>
          </Entry>
          <Entry>
            <Values>
              <Entry>
                <Value0>64358</Value0>
                <Value1>0</Value1>
              </Entry>
            </Values>
            <Value0>147456</Value0>
            <Value1>262144</Value1>
          </Entry>
          <Entry>
            <Values />
            <Value0>147458</Value0>
            <Value1>327680</Value1>
          </Entry>
          <Entry>
            <Values>
              <Entry>
                <Value0>64359</Value0>
                <Value1>0</Value1>
              </Entry>
            </Values>
            <Value0>147456</Value0>
            <Value1>393216</Value1>
          </Entry>
        </Unknown>
        <Dialogs>
          <Dialog>姉ヶ崎</Dialog>
          <Dialog>By the way, you still haven't
told me what you were looking
for...</Dialog>
          <Dialog>○○○○○○○○</Dialog>
          <Dialog>▲姉ヶ崎＊▲？</Dialog>
          <Dialog>We met here a lot. Do you like
this store that much？</Dialog>
          <Dialog>I didn't plan to come here. I
was just walking aimlessly and
somehow I ended up here.</Dialog>
          <Dialog>Hehe. I see. Too bad I already
have my plans. I have to go
now. See you later, okay？</Dialog>
        </Dialogs>
      </SDL2>
    </Entry>
    <Entry Unknown0="3532710290" Unknown1="162812174">
      <SDL2 Key="2779368809">
        <Unknown>
          <Entry>
            <Values />
            <Value0>147456</Value0>
            <Value1>65536</Value1>
          </Entry>
          <Entry>
            <Values>
              <Entry>
                <Value0>64360</Value0>
                <Value1>0</Value1>
              </Entry>
            </Values>
            <Value0>147458</Value0>
            <Value1>196608</Value1>
          </Entry>
          <Entry>
            <Values />
            <Value0>147456</Value0>
            <Value1>262144</Value1>
          </Entry>
          <Entry>
            <Values>
              <Entry>
                <Value0>64361</Value0>
                <Value1>0</Value1>
              </Entry>
            </Values>
            <Value0>147458</Value0>
            <Value1>327680</Value1>
          </Entry>
          <Entry>
            <Values />
            <Value0>147456</Value0>
            <Value1>393216</Value1>
          </Entry>
          <Entry>
            <Values>
              <Entry>
                <Value0>64362</Value0>
                <Value1>0</Value1>
              </Entry>
            </Values>
            <Value0>147458</Value0>
            <Value1>458752</Value1>
          </Entry>
          <Entry>
            <Values />
            <Value0>147456</Value0>
            <Value1>524288</Value1>
          </Entry>
          <Entry>
            <Values>
              <Entry>
                <Value0>64363</Value0>
                <Value1>0</Value1>
              </Entry>
            </Values>
            <Value0>147458</Value0>
            <Value1>589824</Value1>
          </Entry>
          <Entry>
            <Values />
            <Value0>147456</Value0>
            <Value1>655360</Value1>
          </Entry>
          <Entry>
            <Values>
              <Entry>
                <Value0>64364</Value0>
                <Value1>0</Value1>
              </Entry>
            </Values>
            <Value0>147458</Value0>
            <Value1>720896</Value1>
          </Entry>
        </Unknown>
        <Dialogs>
          <Dialog>○○○○○○○○</Dialog>
          <Dialog>▲姉ヶ崎＊▲.</Dialog>
          <Dialog>姉ヶ崎</Dialog>
          <Dialog>Ah, I didn't expect to see you
here. Are you looking for
something？</Dialog>
          <Dialog>Yeah, a CD...</Dialog>
          <Dialog>I know that. This store only
sells CDs.</Dialog>
          <Dialog>Yeah, right...</Dialog>
          <Dialog>What？ Do you have a problem
with me？</Dialog>
          <Dialog>No, I'm not.</Dialog>
          <Dialog>All right. I'll forgive you.
Hehe.</Dialog>
          <Dialog>Hey, don't bully me.</Dialog>
          <Dialog>Hehe. It's because you're so
cute, you know？</Dialog>
        </Dialogs>
      </SDL2>
    </Entry>
    <Entry Unknown0="1253202698" Unknown1="906938672">
      <SDL2 Key="2779368809">
        <Unknown>
          <Entry>
            <Values>
              <Entry>
                <Value0>64365</Value0>
                <Value1>0</Value1>
              </Entry>
            </Values>
            <Value0>147456</Value0>
            <Value1>65536</Value1>
          </Entry>
          <Entry>
            <Values />
            <Value0>147458</Value0>
            <Value1>196608</Value1>
          </Entry>
          <Entry>
            <Values>
              <Entry>
                <Value0>64366</Value0>
                <Value1>0</Value1>
              </Entry>
            </Values>
            <Value0>147456</Value0>
            <Value1>262144</Value1>
          </Entry>
          <Entry>
            <Values>
              <Entry>
                <Value0>64367</Value0>
                <Value1>0</Value1>
              </Entry>
            </Values>
            <Value0>147456</Value0>
            <Value1>327680</Value1>
          </Entry>
        </Unknown>
        <Dialogs>
          <Dialog>姉ヶ崎</Dialog>
          <Dialog>Ah, we meet again.</Dialog>
          <Dialog>○○○○○○○○</Dialog>
          <Dialog>▲姉ヶ崎＊▲...</Dialog>
          <Dialog>Hehe. This time, shall I show
you my favorite CDs？</Dialog>
          <Dialog>And then... If you think of me
while you're listening to
them, I'll be happy.</Dialog>
        </Dialogs>
      </SDL2>
    </Entry>
    <Entry Unknown0="1812517676" Unknown1="2407984006">
      <SDL2 Key="2779368809">
        <Unknown>
          <Entry>
            <Values>
              <Entry>
                <Value0>64368</Value0>
                <Value1>0</Value1>
              </Entry>
            </Values>
            <Value0>147456</Value0>
            <Value1>65536</Value1>
          </Entry>
          <Entry>
            <Values />
            <Value0>147458</Value0>
            <Value1>196608</Value1>
          </Entry>
          <Entry>
            <Values>
              <Entry>
                <Value0>64369</Value0>
                <Value1>0</Value1>
              </Entry>
            </Values>
            <Value0>147456</Value0>
            <Value1>262144</Value1>
          </Entry>
          <Entry>
            <Values />
            <Value0>147458</Value0>
            <Value1>327680</Value1>
          </Entry>
          <Entry>
            <Values>
              <Entry>
                <Value0>64370</Value0>
                <Value1>0</Value1>
              </Entry>
            </Values>
            <Value0>147456</Value0>
            <Value1>393216</Value1>
          </Entry>
          <Entry>
            <Values />
            <Value0>147458</Value0>
            <Value1>458752</Value1>
          </Entry>
        </Unknown>
        <Dialogs>
          <Dialog>姉ヶ崎</Dialog>
          <Dialog>What？ It's the Music Boy
again？</Dialog>
          <Dialog>○○○○○○○○</Dialog>
          <Dialog>▲姉ヶ崎＊▲...
I'm not a Music Boy.</Dialog>
          <Dialog>I think guys who are
interested in various things
are wonderful, you know？</Dialog>
          <Dialog>...Is that so？</Dialog>
          <Dialog>Yes, yes. Hehe, do your best,
okay？</Dialog>
          <Dialog>(And what am I supposed to do
my best for？)</Dialog>
        </Dialogs>
      </SDL2>
    </Entry>
    <Entry Unknown0="3263230338" Unknown1="1873101310">
      <SDL2 Key="1835745615">
        <Unknown>
          <Entry>
            <Values>
              <Entry>
                <Value0>64371</Value0>
                <Value1>0</Value1>
              </Entry>
            </Values>
            <Value0>147456</Value0>
            <Value1>65536</Value1>
          </Entry>
          <Entry>
            <Values />
            <Value0>147458</Value0>
            <Value1>196608</Value1>
          </Entry>
          <Entry>
            <Values>
              <Entry>
                <Value0>64372</Value0>
                <Value1>0</Value1>
              </Entry>
            </Values>
            <Value0>147456</Value0>
            <Value1>262144</Value1>
          </Entry>
          <Entry>
            <Values />
            <Value0>147458</Value0>
            <Value1>327680</Value1>
          </Entry>
          <Entry>
            <Values>
              <Entry>
                <Value0>64373</Value0>
                <Value1>0</Value1>
              </Entry>
            </Values>
            <Value0>147456</Value0>
            <Value1>393216</Value1>
          </Entry>
          <Entry>
            <Values />
            <Value0>147458</Value0>
            <Value1>458752</Value1>
          </Entry>
          <Entry>
            <Values>
              <Entry>
                <Value0>64374</Value0>
                <Value1>0</Value1>
              </Entry>
            </Values>
            <Value0>147456</Value0>
            <Value1>524288</Value1>
          </Entry>
        </Unknown>
        <Dialogs>
          <Dialog>姉ヶ崎</Dialog>
          <Dialog>Eh？ What a coincidence...</Dialog>
          <Dialog>○○○○○○○○</Dialog>
          <Dialog>▲姉ヶ崎＊▲.
What's up？ Why are you here？</Dialog>
          <Dialog>Well, the promotional items
for my favorite movie are out
today, but I can't find them.</Dialog>
          <Dialog>I see. Can I help？</Dialog>
          <Dialog>Every once in a while, you try
to show me how reliable you
are, huh？</Dialog>
          <Dialog>Every once in a while...？</Dialog>
          <Dialog>Hehe. Just kidding. Please
help me▼</Dialog>
        </Dialogs>
      </SDL2>
    </Entry>
    <Entry Unknown0="983706618" Unknown1="822065440">
      <SDL2 Key="1835745615">
        <Unknown>
          <Entry>
            <Values>
              <Entry>
                <Value0>64375</Value0>
                <Value1>0</Value1>
              </Entry>
            </Values>
            <Value0>147456</Value0>
            <Value1>65536</Value1>
          </Entry>
          <Entry>
            <Values />
            <Value0>147458</Value0>
            <Value1>196608</Value1>
          </Entry>
          <Entry>
            <Values>
              <Entry>
                <Value0>64376</Value0>
                <Value1>0</Value1>
              </Entry>
            </Values>
            <Value0>147456</Value0>
            <Value1>262144</Value1>
          </Entry>
          <Entry>
            <Values />
            <Value0>147458</Value0>
            <Value1>327680</Value1>
          </Entry>
          <Entry>
            <Values>
              <Entry>
                <Value0>64377</Value0>
                <Value1>0</Value1>
              </Entry>
            </Values>
            <Value0>147456</Value0>
            <Value1>393216</Value1>
          </Entry>
          <Entry>
            <Values />
            <Value0>147458</Value0>
            <Value1>458752</Value1>
          </Entry>
          <Entry>
            <Values>
              <Entry>
                <Value0>64378</Value0>
                <Value1>0</Value1>
              </Entry>
            </Values>
            <Value0>147456</Value0>
            <Value1>524288</Value1>
          </Entry>
        </Unknown>
        <Dialogs>
          <Dialog>姉ヶ崎</Dialog>
          <Dialog>Ah...</Dialog>
          <Dialog>○○○○○○○○</Dialog>
          <Dialog>▲姉ヶ崎＊▲,
what a coincidence.
Are you looking for some
movie related items again？</Dialog>
          <Dialog>Yeah, that's right... Can you
accompany me for a while？</Dialog>
          <Dialog>Yeah, I can...</Dialog>
          <Dialog>Thanks. ...Hey, you come here
a lot, huh？</Dialog>
          <Dialog>I don't think so...</Dialog>
          <Dialog>Hmm？</Dialog>
        </Dialogs>
      </SDL2>
    </Entry>
    <Entry Unknown0="1559798556" Unknown1="3849837430">
      <SDL2 Key="1835745615">
        <Unknown>
          <Entry>
            <Values>
              <Entry>
                <Value0>64379</Value0>
                <Value1>0</Value1>
              </Entry>
            </Values>
            <Value0>147456</Value0>
            <Value1>65536</Value1>
          </Entry>
          <Entry>
            <Values />
            <Value0>147458</Value0>
            <Value1>196608</Value1>
          </Entry>
          <Entry>
            <Values>
              <Entry>
                <Value0>64380</Value0>
                <Value1>0</Value1>
              </Entry>
            </Values>
            <Value0>147456</Value0>
            <Value1>262144</Value1>
          </Entry>
          <Entry>
            <Values />
            <Value0>147458</Value0>
            <Value1>327680</Value1>
          </Entry>
          <Entry>
            <Values>
              <Entry>
                <Value0>64381</Value0>
                <Value1>0</Value1>
              </Entry>
            </Values>
            <Value0>147456</Value0>
            <Value1>393216</Value1>
          </Entry>
          <Entry>
            <Values />
            <Value0>147458</Value0>
            <Value1>458752</Value1>
          </Entry>
        </Unknown>
        <Dialogs>
          <Dialog>姉ヶ崎</Dialog>
          <Dialog>Really. You come here a lot,
huh...？</Dialog>
          <Dialog>○○○○○○○○</Dialog>
          <Dialog>▲姉ヶ崎＊▲...</Dialog>
          <Dialog>I'm here for some errands, but
what about you？ What are you
doing here？</Dialog>
          <Dialog>Today is totally a
coincidence. I only come here
occasionally...</Dialog>
          <Dialog>Is that so？</Dialog>
          <Dialog>Yeah. Ah, I have to get going
now.</Dialog>
        </Dialogs>
      </SDL2>
    </Entry>
    <Entry Unknown0="2993734002" Unknown1="1972777454">
      <SDL2 Key="1835745615">
        <Unknown>
          <Entry>
            <Values>
              <Entry>
                <Value0>4294901762</Value0>
                <Value1>0</Value1>
              </Entry>
            </Values>
            <Value0>147456</Value0>
            <Value1>65536</Value1>
          </Entry>
          <Entry>
            <Values />
            <Value0>147458</Value0>
            <Value1>196608</Value1>
          </Entry>
          <Entry>
            <Values>
              <Entry>
                <Value0>64382</Value0>
                <Value1>0</Value1>
              </Entry>
            </Values>
            <Value0>147456</Value0>
            <Value1>262144</Value1>
          </Entry>
          <Entry>
            <Values />
            <Value0>147458</Value0>
            <Value1>327680</Value1>
          </Entry>
          <Entry>
            <Values>
              <Entry>
                <Value0>64383</Value0>
                <Value1>0</Value1>
              </Entry>
            </Values>
            <Value0>147456</Value0>
            <Value1>393216</Value1>
          </Entry>
          <Entry>
            <Values />
            <Value0>147458</Value0>
            <Value1>458752</Value1>
          </Entry>
          <Entry>
            <Values>
              <Entry>
                <Value0>64384</Value0>
                <Value1>0</Value1>
              </Entry>
            </Values>
            <Value0>147456</Value0>
            <Value1>524288</Value1>
          </Entry>
          <Entry>
            <Values />
            <Value0>147458</Value0>
            <Value1>589824</Value1>
          </Entry>
          <Entry>
            <Values>
              <Entry>
                <Value0>64385</Value0>
                <Value1>0</Value1>
              </Entry>
            </Values>
            <Value0>147456</Value0>
            <Value1>655360</Value1>
          </Entry>
          <Entry>
            <Values />
            <Value0>147458</Value0>
            <Value1>720896</Value1>
          </Entry>
          <Entry>
            <Values>
              <Entry>
                <Value0>64386</Value0>
                <Value1>0</Value1>
              </Entry>
            </Values>
            <Value0>147456</Value0>
            <Value1>786432</Value1>
          </Entry>
          <Entry>
            <Values />
            <Value0>147458</Value0>
            <Value1>851968</Value1>
          </Entry>
        </Unknown>
        <Dialogs>
          <Dialog>姉ヶ崎</Dialog>
          <Dialog>▲主人公＊▲.</Dialog>
          <Dialog>○○○○○○○○</Dialog>
          <Dialog>Whoa！
▲姉ヶ崎＊▲.</Dialog>
          <Dialog>Why are you that surprised？</Dialog>
          <Dialog>There's no particular reason.</Dialog>
          <Dialog>This place is a maid cafe,
right？</Dialog>
          <Dialog>Yeah, it seems so...</Dialog>
          <Dialog>Perhaps, you like this place
more than a family restaurant,
huh？</Dialog>
          <Dialog>That's not...</Dialog>
          <Dialog>Master！</Dialog>
          <Dialog>Whoa！</Dialog>
          <Dialog>Shhhh...</Dialog>
          <Dialog>(Urgh... Her eyes could kill
me...)</Dialog>
        </Dialogs>
      </SDL2>
    </Entry>
    <Entry Unknown0="714226666" Unknown1="183281936">
      <SDL2 Key="2376824986">
        <Unknown>
          <Entry>
            <Values>
              <Entry>
                <Value0>64387</Value0>
                <Value1>0</Value1>
              </Entry>
            </Values>
            <Value0>147456</Value0>
            <Value1>65536</Value1>
          </Entry>
          <Entry>
            <Values />
            <Value0>147458</Value0>
            <Value1>196608</Value1>
          </Entry>
          <Entry>
            <Values>
              <Entry>
                <Value0>64388</Value0>
                <Value1>0</Value1>
              </Entry>
            </Values>
            <Value0>147456</Value0>
            <Value1>262144</Value1>
          </Entry>
          <Entry>
            <Values />
            <Value0>147458</Value0>
            <Value1>327680</Value1>
          </Entry>
          <Entry>
            <Values>
              <Entry>
                <Value0>64389</Value0>
                <Value1>0</Value1>
              </Entry>
            </Values>
            <Value0>147456</Value0>
            <Value1>393216</Value1>
          </Entry>
        </Unknown>
        <Dialogs>
          <Dialog>姉ヶ崎</Dialog>
          <Dialog>Welcome home, Master！</Dialog>
          <Dialog>○○○○○○○○</Dialog>
          <Dialog>▲姉ヶ崎＊▲...</Dialog>
          <Dialog>Eh？ You're not surprised？</Dialog>
          <Dialog>...I'm impressed.</Dialog>
          <Dialog>Hehe. What do you mean？</Dialog>
        </Dialogs>
      </SDL2>
    </Entry>
    <Entry Unknown0="1290318604" Unknown1="4217686886">
      <SDL2 Key="856936825">
        <Unknown>
          <Entry>
            <Values>
              <Entry>
                <Value0>64390</Value0>
                <Value1>0</Value1>
              </Entry>
            </Values>
            <Value0>147456</Value0>
            <Value1>65536</Value1>
          </Entry>
          <Entry>
            <Values />
            <Value0>147458</Value0>
            <Value1>196608</Value1>
          </Entry>
          <Entry>
            <Values>
              <Entry>
                <Value0>64391</Value0>
                <Value1>0</Value1>
              </Entry>
            </Values>
            <Value0>147456</Value0>
            <Value1>262144</Value1>
          </Entry>
          <Entry>
            <Values />
            <Value0>147458</Value0>
            <Value1>327680</Value1>
          </Entry>
          <Entry>
            <Values>
              <Entry>
                <Value0>64392</Value0>
                <Value1>0</Value1>
              </Entry>
            </Values>
            <Value0>147456</Value0>
            <Value1>393216</Value1>
          </Entry>
          <Entry>
            <Values />
            <Value0>147458</Value0>
            <Value1>458752</Value1>
          </Entry>
        </Unknown>
        <Dialogs>
          <Dialog>姉ヶ崎</Dialog>
          <Dialog>Hey...</Dialog>
          <Dialog>○○○○○○○○</Dialog>
          <Dialog>▲姉ヶ崎＊▲！</Dialog>
          <Dialog>You're passing by？</Dialog>
          <Dialog>No...</Dialog>
          <Dialog>...So you're a regular
customer？</Dialog>
          <Dialog>No, no！</Dialog>
        </Dialogs>
      </SDL2>
    </Entry>
    <Entry Unknown0="2724254050" Unknown1="2072453598">
      <SDL2 Key="1666447317">
        <Unknown>
          <Entry>
            <Values>
              <Entry>
                <Value0>4294901762</Value0>
                <Value1>0</Value1>
              </Entry>
            </Values>
            <Value0>147456</Value0>
            <Value1>65536</Value1>
          </Entry>
          <Entry>
            <Values />
            <Value0>147458</Value0>
            <Value1>196608</Value1>
          </Entry>
          <Entry>
            <Values />
            <Value0>147458</Value0>
            <Value1>262144</Value1>
          </Entry>
          <Entry>
            <Values>
              <Entry>
                <Value0>68163</Value0>
                <Value1>0</Value1>
              </Entry>
            </Values>
            <Value0>147456</Value0>
            <Value1>327680</Value1>
          </Entry>
          <Entry>
            <Values />
            <Value0>147458</Value0>
            <Value1>393216</Value1>
          </Entry>
          <Entry>
            <Values />
            <Value0>147458</Value0>
            <Value1>458752</Value1>
          </Entry>
          <Entry>
            <Values>
              <Entry>
                <Value0>61895</Value0>
                <Value1>0</Value1>
              </Entry>
            </Values>
            <Value0>147456</Value0>
            <Value1>524288</Value1>
          </Entry>
          <Entry>
            <Values />
            <Value0>147458</Value0>
            <Value1>589824</Value1>
          </Entry>
          <Entry>
            <Values>
              <Entry>
                <Value0>61940</Value0>
                <Value1>0</Value1>
              </Entry>
            </Values>
            <Value0>147456</Value0>
            <Value1>655360</Value1>
          </Entry>
        </Unknown>
        <Dialogs>
          <Dialog>姉ヶ崎</Dialog>
          <Dialog>▲主人公＊▲.</Dialog>
          <Dialog>○○○○○○○○</Dialog>
          <Dialog>？</Dialog>
          <Dialog>▲姉ヶ崎＊▲,
what a coincidence.</Dialog>
          <Dialog>No. I saw you from afar, so I
followed you.</Dialog>
          <Dialog>I see.</Dialog>
          <Dialog>Ah, time to go.</Dialog>
          <Dialog>Yeah, right.</Dialog>
          <Dialog>Bye.</Dialog>
          <Dialog>Bye.</Dialog>
        </Dialogs>
      </SDL2>
    </Entry>
    <Entry Unknown0="444730330" Unknown1="635345152">
      <SDL2 Key="1666447317">
        <Unknown>
          <Entry>
            <Values />
            <Value0>147456</Value0>
            <Value1>65536</Value1>
          </Entry>
          <Entry>
            <Values />
            <Value0>147458</Value0>
            <Value1>196608</Value1>
          </Entry>
          <Entry>
            <Values />
            <Value0>147456</Value0>
            <Value1>262144</Value1>
          </Entry>
          <Entry>
            <Values>
              <Entry>
                <Value0>68166</Value0>
                <Value1>0</Value1>
              </Entry>
            </Values>
            <Value0>147458</Value0>
            <Value1>327680</Value1>
          </Entry>
          <Entry>
            <Values />
            <Value0>147456</Value0>
            <Value1>393216</Value1>
          </Entry>
          <Entry>
            <Values />
            <Value0>147456</Value0>
            <Value1>458752</Value1>
          </Entry>
          <Entry>
            <Values>
              <Entry>
                <Value0>63406</Value0>
                <Value1>0</Value1>
              </Entry>
            </Values>
            <Value0>147458</Value0>
            <Value1>524288</Value1>
          </Entry>
          <Entry>
            <Values />
            <Value0>147456</Value0>
            <Value1>589824</Value1>
          </Entry>
          <Entry>
            <Values>
              <Entry>
                <Value0>68147</Value0>
                <Value1>0</Value1>
              </Entry>
            </Values>
            <Value0>147458</Value0>
            <Value1>655360</Value1>
          </Entry>
        </Unknown>
        <Dialogs>
          <Dialog>○○○○○○○○</Dialog>
          <Dialog>▲姉ヶ崎＊▲...</Dialog>
          <Dialog>姉ヶ崎</Dialog>
          <Dialog>......</Dialog>
          <Dialog>▲姉ヶ崎＊▲？</Dialog>
          <Dialog>Hehe. Just kidding. Did I
surprise you？</Dialog>
          <Dialog>Hey, that was so mean.</Dialog>
          <Dialog>Ah, time to go.</Dialog>
          <Dialog>I guess.</Dialog>
          <Dialog>Bye.</Dialog>
          <Dialog>Okay, see you.</Dialog>
        </Dialogs>
      </SDL2>
    </Entry>
    <Entry Unknown0="1020822524" Unknown1="4082613078">
      <SDL2 Key="722832043">
        <Unknown>
          <Entry>
            <Values />
            <Value0>147456</Value0>
            <Value1>65536</Value1>
          </Entry>
          <Entry>
            <Values>
              <Entry>
                <Value0>68168</Value0>
                <Value1>0</Value1>
              </Entry>
            </Values>
            <Value0>147458</Value0>
            <Value1>196608</Value1>
          </Entry>
          <Entry>
            <Values />
            <Value0>147456</Value0>
            <Value1>262144</Value1>
          </Entry>
          <Entry>
            <Values />
            <Value0>147456</Value0>
            <Value1>327680</Value1>
          </Entry>
          <Entry>
            <Values>
              <Entry>
                <Value0>68169</Value0>
                <Value1>0</Value1>
              </Entry>
            </Values>
            <Value0>147458</Value0>
            <Value1>393216</Value1>
          </Entry>
          <Entry>
            <Values />
            <Value0>147456</Value0>
            <Value1>458752</Value1>
          </Entry>
          <Entry>
            <Values />
            <Value0>147456</Value0>
            <Value1>524288</Value1>
          </Entry>
          <Entry>
            <Values>
              <Entry>
                <Value0>63403</Value0>
                <Value1>0</Value1>
              </Entry>
            </Values>
            <Value0>147458</Value0>
            <Value1>589824</Value1>
          </Entry>
          <Entry>
            <Values />
            <Value0>147456</Value0>
            <Value1>655360</Value1>
          </Entry>
          <Entry>
            <Values>
              <Entry>
                <Value0>63753</Value0>
                <Value1>0</Value1>
              </Entry>
            </Values>
            <Value0>147458</Value0>
            <Value1>720896</Value1>
          </Entry>
        </Unknown>
        <Dialogs>
          <Dialog>○○○○○○○○</Dialog>
          <Dialog>(I'm so bored...)</Dialog>
          <Dialog>姉ヶ崎</Dialog>
          <Dialog>Waah！</Dialog>
          <Dialog>？</Dialog>
          <Dialog>▲姉ヶ崎＊▲
What...？</Dialog>
          <Dialog>Ahaha. Did I scare you？ So
cute▼</Dialog>
          <Dialog>Hey, don't make fun of me.</Dialog>
          <Dialog>Ah, time to go.</Dialog>
          <Dialog>Yeah, right.</Dialog>
          <Dialog>Bye.</Dialog>
          <Dialog>Bye-bye.</Dialog>
        </Dialogs>
      </SDL2>
    </Entry>
  </Entries>
</DBIN2>