<?xml version="1.0" encoding="utf-8"?>
<DBIN2 xmlns:xsi="http://www.w3.org/2001/XMLSchema-instance" xmlns:xsd="http://www.w3.org/2001/XMLSchema" Key="322593274" Unknown="13">
  <Entries>
    <Entry Unknown0="3248058835" Unknown1="2893801151">
      <SDL2 Key="703478079">
        <Unknown>
          <Entry>
            <Values />
            <Value0>147456</Value0>
            <Value1>65536</Value1>
          </Entry>
          <Entry>
            <Values>
              <Entry>
                <Value0>64270</Value0>
                <Value1>0</Value1>
              </Entry>
            </Values>
            <Value0>147458</Value0>
            <Value1>196608</Value1>
          </Entry>
          <Entry>
            <Values />
            <Value0>147456</Value0>
            <Value1>262144</Value1>
          </Entry>
          <Entry>
            <Values>
              <Entry>
                <Value0>65435</Value0>
                <Value1>0</Value1>
              </Entry>
            </Values>
            <Value0>147458</Value0>
            <Value1>327680</Value1>
          </Entry>
          <Entry>
            <Values />
            <Value0>147456</Value0>
            <Value1>393216</Value1>
          </Entry>
          <Entry>
            <Values>
              <Entry>
                <Value0>65436</Value0>
                <Value1>0</Value1>
              </Entry>
            </Values>
            <Value0>147458</Value0>
            <Value1>458752</Value1>
          </Entry>
          <Entry>
            <Values />
            <Value0>147456</Value0>
            <Value1>524288</Value1>
          </Entry>
          <Entry>
            <Values>
              <Entry>
                <Value0>65437</Value0>
                <Value1>0</Value1>
              </Entry>
            </Values>
            <Value0>147458</Value0>
            <Value1>589824</Value1>
          </Entry>
          <Entry>
            <Values />
            <Value0>147456</Value0>
            <Value1>655360</Value1>
          </Entry>
          <Entry>
            <Values>
              <Entry>
                <Value0>65438</Value0>
                <Value1>0</Value1>
              </Entry>
            </Values>
            <Value0>147458</Value0>
            <Value1>720896</Value1>
          </Entry>
          <Entry>
            <Values />
            <Value0>147456</Value0>
            <Value1>786432</Value1>
          </Entry>
          <Entry>
            <Values>
              <Entry>
                <Value0>65439</Value0>
                <Value1>0</Value1>
              </Entry>
            </Values>
            <Value0>147458</Value0>
            <Value1>851968</Value1>
          </Entry>
          <Entry>
            <Values />
            <Value0>147456</Value0>
            <Value1>917504</Value1>
          </Entry>
          <Entry>
            <Values>
              <Entry>
                <Value0>65440</Value0>
                <Value1>0</Value1>
              </Entry>
            </Values>
            <Value0>147458</Value0>
            <Value1>983040</Value1>
          </Entry>
        </Unknown>
        <Dialogs>
          <Dialog>○○○○○○○○</Dialog>
          <Dialog>Hey.</Dialog>
          <Dialog>姉ヶ崎</Dialog>
          <Dialog>What is it？</Dialog>
          <Dialog>▲姉ヶ崎＊▲,
do you like to watch TV？</Dialog>
          <Dialog>Hmm？ Not that much.</Dialog>
          <Dialog>Which means you usually don't
watch TV, huh？</Dialog>
          <Dialog>But I often watch movies.</Dialog>
          <Dialog>Like, DVDs？</Dialog>
          <Dialog>Yeah, and sometimes I like to
read books.</Dialog>
          <Dialog>I see. I guess that's what I
picture you'd do.</Dialog>
          <Dialog>Ah, but there's a TV program
that I like.</Dialog>
          <Dialog>Eh？ Which program？</Dialog>
          <Dialog>The late night Western movies
program. Sometimes they show
very old movies. They're very
good.</Dialog>
          <Dialog>But that's...</Dialog>
          <Dialog>Ah, you'd call it a movie,
huh？ Yeah, but for me, I
prefer watching movies rather
than watching TV.</Dialog>
        </Dialogs>
      </SDL2>
    </Entry>
    <Entry Unknown0="4190842635" Unknown1="3745586929">
      <SDL2 Key="1227776394">
        <Unknown>
          <Entry>
            <Values />
            <Value0>147456</Value0>
            <Value1>65536</Value1>
          </Entry>
          <Entry>
            <Values>
              <Entry>
                <Value0>64270</Value0>
                <Value1>0</Value1>
              </Entry>
            </Values>
            <Value0>147458</Value0>
            <Value1>196608</Value1>
          </Entry>
          <Entry>
            <Values />
            <Value0>147456</Value0>
            <Value1>262144</Value1>
          </Entry>
          <Entry>
            <Values>
              <Entry>
                <Value0>65441</Value0>
                <Value1>0</Value1>
              </Entry>
            </Values>
            <Value0>147458</Value0>
            <Value1>327680</Value1>
          </Entry>
          <Entry>
            <Values />
            <Value0>147456</Value0>
            <Value1>393216</Value1>
          </Entry>
          <Entry>
            <Values>
              <Entry>
                <Value0>65442</Value0>
                <Value1>0</Value1>
              </Entry>
            </Values>
            <Value0>147458</Value0>
            <Value1>458752</Value1>
          </Entry>
          <Entry>
            <Values />
            <Value0>147456</Value0>
            <Value1>524288</Value1>
          </Entry>
          <Entry>
            <Values>
              <Entry>
                <Value0>65443</Value0>
                <Value1>0</Value1>
              </Entry>
            </Values>
            <Value0>147458</Value0>
            <Value1>589824</Value1>
          </Entry>
          <Entry>
            <Values />
            <Value0>147456</Value0>
            <Value1>655360</Value1>
          </Entry>
          <Entry>
            <Values>
              <Entry>
                <Value0>65444</Value0>
                <Value1>0</Value1>
              </Entry>
            </Values>
            <Value0>147458</Value0>
            <Value1>720896</Value1>
          </Entry>
          <Entry>
            <Values />
            <Value0>147456</Value0>
            <Value1>786432</Value1>
          </Entry>
          <Entry>
            <Values>
              <Entry>
                <Value0>65445</Value0>
                <Value1>0</Value1>
              </Entry>
            </Values>
            <Value0>147458</Value0>
            <Value1>851968</Value1>
          </Entry>
          <Entry>
            <Values />
            <Value0>147456</Value0>
            <Value1>917504</Value1>
          </Entry>
        </Unknown>
        <Dialogs>
          <Dialog>○○○○○○○○</Dialog>
          <Dialog>Hey.</Dialog>
          <Dialog>姉ヶ崎</Dialog>
          <Dialog>What is it？</Dialog>
          <Dialog>▲姉ヶ崎＊▲.
What is your favorite food？</Dialog>
          <Dialog>I love everything, but... If
you ask what I like most, it's
gonna be cough drops.</Dialog>
          <Dialog>...Which means you like
candies？</Dialog>
          <Dialog>No, not regular candies in
general.</Dialog>
          <Dialog>So, it has to be cough drops？</Dialog>
          <Dialog>Yeah. It has become a habit of
mine.</Dialog>
          <Dialog>Is your throat weak？</Dialog>
          <Dialog>No, that's not the case. I
started to like cough drops
some time ago, and it's just
continued.</Dialog>
          <Dialog>You haven't gotten bored of it
yet, huh？</Dialog>
          <Dialog>Hehe. That's right. Sorry, my
answer is just so plain.</Dialog>
          <Dialog>(Actually, it's somewhat
uncommon...)</Dialog>
        </Dialogs>
      </SDL2>
    </Entry>
    <Entry Unknown0="730953533" Unknown1="2792968375">
      <SDL2 Key="1227776394">
        <Unknown>
          <Entry>
            <Values />
            <Value0>147456</Value0>
            <Value1>65536</Value1>
          </Entry>
          <Entry>
            <Values>
              <Entry>
                <Value0>64270</Value0>
                <Value1>0</Value1>
              </Entry>
            </Values>
            <Value0>147458</Value0>
            <Value1>196608</Value1>
          </Entry>
          <Entry>
            <Values />
            <Value0>147456</Value0>
            <Value1>262144</Value1>
          </Entry>
          <Entry>
            <Values>
              <Entry>
                <Value0>65446</Value0>
                <Value1>0</Value1>
              </Entry>
            </Values>
            <Value0>147458</Value0>
            <Value1>327680</Value1>
          </Entry>
          <Entry>
            <Values />
            <Value0>147456</Value0>
            <Value1>393216</Value1>
          </Entry>
          <Entry>
            <Values>
              <Entry>
                <Value0>65447</Value0>
                <Value1>0</Value1>
              </Entry>
            </Values>
            <Value0>147458</Value0>
            <Value1>458752</Value1>
          </Entry>
          <Entry>
            <Values />
            <Value0>147456</Value0>
            <Value1>524288</Value1>
          </Entry>
          <Entry>
            <Values>
              <Entry>
                <Value0>65448</Value0>
                <Value1>0</Value1>
              </Entry>
            </Values>
            <Value0>147458</Value0>
            <Value1>589824</Value1>
          </Entry>
          <Entry>
            <Values />
            <Value0>147456</Value0>
            <Value1>655360</Value1>
          </Entry>
          <Entry>
            <Values>
              <Entry>
                <Value0>65449</Value0>
                <Value1>0</Value1>
              </Entry>
            </Values>
            <Value0>147458</Value0>
            <Value1>720896</Value1>
          </Entry>
          <Entry>
            <Values />
            <Value0>147456</Value0>
            <Value1>786432</Value1>
          </Entry>
          <Entry>
            <Values>
              <Entry>
                <Value0>65450</Value0>
                <Value1>0</Value1>
              </Entry>
            </Values>
            <Value0>147458</Value0>
            <Value1>851968</Value1>
          </Entry>
          <Entry>
            <Values />
            <Value0>147456</Value0>
            <Value1>917504</Value1>
          </Entry>
        </Unknown>
        <Dialogs>
          <Dialog>○○○○○○○○</Dialog>
          <Dialog>Hey.</Dialog>
          <Dialog>姉ヶ崎</Dialog>
          <Dialog>What is it？</Dialog>
          <Dialog>Speaking of which,
▲姉ヶ崎＊▲, do
you have any sports you like？</Dialog>
          <Dialog>Eh？ Ah... Why do you ask？</Dialog>
          <Dialog>I'm just curious. Are there
any？</Dialog>
          <Dialog>No. I'm an indoor type by
nature.</Dialog>
          <Dialog>Do you go to swim in summer,
at least？</Dialog>
          <Dialog>Eh！？ Ah, hmm... Not much, I
think.</Dialog>
          <Dialog>You don't go to the sea or the
swimming pool？</Dialog>
          <Dialog>Not that I don't want to go,
but... Don't laugh, okay？</Dialog>
          <Dialog>Eh？ I won't laugh.</Dialog>
          <Dialog>I... can't swim. Ah, this is
embarrassing.</Dialog>
          <Dialog>(You don't have to be that
embarrassed...)</Dialog>
        </Dialogs>
      </SDL2>
    </Entry>
    <Entry Unknown0="4056514819" Unknown1="3752531695">
      <SDL2 Key="1227776394">
        <Unknown>
          <Entry>
            <Values />
            <Value0>147456</Value0>
            <Value1>65536</Value1>
          </Entry>
          <Entry>
            <Values>
              <Entry>
                <Value0>64270</Value0>
                <Value1>0</Value1>
              </Entry>
            </Values>
            <Value0>147458</Value0>
            <Value1>196608</Value1>
          </Entry>
          <Entry>
            <Values />
            <Value0>147456</Value0>
            <Value1>262144</Value1>
          </Entry>
          <Entry>
            <Values>
              <Entry>
                <Value0>65451</Value0>
                <Value1>0</Value1>
              </Entry>
              <Entry>
                <Value0>65452</Value0>
                <Value1>667</Value1>
              </Entry>
            </Values>
            <Value0>147458</Value0>
            <Value1>327680</Value1>
          </Entry>
          <Entry>
            <Values />
            <Value0>147456</Value0>
            <Value1>393216</Value1>
          </Entry>
          <Entry>
            <Values>
              <Entry>
                <Value0>65453</Value0>
                <Value1>0</Value1>
              </Entry>
              <Entry>
                <Value0>65454</Value0>
                <Value1>667</Value1>
              </Entry>
            </Values>
            <Value0>147458</Value0>
            <Value1>458752</Value1>
          </Entry>
          <Entry>
            <Values />
            <Value0>147456</Value0>
            <Value1>524288</Value1>
          </Entry>
          <Entry>
            <Values>
              <Entry>
                <Value0>65455</Value0>
                <Value1>0</Value1>
              </Entry>
              <Entry>
                <Value0>65456</Value0>
                <Value1>467</Value1>
              </Entry>
            </Values>
            <Value0>147458</Value0>
            <Value1>589824</Value1>
          </Entry>
          <Entry>
            <Values />
            <Value0>147456</Value0>
            <Value1>655360</Value1>
          </Entry>
          <Entry>
            <Values>
              <Entry>
                <Value0>65457</Value0>
                <Value1>0</Value1>
              </Entry>
            </Values>
            <Value0>147458</Value0>
            <Value1>720896</Value1>
          </Entry>
          <Entry>
            <Values />
            <Value0>147456</Value0>
            <Value1>786432</Value1>
          </Entry>
        </Unknown>
        <Dialogs>
          <Dialog>○○○○○○○○</Dialog>
          <Dialog>Hey.</Dialog>
          <Dialog>姉ヶ崎</Dialog>
          <Dialog>What is it？</Dialog>
          <Dialog>▲姉ヶ崎＊▲,
do you often listen to music？</Dialog>
          <Dialog>No, not quite often. Usually,
I listen to movie soundtracks,
I think.</Dialog>
          <Dialog>Eh？ Soundtracks, huh？</Dialog>
          <Dialog>I bought many CDs of my
favorite movies' soundtracks.
They are very good.</Dialog>
          <Dialog>Could it be that you also buy
soundtracks for the movies you
haven't watched？</Dialog>
          <Dialog>For some indie movies, that's
pretty much the case. They
aren't showed in the theaters
here.</Dialog>
          <Dialog>Eh？ Even indie movies have
soundtracks, too.</Dialog>
          <Dialog>Hehe, the movie world is much
more profound than you might
think. For example...</Dialog>
          <Dialog>(I feel like I've just turned
on a switch...)</Dialog>
        </Dialogs>
      </SDL2>
    </Entry>
    <Entry Unknown0="704347963" Unknown1="175197729">
      <SDL2 Key="1227776394">
        <Unknown>
          <Entry>
            <Values />
            <Value0>147456</Value0>
            <Value1>65536</Value1>
          </Entry>
          <Entry>
            <Values>
              <Entry>
                <Value0>64270</Value0>
                <Value1>0</Value1>
              </Entry>
            </Values>
            <Value0>147458</Value0>
            <Value1>196608</Value1>
          </Entry>
          <Entry>
            <Values />
            <Value0>147456</Value0>
            <Value1>262144</Value1>
          </Entry>
          <Entry>
            <Values>
              <Entry>
                <Value0>65458</Value0>
                <Value1>0</Value1>
              </Entry>
            </Values>
            <Value0>147458</Value0>
            <Value1>327680</Value1>
          </Entry>
          <Entry>
            <Values />
            <Value0>147456</Value0>
            <Value1>393216</Value1>
          </Entry>
          <Entry>
            <Values>
              <Entry>
                <Value0>65459</Value0>
                <Value1>0</Value1>
              </Entry>
            </Values>
            <Value0>147458</Value0>
            <Value1>458752</Value1>
          </Entry>
          <Entry>
            <Values />
            <Value0>147456</Value0>
            <Value1>524288</Value1>
          </Entry>
          <Entry>
            <Values>
              <Entry>
                <Value0>65460</Value0>
                <Value1>0</Value1>
              </Entry>
            </Values>
            <Value0>147458</Value0>
            <Value1>589824</Value1>
          </Entry>
          <Entry>
            <Values />
            <Value0>147456</Value0>
            <Value1>655360</Value1>
          </Entry>
          <Entry>
            <Values>
              <Entry>
                <Value0>65461</Value0>
                <Value1>0</Value1>
              </Entry>
            </Values>
            <Value0>147458</Value0>
            <Value1>720896</Value1>
          </Entry>
          <Entry>
            <Values />
            <Value0>147456</Value0>
            <Value1>786432</Value1>
          </Entry>
          <Entry>
            <Values>
              <Entry>
                <Value0>65462</Value0>
                <Value1>0</Value1>
              </Entry>
              <Entry>
                <Value0>65463</Value0>
                <Value1>800</Value1>
              </Entry>
            </Values>
            <Value0>147458</Value0>
            <Value1>851968</Value1>
          </Entry>
          <Entry>
            <Values />
            <Value0>147456</Value0>
            <Value1>917504</Value1>
          </Entry>
          <Entry>
            <Values>
              <Entry>
                <Value0>65464</Value0>
                <Value1>0</Value1>
              </Entry>
            </Values>
            <Value0>147458</Value0>
            <Value1>983040</Value1>
          </Entry>
          <Entry>
            <Values />
            <Value0>147456</Value0>
            <Value1>1048576</Value1>
          </Entry>
          <Entry>
            <Values>
              <Entry>
                <Value0>65465</Value0>
                <Value1>0</Value1>
              </Entry>
            </Values>
            <Value0>147458</Value0>
            <Value1>1114112</Value1>
          </Entry>
          <Entry>
            <Values />
            <Value0>147456</Value0>
            <Value1>1179648</Value1>
          </Entry>
          <Entry>
            <Values>
              <Entry>
                <Value0>65466</Value0>
                <Value1>0</Value1>
              </Entry>
            </Values>
            <Value0>147458</Value0>
            <Value1>1245184</Value1>
          </Entry>
        </Unknown>
        <Dialogs>
          <Dialog>○○○○○○○○</Dialog>
          <Dialog>Hey.</Dialog>
          <Dialog>姉ヶ崎</Dialog>
          <Dialog>What is it？</Dialog>
          <Dialog>Speaking of which,
▲姉ヶ崎＊▲,
do you have other hobbies
besides watching horror
movies？</Dialog>
          <Dialog>Horror movies for me... You
can say that it's my hobby,
but it actually isn't. Hmm.</Dialog>
          <Dialog>What's wrong？</Dialog>
          <Dialog>Don't tell anyone, okay？</Dialog>
          <Dialog>？ Okay, I won't tell.</Dialog>
          <Dialog>Well... I collect bags.</Dialog>
          <Dialog>Bags？</Dialog>
          <Dialog>I collect cough drop bags.</Dialog>
          <Dialog>？</Dialog>
          <Dialog>I didn't intend to, but many
times, I forgot to throw them
away after I finish eating.
Now I have them in 4 file
folders.</Dialog>
          <Dialog>You put them in file
folders...？</Dialog>
          <Dialog>Sorry. Is that weird？</Dialog>
          <Dialog>No, I was just surprised.</Dialog>
          <Dialog>It's not like I'm very serious
about that. But somehow I just
continue collecting them.</Dialog>
          <Dialog>It's become your habit, huh？</Dialog>
          <Dialog>Yeah, it's more like my habit
rather than a hobby. I've been
doing it for quite a long
time.</Dialog>
        </Dialogs>
      </SDL2>
    </Entry>
    <Entry Unknown0="1539409773" Unknown1="3517546727">
      <SDL2 Key="1227776394">
        <Unknown>
          <Entry>
            <Values />
            <Value0>147456</Value0>
            <Value1>65536</Value1>
          </Entry>
          <Entry>
            <Values>
              <Entry>
                <Value0>64270</Value0>
                <Value1>0</Value1>
              </Entry>
            </Values>
            <Value0>147458</Value0>
            <Value1>196608</Value1>
          </Entry>
          <Entry>
            <Values />
            <Value0>147456</Value0>
            <Value1>262144</Value1>
          </Entry>
          <Entry>
            <Values>
              <Entry>
                <Value0>65467</Value0>
                <Value1>0</Value1>
              </Entry>
            </Values>
            <Value0>147458</Value0>
            <Value1>327680</Value1>
          </Entry>
          <Entry>
            <Values />
            <Value0>147456</Value0>
            <Value1>393216</Value1>
          </Entry>
          <Entry>
            <Values>
              <Entry>
                <Value0>65468</Value0>
                <Value1>0</Value1>
              </Entry>
            </Values>
            <Value0>147458</Value0>
            <Value1>458752</Value1>
          </Entry>
          <Entry>
            <Values />
            <Value0>147456</Value0>
            <Value1>524288</Value1>
          </Entry>
          <Entry>
            <Values>
              <Entry>
                <Value0>65469</Value0>
                <Value1>0</Value1>
              </Entry>
            </Values>
            <Value0>147458</Value0>
            <Value1>589824</Value1>
          </Entry>
          <Entry>
            <Values />
            <Value0>147456</Value0>
            <Value1>655360</Value1>
          </Entry>
          <Entry>
            <Values>
              <Entry>
                <Value0>65470</Value0>
                <Value1>0</Value1>
              </Entry>
            </Values>
            <Value0>147458</Value0>
            <Value1>720896</Value1>
          </Entry>
          <Entry>
            <Values />
            <Value0>147456</Value0>
            <Value1>786432</Value1>
          </Entry>
          <Entry>
            <Values>
              <Entry>
                <Value0>65471</Value0>
                <Value1>0</Value1>
              </Entry>
            </Values>
            <Value0>147458</Value0>
            <Value1>851968</Value1>
          </Entry>
          <Entry>
            <Values />
            <Value0>147456</Value0>
            <Value1>917504</Value1>
          </Entry>
        </Unknown>
        <Dialogs>
          <Dialog>○○○○○○○○</Dialog>
          <Dialog>Hey.</Dialog>
          <Dialog>姉ヶ崎</Dialog>
          <Dialog>What is it？</Dialog>
          <Dialog>▲姉ヶ崎＊▲,
do you like animals？</Dialog>
          <Dialog>Yeah, most of them. But I'm
not very good with cows and
horses.</Dialog>
          <Dialog>Cows and horses？</Dialog>
          <Dialog>They're usually drooling. And
that's... Well...</Dialog>
          <Dialog>Then how about your favorite
animal？</Dialog>
          <Dialog>Hmm... Raccoon dogs, I think.</Dialog>
          <Dialog>Raccoon dogs？</Dialog>
          <Dialog>Yeah, they look cute with
round shape and I feel like I
have an affinity with them.</Dialog>
          <Dialog>Affinity？</Dialog>
          <Dialog>Somehow I can picture myself
as a raccoon dog.</Dialog>
          <Dialog>(▲姉ヶ崎＊▲...
as a raccoon dog！？)</Dialog>
        </Dialogs>
      </SDL2>
    </Entry>
    <Entry Unknown0="570020147" Unknown1="182404639">
      <SDL2 Key="4092580961">
        <Unknown>
          <Entry>
            <Values />
            <Value0>147456</Value0>
            <Value1>65536</Value1>
          </Entry>
          <Entry>
            <Values>
              <Entry>
                <Value0>64270</Value0>
                <Value1>0</Value1>
              </Entry>
            </Values>
            <Value0>147458</Value0>
            <Value1>196608</Value1>
          </Entry>
          <Entry>
            <Values />
            <Value0>147456</Value0>
            <Value1>262144</Value1>
          </Entry>
          <Entry>
            <Values>
              <Entry>
                <Value0>65472</Value0>
                <Value1>0</Value1>
              </Entry>
            </Values>
            <Value0>147458</Value0>
            <Value1>327680</Value1>
          </Entry>
          <Entry>
            <Values />
            <Value0>147456</Value0>
            <Value1>393216</Value1>
          </Entry>
          <Entry>
            <Values>
              <Entry>
                <Value0>65473</Value0>
                <Value1>0</Value1>
              </Entry>
            </Values>
            <Value0>147458</Value0>
            <Value1>458752</Value1>
          </Entry>
          <Entry>
            <Values />
            <Value0>147456</Value0>
            <Value1>524288</Value1>
          </Entry>
          <Entry>
            <Values>
              <Entry>
                <Value0>65474</Value0>
                <Value1>0</Value1>
              </Entry>
            </Values>
            <Value0>147458</Value0>
            <Value1>589824</Value1>
          </Entry>
          <Entry>
            <Values />
            <Value0>147456</Value0>
            <Value1>655360</Value1>
          </Entry>
          <Entry>
            <Values>
              <Entry>
                <Value0>65475</Value0>
                <Value1>0</Value1>
              </Entry>
            </Values>
            <Value0>147458</Value0>
            <Value1>720896</Value1>
          </Entry>
          <Entry>
            <Values />
            <Value0>147456</Value0>
            <Value1>786432</Value1>
          </Entry>
          <Entry>
            <Values>
              <Entry>
                <Value0>65476</Value0>
                <Value1>0</Value1>
              </Entry>
              <Entry>
                <Value0>65477</Value0>
                <Value1>800</Value1>
              </Entry>
            </Values>
            <Value0>147458</Value0>
            <Value1>851968</Value1>
          </Entry>
          <Entry>
            <Values />
            <Value0>147456</Value0>
            <Value1>917504</Value1>
          </Entry>
          <Entry>
            <Values>
              <Entry>
                <Value0>65478</Value0>
                <Value1>0</Value1>
              </Entry>
            </Values>
            <Value0>147458</Value0>
            <Value1>983040</Value1>
          </Entry>
          <Entry>
            <Values />
            <Value0>147456</Value0>
            <Value1>1048576</Value1>
          </Entry>
        </Unknown>
        <Dialogs>
          <Dialog>○○○○○○○○</Dialog>
          <Dialog>Hey.</Dialog>
          <Dialog>姉ヶ崎</Dialog>
          <Dialog>What is it？</Dialog>
          <Dialog>I might've already asked you
this, but
▲姉ヶ崎＊▲,
what is your dream for your
future？</Dialog>
          <Dialog>Hehe. "Being someone's bride."
...Is that what you want to
hear？</Dialog>
          <Dialog>I was expecting a little that
you'd say that.</Dialog>
          <Dialog>But... Actually, I really want
to be a bride.</Dialog>
          <Dialog>Is that so？</Dialog>
          <Dialog>Is it weird？</Dialog>
          <Dialog>No. I'm sure
▲姉ヶ崎＊▲
will look great in
a wedding dress.</Dialog>
          <Dialog>Hehe. What I want to wear
isn't a wedding dress, but an
apron.</Dialog>
          <Dialog>An apron？</Dialog>
          <Dialog>Cooking in the kitchen,
raising a baby, welcoming a
husband from his work...
Something like that.</Dialog>
          <Dialog>...I can picture that those
things suit you.</Dialog>
          <Dialog>Hehe. If you wait long enough,
you might be able to see it
with your own eyes.</Dialog>
          <Dialog>(▲姉ヶ崎＊▲...)</Dialog>
        </Dialogs>
      </SDL2>
    </Entry>
    <Entry Unknown0="1496026987" Unknown1="950107729">
      <SDL2 Key="858725052">
        <Unknown>
          <Entry>
            <Values />
            <Value0>147456</Value0>
            <Value1>65536</Value1>
          </Entry>
          <Entry>
            <Values>
              <Entry>
                <Value0>64270</Value0>
                <Value1>0</Value1>
              </Entry>
            </Values>
            <Value0>147458</Value0>
            <Value1>196608</Value1>
          </Entry>
          <Entry>
            <Values />
            <Value0>147456</Value0>
            <Value1>262144</Value1>
          </Entry>
          <Entry>
            <Values>
              <Entry>
                <Value0>65479</Value0>
                <Value1>0</Value1>
              </Entry>
            </Values>
            <Value0>147458</Value0>
            <Value1>327680</Value1>
          </Entry>
          <Entry>
            <Values />
            <Value0>147456</Value0>
            <Value1>393216</Value1>
          </Entry>
          <Entry>
            <Values>
              <Entry>
                <Value0>65480</Value0>
                <Value1>0</Value1>
              </Entry>
            </Values>
            <Value0>147458</Value0>
            <Value1>458752</Value1>
          </Entry>
          <Entry>
            <Values />
            <Value0>147456</Value0>
            <Value1>524288</Value1>
          </Entry>
          <Entry>
            <Values>
              <Entry>
                <Value0>65481</Value0>
                <Value1>0</Value1>
              </Entry>
            </Values>
            <Value0>147458</Value0>
            <Value1>589824</Value1>
          </Entry>
          <Entry>
            <Values>
              <Entry>
                <Value0>65482</Value0>
                <Value1>0</Value1>
              </Entry>
            </Values>
            <Value0>147458</Value0>
            <Value1>655360</Value1>
          </Entry>
          <Entry>
            <Values />
            <Value0>147456</Value0>
            <Value1>720896</Value1>
          </Entry>
          <Entry>
            <Values>
              <Entry>
                <Value0>65483</Value0>
                <Value1>0</Value1>
              </Entry>
            </Values>
            <Value0>147458</Value0>
            <Value1>786432</Value1>
          </Entry>
          <Entry>
            <Values />
            <Value0>147456</Value0>
            <Value1>851968</Value1>
          </Entry>
          <Entry>
            <Values>
              <Entry>
                <Value0>65484</Value0>
                <Value1>0</Value1>
              </Entry>
            </Values>
            <Value0>147458</Value0>
            <Value1>917504</Value1>
          </Entry>
          <Entry>
            <Values />
            <Value0>147456</Value0>
            <Value1>983040</Value1>
          </Entry>
          <Entry>
            <Values>
              <Entry>
                <Value0>65485</Value0>
                <Value1>0</Value1>
              </Entry>
            </Values>
            <Value0>147458</Value0>
            <Value1>1048576</Value1>
          </Entry>
          <Entry>
            <Values />
            <Value0>147456</Value0>
            <Value1>1114112</Value1>
          </Entry>
        </Unknown>
        <Dialogs>
          <Dialog>○○○○○○○○</Dialog>
          <Dialog>Hey.</Dialog>
          <Dialog>姉ヶ崎</Dialog>
          <Dialog>What is it？</Dialog>
          <Dialog>▲姉ヶ崎＊▲,
do you have a dream for your
future？</Dialog>
          <Dialog>Hmm, well...</Dialog>
          <Dialog>Do you want to be a horror
novel writer？</Dialog>
          <Dialog>That's impossible. Being a
writer is impossible for me.</Dialog>
          <Dialog>Really？ But you read a lot of
books.</Dialog>
          <Dialog>No. The more I read, the more
I realize it.</Dialog>
          <Dialog>I don't have the creative urge
for writing.</Dialog>
          <Dialog>▲姉ヶ崎＊▲,
really？ But you also watch a
lot of horror movies.</Dialog>
          <Dialog>It's not like I don't want to
write, but...</Dialog>
          <Dialog>Or do you want to make
movies？</Dialog>
          <Dialog>No... I've never thought about
that.</Dialog>
          <Dialog>I see. But that's too bad. I'm
very interested in
▲姉ヶ崎＊▲'s
horror movies.</Dialog>
          <Dialog>Hehe. If you like to see
horror movies this much, how
about watching some that are
already made？</Dialog>
          <Dialog>(Is she going to force me to
watch them？)</Dialog>
        </Dialogs>
      </SDL2>
    </Entry>
    <Entry Unknown0="2347882397" Unknown1="64794647">
      <SDL2 Key="1399800103">
        <Unknown>
          <Entry>
            <Values />
            <Value0>147456</Value0>
            <Value1>65536</Value1>
          </Entry>
          <Entry>
            <Values>
              <Entry>
                <Value0>64270</Value0>
                <Value1>0</Value1>
              </Entry>
            </Values>
            <Value0>147458</Value0>
            <Value1>196608</Value1>
          </Entry>
          <Entry>
            <Values />
            <Value0>147456</Value0>
            <Value1>262144</Value1>
          </Entry>
          <Entry>
            <Values>
              <Entry>
                <Value0>65486</Value0>
                <Value1>0</Value1>
              </Entry>
            </Values>
            <Value0>147458</Value0>
            <Value1>327680</Value1>
          </Entry>
          <Entry>
            <Values />
            <Value0>147456</Value0>
            <Value1>393216</Value1>
          </Entry>
          <Entry>
            <Values>
              <Entry>
                <Value0>65487</Value0>
                <Value1>0</Value1>
              </Entry>
            </Values>
            <Value0>147458</Value0>
            <Value1>458752</Value1>
          </Entry>
          <Entry>
            <Values />
            <Value0>147456</Value0>
            <Value1>524288</Value1>
          </Entry>
          <Entry>
            <Values>
              <Entry>
                <Value0>65488</Value0>
                <Value1>0</Value1>
              </Entry>
            </Values>
            <Value0>147458</Value0>
            <Value1>589824</Value1>
          </Entry>
          <Entry>
            <Values />
            <Value0>147456</Value0>
            <Value1>655360</Value1>
          </Entry>
          <Entry>
            <Values>
              <Entry>
                <Value0>65489</Value0>
                <Value1>0</Value1>
              </Entry>
              <Entry>
                <Value0>65490</Value0>
                <Value1>667</Value1>
              </Entry>
            </Values>
            <Value0>147458</Value0>
            <Value1>720896</Value1>
          </Entry>
          <Entry>
            <Values />
            <Value0>147456</Value0>
            <Value1>786432</Value1>
          </Entry>
          <Entry>
            <Values>
              <Entry>
                <Value0>65491</Value0>
                <Value1>0</Value1>
              </Entry>
            </Values>
            <Value0>147458</Value0>
            <Value1>851968</Value1>
          </Entry>
          <Entry>
            <Values />
            <Value0>147456</Value0>
            <Value1>917504</Value1>
          </Entry>
          <Entry>
            <Values>
              <Entry>
                <Value0>65492</Value0>
                <Value1>0</Value1>
              </Entry>
            </Values>
            <Value0>147458</Value0>
            <Value1>196608</Value1>
          </Entry>
          <Entry>
            <Values />
            <Value0>147456</Value0>
            <Value1>983040</Value1>
          </Entry>
          <Entry>
            <Values>
              <Entry>
                <Value0>65493</Value0>
                <Value1>0</Value1>
              </Entry>
            </Values>
            <Value0>147458</Value0>
            <Value1>1048576</Value1>
          </Entry>
        </Unknown>
        <Dialogs>
          <Dialog>○○○○○○○○</Dialog>
          <Dialog>Hey.</Dialog>
          <Dialog>姉ヶ崎</Dialog>
          <Dialog>What is it？</Dialog>
          <Dialog>▲姉ヶ崎＊▲,
do you have any female role
models？</Dialog>
          <Dialog>Hmm... I've never thought
about that...</Dialog>
          <Dialog>So you have confidence in
yourself, huh？</Dialog>
          <Dialog>No, that's not the case.
But...</Dialog>
          <Dialog>But？</Dialog>
          <Dialog>Come on. If you set anyone
else as your role model,
you'll try to become someone
that's not you, right？</Dialog>
          <Dialog>I think you're right.</Dialog>
          <Dialog>Yeah. For me, if there's
something in other people that
I don't have, I'll think about
how I can achieve that by
myself.</Dialog>
          <Dialog>That's why you don't have a
role model？</Dialog>
          <Dialog>Yeah. It's not about a person.
If there's something I lack,
I'll just try to work my way
toward it.</Dialog>
          <Dialog>I see...</Dialog>
          <Dialog>No. I'm just thinking that I
made the right decision to
have you as my girlfriend.</Dialog>
          <Dialog>Geez... Don't spring stuff on
me, okay？</Dialog>
        </Dialogs>
      </SDL2>
    </Entry>
    <Entry Unknown0="1361699171" Unknown1="990737999">
      <SDL2 Key="3844304174">
        <Unknown>
          <Entry>
            <Values />
            <Value0>147456</Value0>
            <Value1>65536</Value1>
          </Entry>
          <Entry>
            <Values>
              <Entry>
                <Value0>64270</Value0>
                <Value1>0</Value1>
              </Entry>
            </Values>
            <Value0>147458</Value0>
            <Value1>196608</Value1>
          </Entry>
          <Entry>
            <Values />
            <Value0>147456</Value0>
            <Value1>262144</Value1>
          </Entry>
          <Entry>
            <Values>
              <Entry>
                <Value0>65494</Value0>
                <Value1>0</Value1>
              </Entry>
            </Values>
            <Value0>147458</Value0>
            <Value1>327680</Value1>
          </Entry>
          <Entry>
            <Values />
            <Value0>147456</Value0>
            <Value1>393216</Value1>
          </Entry>
          <Entry>
            <Values>
              <Entry>
                <Value0>65495</Value0>
                <Value1>0</Value1>
              </Entry>
            </Values>
            <Value0>147458</Value0>
            <Value1>458752</Value1>
          </Entry>
          <Entry>
            <Values>
              <Entry>
                <Value0>65496</Value0>
                <Value1>0</Value1>
              </Entry>
            </Values>
            <Value0>147458</Value0>
            <Value1>524288</Value1>
          </Entry>
          <Entry>
            <Values />
            <Value0>147456</Value0>
            <Value1>589824</Value1>
          </Entry>
          <Entry>
            <Values>
              <Entry>
                <Value0>65497</Value0>
                <Value1>0</Value1>
              </Entry>
            </Values>
            <Value0>147458</Value0>
            <Value1>655360</Value1>
          </Entry>
          <Entry>
            <Values>
              <Entry>
                <Value0>65498</Value0>
                <Value1>0</Value1>
              </Entry>
            </Values>
            <Value0>147458</Value0>
            <Value1>720896</Value1>
          </Entry>
          <Entry>
            <Values />
            <Value0>147456</Value0>
            <Value1>786432</Value1>
          </Entry>
          <Entry>
            <Values>
              <Entry>
                <Value0>65499</Value0>
                <Value1>0</Value1>
              </Entry>
            </Values>
            <Value0>147458</Value0>
            <Value1>851968</Value1>
          </Entry>
          <Entry>
            <Values>
              <Entry>
                <Value0>65500</Value0>
                <Value1>0</Value1>
              </Entry>
              <Entry>
                <Value0>65501</Value0>
                <Value1>667</Value1>
              </Entry>
            </Values>
            <Value0>147458</Value0>
            <Value1>917504</Value1>
          </Entry>
          <Entry>
            <Values />
            <Value0>147456</Value0>
            <Value1>983040</Value1>
          </Entry>
          <Entry>
            <Values>
              <Entry>
                <Value0>65502</Value0>
                <Value1>0</Value1>
              </Entry>
            </Values>
            <Value0>147458</Value0>
            <Value1>1048576</Value1>
          </Entry>
          <Entry>
            <Values />
            <Value0>147456</Value0>
            <Value1>1114112</Value1>
          </Entry>
          <Entry>
            <Values>
              <Entry>
                <Value0>65503</Value0>
                <Value1>0</Value1>
              </Entry>
            </Values>
            <Value0>147458</Value0>
            <Value1>1179648</Value1>
          </Entry>
          <Entry>
            <Values>
              <Entry>
                <Value0>65504</Value0>
                <Value1>0</Value1>
              </Entry>
            </Values>
            <Value0>147458</Value0>
            <Value1>1245184</Value1>
          </Entry>
        </Unknown>
        <Dialogs>
          <Dialog>○○○○○○○○</Dialog>
          <Dialog>Hey.</Dialog>
          <Dialog>姉ヶ崎</Dialog>
          <Dialog>What is it？</Dialog>
          <Dialog>▲姉ヶ崎＊▲.
Do you have any female role
models？</Dialog>
          <Dialog>Only restricted to females,
huh？</Dialog>
          <Dialog>It's different, right？ I just
wonder if there's any woman
you want to be like.</Dialog>
          <Dialog>Hmm... I don't think there's
any.</Dialog>
          <Dialog>Rather, I don't want to be
anyone else but myself.
...Does that sound a little
smug？</Dialog>
          <Dialog>？</Dialog>
          <Dialog>Come on. There are people who
like to say they want to find
their true selves, right？</Dialog>
          <Dialog>They keep searching for
something different or trying
to wake up their different
selves...</Dialog>
          <Dialog>Yeah, I think I've heard about
that.</Dialog>
          <Dialog>But isn't that very
irresponsible to their current
selves？</Dialog>
          <Dialog>I want to do my best as what I
am right now. That might sound
complicated, but my role model
is myself, I think.</Dialog>
          <Dialog>Hmm...？</Dialog>
          <Dialog>...What？</Dialog>
          <Dialog>I think
▲姉ヶ崎＊▲
is very cool.</Dialog>
          <Dialog>Eh？ Ah... No.</Dialog>
          <Dialog>Geez... Idiot.</Dialog>
        </Dialogs>
      </SDL2>
    </Entry>
    <Entry Unknown0="2304499611" Unknown1="1775677057">
      <SDL2 Key="4250160811">
        <Unknown>
          <Entry>
            <Values />
            <Value0>147456</Value0>
            <Value1>65536</Value1>
          </Entry>
          <Entry>
            <Values>
              <Entry>
                <Value0>64270</Value0>
                <Value1>0</Value1>
              </Entry>
            </Values>
            <Value0>147458</Value0>
            <Value1>196608</Value1>
          </Entry>
          <Entry>
            <Values />
            <Value0>147456</Value0>
            <Value1>262144</Value1>
          </Entry>
          <Entry>
            <Values>
              <Entry>
                <Value0>65505</Value0>
                <Value1>0</Value1>
              </Entry>
            </Values>
            <Value0>147458</Value0>
            <Value1>327680</Value1>
          </Entry>
          <Entry>
            <Values />
            <Value0>147456</Value0>
            <Value1>393216</Value1>
          </Entry>
          <Entry>
            <Values>
              <Entry>
                <Value0>65506</Value0>
                <Value1>0</Value1>
              </Entry>
            </Values>
            <Value0>147458</Value0>
            <Value1>458752</Value1>
          </Entry>
          <Entry>
            <Values />
            <Value0>147456</Value0>
            <Value1>524288</Value1>
          </Entry>
          <Entry>
            <Values>
              <Entry>
                <Value0>65507</Value0>
                <Value1>0</Value1>
              </Entry>
              <Entry>
                <Value0>65508</Value0>
                <Value1>1000</Value1>
              </Entry>
            </Values>
            <Value0>147458</Value0>
            <Value1>589824</Value1>
          </Entry>
          <Entry>
            <Values />
            <Value0>147456</Value0>
            <Value1>655360</Value1>
          </Entry>
          <Entry>
            <Values>
              <Entry>
                <Value0>65509</Value0>
                <Value1>0</Value1>
              </Entry>
              <Entry>
                <Value0>65510</Value0>
                <Value1>667</Value1>
              </Entry>
            </Values>
            <Value0>147458</Value0>
            <Value1>720896</Value1>
          </Entry>
        </Unknown>
        <Dialogs>
          <Dialog>○○○○○○○○</Dialog>
          <Dialog>Hey.</Dialog>
          <Dialog>姉ヶ崎</Dialog>
          <Dialog>What is it？</Dialog>
          <Dialog>▲姉ヶ崎＊▲.
Do you have any female role
models？</Dialog>
          <Dialog>Why do you ask all of a
sudden？</Dialog>
          <Dialog>For example... A female horror
novel writer or something.</Dialog>
          <Dialog>Well... There are people that
I admire. However, I don't
really have a role model.</Dialog>
          <Dialog>I see...</Dialog>
          <Dialog>But, why do you ask？ I read
from somewhere that people ask
this question to find out
about others' thought
processes, right？</Dialog>
          <Dialog>Really？ I didn't have that
kind of intention.</Dialog>
          <Dialog>Okay, don't worry then. Since
it's you, I don't mind being
asked this kind of question.</Dialog>
        </Dialogs>
      </SDL2>
    </Entry>
    <Entry Unknown0="3139561421" Unknown1="1007280199">
      <SDL2 Key="3881167069">
        <Unknown>
          <Entry>
            <Values />
            <Value0>147456</Value0>
            <Value1>65536</Value1>
          </Entry>
          <Entry>
            <Values>
              <Entry>
                <Value0>64270</Value0>
                <Value1>0</Value1>
              </Entry>
            </Values>
            <Value0>147458</Value0>
            <Value1>196608</Value1>
          </Entry>
          <Entry>
            <Values />
            <Value0>147456</Value0>
            <Value1>262144</Value1>
          </Entry>
          <Entry>
            <Values>
              <Entry>
                <Value0>65511</Value0>
                <Value1>0</Value1>
              </Entry>
            </Values>
            <Value0>147458</Value0>
            <Value1>327680</Value1>
          </Entry>
          <Entry>
            <Values />
            <Value0>147456</Value0>
            <Value1>393216</Value1>
          </Entry>
          <Entry>
            <Values>
              <Entry>
                <Value0>65512</Value0>
                <Value1>0</Value1>
              </Entry>
            </Values>
            <Value0>147458</Value0>
            <Value1>458752</Value1>
          </Entry>
          <Entry>
            <Values />
            <Value0>147456</Value0>
            <Value1>524288</Value1>
          </Entry>
          <Entry>
            <Values>
              <Entry>
                <Value0>65513</Value0>
                <Value1>0</Value1>
              </Entry>
            </Values>
            <Value0>147458</Value0>
            <Value1>589824</Value1>
          </Entry>
          <Entry>
            <Values />
            <Value0>147456</Value0>
            <Value1>655360</Value1>
          </Entry>
          <Entry>
            <Values>
              <Entry>
                <Value0>65514</Value0>
                <Value1>0</Value1>
              </Entry>
              <Entry>
                <Value0>65515</Value0>
                <Value1>1000</Value1>
              </Entry>
            </Values>
            <Value0>147458</Value0>
            <Value1>720896</Value1>
          </Entry>
          <Entry>
            <Values />
            <Value0>147456</Value0>
            <Value1>786432</Value1>
          </Entry>
          <Entry>
            <Values>
              <Entry>
                <Value0>65516</Value0>
                <Value1>0</Value1>
              </Entry>
            </Values>
            <Value0>147458</Value0>
            <Value1>851968</Value1>
          </Entry>
          <Entry>
            <Values />
            <Value0>147456</Value0>
            <Value1>917504</Value1>
          </Entry>
        </Unknown>
        <Dialogs>
          <Dialog>○○○○○○○○</Dialog>
          <Dialog>Hey.</Dialog>
          <Dialog>姉ヶ崎</Dialog>
          <Dialog>What is it？</Dialog>
          <Dialog>▲姉ヶ崎＊▲,
what kind of movies do you
like？ It must be horror
movies, right？</Dialog>
          <Dialog>Of course！ But, recent horror
movies aren't that good.</Dialog>
          <Dialog>Really？</Dialog>
          <Dialog>They're using more CGs, but
the picture quality is getting
worse...</Dialog>
          <Dialog>With computer graphics, the
picture quality is getting
worse？</Dialog>
          <Dialog>Yeah. Compared to old
movies... I think it's the
atmosphere that feels
different. Don't you agree？</Dialog>
          <Dialog>Well then, you like movies
without CGs better？</Dialog>
          <Dialog>Yeah, CGs are necessary for
some kinds of movies, but for
me... I prefer analog.</Dialog>
          <Dialog>Analog...？
Somehow I feel like
▲姉ヶ崎＊▲
might not be good at using
technical stuff.</Dialog>
          <Dialog>Ah. Geez！ I'm really
concerned about that！</Dialog>
          <Dialog>(Bull's eye, huh...？)</Dialog>
        </Dialogs>
      </SDL2>
    </Entry>
    <Entry Unknown0="2170106259" Unknown1="1698408063">
      <SDL2 Key="1204110996">
        <Unknown>
          <Entry>
            <Values />
            <Value0>147456</Value0>
            <Value1>65536</Value1>
          </Entry>
          <Entry>
            <Values>
              <Entry>
                <Value0>64270</Value0>
                <Value1>0</Value1>
              </Entry>
            </Values>
            <Value0>147458</Value0>
            <Value1>196608</Value1>
          </Entry>
          <Entry>
            <Values />
            <Value0>147456</Value0>
            <Value1>262144</Value1>
          </Entry>
          <Entry>
            <Values>
              <Entry>
                <Value0>65517</Value0>
                <Value1>0</Value1>
              </Entry>
            </Values>
            <Value0>147458</Value0>
            <Value1>327680</Value1>
          </Entry>
          <Entry>
            <Values />
            <Value0>147456</Value0>
            <Value1>393216</Value1>
          </Entry>
          <Entry>
            <Values>
              <Entry>
                <Value0>65518</Value0>
                <Value1>0</Value1>
              </Entry>
              <Entry>
                <Value0>65519</Value0>
                <Value1>667</Value1>
              </Entry>
            </Values>
            <Value0>147458</Value0>
            <Value1>458752</Value1>
          </Entry>
          <Entry>
            <Values />
            <Value0>147456</Value0>
            <Value1>524288</Value1>
          </Entry>
          <Entry>
            <Values>
              <Entry>
                <Value0>65520</Value0>
                <Value1>0</Value1>
              </Entry>
            </Values>
            <Value0>147458</Value0>
            <Value1>589824</Value1>
          </Entry>
          <Entry>
            <Values />
            <Value0>147456</Value0>
            <Value1>655360</Value1>
          </Entry>
          <Entry>
            <Values>
              <Entry>
                <Value0>65521</Value0>
                <Value1>0</Value1>
              </Entry>
              <Entry>
                <Value0>65522</Value0>
                <Value1>667</Value1>
              </Entry>
            </Values>
            <Value0>147458</Value0>
            <Value1>720896</Value1>
          </Entry>
          <Entry>
            <Values />
            <Value0>147456</Value0>
            <Value1>786432</Value1>
          </Entry>
          <Entry>
            <Values>
              <Entry>
                <Value0>65523</Value0>
                <Value1>0</Value1>
              </Entry>
            </Values>
            <Value0>147458</Value0>
            <Value1>851968</Value1>
          </Entry>
          <Entry>
            <Values />
            <Value0>147456</Value0>
            <Value1>917504</Value1>
          </Entry>
        </Unknown>
        <Dialogs>
          <Dialog>○○○○○○○○</Dialog>
          <Dialog>Hey.</Dialog>
          <Dialog>姉ヶ崎</Dialog>
          <Dialog>What is it？</Dialog>
          <Dialog>▲姉ヶ崎＊▲.
You can read books very fast,
right？ How fast are you？</Dialog>
          <Dialog>My reading pace？ I can read
about 10 books in a month... I
think.</Dialog>
          <Dialog>So you can finish a book in 3
days？ That's amazing.</Dialog>
          <Dialog>I think it's not fast at all.
Some people can read 3 books
in a day.</Dialog>
          <Dialog>You should try. Maybe you can
reach that level, too.</Dialog>
          <Dialog>That's impossible for me, I
think. I also have movies to
watch.</Dialog>
          <Dialog>I see.</Dialog>
          <Dialog>Yeah... And lately, I've been
spending time with something
else, too.</Dialog>
          <Dialog>？</Dialog>
          <Dialog>No, never mind. I was just
talking to myself.</Dialog>
          <Dialog>...？</Dialog>
        </Dialogs>
      </SDL2>
    </Entry>
  </Entries>
</DBIN2>