<?xml version="1.0" encoding="utf-8"?>
<DBIN2 xmlns:xsi="http://www.w3.org/2001/XMLSchema-instance" xmlns:xsd="http://www.w3.org/2001/XMLSchema" Key="3413754468" Unknown="24">
  <Entries>
    <Entry Unknown0="3094362500" Unknown1="1005604614">
      <SDL2 Key="2940203734">
        <Unknown>
          <Entry>
            <Values>
              <Entry>
                <Value0>65759</Value0>
                <Value1>0</Value1>
              </Entry>
            </Values>
            <Value0>147456</Value0>
            <Value1>65536</Value1>
          </Entry>
          <Entry>
            <Values />
            <Value0>147458</Value0>
            <Value1>196608</Value1>
          </Entry>
          <Entry>
            <Values>
              <Entry>
                <Value0>65760</Value0>
                <Value1>0</Value1>
              </Entry>
            </Values>
            <Value0>147456</Value0>
            <Value1>262144</Value1>
          </Entry>
          <Entry>
            <Values />
            <Value0>147458</Value0>
            <Value1>327680</Value1>
          </Entry>
          <Entry>
            <Values>
              <Entry>
                <Value0>65761</Value0>
                <Value1>0</Value1>
              </Entry>
            </Values>
            <Value0>147456</Value0>
            <Value1>393216</Value1>
          </Entry>
          <Entry>
            <Values />
            <Value0>147458</Value0>
            <Value1>458752</Value1>
          </Entry>
          <Entry>
            <Values />
            <Value0>147458</Value0>
            <Value1>524288</Value1>
          </Entry>
          <Entry>
            <Values>
              <Entry>
                <Value0>65762</Value0>
                <Value1>0</Value1>
              </Entry>
            </Values>
            <Value0>147456</Value0>
            <Value1>589824</Value1>
          </Entry>
          <Entry>
            <Values />
            <Value0>147458</Value0>
            <Value1>655360</Value1>
          </Entry>
          <Entry>
            <Values>
              <Entry>
                <Value0>65763</Value0>
                <Value1>0</Value1>
              </Entry>
            </Values>
            <Value0>147456</Value0>
            <Value1>720896</Value1>
          </Entry>
          <Entry>
            <Values />
            <Value0>147458</Value0>
            <Value1>786432</Value1>
          </Entry>
          <Entry>
            <Values>
              <Entry>
                <Value0>65764</Value0>
                <Value1>0</Value1>
              </Entry>
            </Values>
            <Value0>147456</Value0>
            <Value1>851968</Value1>
          </Entry>
        </Unknown>
        <Dialogs>
          <Dialog>姉ヶ崎</Dialog>
          <Dialog>Hey, wake up.</Dialog>
          <Dialog>○○○○○○○○</Dialog>
          <Dialog>Um... Just a little bit...</Dialog>
          <Dialog>You're gonna be late.</Dialog>
          <Dialog>Only a little bit...</Dialog>
          <Dialog>Geez... Your girlfriend is
waking you up. Do you intend
to keep sleeping？</Dialog>
          <Dialog>Eh...？</Dialog>
          <Dialog>Ah,
▲姉ヶ崎＊▲！？
W-Why are you in my room！？</Dialog>
          <Dialog>Hey, I already told you. I'm
here to wake you up.</Dialog>
          <Dialog>Is that so？ Whoa, you saw me
in my pajamas.</Dialog>
          <Dialog>Isn't it too late to say that
now？ Hey, if you don't get
ready, I'll be leaving, you
sleepyhead.</Dialog>
          <Dialog>...Okay.</Dialog>
          <Dialog>Geez, you're still a kid...</Dialog>
        </Dialogs>
      </SDL2>
    </Entry>
    <Entry Unknown0="1713202226" Unknown1="3896835507">
      <SDL2 Key="3749656641">
        <Unknown>
          <Entry>
            <Values>
              <Entry>
                <Value0>65765</Value0>
                <Value1>0</Value1>
              </Entry>
            </Values>
            <Value0>147456</Value0>
            <Value1>65536</Value1>
          </Entry>
          <Entry>
            <Values />
            <Value0>147458</Value0>
            <Value1>196608</Value1>
          </Entry>
          <Entry>
            <Values>
              <Entry>
                <Value0>65766</Value0>
                <Value1>0</Value1>
              </Entry>
            </Values>
            <Value0>147456</Value0>
            <Value1>262144</Value1>
          </Entry>
          <Entry>
            <Values />
            <Value0>147458</Value0>
            <Value1>327680</Value1>
          </Entry>
          <Entry>
            <Values>
              <Entry>
                <Value0>65767</Value0>
                <Value1>0</Value1>
              </Entry>
            </Values>
            <Value0>147456</Value0>
            <Value1>393216</Value1>
          </Entry>
          <Entry>
            <Values />
            <Value0>147458</Value0>
            <Value1>458752</Value1>
          </Entry>
          <Entry>
            <Values />
            <Value0>147458</Value0>
            <Value1>524288</Value1>
          </Entry>
          <Entry>
            <Values>
              <Entry>
                <Value0>65768</Value0>
                <Value1>0</Value1>
              </Entry>
            </Values>
            <Value0>147456</Value0>
            <Value1>589824</Value1>
          </Entry>
          <Entry>
            <Values />
            <Value0>147458</Value0>
            <Value1>655360</Value1>
          </Entry>
          <Entry>
            <Values>
              <Entry>
                <Value0>65769</Value0>
                <Value1>0</Value1>
              </Entry>
            </Values>
            <Value0>147456</Value0>
            <Value1>720896</Value1>
          </Entry>
          <Entry>
            <Values />
            <Value0>147458</Value0>
            <Value1>786432</Value1>
          </Entry>
        </Unknown>
        <Dialogs>
          <Dialog>姉ヶ崎</Dialog>
          <Dialog>Hey, wake up.</Dialog>
          <Dialog>○○○○○○○○</Dialog>
          <Dialog>No... Let me sleep a little
more...</Dialog>
          <Dialog>Wake up now. M-y d-e-a-r.</Dialog>
          <Dialog>No, we can't do this... I
already have
▲姉ヶ崎＊▲
as my girlfriend...</Dialog>
          <Dialog>...Hey, come on.</Dialog>
          <Dialog>Eh...？</Dialog>
          <Dialog>▲姉ヶ崎＊▲！？
You're here to wake me up？</Dialog>
          <Dialog>Yeah, and I'm wondering who
you were having an affair with
in your dream.</Dialog>
          <Dialog>My dream？ ...I can't remember
it. Hahaha.</Dialog>
          <Dialog>I'll listen to your excuse
later.</Dialog>
          <Dialog>Ahaha...</Dialog>
        </Dialogs>
      </SDL2>
    </Entry>
    <Entry Unknown0="359806687" Unknown1="1039641096">
      <SDL2 Key="3749656641">
        <Unknown>
          <Entry>
            <Values>
              <Entry>
                <Value0>65770</Value0>
                <Value1>0</Value1>
              </Entry>
            </Values>
            <Value0>147456</Value0>
            <Value1>65536</Value1>
          </Entry>
          <Entry>
            <Values />
            <Value0>147458</Value0>
            <Value1>196608</Value1>
          </Entry>
          <Entry>
            <Values>
              <Entry>
                <Value0>65771</Value0>
                <Value1>0</Value1>
              </Entry>
            </Values>
            <Value0>147456</Value0>
            <Value1>262144</Value1>
          </Entry>
          <Entry>
            <Values />
            <Value0>147458</Value0>
            <Value1>327680</Value1>
          </Entry>
          <Entry>
            <Values>
              <Entry>
                <Value0>65772</Value0>
                <Value1>0</Value1>
              </Entry>
            </Values>
            <Value0>147456</Value0>
            <Value1>393216</Value1>
          </Entry>
          <Entry>
            <Values />
            <Value0>147458</Value0>
            <Value1>458752</Value1>
          </Entry>
          <Entry>
            <Values>
              <Entry>
                <Value0>65773</Value0>
                <Value1>0</Value1>
              </Entry>
            </Values>
            <Value0>147456</Value0>
            <Value1>524288</Value1>
          </Entry>
          <Entry>
            <Values />
            <Value0>147458</Value0>
            <Value1>589824</Value1>
          </Entry>
          <Entry>
            <Values>
              <Entry>
                <Value0>65774</Value0>
                <Value1>0</Value1>
              </Entry>
            </Values>
            <Value0>147456</Value0>
            <Value1>655360</Value1>
          </Entry>
          <Entry>
            <Values />
            <Value0>147458</Value0>
            <Value1>720896</Value1>
          </Entry>
          <Entry>
            <Values>
              <Entry>
                <Value0>65775</Value0>
                <Value1>0</Value1>
              </Entry>
            </Values>
            <Value0>147456</Value0>
            <Value1>786432</Value1>
          </Entry>
          <Entry>
            <Values />
            <Value0>147458</Value0>
            <Value1>851968</Value1>
          </Entry>
          <Entry>
            <Values />
            <Value0>147458</Value0>
            <Value1>917504</Value1>
          </Entry>
        </Unknown>
        <Dialogs>
          <Dialog>姉ヶ崎</Dialog>
          <Dialog>Hey, I think it's about time
you should wake up.</Dialog>
          <Dialog>○○○○○○○○</Dialog>
          <Dialog>Hmm... Three more minutes...</Dialog>
          <Dialog>You'll be late for school.
Hey, wake up.</Dialog>
          <Dialog>Just a little bit...</Dialog>
          <Dialog>No~ W-a-k-e u-p！</Dialog>
          <Dialog>Only a little bit...
▲姉ヶ崎＊▲！？</Dialog>
          <Dialog>I promised to wake you up in
the morning. Did you forget？</Dialog>
          <Dialog>Sorry... Is that so...？</Dialog>
          <Dialog>Now, get out of your blanket.
...Kyaa！</Dialog>
          <Dialog>What？</Dialog>
          <Dialog>Hey, fix your clothes first.
They're falling down.</Dialog>
          <Dialog>Sorry.</Dialog>
          <Dialog>(She saw me in such an
embarrassing condition...)</Dialog>
        </Dialogs>
      </SDL2>
    </Entry>
    <Entry Unknown0="1746979124" Unknown1="3936419766">
      <SDL2 Key="3749656641">
        <Unknown>
          <Entry>
            <Values>
              <Entry>
                <Value0>65776</Value0>
                <Value1>0</Value1>
              </Entry>
            </Values>
            <Value0>147456</Value0>
            <Value1>65536</Value1>
          </Entry>
          <Entry>
            <Values />
            <Value0>147458</Value0>
            <Value1>196608</Value1>
          </Entry>
          <Entry>
            <Values>
              <Entry>
                <Value0>65777</Value0>
                <Value1>0</Value1>
              </Entry>
            </Values>
            <Value0>147456</Value0>
            <Value1>262144</Value1>
          </Entry>
          <Entry>
            <Values />
            <Value0>147458</Value0>
            <Value1>327680</Value1>
          </Entry>
          <Entry>
            <Values>
              <Entry>
                <Value0>65778</Value0>
                <Value1>0</Value1>
              </Entry>
            </Values>
            <Value0>147456</Value0>
            <Value1>393216</Value1>
          </Entry>
        </Unknown>
        <Dialogs>
          <Dialog>姉ヶ崎</Dialog>
          <Dialog>Hey, wake up.</Dialog>
          <Dialog>○○○○○○○○</Dialog>
          <Dialog>Hmm... Just a little bit...</Dialog>
          <Dialog>Hey, hurry and get up.</Dialog>
          <Dialog>...Huh？
▲姉ヶ崎＊▲...
Good morning.</Dialog>
          <Dialog>Yeah, good morning. Somehow...
This feels as if we are a
married couple...</Dialog>
        </Dialogs>
      </SDL2>
    </Entry>
    <Entry Unknown0="382547170" Unknown1="2582949219">
      <SDL2 Key="3749656641">
        <Unknown>
          <Entry>
            <Values>
              <Entry>
                <Value0>65779</Value0>
                <Value1>0</Value1>
              </Entry>
            </Values>
            <Value0>147456</Value0>
            <Value1>65536</Value1>
          </Entry>
          <Entry>
            <Values />
            <Value0>147458</Value0>
            <Value1>196608</Value1>
          </Entry>
          <Entry>
            <Values>
              <Entry>
                <Value0>65780</Value0>
                <Value1>0</Value1>
              </Entry>
            </Values>
            <Value0>147456</Value0>
            <Value1>262144</Value1>
          </Entry>
          <Entry>
            <Values />
            <Value0>147458</Value0>
            <Value1>327680</Value1>
          </Entry>
          <Entry>
            <Values>
              <Entry>
                <Value0>65781</Value0>
                <Value1>0</Value1>
              </Entry>
            </Values>
            <Value0>147456</Value0>
            <Value1>393216</Value1>
          </Entry>
        </Unknown>
        <Dialogs>
          <Dialog>姉ヶ崎</Dialog>
          <Dialog>Hey, it's time to get up.</Dialog>
          <Dialog>○○○○○○○○</Dialog>
          <Dialog>Hmm~ Hmm...</Dialog>
          <Dialog>Geez... If you don't get up,
I'll start teasing you.</Dialog>
          <Dialog>▲姉ヶ崎＊▲...
'Morning. Whoa...！</Dialog>
          <Dialog>'Morning. Hehe, hurry and get
ready, otherwise, you won't
have time for breakfast.</Dialog>
        </Dialogs>
      </SDL2>
    </Entry>
    <Entry Unknown0="3307390607" Unknown1="3970390712">
      <SDL2 Key="3749656641">
        <Unknown>
          <Entry>
            <Values>
              <Entry>
                <Value0>65782</Value0>
                <Value1>0</Value1>
              </Entry>
            </Values>
            <Value0>147456</Value0>
            <Value1>65536</Value1>
          </Entry>
          <Entry>
            <Values />
            <Value0>147458</Value0>
            <Value1>196608</Value1>
          </Entry>
          <Entry>
            <Values />
            <Value0>147458</Value0>
            <Value1>262144</Value1>
          </Entry>
          <Entry>
            <Values>
              <Entry>
                <Value0>65783</Value0>
                <Value1>0</Value1>
              </Entry>
            </Values>
            <Value0>147456</Value0>
            <Value1>327680</Value1>
          </Entry>
          <Entry>
            <Values />
            <Value0>147458</Value0>
            <Value1>393216</Value1>
          </Entry>
          <Entry>
            <Values>
              <Entry>
                <Value0>65784</Value0>
                <Value1>0</Value1>
              </Entry>
            </Values>
            <Value0>147456</Value0>
            <Value1>458752</Value1>
          </Entry>
        </Unknown>
        <Dialogs>
          <Dialog>姉ヶ崎</Dialog>
          <Dialog>Good morning！ Hey, wake up.</Dialog>
          <Dialog>○○○○○○○○</Dialog>
          <Dialog>Hmm...</Dialog>
          <Dialog>Hmm...
▲姉ヶ崎＊▲,
good morning.</Dialog>
          <Dialog>Hehe, look at your bed hair.</Dialog>
          <Dialog>Eh！？</Dialog>
          <Dialog>Geez, you're so helpless. I
really have to be take care of
you, huh？</Dialog>
        </Dialogs>
      </SDL2>
    </Entry>
    <Entry Unknown0="416324068" Unknown1="1397796710">
      <SDL2 Key="3749656641">
        <Unknown>
          <Entry>
            <Values>
              <Entry>
                <Value0>65785</Value0>
                <Value1>0</Value1>
              </Entry>
            </Values>
            <Value0>147456</Value0>
            <Value1>65536</Value1>
          </Entry>
          <Entry>
            <Values />
            <Value0>147458</Value0>
            <Value1>196608</Value1>
          </Entry>
          <Entry>
            <Values>
              <Entry>
                <Value0>65786</Value0>
                <Value1>0</Value1>
              </Entry>
            </Values>
            <Value0>147456</Value0>
            <Value1>262144</Value1>
          </Entry>
          <Entry>
            <Values />
            <Value0>147458</Value0>
            <Value1>327680</Value1>
          </Entry>
          <Entry>
            <Values />
            <Value0>147458</Value0>
            <Value1>393216</Value1>
          </Entry>
          <Entry>
            <Values>
              <Entry>
                <Value0>65787</Value0>
                <Value1>0</Value1>
              </Entry>
            </Values>
            <Value0>147456</Value0>
            <Value1>458752</Value1>
          </Entry>
          <Entry>
            <Values />
            <Value0>147458</Value0>
            <Value1>524288</Value1>
          </Entry>
          <Entry>
            <Values>
              <Entry>
                <Value0>65788</Value0>
                <Value1>0</Value1>
              </Entry>
            </Values>
            <Value0>147456</Value0>
            <Value1>589824</Value1>
          </Entry>
          <Entry>
            <Values />
            <Value0>147458</Value0>
            <Value1>655360</Value1>
          </Entry>
          <Entry>
            <Values>
              <Entry>
                <Value0>65789</Value0>
                <Value1>0</Value1>
              </Entry>
            </Values>
            <Value0>147456</Value0>
            <Value1>720896</Value1>
          </Entry>
        </Unknown>
        <Dialogs>
          <Dialog>姉ヶ崎</Dialog>
          <Dialog>Hey, I'll be happy if you feel
hungry now...</Dialog>
          <Dialog>○○○○○○○○</Dialog>
          <Dialog>It's the lunch break. Of
course, I'm hungry. But, why？</Dialog>
          <Dialog>Well... Hehe... I made a lunch
box today.</Dialog>
          <Dialog>Could it be that... you made
it for me？</Dialog>
          <Dialog>My girlfriend's homemade lunch
box, huh...？ I'm so
impressed.</Dialog>
          <Dialog>Geez... You don't have to
exaggerate.</Dialog>
          <Dialog>Oh, looks delicious.
▲姉ヶ崎＊▲
is very family-oriented, huh？</Dialog>
          <Dialog>You try it and let me know
whether you like how it
tastes, okay？</Dialog>
          <Dialog>Okay, the taste is perfect. I
like it with light seasonings
like this.</Dialog>
          <Dialog>I'm glad... I'll make it for
you again, so I want to hear
your opinion.</Dialog>
        </Dialogs>
      </SDL2>
    </Entry>
    <Entry Unknown0="3330131090" Unknown1="2158255379">
      <SDL2 Key="531586716">
        <Unknown>
          <Entry>
            <Values>
              <Entry>
                <Value0>65790</Value0>
                <Value1>0</Value1>
              </Entry>
            </Values>
            <Value0>147456</Value0>
            <Value1>65536</Value1>
          </Entry>
          <Entry>
            <Values />
            <Value0>147458</Value0>
            <Value1>196608</Value1>
          </Entry>
          <Entry>
            <Values>
              <Entry>
                <Value0>65791</Value0>
                <Value1>0</Value1>
              </Entry>
            </Values>
            <Value0>147456</Value0>
            <Value1>262144</Value1>
          </Entry>
          <Entry>
            <Values />
            <Value0>147458</Value0>
            <Value1>327680</Value1>
          </Entry>
          <Entry>
            <Values>
              <Entry>
                <Value0>65792</Value0>
                <Value1>0</Value1>
              </Entry>
            </Values>
            <Value0>147456</Value0>
            <Value1>393216</Value1>
          </Entry>
          <Entry>
            <Values />
            <Value0>147458</Value0>
            <Value1>458752</Value1>
          </Entry>
          <Entry>
            <Values>
              <Entry>
                <Value0>65793</Value0>
                <Value1>0</Value1>
              </Entry>
            </Values>
            <Value0>147456</Value0>
            <Value1>524288</Value1>
          </Entry>
          <Entry>
            <Values />
            <Value0>147458</Value0>
            <Value1>589824</Value1>
          </Entry>
          <Entry>
            <Values>
              <Entry>
                <Value0>65794</Value0>
                <Value1>0</Value1>
              </Entry>
            </Values>
            <Value0>147456</Value0>
            <Value1>655360</Value1>
          </Entry>
          <Entry>
            <Values />
            <Value0>147458</Value0>
            <Value1>720896</Value1>
          </Entry>
          <Entry>
            <Values>
              <Entry>
                <Value0>65795</Value0>
                <Value1>0</Value1>
              </Entry>
              <Entry>
                <Value0>65796</Value0>
                <Value1>333</Value1>
              </Entry>
            </Values>
            <Value0>147456</Value0>
            <Value1>786432</Value1>
          </Entry>
        </Unknown>
        <Dialogs>
          <Dialog>姉ヶ崎</Dialog>
          <Dialog>Hello.</Dialog>
          <Dialog>○○○○○○○○</Dialog>
          <Dialog>▲姉ヶ崎＊▲.
What's up？</Dialog>
          <Dialog>Hehe, actually, I made a lunch
box today.</Dialog>
          <Dialog>A lunch box？ Is it for me？</Dialog>
          <Dialog>I have one condition, though.
You must eat it all. How's
that？</Dialog>
          <Dialog>Ah, it's a Japanese style
lunch box. This is nice. It's
homemade too.</Dialog>
          <Dialog>I picked a menu that's good
for your health. I wonder if
you don't like it.</Dialog>
          <Dialog>No way. ...Um, it's delicious.
▲姉ヶ崎＊▲
is very good at cooking.</Dialog>
          <Dialog>Hehe, it's fun to cook. I'll
make some more for you later.</Dialog>
          <Dialog>Okay, then.</Dialog>
          <Dialog>Hehe... Ah, look！ You have to
chew it properly... I have
some tea too, so take your
time, okay？</Dialog>
        </Dialogs>
      </SDL2>
    </Entry>
    <Entry Unknown0="1976735295" Unknown1="1431767656">
      <SDL2 Key="531586716">
        <Unknown>
          <Entry>
            <Values>
              <Entry>
                <Value0>65797</Value0>
                <Value1>0</Value1>
              </Entry>
            </Values>
            <Value0>147456</Value0>
            <Value1>65536</Value1>
          </Entry>
          <Entry>
            <Values />
            <Value0>147458</Value0>
            <Value1>196608</Value1>
          </Entry>
          <Entry>
            <Values>
              <Entry>
                <Value0>65798</Value0>
                <Value1>0</Value1>
              </Entry>
            </Values>
            <Value0>147456</Value0>
            <Value1>262144</Value1>
          </Entry>
          <Entry>
            <Values />
            <Value0>147458</Value0>
            <Value1>327680</Value1>
          </Entry>
          <Entry>
            <Values>
              <Entry>
                <Value0>65799</Value0>
                <Value1>0</Value1>
              </Entry>
            </Values>
            <Value0>147456</Value0>
            <Value1>393216</Value1>
          </Entry>
          <Entry>
            <Values />
            <Value0>147458</Value0>
            <Value1>458752</Value1>
          </Entry>
          <Entry>
            <Values>
              <Entry>
                <Value0>65800</Value0>
                <Value1>0</Value1>
              </Entry>
              <Entry>
                <Value0>65801</Value0>
                <Value1>333</Value1>
              </Entry>
            </Values>
            <Value0>147456</Value0>
            <Value1>524288</Value1>
          </Entry>
          <Entry>
            <Values />
            <Value0>147458</Value0>
            <Value1>589824</Value1>
          </Entry>
          <Entry>
            <Values>
              <Entry>
                <Value0>65802</Value0>
                <Value1>0</Value1>
              </Entry>
            </Values>
            <Value0>147456</Value0>
            <Value1>655360</Value1>
          </Entry>
          <Entry>
            <Values />
            <Value0>147458</Value0>
            <Value1>720896</Value1>
          </Entry>
          <Entry>
            <Values>
              <Entry>
                <Value0>65803</Value0>
                <Value1>0</Value1>
              </Entry>
            </Values>
            <Value0>147456</Value0>
            <Value1>786432</Value1>
          </Entry>
        </Unknown>
        <Dialogs>
          <Dialog>姉ヶ崎</Dialog>
          <Dialog>Ah, you're here.</Dialog>
          <Dialog>○○○○○○○○</Dialog>
          <Dialog>▲姉ヶ崎＊▲？
What's up？</Dialog>
          <Dialog>Hehe, here's a lunch box.</Dialog>
          <Dialog>A lunch box？ Could it be that
you made it for me？</Dialog>
          <Dialog>Yeah, since I'm your
girlfriend, this is natural,
right？ Hehe.</Dialog>
          <Dialog>Ah, a Japanese style lunch
box.</Dialog>
          <Dialog>I love Japanese food. It's
simple but healthy, right？
Hey, why don't you taste it？</Dialog>
          <Dialog>Simple, huh...？ Um,
delicious. As I could expect
from ▲姉ヶ崎＊▲.</Dialog>
          <Dialog>Hehe, I'm thinking about
attending a cooking class.</Dialog>
          <Dialog>You don't have to. This is
already very delicious.</Dialog>
          <Dialog>Really？ I'm glad. Then I'll
make some more for you later.</Dialog>
        </Dialogs>
      </SDL2>
    </Entry>
    <Entry Unknown0="3363842452" Unknown1="2181062422">
      <SDL2 Key="3111244403">
        <Unknown>
          <Entry>
            <Values>
              <Entry>
                <Value0>65804</Value0>
                <Value1>0</Value1>
              </Entry>
            </Values>
            <Value0>147456</Value0>
            <Value1>65536</Value1>
          </Entry>
          <Entry>
            <Values />
            <Value0>147458</Value0>
            <Value1>196608</Value1>
          </Entry>
          <Entry>
            <Values>
              <Entry>
                <Value0>65805</Value0>
                <Value1>0</Value1>
              </Entry>
            </Values>
            <Value0>147456</Value0>
            <Value1>262144</Value1>
          </Entry>
          <Entry>
            <Values />
            <Value0>147458</Value0>
            <Value1>327680</Value1>
          </Entry>
          <Entry>
            <Values>
              <Entry>
                <Value0>65806</Value0>
                <Value1>0</Value1>
              </Entry>
            </Values>
            <Value0>147456</Value0>
            <Value1>393216</Value1>
          </Entry>
        </Unknown>
        <Dialogs>
          <Dialog>姉ヶ崎</Dialog>
          <Dialog>Here you are.</Dialog>
          <Dialog>○○○○○○○○</Dialog>
          <Dialog>Thanks.</Dialog>
          <Dialog>Today is a Japanese style
lunch box.</Dialog>
          <Dialog>Yay！ I really like it. I'm
eating it now.</Dialog>
          <Dialog>Eat a lot then.</Dialog>
        </Dialogs>
      </SDL2>
    </Entry>
    <Entry Unknown0="1982698562" Unknown1="827592131">
      <SDL2 Key="3111244403">
        <Unknown>
          <Entry>
            <Values>
              <Entry>
                <Value0>65807</Value0>
                <Value1>0</Value1>
              </Entry>
            </Values>
            <Value0>147456</Value0>
            <Value1>65536</Value1>
          </Entry>
          <Entry>
            <Values />
            <Value0>147458</Value0>
            <Value1>196608</Value1>
          </Entry>
          <Entry>
            <Values>
              <Entry>
                <Value0>65808</Value0>
                <Value1>0</Value1>
              </Entry>
            </Values>
            <Value0>147456</Value0>
            <Value1>262144</Value1>
          </Entry>
          <Entry>
            <Values />
            <Value0>147458</Value0>
            <Value1>327680</Value1>
          </Entry>
          <Entry>
            <Values>
              <Entry>
                <Value0>65809</Value0>
                <Value1>0</Value1>
              </Entry>
            </Values>
            <Value0>147456</Value0>
            <Value1>393216</Value1>
          </Entry>
        </Unknown>
        <Dialogs>
          <Dialog>姉ヶ崎</Dialog>
          <Dialog>Here you are.</Dialog>
          <Dialog>○○○○○○○○</Dialog>
          <Dialog>Thanks. Ah, today's menu is
Japanese food？</Dialog>
          <Dialog>Hehe, I'm concerned about my
boyfriend's health, so
Japanese food is the best
choice.</Dialog>
          <Dialog>Okay, I'm eating it now.</Dialog>
          <Dialog>Hey, no one is going to snatch
it from you, so eat slowly.
Okay？</Dialog>
        </Dialogs>
      </SDL2>
    </Entry>
    <Entry Unknown0="629286639" Unknown1="2215098904">
      <SDL2 Key="2708704420">
        <Unknown>
          <Entry>
            <Values>
              <Entry>
                <Value0>65810</Value0>
                <Value1>0</Value1>
              </Entry>
            </Values>
            <Value0>147456</Value0>
            <Value1>65536</Value1>
          </Entry>
          <Entry>
            <Values />
            <Value0>147458</Value0>
            <Value1>196608</Value1>
          </Entry>
          <Entry>
            <Values>
              <Entry>
                <Value0>65811</Value0>
                <Value1>0</Value1>
              </Entry>
            </Values>
            <Value0>147456</Value0>
            <Value1>262144</Value1>
          </Entry>
          <Entry>
            <Values />
            <Value0>147458</Value0>
            <Value1>327680</Value1>
          </Entry>
          <Entry>
            <Values>
              <Entry>
                <Value0>65812</Value0>
                <Value1>0</Value1>
              </Entry>
            </Values>
            <Value0>147456</Value0>
            <Value1>393216</Value1>
          </Entry>
        </Unknown>
        <Dialogs>
          <Dialog>姉ヶ崎</Dialog>
          <Dialog>Here you are.</Dialog>
          <Dialog>○○○○○○○○</Dialog>
          <Dialog>Thanks. I've been waiting for
this moment.</Dialog>
          <Dialog>Hehe, you say something that
makes me happy again. Today, I
made some miso soup, too.</Dialog>
          <Dialog>Oh, it smells nice. I'll hurry
and taste it.</Dialog>
          <Dialog>Ah, wait. Don't be hasty. It's
still very hot.</Dialog>
        </Dialogs>
      </SDL2>
    </Entry>
    <Entry Unknown0="2016475460" Unknown1="699404230">
      <SDL2 Key="3248665599">
        <Unknown>
          <Entry>
            <Values>
              <Entry>
                <Value0>65813</Value0>
                <Value1>0</Value1>
              </Entry>
            </Values>
            <Value0>147456</Value0>
            <Value1>65536</Value1>
          </Entry>
          <Entry>
            <Values />
            <Value0>147458</Value0>
            <Value1>196608</Value1>
          </Entry>
          <Entry>
            <Values>
              <Entry>
                <Value0>65814</Value0>
                <Value1>0</Value1>
              </Entry>
            </Values>
            <Value0>147456</Value0>
            <Value1>262144</Value1>
          </Entry>
          <Entry>
            <Values />
            <Value0>147458</Value0>
            <Value1>327680</Value1>
          </Entry>
          <Entry>
            <Values>
              <Entry>
                <Value0>65815</Value0>
                <Value1>0</Value1>
              </Entry>
            </Values>
            <Value0>147456</Value0>
            <Value1>393216</Value1>
          </Entry>
          <Entry>
            <Values />
            <Value0>147458</Value0>
            <Value1>458752</Value1>
          </Entry>
          <Entry>
            <Values>
              <Entry>
                <Value0>65816</Value0>
                <Value1>0</Value1>
              </Entry>
            </Values>
            <Value0>147456</Value0>
            <Value1>524288</Value1>
          </Entry>
          <Entry>
            <Values />
            <Value0>147458</Value0>
            <Value1>589824</Value1>
          </Entry>
          <Entry>
            <Values>
              <Entry>
                <Value0>65817</Value0>
                <Value1>0</Value1>
              </Entry>
            </Values>
            <Value0>147456</Value0>
            <Value1>655360</Value1>
          </Entry>
          <Entry>
            <Values />
            <Value0>147458</Value0>
            <Value1>720896</Value1>
          </Entry>
          <Entry>
            <Values>
              <Entry>
                <Value0>65818</Value0>
                <Value1>0</Value1>
              </Entry>
              <Entry>
                <Value0>65819</Value0>
                <Value1>333</Value1>
              </Entry>
            </Values>
            <Value0>147456</Value0>
            <Value1>786432</Value1>
          </Entry>
        </Unknown>
        <Dialogs>
          <Dialog>姉ヶ崎</Dialog>
          <Dialog>Hey, can you come this way？</Dialog>
          <Dialog>○○○○○○○○</Dialog>
          <Dialog>▲姉ヶ崎＊▲.
What's up？</Dialog>
          <Dialog>Well, I made a lunch box for
you.</Dialog>
          <Dialog>For me！？ I'm so happy. Can I
really have it？</Dialog>
          <Dialog>I hope you'll like it...</Dialog>
          <Dialog>Wow, this looks wonderful. You
even made some decorations
too...</Dialog>
          <Dialog>What do you think about its
taste then？</Dialog>
          <Dialog>I'll try it now... Oh, this is
great. Perfect！</Dialog>
          <Dialog>Hehehe. I think guys like to
eat something like this.</Dialog>
          <Dialog>Yes, it's delicious.
▲姉ヶ崎＊▲'s
food is very delicious.</Dialog>
          <Dialog>Then I'll make some more for
you later. If you have any
special request, just let me
know.</Dialog>
        </Dialogs>
      </SDL2>
    </Entry>
    <Entry Unknown0="652027122" Unknown1="2047130995">
      <SDL2 Key="4090681690">
        <Unknown>
          <Entry>
            <Values>
              <Entry>
                <Value0>65820</Value0>
                <Value1>0</Value1>
              </Entry>
            </Values>
            <Value0>147456</Value0>
            <Value1>65536</Value1>
          </Entry>
          <Entry>
            <Values />
            <Value0>147458</Value0>
            <Value1>196608</Value1>
          </Entry>
          <Entry>
            <Values>
              <Entry>
                <Value0>65821</Value0>
                <Value1>0</Value1>
              </Entry>
            </Values>
            <Value0>147456</Value0>
            <Value1>262144</Value1>
          </Entry>
          <Entry>
            <Values />
            <Value0>147458</Value0>
            <Value1>327680</Value1>
          </Entry>
          <Entry>
            <Values>
              <Entry>
                <Value0>65822</Value0>
                <Value1>0</Value1>
              </Entry>
            </Values>
            <Value0>147456</Value0>
            <Value1>393216</Value1>
          </Entry>
          <Entry>
            <Values />
            <Value0>147458</Value0>
            <Value1>458752</Value1>
          </Entry>
          <Entry>
            <Values>
              <Entry>
                <Value0>65823</Value0>
                <Value1>0</Value1>
              </Entry>
            </Values>
            <Value0>147456</Value0>
            <Value1>524288</Value1>
          </Entry>
          <Entry>
            <Values />
            <Value0>147458</Value0>
            <Value1>589824</Value1>
          </Entry>
          <Entry>
            <Values>
              <Entry>
                <Value0>65824</Value0>
                <Value1>0</Value1>
              </Entry>
            </Values>
            <Value0>147456</Value0>
            <Value1>655360</Value1>
          </Entry>
          <Entry>
            <Values />
            <Value0>147458</Value0>
            <Value1>720896</Value1>
          </Entry>
          <Entry>
            <Values>
              <Entry>
                <Value0>65825</Value0>
                <Value1>0</Value1>
              </Entry>
              <Entry>
                <Value0>65826</Value0>
                <Value1>333</Value1>
              </Entry>
            </Values>
            <Value0>147456</Value0>
            <Value1>786432</Value1>
          </Entry>
          <Entry>
            <Values />
            <Value0>147458</Value0>
            <Value1>851968</Value1>
          </Entry>
          <Entry>
            <Values>
              <Entry>
                <Value0>65827</Value0>
                <Value1>0</Value1>
              </Entry>
            </Values>
            <Value0>147456</Value0>
            <Value1>917504</Value1>
          </Entry>
        </Unknown>
        <Dialogs>
          <Dialog>姉ヶ崎</Dialog>
          <Dialog>Hello. You have a minute？</Dialog>
          <Dialog>○○○○○○○○</Dialog>
          <Dialog>▲姉ヶ崎＊▲,
what's up？</Dialog>
          <Dialog>Don't you know？ It's the
lunch break, right？</Dialog>
          <Dialog>Then do you want to eat with
me？</Dialog>
          <Dialog>Hehe, that's why I made a
lunch box for you. What do you
say？</Dialog>
          <Dialog>A lunch box！？</Dialog>
          <Dialog>Here you are. I tried making
this Western style lunch. Do
you like it？</Dialog>
          <Dialog>Yes, I like it. I like it！
Thanks！ I'm eating it now.</Dialog>
          <Dialog>How is it？ Delicious？</Dialog>
          <Dialog>Yes, very delicious！
▲姉ヶ崎＊▲
is really good at cooking.</Dialog>
          <Dialog>Although I look like this, I
like to cook. But I think I
still have to keep practicing,
right？</Dialog>
          <Dialog>This is already very
delicious.</Dialog>
          <Dialog>If you praise me like this,
I'll start stuffing you, you
know？ Hehe.</Dialog>
        </Dialogs>
      </SDL2>
    </Entry>
    <Entry Unknown0="3576886943" Unknown1="800549576">
      <SDL2 Key="3114560561">
        <Unknown>
          <Entry>
            <Values>
              <Entry>
                <Value0>65828</Value0>
                <Value1>0</Value1>
              </Entry>
            </Values>
            <Value0>147456</Value0>
            <Value1>65536</Value1>
          </Entry>
          <Entry>
            <Values />
            <Value0>147458</Value0>
            <Value1>196608</Value1>
          </Entry>
          <Entry>
            <Values>
              <Entry>
                <Value0>65829</Value0>
                <Value1>0</Value1>
              </Entry>
              <Entry>
                <Value0>65830</Value0>
                <Value1>333</Value1>
              </Entry>
            </Values>
            <Value0>147456</Value0>
            <Value1>262144</Value1>
          </Entry>
          <Entry>
            <Values />
            <Value0>147458</Value0>
            <Value1>327680</Value1>
          </Entry>
          <Entry>
            <Values>
              <Entry>
                <Value0>65831</Value0>
                <Value1>0</Value1>
              </Entry>
            </Values>
            <Value0>147456</Value0>
            <Value1>393216</Value1>
          </Entry>
          <Entry>
            <Values />
            <Value0>147458</Value0>
            <Value1>458752</Value1>
          </Entry>
          <Entry>
            <Values>
              <Entry>
                <Value0>65832</Value0>
                <Value1>0</Value1>
              </Entry>
            </Values>
            <Value0>147456</Value0>
            <Value1>524288</Value1>
          </Entry>
          <Entry>
            <Values />
            <Value0>147458</Value0>
            <Value1>589824</Value1>
          </Entry>
          <Entry>
            <Values>
              <Entry>
                <Value0>65833</Value0>
                <Value1>0</Value1>
              </Entry>
            </Values>
            <Value0>147456</Value0>
            <Value1>655360</Value1>
          </Entry>
          <Entry>
            <Values />
            <Value0>147458</Value0>
            <Value1>720896</Value1>
          </Entry>
          <Entry>
            <Values>
              <Entry>
                <Value0>65834</Value0>
                <Value1>0</Value1>
              </Entry>
            </Values>
            <Value0>147456</Value0>
            <Value1>786432</Value1>
          </Entry>
        </Unknown>
        <Dialogs>
          <Dialog>姉ヶ崎</Dialog>
          <Dialog>Ah, you really are here. Hehe,
my guess wasn't wrong.</Dialog>
          <Dialog>○○○○○○○○</Dialog>
          <Dialog>Eh,
▲姉ヶ崎＊▲？
Why are you here during the
lunch break？</Dialog>
          <Dialog>Hehe, I have a question. I
made a lunch box. Will you eat
it with me？ What's your
answer？</Dialog>
          <Dialog>Really！？ I'll eat it. I'll
eat it！</Dialog>
          <Dialog>Hehe. Then here you are.</Dialog>
          <Dialog>Western style lunch？ This is
nice. I like it.</Dialog>
          <Dialog>I know. How does it taste？
Let me know what you think.</Dialog>
          <Dialog>I'm eating it now. Um, nothing
to complain. It's delicious.
What did you put in it？</Dialog>
          <Dialog>I put so many things in there,
but the most important
ingredient is my love.</Dialog>
          <Dialog>Eh！？</Dialog>
          <Dialog>Hehe, shall I make some more
for you later？ Do you have
anything that you can't eat？</Dialog>
        </Dialogs>
      </SDL2>
    </Entry>
    <Entry Unknown0="685804020" Unknown1="2019606390">
      <SDL2 Key="3114560561">
        <Unknown>
          <Entry>
            <Values>
              <Entry>
                <Value0>65835</Value0>
                <Value1>0</Value1>
              </Entry>
            </Values>
            <Value0>147456</Value0>
            <Value1>65536</Value1>
          </Entry>
          <Entry>
            <Values />
            <Value0>147458</Value0>
            <Value1>196608</Value1>
          </Entry>
          <Entry>
            <Values>
              <Entry>
                <Value0>65836</Value0>
                <Value1>0</Value1>
              </Entry>
            </Values>
            <Value0>147456</Value0>
            <Value1>262144</Value1>
          </Entry>
          <Entry>
            <Values />
            <Value0>147458</Value0>
            <Value1>327680</Value1>
          </Entry>
          <Entry>
            <Values>
              <Entry>
                <Value0>65837</Value0>
                <Value1>0</Value1>
              </Entry>
            </Values>
            <Value0>147456</Value0>
            <Value1>393216</Value1>
          </Entry>
        </Unknown>
        <Dialogs>
          <Dialog>姉ヶ崎</Dialog>
          <Dialog>Here you are.</Dialog>
          <Dialog>○○○○○○○○</Dialog>
          <Dialog>Oh, thanks. This looks
delicious...</Dialog>
          <Dialog>I put my effort in it. ...How
does it taste？</Dialog>
          <Dialog>Um, delicious. A taste like
this is like it was cooked by
a professional.</Dialog>
          <Dialog>I don't think it's that good.
...Anyway, I'm glad. Take you
time to savor it.</Dialog>
        </Dialogs>
      </SDL2>
    </Entry>
    <Entry Unknown0="3599627426" Unknown1="2343857443">
      <SDL2 Key="3114560561">
        <Unknown>
          <Entry>
            <Values>
              <Entry>
                <Value0>65838</Value0>
                <Value1>0</Value1>
              </Entry>
            </Values>
            <Value0>147456</Value0>
            <Value1>65536</Value1>
          </Entry>
          <Entry>
            <Values />
            <Value0>147458</Value0>
            <Value1>196608</Value1>
          </Entry>
          <Entry>
            <Values>
              <Entry>
                <Value0>65839</Value0>
                <Value1>0</Value1>
              </Entry>
            </Values>
            <Value0>147456</Value0>
            <Value1>262144</Value1>
          </Entry>
          <Entry>
            <Values />
            <Value0>147458</Value0>
            <Value1>327680</Value1>
          </Entry>
          <Entry>
            <Values>
              <Entry>
                <Value0>65840</Value0>
                <Value1>0</Value1>
              </Entry>
              <Entry>
                <Value0>65841</Value0>
                <Value1>467</Value1>
              </Entry>
            </Values>
            <Value0>147456</Value0>
            <Value1>393216</Value1>
          </Entry>
        </Unknown>
        <Dialogs>
          <Dialog>姉ヶ崎</Dialog>
          <Dialog>Here you are.</Dialog>
          <Dialog>○○○○○○○○</Dialog>
          <Dialog>Thanks. Ah, Western food.
Hmm...？ It looks like
something that could be sold
at a store.</Dialog>
          <Dialog>Hehe, do you only appreciate
its appearance？</Dialog>
          <Dialog>Of course not. ...Yes, it's
very delicious！</Dialog>
          <Dialog>Hehe. No matter how many times
you say this, it still sounds
so flattery. Ah, something's
sticking on your cheek. Geez.</Dialog>
        </Dialogs>
      </SDL2>
    </Entry>
    <Entry Unknown0="2246215247" Unknown1="2120686200">
      <SDL2 Key="3114560561">
        <Unknown>
          <Entry>
            <Values>
              <Entry>
                <Value0>65842</Value0>
                <Value1>0</Value1>
              </Entry>
            </Values>
            <Value0>147456</Value0>
            <Value1>65536</Value1>
          </Entry>
          <Entry>
            <Values />
            <Value0>147458</Value0>
            <Value1>196608</Value1>
          </Entry>
          <Entry>
            <Values>
              <Entry>
                <Value0>65843</Value0>
                <Value1>0</Value1>
              </Entry>
            </Values>
            <Value0>147456</Value0>
            <Value1>262144</Value1>
          </Entry>
          <Entry>
            <Values />
            <Value0>147458</Value0>
            <Value1>327680</Value1>
          </Entry>
          <Entry>
            <Values>
              <Entry>
                <Value0>65844</Value0>
                <Value1>0</Value1>
              </Entry>
            </Values>
            <Value0>147456</Value0>
            <Value1>393216</Value1>
          </Entry>
        </Unknown>
        <Dialogs>
          <Dialog>姉ヶ崎</Dialog>
          <Dialog>Okay, today's lunch box is my
skillful Western style lunch.</Dialog>
          <Dialog>○○○○○○○○</Dialog>
          <Dialog>You made the whole thing by
yourself,
▲姉ヶ崎＊▲？</Dialog>
          <Dialog>Hehe, I picked this one as
it's low in calorie and salt
content. How's that？</Dialog>
          <Dialog>I have to look at you
differently... This is really
great.</Dialog>
          <Dialog>Hehe. Do you want me to feed
you？</Dialog>
        </Dialogs>
      </SDL2>
    </Entry>
    <Entry Unknown0="3633338788" Unknown1="2266001190">
      <SDL2 Key="3688072076">
        <Unknown>
          <Entry>
            <Values>
              <Entry>
                <Value0>65845</Value0>
                <Value1>0</Value1>
              </Entry>
            </Values>
            <Value0>147456</Value0>
            <Value1>65536</Value1>
          </Entry>
          <Entry>
            <Values />
            <Value0>147458</Value0>
            <Value1>196608</Value1>
          </Entry>
          <Entry>
            <Values>
              <Entry>
                <Value0>65846</Value0>
                <Value1>0</Value1>
              </Entry>
            </Values>
            <Value0>147456</Value0>
            <Value1>262144</Value1>
          </Entry>
          <Entry>
            <Values />
            <Value0>147458</Value0>
            <Value1>327680</Value1>
          </Entry>
          <Entry>
            <Values>
              <Entry>
                <Value0>65847</Value0>
                <Value1>0</Value1>
              </Entry>
            </Values>
            <Value0>147456</Value0>
            <Value1>393216</Value1>
          </Entry>
          <Entry>
            <Values />
            <Value0>147458</Value0>
            <Value1>458752</Value1>
          </Entry>
          <Entry>
            <Values>
              <Entry>
                <Value0>65848</Value0>
                <Value1>0</Value1>
              </Entry>
            </Values>
            <Value0>147456</Value0>
            <Value1>524288</Value1>
          </Entry>
          <Entry>
            <Values />
            <Value0>147458</Value0>
            <Value1>589824</Value1>
          </Entry>
          <Entry>
            <Values>
              <Entry>
                <Value0>65849</Value0>
                <Value1>0</Value1>
              </Entry>
            </Values>
            <Value0>147456</Value0>
            <Value1>655360</Value1>
          </Entry>
          <Entry>
            <Values />
            <Value0>147458</Value0>
            <Value1>720896</Value1>
          </Entry>
          <Entry>
            <Values>
              <Entry>
                <Value0>65850</Value0>
                <Value1>0</Value1>
              </Entry>
            </Values>
            <Value0>147456</Value0>
            <Value1>786432</Value1>
          </Entry>
        </Unknown>
        <Dialogs>
          <Dialog>姉ヶ崎</Dialog>
          <Dialog>Ah... Hey, hey.</Dialog>
          <Dialog>○○○○○○○○</Dialog>
          <Dialog>▲姉ヶ崎＊▲？
What's up？</Dialog>
          <Dialog>W-Well... I had some time in
the morning, so I prepared a
lunch box.</Dialog>
          <Dialog>You made it for me？</Dialog>
          <Dialog>Yeah... Does this trouble
you？</Dialog>
          <Dialog>That's not the case. I'm
really happy.</Dialog>
          <Dialog>Is Chinese food okay for you？
I'm sorry if you don't like
it...</Dialog>
          <Dialog>It's absolutely okay. And...
This looks awesome. It's like
the one shown in the store.</Dialog>
          <Dialog>I wonder how you'll like the
taste. I tried my best with
the seasonings.</Dialog>
          <Dialog>Then I'll taste it... Yes,
delicious！ Very delicious！</Dialog>
          <Dialog>I'm glad... Then I'll make
some more for you later,
okay？</Dialog>
        </Dialogs>
      </SDL2>
    </Entry>
    <Entry Unknown0="2252178514" Unknown1="3563331027">
      <SDL2 Key="3688072076">
        <Unknown>
          <Entry>
            <Values>
              <Entry>
                <Value0>65851</Value0>
                <Value1>0</Value1>
              </Entry>
            </Values>
            <Value0>147456</Value0>
            <Value1>65536</Value1>
          </Entry>
          <Entry>
            <Values />
            <Value0>147458</Value0>
            <Value1>196608</Value1>
          </Entry>
          <Entry>
            <Values>
              <Entry>
                <Value0>65852</Value0>
                <Value1>0</Value1>
              </Entry>
            </Values>
            <Value0>147456</Value0>
            <Value1>262144</Value1>
          </Entry>
          <Entry>
            <Values />
            <Value0>147458</Value0>
            <Value1>327680</Value1>
          </Entry>
          <Entry>
            <Values>
              <Entry>
                <Value0>65853</Value0>
                <Value1>0</Value1>
              </Entry>
            </Values>
            <Value0>147456</Value0>
            <Value1>393216</Value1>
          </Entry>
          <Entry>
            <Values />
            <Value0>147458</Value0>
            <Value1>458752</Value1>
          </Entry>
          <Entry>
            <Values>
              <Entry>
                <Value0>65854</Value0>
                <Value1>0</Value1>
              </Entry>
            </Values>
            <Value0>147456</Value0>
            <Value1>524288</Value1>
          </Entry>
          <Entry>
            <Values>
              <Entry>
                <Value0>65855</Value0>
                <Value1>0</Value1>
              </Entry>
            </Values>
            <Value0>147456</Value0>
            <Value1>589824</Value1>
          </Entry>
          <Entry>
            <Values />
            <Value0>147458</Value0>
            <Value1>655360</Value1>
          </Entry>
          <Entry>
            <Values>
              <Entry>
                <Value0>65856</Value0>
                <Value1>0</Value1>
              </Entry>
            </Values>
            <Value0>147456</Value0>
            <Value1>720896</Value1>
          </Entry>
          <Entry>
            <Values />
            <Value0>147458</Value0>
            <Value1>786432</Value1>
          </Entry>
          <Entry>
            <Values>
              <Entry>
                <Value0>65857</Value0>
                <Value1>0</Value1>
              </Entry>
              <Entry>
                <Value0>65858</Value0>
                <Value1>333</Value1>
              </Entry>
            </Values>
            <Value0>147456</Value0>
            <Value1>851968</Value1>
          </Entry>
        </Unknown>
        <Dialogs>
          <Dialog>姉ヶ崎</Dialog>
          <Dialog>Hello. How's everything
going？</Dialog>
          <Dialog>○○○○○○○○</Dialog>
          <Dialog>Eh,
▲姉ヶ崎＊▲？
Why are you here during the
lunch break？</Dialog>
          <Dialog>Actually, I've made a lunch
box for you.</Dialog>
          <Dialog>Eh？ Really？ Yay！ I'm so
happy~</Dialog>
          <Dialog>...If you say too much, I
won't give it to you.</Dialog>
          <Dialog>Wait. Sorry, please forgive
me.</Dialog>
          <Dialog>Geez, since I don't want to
waste my food, I'll forgive
you then.</Dialog>
          <Dialog>Okay, Chinese food special！</Dialog>
          <Dialog>I love it, I love it. This
looks good.</Dialog>
          <Dialog>How about the taste？ Ah, you
can tell me honestly. I won't
get angry.</Dialog>
          <Dialog>Oh, it's very delicious！ This
is great. You should open a
restaurant. It'll sell really
well！</Dialog>
          <Dialog>Hey, saying too much like that
would make it sound like
you're lying. Anyway, I'm glad
you like it.</Dialog>
        </Dialogs>
      </SDL2>
    </Entry>
    <Entry Unknown0="898782975" Unknown1="2165819944">
      <SDL2 Key="3688072076">
        <Unknown>
          <Entry>
            <Values>
              <Entry>
                <Value0>65859</Value0>
                <Value1>0</Value1>
              </Entry>
            </Values>
            <Value0>147456</Value0>
            <Value1>65536</Value1>
          </Entry>
          <Entry>
            <Values />
            <Value0>147458</Value0>
            <Value1>196608</Value1>
          </Entry>
          <Entry>
            <Values>
              <Entry>
                <Value0>65860</Value0>
                <Value1>0</Value1>
              </Entry>
            </Values>
            <Value0>147456</Value0>
            <Value1>262144</Value1>
          </Entry>
          <Entry>
            <Values />
            <Value0>147458</Value0>
            <Value1>327680</Value1>
          </Entry>
          <Entry>
            <Values>
              <Entry>
                <Value0>65861</Value0>
                <Value1>0</Value1>
              </Entry>
            </Values>
            <Value0>147456</Value0>
            <Value1>393216</Value1>
          </Entry>
          <Entry>
            <Values />
            <Value0>147458</Value0>
            <Value1>458752</Value1>
          </Entry>
          <Entry>
            <Values>
              <Entry>
                <Value0>65862</Value0>
                <Value1>0</Value1>
              </Entry>
            </Values>
            <Value0>147456</Value0>
            <Value1>524288</Value1>
          </Entry>
          <Entry>
            <Values />
            <Value0>147458</Value0>
            <Value1>589824</Value1>
          </Entry>
          <Entry>
            <Values>
              <Entry>
                <Value0>65863</Value0>
                <Value1>0</Value1>
              </Entry>
            </Values>
            <Value0>147456</Value0>
            <Value1>655360</Value1>
          </Entry>
        </Unknown>
        <Dialogs>
          <Dialog>姉ヶ崎</Dialog>
          <Dialog>Ah, you're here. Have you had
your lunch yet？</Dialog>
          <Dialog>○○○○○○○○</Dialog>
          <Dialog>Ah,
▲姉ヶ崎＊▲？
I'm about to go buy my lunch,
though...</Dialog>
          <Dialog>Hehe, actually, I've made a
lunch box for you.</Dialog>
          <Dialog>▲姉ヶ崎＊▲
made a lunch box for me？
Really？</Dialog>
          <Dialog>Yes, let's eat together.</Dialog>
          <Dialog>Wow, a Chinese lunch box. You
made a lot！ I'll start
eating.</Dialog>
          <Dialog>How's the taste？ I tried my
best. Does it taste good？</Dialog>
          <Dialog>Delicious... So delicious that
I feel like I don't deserve
it.</Dialog>
          <Dialog>If you make me feel happier
than this, I could be
floating. I'll make some more
for you later.</Dialog>
        </Dialogs>
      </SDL2>
    </Entry>
    <Entry Unknown0="2285955412" Unknown1="3602915286">
      <SDL2 Key="3688072076">
        <Unknown>
          <Entry>
            <Values>
              <Entry>
                <Value0>65864</Value0>
                <Value1>0</Value1>
              </Entry>
            </Values>
            <Value0>147456</Value0>
            <Value1>65536</Value1>
          </Entry>
          <Entry>
            <Values />
            <Value0>147458</Value0>
            <Value1>196608</Value1>
          </Entry>
          <Entry>
            <Values>
              <Entry>
                <Value0>65865</Value0>
                <Value1>0</Value1>
              </Entry>
            </Values>
            <Value0>147456</Value0>
            <Value1>262144</Value1>
          </Entry>
          <Entry>
            <Values />
            <Value0>147458</Value0>
            <Value1>327680</Value1>
          </Entry>
          <Entry>
            <Values>
              <Entry>
                <Value0>65866</Value0>
                <Value1>0</Value1>
              </Entry>
            </Values>
            <Value0>147456</Value0>
            <Value1>393216</Value1>
          </Entry>
        </Unknown>
        <Dialogs>
          <Dialog>姉ヶ崎</Dialog>
          <Dialog>Here you are.</Dialog>
          <Dialog>○○○○○○○○</Dialog>
          <Dialog>Oh, thanks.</Dialog>
          <Dialog>You like Chinese food, right？</Dialog>
          <Dialog>Yes. I'll eat it now.</Dialog>
          <Dialog>Yes, please eat it. Hehe.</Dialog>
        </Dialogs>
      </SDL2>
    </Entry>
    <Entry Unknown0="921523202" Unknown1="1695862147">
      <SDL2 Key="2477069923">
        <Unknown>
          <Entry>
            <Values>
              <Entry>
                <Value0>65867</Value0>
                <Value1>0</Value1>
              </Entry>
            </Values>
            <Value0>147456</Value0>
            <Value1>65536</Value1>
          </Entry>
          <Entry>
            <Values />
            <Value0>147458</Value0>
            <Value1>196608</Value1>
          </Entry>
          <Entry>
            <Values>
              <Entry>
                <Value0>65868</Value0>
                <Value1>0</Value1>
              </Entry>
            </Values>
            <Value0>147456</Value0>
            <Value1>262144</Value1>
          </Entry>
          <Entry>
            <Values />
            <Value0>147458</Value0>
            <Value1>327680</Value1>
          </Entry>
          <Entry>
            <Values>
              <Entry>
                <Value0>65869</Value0>
                <Value1>0</Value1>
              </Entry>
              <Entry>
                <Value0>65870</Value0>
                <Value1>467</Value1>
              </Entry>
            </Values>
            <Value0>147456</Value0>
            <Value1>393216</Value1>
          </Entry>
        </Unknown>
        <Dialogs>
          <Dialog>姉ヶ崎</Dialog>
          <Dialog>Okay, today's menu is Chinese
food. I packed it in an
insulated box so it wouldn't
get cold.</Dialog>
          <Dialog>○○○○○○○○</Dialog>
          <Dialog>Thanks. I'll eat it now...
Ouch！ Hot！</Dialog>
          <Dialog>Hey, I've just told you. Wait
until it cools down a bit
before eating.</Dialog>
          <Dialog>But this is very delicious.</Dialog>
          <Dialog>If you insist, just go ahead
and eat it. Ah, I made some
soup, too.</Dialog>
        </Dialogs>
      </SDL2>
    </Entry>
    <Entry Unknown0="3846366895" Unknown1="3502734040">
      <SDL2 Key="2477069923">
        <Unknown>
          <Entry>
            <Values>
              <Entry>
                <Value0>65871</Value0>
                <Value1>0</Value1>
              </Entry>
            </Values>
            <Value0>147456</Value0>
            <Value1>65536</Value1>
          </Entry>
          <Entry>
            <Values />
            <Value0>147458</Value0>
            <Value1>196608</Value1>
          </Entry>
          <Entry>
            <Values>
              <Entry>
                <Value0>65872</Value0>
                <Value1>0</Value1>
              </Entry>
            </Values>
            <Value0>147456</Value0>
            <Value1>262144</Value1>
          </Entry>
          <Entry>
            <Values />
            <Value0>147458</Value0>
            <Value1>327680</Value1>
          </Entry>
          <Entry>
            <Values>
              <Entry>
                <Value0>65873</Value0>
                <Value1>0</Value1>
              </Entry>
              <Entry>
                <Value0>65874</Value0>
                <Value1>333</Value1>
              </Entry>
            </Values>
            <Value0>147456</Value0>
            <Value1>393216</Value1>
          </Entry>
        </Unknown>
        <Dialogs>
          <Dialog>姉ヶ崎</Dialog>
          <Dialog>Okay, your lunch box. Today's
the energy boosting Chinese
food.</Dialog>
          <Dialog>○○○○○○○○</Dialog>
          <Dialog>I'm eating it！ Yes,
delicious！</Dialog>
          <Dialog>Hehe. It's delicious, huh？
Then I'll try it too.</Dialog>
          <Dialog>But I've already eaten
▲姉ヶ崎＊▲'s
portion.</Dialog>
          <Dialog>I made plenty, so how about
you treat me specially for
today？ Can you feed me then？</Dialog>
        </Dialogs>
      </SDL2>
    </Entry>
  </Entries>
</DBIN2>