<?xml version="1.0" encoding="utf-8"?>
<DBIN2 xmlns:xsi="http://www.w3.org/2001/XMLSchema-instance" xmlns:xsd="http://www.w3.org/2001/XMLSchema" Key="2679233241" Unknown="56">
  <Entries>
    <Entry Unknown0="4107055252" Unknown1="1798517514">
      <SDL2 Key="669570323">
        <Unknown>
          <Entry>
            <Values>
              <Entry>
                <Value0>66448</Value0>
                <Value1>0</Value1>
              </Entry>
            </Values>
            <Value0>147456</Value0>
            <Value1>65536</Value1>
          </Entry>
        </Unknown>
        <Dialogs>
          <Dialog>姉ヶ崎</Dialog>
          <Dialog>Well, hey...</Dialog>
        </Dialogs>
      </SDL2>
    </Entry>
    <Entry Unknown0="3870198918" Unknown1="1296836076">
      <SDL2 Key="669570323">
        <Unknown>
          <Entry>
            <Values>
              <Entry>
                <Value0>66449</Value0>
                <Value1>0</Value1>
              </Entry>
            </Values>
            <Value0>147456</Value0>
            <Value1>65536</Value1>
          </Entry>
        </Unknown>
        <Dialogs>
          <Dialog>姉ヶ崎</Dialog>
          <Dialog>You got a minute？</Dialog>
        </Dialogs>
      </SDL2>
    </Entry>
    <Entry Unknown0="3368714856" Unknown1="1766000392">
      <SDL2 Key="3752483033">
        <Unknown>
          <Entry>
            <Values>
              <Entry>
                <Value0>66450</Value0>
                <Value1>0</Value1>
              </Entry>
            </Values>
            <Value0>147456</Value0>
            <Value1>65536</Value1>
          </Entry>
        </Unknown>
        <Dialogs>
          <Dialog>姉ヶ崎</Dialog>
          <Dialog>Hey, hey.</Dialog>
        </Dialogs>
      </SDL2>
    </Entry>
    <Entry Unknown0="3837567108" Unknown1="1529226234">
      <SDL2 Key="3752483033">
        <Unknown>
          <Entry>
            <Values>
              <Entry>
                <Value0>66451</Value0>
                <Value1>0</Value1>
              </Entry>
            </Values>
            <Value0>147456</Value0>
            <Value1>65536</Value1>
          </Entry>
        </Unknown>
        <Dialogs>
          <Dialog>姉ヶ崎</Dialog>
          <Dialog>...Okay？</Dialog>
        </Dialogs>
      </SDL2>
    </Entry>
    <Entry Unknown0="3600727158" Unknown1="1010767324">
      <SDL2 Key="299470404">
        <Unknown>
          <Entry>
            <Values>
              <Entry>
                <Value0>66452</Value0>
                <Value1>0</Value1>
              </Entry>
            </Values>
            <Value0>147456</Value0>
            <Value1>65536</Value1>
          </Entry>
        </Unknown>
        <Dialogs>
          <Dialog>姉ヶ崎</Dialog>
          <Dialog>No, not yet.</Dialog>
        </Dialogs>
      </SDL2>
    </Entry>
    <Entry Unknown0="3099243096" Unknown1="1479735288">
      <SDL2 Key="299470404">
        <Unknown>
          <Entry>
            <Values>
              <Entry>
                <Value0>66453</Value0>
                <Value1>0</Value1>
              </Entry>
            </Values>
            <Value0>147456</Value0>
            <Value1>65536</Value1>
          </Entry>
        </Unknown>
        <Dialogs>
          <Dialog>姉ヶ崎</Dialog>
          <Dialog>Hehe. No！</Dialog>
        </Dialogs>
      </SDL2>
    </Entry>
    <Entry Unknown0="3568062580" Unknown1="1242633194">
      <SDL2 Key="299470404">
        <Unknown>
          <Entry>
            <Values>
              <Entry>
                <Value0>66454</Value0>
                <Value1>0</Value1>
              </Entry>
            </Values>
            <Value0>147456</Value0>
            <Value1>65536</Value1>
          </Entry>
        </Unknown>
        <Dialogs>
          <Dialog>姉ヶ崎</Dialog>
          <Dialog>Don't rush it.</Dialog>
        </Dialogs>
      </SDL2>
    </Entry>
    <Entry Unknown0="3331239014" Unknown1="740951500">
      <SDL2 Key="299470404">
        <Unknown>
          <Entry>
            <Values>
              <Entry>
                <Value0>66455</Value0>
                <Value1>0</Value1>
              </Entry>
            </Values>
            <Value0>147456</Value0>
            <Value1>65536</Value1>
          </Entry>
        </Unknown>
        <Dialogs>
          <Dialog>姉ヶ崎</Dialog>
          <Dialog>Wait till next time.</Dialog>
        </Dialogs>
      </SDL2>
    </Entry>
    <Entry Unknown0="2829754952" Unknown1="1260513256">
      <SDL2 Key="824817055">
        <Unknown>
          <Entry>
            <Values />
            <Value0>147456</Value0>
            <Value1>65536</Value1>
          </Entry>
        </Unknown>
        <Dialogs>
          <Dialog>○○○○○○○○</Dialog>
          <Dialog>Well. Hmm.</Dialog>
        </Dialogs>
      </SDL2>
    </Entry>
    <Entry Unknown0="3298574436" Unknown1="956302298">
      <SDL2 Key="824817055">
        <Unknown>
          <Entry>
            <Values />
            <Value0>147456</Value0>
            <Value1>65536</Value1>
          </Entry>
        </Unknown>
        <Dialogs>
          <Dialog>○○○○○○○○</Dialog>
          <Dialog>...Is it good？</Dialog>
        </Dialogs>
      </SDL2>
    </Entry>
    <Entry Unknown0="3061734486" Unknown1="522057148">
      <SDL2 Key="824817055">
        <Unknown>
          <Entry>
            <Values />
            <Value0>147456</Value0>
            <Value1>65536</Value1>
          </Entry>
        </Unknown>
        <Dialogs>
          <Dialog>○○○○○○○○</Dialog>
          <Dialog>...Good, isn't it？</Dialog>
        </Dialogs>
      </SDL2>
    </Entry>
    <Entry Unknown0="2560250424" Unknown1="991221720">
      <SDL2 Key="690646721">
        <Unknown>
          <Entry>
            <Values />
            <Value0>147456</Value0>
            <Value1>65536</Value1>
          </Entry>
        </Unknown>
        <Dialogs>
          <Dialog>○○○○○○○○</Dialog>
          <Dialog>Hey...</Dialog>
        </Dialogs>
      </SDL2>
    </Entry>
    <Entry Unknown0="3029102676" Unknown1="1341387722">
      <SDL2 Key="690646721">
        <Unknown>
          <Entry>
            <Values>
              <Entry>
                <Value0>66456</Value0>
                <Value1>0</Value1>
              </Entry>
            </Values>
            <Value0>147456</Value0>
            <Value1>65536</Value1>
          </Entry>
        </Unknown>
        <Dialogs>
          <Dialog>姉ヶ崎</Dialog>
          <Dialog>This is the best... Hehe.</Dialog>
        </Dialogs>
      </SDL2>
    </Entry>
    <Entry Unknown0="2792246342" Unknown1="1762452908">
      <SDL2 Key="3286028951">
        <Unknown>
          <Entry>
            <Values>
              <Entry>
                <Value0>66457</Value0>
                <Value1>0</Value1>
              </Entry>
            </Values>
            <Value0>147456</Value0>
            <Value1>65536</Value1>
          </Entry>
        </Unknown>
        <Dialogs>
          <Dialog>姉ヶ崎</Dialog>
          <Dialog>Great... You get a perfect
score.</Dialog>
        </Dialogs>
      </SDL2>
    </Entry>
    <Entry Unknown0="2290762280" Unknown1="1292093384">
      <SDL2 Key="3286028951">
        <Unknown>
          <Entry>
            <Values>
              <Entry>
                <Value0>66458</Value0>
                <Value1>0</Value1>
              </Entry>
            </Values>
            <Value0>147456</Value0>
            <Value1>65536</Value1>
          </Entry>
        </Unknown>
        <Dialogs>
          <Dialog>姉ヶ崎</Dialog>
          <Dialog>Hey, what do you intend to do
to make my heart throb like
this？</Dialog>
        </Dialogs>
      </SDL2>
    </Entry>
    <Entry Unknown0="2759614532" Unknown1="2145838010">
      <SDL2 Key="3286028951">
        <Unknown>
          <Entry>
            <Values>
              <Entry>
                <Value0>66459</Value0>
                <Value1>0</Value1>
              </Entry>
            </Values>
            <Value0>147456</Value0>
            <Value1>65536</Value1>
          </Entry>
        </Unknown>
        <Dialogs>
          <Dialog>姉ヶ崎</Dialog>
          <Dialog>This makes us look like
lovers, right？</Dialog>
        </Dialogs>
      </SDL2>
    </Entry>
    <Entry Unknown0="2522774582" Unknown1="2566903196">
      <SDL2 Key="3286028951">
        <Unknown>
          <Entry>
            <Values>
              <Entry>
                <Value0>66460</Value0>
                <Value1>0</Value1>
              </Entry>
            </Values>
            <Value0>147456</Value0>
            <Value1>65536</Value1>
          </Entry>
        </Unknown>
        <Dialogs>
          <Dialog>姉ヶ崎</Dialog>
          <Dialog>This is a little bit
embarrassing...</Dialog>
        </Dialogs>
      </SDL2>
    </Entry>
    <Entry Unknown0="2021290520" Unknown1="2096281528">
      <SDL2 Key="3286028951">
        <Unknown>
          <Entry>
            <Values>
              <Entry>
                <Value0>66461</Value0>
                <Value1>0</Value1>
              </Entry>
            </Values>
            <Value0>147456</Value0>
            <Value1>65536</Value1>
          </Entry>
        </Unknown>
        <Dialogs>
          <Dialog>姉ヶ崎</Dialog>
          <Dialog>Um... You're trying your best,
huh？</Dialog>
        </Dialogs>
      </SDL2>
    </Entry>
    <Entry Unknown0="2490110004" Unknown1="1859244970">
      <SDL2 Key="3286028951">
        <Unknown>
          <Entry>
            <Values>
              <Entry>
                <Value0>66462</Value0>
                <Value1>0</Value1>
              </Entry>
            </Values>
            <Value0>147456</Value0>
            <Value1>65536</Value1>
          </Entry>
        </Unknown>
        <Dialogs>
          <Dialog>姉ヶ崎</Dialog>
          <Dialog>This is a little awkward.</Dialog>
        </Dialogs>
      </SDL2>
    </Entry>
    <Entry Unknown0="2253286438" Unknown1="2297087372">
      <SDL2 Key="4079753714">
        <Unknown>
          <Entry>
            <Values>
              <Entry>
                <Value0>66463</Value0>
                <Value1>0</Value1>
              </Entry>
            </Values>
            <Value0>147456</Value0>
            <Value1>65536</Value1>
          </Entry>
        </Unknown>
        <Dialogs>
          <Dialog>姉ヶ崎</Dialog>
          <Dialog>It's embarrassing...</Dialog>
        </Dialogs>
      </SDL2>
    </Entry>
    <Entry Unknown0="1751802376" Unknown1="1877059496">
      <SDL2 Key="4079753714">
        <Unknown>
          <Entry>
            <Values>
              <Entry>
                <Value0>66464</Value0>
                <Value1>0</Value1>
              </Entry>
            </Values>
            <Value0>147456</Value0>
            <Value1>65536</Value1>
          </Entry>
        </Unknown>
        <Dialogs>
          <Dialog>姉ヶ崎</Dialog>
          <Dialog>This feels good...</Dialog>
        </Dialogs>
      </SDL2>
    </Entry>
    <Entry Unknown0="2220621860" Unknown1="2646655898">
      <SDL2 Key="4079753714">
        <Unknown>
          <Entry>
            <Values>
              <Entry>
                <Value0>66465</Value0>
                <Value1>0</Value1>
              </Entry>
            </Values>
            <Value0>147456</Value0>
            <Value1>65536</Value1>
          </Entry>
        </Unknown>
        <Dialogs>
          <Dialog>姉ヶ崎</Dialog>
          <Dialog>You seem to be quite
experienced with this...</Dialog>
        </Dialogs>
      </SDL2>
    </Entry>
    <Entry Unknown0="1983781910" Unknown1="3151869308">
      <SDL2 Key="4079753714">
        <Unknown>
          <Entry>
            <Values>
              <Entry>
                <Value0>66466</Value0>
                <Value1>0</Value1>
              </Entry>
            </Values>
            <Value0>147456</Value0>
            <Value1>65536</Value1>
          </Entry>
        </Unknown>
        <Dialogs>
          <Dialog>姉ヶ崎</Dialog>
          <Dialog>Somehow, this feels good.</Dialog>
        </Dialogs>
      </SDL2>
    </Entry>
    <Entry Unknown0="1482298104" Unknown1="2681509784">
      <SDL2 Key="4079753714">
        <Unknown>
          <Entry>
            <Values>
              <Entry>
                <Value0>66467</Value0>
                <Value1>0</Value1>
              </Entry>
            </Values>
            <Value0>147456</Value0>
            <Value1>65536</Value1>
          </Entry>
        </Unknown>
        <Dialogs>
          <Dialog>姉ヶ崎</Dialog>
          <Dialog>Hehe... Amazing.</Dialog>
        </Dialogs>
      </SDL2>
    </Entry>
    <Entry Unknown0="1951150100" Unknown1="2360587146">
      <SDL2 Key="593182557">
        <Unknown>
          <Entry>
            <Values>
              <Entry>
                <Value0>66468</Value0>
                <Value1>0</Value1>
              </Entry>
            </Values>
            <Value0>147456</Value0>
            <Value1>65536</Value1>
          </Entry>
        </Unknown>
        <Dialogs>
          <Dialog>姉ヶ崎</Dialog>
          <Dialog>Hm... Wait...</Dialog>
        </Dialogs>
      </SDL2>
    </Entry>
    <Entry Unknown0="1714293766" Unknown1="2865538412">
      <SDL2 Key="593182557">
        <Unknown>
          <Entry>
            <Values>
              <Entry>
                <Value0>66469</Value0>
                <Value1>0</Value1>
              </Entry>
            </Values>
            <Value0>147456</Value0>
            <Value1>65536</Value1>
          </Entry>
        </Unknown>
        <Dialogs>
          <Dialog>姉ヶ崎</Dialog>
          <Dialog>Are we making a mistake...？</Dialog>
        </Dialogs>
      </SDL2>
    </Entry>
    <Entry Unknown0="1212809960" Unknown1="2395178888">
      <SDL2 Key="593182557">
        <Unknown>
          <Entry>
            <Values>
              <Entry>
                <Value0>66470</Value0>
                <Value1>0</Value1>
              </Entry>
            </Values>
            <Value0>147456</Value0>
            <Value1>65536</Value1>
          </Entry>
        </Unknown>
        <Dialogs>
          <Dialog>姉ヶ崎</Dialog>
          <Dialog>Try harder. Hehe.</Dialog>
        </Dialogs>
      </SDL2>
    </Entry>
    <Entry Unknown0="1681661956" Unknown1="3165037434">
      <SDL2 Key="593182557">
        <Unknown>
          <Entry>
            <Values>
              <Entry>
                <Value0>66471</Value0>
                <Value1>0</Value1>
              </Entry>
            </Values>
            <Value0>147456</Value0>
            <Value1>65536</Value1>
          </Entry>
        </Unknown>
        <Dialogs>
          <Dialog>姉ヶ崎</Dialog>
          <Dialog>Um... Ah, this is fine. Don't
worry.</Dialog>
        </Dialogs>
      </SDL2>
    </Entry>
    <Entry Unknown0="1444822262" Unknown1="3586102620">
      <SDL2 Key="593182557">
        <Unknown>
          <Entry>
            <Values>
              <Entry>
                <Value0>66472</Value0>
                <Value1>0</Value1>
              </Entry>
            </Values>
            <Value0>147456</Value0>
            <Value1>65536</Value1>
          </Entry>
        </Unknown>
        <Dialogs>
          <Dialog>姉ヶ崎</Dialog>
          <Dialog>Um... Fine.</Dialog>
        </Dialogs>
      </SDL2>
    </Entry>
    <Entry Unknown0="943338200" Unknown1="2981263224">
      <SDL2 Key="459135374">
        <Unknown>
          <Entry>
            <Values>
              <Entry>
                <Value0>66473</Value0>
                <Value1>0</Value1>
              </Entry>
            </Values>
            <Value0>147456</Value0>
            <Value1>65536</Value1>
          </Entry>
        </Unknown>
        <Dialogs>
          <Dialog>姉ヶ崎</Dialog>
          <Dialog>You think that was good, huh？</Dialog>
        </Dialogs>
      </SDL2>
    </Entry>
    <Entry Unknown0="1412223220" Unknown1="2744226666">
      <SDL2 Key="459135374">
        <Unknown>
          <Entry>
            <Values>
              <Entry>
                <Value0>66474</Value0>
                <Value1>0</Value1>
              </Entry>
            </Values>
            <Value0>147456</Value0>
            <Value1>65536</Value1>
          </Entry>
        </Unknown>
        <Dialogs>
          <Dialog>姉ヶ崎</Dialog>
          <Dialog>I've calmed down. Hehe...</Dialog>
        </Dialogs>
      </SDL2>
    </Entry>
    <Entry Unknown0="1175334118" Unknown1="3316286796">
      <SDL2 Key="459135374">
        <Unknown>
          <Entry>
            <Values>
              <Entry>
                <Value0>66475</Value0>
                <Value1>0</Value1>
              </Entry>
            </Values>
            <Value0>147456</Value0>
            <Value1>65536</Value1>
          </Entry>
        </Unknown>
        <Dialogs>
          <Dialog>姉ヶ崎</Dialog>
          <Dialog>Is my face... all red？</Dialog>
        </Dialogs>
      </SDL2>
    </Entry>
    <Entry Unknown0="673850056" Unknown1="2694932328">
      <SDL2 Key="3308153957">
        <Unknown>
          <Entry>
            <Values>
              <Entry>
                <Value0>66476</Value0>
                <Value1>0</Value1>
              </Entry>
            </Values>
            <Value0>147456</Value0>
            <Value1>65536</Value1>
          </Entry>
        </Unknown>
        <Dialogs>
          <Dialog>姉ヶ崎</Dialog>
          <Dialog>Wait... No, never mind.</Dialog>
        </Dialogs>
      </SDL2>
    </Entry>
    <Entry Unknown0="1142735076" Unknown1="3531637594">
      <SDL2 Key="3308153957">
        <Unknown>
          <Entry>
            <Values>
              <Entry>
                <Value0>66477</Value0>
                <Value1>0</Value1>
              </Entry>
            </Values>
            <Value0>147456</Value0>
            <Value1>65536</Value1>
          </Entry>
        </Unknown>
        <Dialogs>
          <Dialog>姉ヶ崎</Dialog>
          <Dialog>Just a little bit, okay...？</Dialog>
        </Dialogs>
      </SDL2>
    </Entry>
    <Entry Unknown0="922672342" Unknown1="4103959868">
      <SDL2 Key="3308153957">
        <Unknown>
          <Entry>
            <Values>
              <Entry>
                <Value0>66478</Value0>
                <Value1>0</Value1>
              </Entry>
            </Values>
            <Value0>147456</Value0>
            <Value1>65536</Value1>
          </Entry>
        </Unknown>
        <Dialogs>
          <Dialog>姉ヶ崎</Dialog>
          <Dialog>Um... Somehow...</Dialog>
        </Dialogs>
      </SDL2>
    </Entry>
    <Entry Unknown0="404411064" Unknown1="3499382616">
      <SDL2 Key="3308153957">
        <Unknown>
          <Entry>
            <Values>
              <Entry>
                <Value0>66479</Value0>
                <Value1>0</Value1>
              </Entry>
            </Values>
            <Value0>147456</Value0>
            <Value1>65536</Value1>
          </Entry>
        </Unknown>
        <Dialogs>
          <Dialog>姉ヶ崎</Dialog>
          <Dialog>Next time... I want more,
okay...？</Dialog>
        </Dialogs>
      </SDL2>
    </Entry>
    <Entry Unknown0="873263316" Unknown1="3245568842">
      <SDL2 Key="3848176561">
        <Unknown>
          <Entry>
            <Values>
              <Entry>
                <Value0>66480</Value0>
                <Value1>0</Value1>
              </Entry>
            </Values>
            <Value0>147456</Value0>
            <Value1>65536</Value1>
          </Entry>
        </Unknown>
        <Dialogs>
          <Dialog>姉ヶ崎</Dialog>
          <Dialog>No, not yet...</Dialog>
        </Dialogs>
      </SDL2>
    </Entry>
    <Entry Unknown0="653184198" Unknown1="3884737836">
      <SDL2 Key="3848176561">
        <Unknown>
          <Entry>
            <Values>
              <Entry>
                <Value0>66481</Value0>
                <Value1>0</Value1>
              </Entry>
            </Values>
            <Value0>147456</Value0>
            <Value1>65536</Value1>
          </Entry>
        </Unknown>
        <Dialogs>
          <Dialog>姉ヶ崎</Dialog>
          <Dialog>Try a bit harder, okay？</Dialog>
        </Dialogs>
      </SDL2>
    </Entry>
    <Entry Unknown0="134922920" Unknown1="3280160584">
      <SDL2 Key="3848176561">
        <Unknown>
          <Entry>
            <Values>
              <Entry>
                <Value0>66482</Value0>
                <Value1>0</Value1>
              </Entry>
            </Values>
            <Value0>147456</Value0>
            <Value1>65536</Value1>
          </Entry>
        </Unknown>
        <Dialogs>
          <Dialog>姉ヶ崎</Dialog>
          <Dialog>I'm expecting something...</Dialog>
        </Dialogs>
      </SDL2>
    </Entry>
    <Entry Unknown0="620552388" Unknown1="4050019130">
      <SDL2 Key="3848176561">
        <Unknown>
          <Entry>
            <Values>
              <Entry>
                <Value0>66483</Value0>
                <Value1>0</Value1>
              </Entry>
            </Values>
            <Value0>147456</Value0>
            <Value1>65536</Value1>
          </Entry>
        </Unknown>
        <Dialogs>
          <Dialog>姉ヶ崎</Dialog>
          <Dialog>You're getting better...</Dialog>
        </Dialogs>
      </SDL2>
    </Entry>
    <Entry Unknown0="383712438" Unknown1="377443612">
      <SDL2 Key="3848176561">
        <Unknown>
          <Entry>
            <Values>
              <Entry>
                <Value0>66484</Value0>
                <Value1>0</Value1>
              </Entry>
            </Values>
            <Value0>147456</Value0>
            <Value1>65536</Value1>
          </Entry>
        </Unknown>
        <Dialogs>
          <Dialog>姉ヶ崎</Dialog>
          <Dialog>Impossible...</Dialog>
        </Dialogs>
      </SDL2>
    </Entry>
    <Entry Unknown0="4177195672" Unknown1="4067571512">
      <SDL2 Key="3848176561">
        <Unknown>
          <Entry>
            <Values>
              <Entry>
                <Value0>66485</Value0>
                <Value1>0</Value1>
              </Entry>
            </Values>
            <Value0>147456</Value0>
            <Value1>65536</Value1>
          </Entry>
        </Unknown>
        <Dialogs>
          <Dialog>姉ヶ崎</Dialog>
          <Dialog>This is embarrassing.</Dialog>
        </Dialogs>
      </SDL2>
    </Entry>
    <Entry Unknown0="351047860" Unknown1="3763426090">
      <SDL2 Key="630110747">
        <Unknown>
          <Entry>
            <Values>
              <Entry>
                <Value0>66486</Value0>
                <Value1>0</Value1>
              </Entry>
            </Values>
            <Value0>147456</Value0>
            <Value1>65536</Value1>
          </Entry>
        </Unknown>
        <Dialogs>
          <Dialog>姉ヶ崎</Dialog>
          <Dialog>Hey... This is... not too bad,
I guess.</Dialog>
        </Dialogs>
      </SDL2>
    </Entry>
    <Entry Unknown0="114224294" Unknown1="107627788">
      <SDL2 Key="630110747">
        <Unknown>
          <Entry>
            <Values>
              <Entry>
                <Value0>66487</Value0>
                <Value1>0</Value1>
              </Entry>
            </Values>
            <Value0>147456</Value0>
            <Value1>65536</Value1>
          </Entry>
        </Unknown>
        <Dialogs>
          <Dialog>姉ヶ崎</Dialog>
          <Dialog>More delicate, okay？</Dialog>
        </Dialogs>
      </SDL2>
    </Entry>
    <Entry Unknown0="3907707528" Unknown1="3848349480">
      <SDL2 Key="630110747">
        <Unknown>
          <Entry>
            <Values>
              <Entry>
                <Value0>66488</Value0>
                <Value1>0</Value1>
              </Entry>
            </Values>
            <Value0>147456</Value0>
            <Value1>65536</Value1>
          </Entry>
        </Unknown>
        <Dialogs>
          <Dialog>姉ヶ崎</Dialog>
          <Dialog>You're trying hard, right？ I
know it, but...</Dialog>
        </Dialogs>
      </SDL2>
    </Entry>
    <Entry Unknown0="81559716" Unknown1="390087450">
      <SDL2 Key="630110747">
        <Unknown>
          <Entry>
            <Values>
              <Entry>
                <Value0>66489</Value0>
                <Value1>0</Value1>
              </Entry>
            </Values>
            <Value0>147456</Value0>
            <Value1>65536</Value1>
          </Entry>
        </Unknown>
        <Dialogs>
          <Dialog>姉ヶ崎</Dialog>
          <Dialog>You should do something about
this...</Dialog>
        </Dialogs>
      </SDL2>
    </Entry>
    <Entry Unknown0="4139687062" Unknown1="828192252">
      <SDL2 Key="630110747">
        <Unknown>
          <Entry>
            <Values>
              <Entry>
                <Value0>66490</Value0>
                <Value1>0</Value1>
              </Entry>
            </Values>
            <Value0>147456</Value0>
            <Value1>65536</Value1>
          </Entry>
        </Unknown>
        <Dialogs>
          <Dialog>姉ヶ崎</Dialog>
          <Dialog>This is not really...</Dialog>
        </Dialogs>
      </SDL2>
    </Entry>
    <Entry Unknown0="3638203000" Unknown1="357832472">
      <SDL2 Key="3444653538">
        <Unknown>
          <Entry>
            <Values>
              <Entry>
                <Value0>66491</Value0>
                <Value1>0</Value1>
              </Entry>
            </Values>
            <Value0>147456</Value0>
            <Value1>65536</Value1>
          </Entry>
        </Unknown>
        <Dialogs>
          <Dialog>姉ヶ崎</Dialog>
          <Dialog>Is there anything better than
this...？</Dialog>
        </Dialogs>
      </SDL2>
    </Entry>
    <Entry Unknown0="4107055252" Unknown1="104018698">
      <SDL2 Key="3444653538">
        <Unknown>
          <Entry>
            <Values>
              <Entry>
                <Value0>66492</Value0>
                <Value1>0</Value1>
              </Entry>
            </Values>
            <Value0>147456</Value0>
            <Value1>65536</Value1>
          </Entry>
        </Unknown>
        <Dialogs>
          <Dialog>姉ヶ崎</Dialog>
          <Dialog>Hey, I'm tired...</Dialog>
        </Dialogs>
      </SDL2>
    </Entry>
    <Entry Unknown0="3870198918" Unknown1="541861356">
      <SDL2 Key="3444653538">
        <Unknown>
          <Entry>
            <Values>
              <Entry>
                <Value0>66493</Value0>
                <Value1>0</Value1>
              </Entry>
            </Values>
            <Value0>147456</Value0>
            <Value1>65536</Value1>
          </Entry>
        </Unknown>
        <Dialogs>
          <Dialog>姉ヶ崎</Dialog>
          <Dialog>...This is the worst.</Dialog>
        </Dialogs>
      </SDL2>
    </Entry>
    <Entry Unknown0="3368714856" Unknown1="71501576">
      <SDL2 Key="3444653538">
        <Unknown>
          <Entry>
            <Values>
              <Entry>
                <Value0>66494</Value0>
                <Value1>0</Value1>
              </Entry>
            </Values>
            <Value0>147456</Value0>
            <Value1>65536</Value1>
          </Entry>
        </Unknown>
        <Dialogs>
          <Dialog>姉ヶ崎</Dialog>
          <Dialog>You'd better consider more
about this. Stop！</Dialog>
        </Dialogs>
      </SDL2>
    </Entry>
    <Entry Unknown0="3837567108" Unknown1="908469242">
      <SDL2 Key="3444653538">
        <Unknown>
          <Entry>
            <Values>
              <Entry>
                <Value0>66495</Value0>
                <Value1>0</Value1>
              </Entry>
            </Values>
            <Value0>147456</Value0>
            <Value1>65536</Value1>
          </Entry>
        </Unknown>
        <Dialogs>
          <Dialog>姉ヶ崎</Dialog>
          <Dialog>...Stop it.</Dialog>
        </Dialogs>
      </SDL2>
    </Entry>
    <Entry Unknown0="3600727158" Unknown1="4114552284">
      <SDL2 Key="4254032973">
        <Unknown>
          <Entry>
            <Values>
              <Entry>
                <Value0>66496</Value0>
                <Value1>0</Value1>
              </Entry>
            </Values>
            <Value0>147456</Value0>
            <Value1>65536</Value1>
          </Entry>
        </Unknown>
        <Dialogs>
          <Dialog>姉ヶ崎</Dialog>
          <Dialog>Not yet...？</Dialog>
        </Dialogs>
      </SDL2>
    </Entry>
    <Entry Unknown0="3099243096" Unknown1="2436036600">
      <SDL2 Key="4254032973">
        <Unknown>
          <Entry>
            <Values>
              <Entry>
                <Value0>66497</Value0>
                <Value1>0</Value1>
              </Entry>
            </Values>
            <Value0>147456</Value0>
            <Value1>65536</Value1>
          </Entry>
        </Unknown>
        <Dialogs>
          <Dialog>姉ヶ崎</Dialog>
          <Dialog>What are you doing？</Dialog>
        </Dialogs>
      </SDL2>
    </Entry>
    <Entry Unknown0="3568062580" Unknown1="2198934506">
      <SDL2 Key="4254032973">
        <Unknown>
          <Entry>
            <Values>
              <Entry>
                <Value0>66498</Value0>
                <Value1>0</Value1>
              </Entry>
            </Values>
            <Value0>147456</Value0>
            <Value1>65536</Value1>
          </Entry>
        </Unknown>
        <Dialogs>
          <Dialog>姉ヶ崎</Dialog>
          <Dialog>It's irritating...</Dialog>
        </Dialogs>
      </SDL2>
    </Entry>
    <Entry Unknown0="3331239014" Unknown1="3844736460">
      <SDL2 Key="4254032973">
        <Unknown>
          <Entry>
            <Values>
              <Entry>
                <Value0>66499</Value0>
                <Value1>0</Value1>
              </Entry>
            </Values>
            <Value0>147456</Value0>
            <Value1>65536</Value1>
          </Entry>
        </Unknown>
        <Dialogs>
          <Dialog>姉ヶ崎</Dialog>
          <Dialog>Huh？</Dialog>
        </Dialogs>
      </SDL2>
    </Entry>
  </Entries>
</DBIN2>