<?xml version="1.0" encoding="utf-8"?>
<DBIN2 xmlns:xsi="http://www.w3.org/2001/XMLSchema-instance" xmlns:xsd="http://www.w3.org/2001/XMLSchema" Key="1502701774" Unknown="23">
  <Entries>
    <Entry Unknown0="609143934" Unknown1="4080326400">
      <SDL2 Key="3851139154">
        <Unknown>
          <Entry>
            <Values>
              <Entry>
                <Value0>67300</Value0>
                <Value1>0</Value1>
              </Entry>
              <Entry>
                <Value0>67301</Value0>
                <Value1>500</Value1>
              </Entry>
            </Values>
            <Value0>147456</Value0>
            <Value1>65536</Value1>
          </Entry>
        </Unknown>
        <Dialogs>
          <Dialog>姉ヶ崎</Dialog>
          <Dialog>It's bedtime for a good kid.
Can you sleep by yourself？
You're such a big kid but you
act like a baby.</Dialog>
        </Dialogs>
      </SDL2>
    </Entry>
    <Entry Unknown0="178328420" Unknown1="2946350419">
      <SDL2 Key="3851139154">
        <Unknown>
          <Entry>
            <Values>
              <Entry>
                <Value0>67302</Value0>
                <Value1>0</Value1>
              </Entry>
              <Entry>
                <Value0>67303</Value0>
                <Value1>500</Value1>
              </Entry>
            </Values>
            <Value0>147456</Value0>
            <Value1>65536</Value1>
          </Entry>
        </Unknown>
        <Dialogs>
          <Dialog>姉ヶ崎</Dialog>
          <Dialog>No good. You stay up until
this late. This is bad. Go to
your bed and sleep. Have a
nice dream.</Dialog>
        </Dialogs>
      </SDL2>
    </Entry>
    <Entry Unknown0="1610090935" Unknown1="124981418">
      <SDL2 Key="3851139154">
        <Unknown>
          <Entry>
            <Values>
              <Entry>
                <Value0>67304</Value0>
                <Value1>0</Value1>
              </Entry>
            </Values>
            <Value0>147456</Value0>
            <Value1>65536</Value1>
          </Entry>
        </Unknown>
        <Dialogs>
          <Dialog>姉ヶ崎</Dialog>
          <Dialog>Morning. You woke up so early.
Me？ I couldn't sleep, so I
got up early.</Dialog>
        </Dialogs>
      </SDL2>
    </Entry>
    <Entry Unknown0="3034471438" Unknown1="1623484304">
      <SDL2 Key="3851139154">
        <Unknown>
          <Entry>
            <Values>
              <Entry>
                <Value0>67305</Value0>
                <Value1>0</Value1>
              </Entry>
            </Values>
            <Value0>147456</Value0>
            <Value1>65536</Value1>
          </Entry>
        </Unknown>
        <Dialogs>
          <Dialog>姉ヶ崎</Dialog>
          <Dialog>It feels good when you wake up
early, right？ This must be a
wonderful day.</Dialog>
        </Dialogs>
      </SDL2>
    </Entry>
    <Entry Unknown0="2586960884" Unknown1="3526184419">
      <SDL2 Key="3851139154">
        <Unknown>
          <Entry>
            <Values>
              <Entry>
                <Value0>67306</Value0>
                <Value1>0</Value1>
              </Entry>
              <Entry>
                <Value0>67307</Value0>
                <Value1>500</Value1>
              </Entry>
            </Values>
            <Value0>147456</Value0>
            <Value1>65536</Value1>
          </Entry>
        </Unknown>
        <Dialogs>
          <Dialog>姉ヶ崎</Dialog>
          <Dialog>Morning. Do you want to know
what I dreamed about last
night？ Well... No, it's too
embarrassing. I can't tell
you.</Dialog>
        </Dialogs>
      </SDL2>
    </Entry>
    <Entry Unknown0="4018706759" Unknown1="3087245370">
      <SDL2 Key="2907454248">
        <Unknown>
          <Entry>
            <Values>
              <Entry>
                <Value0>67308</Value0>
                <Value1>0</Value1>
              </Entry>
            </Values>
            <Value0>147456</Value0>
            <Value1>65536</Value1>
          </Entry>
        </Unknown>
        <Dialogs>
          <Dialog>姉ヶ崎</Dialog>
          <Dialog>Have you eaten breakfast？
Even if you oversleep, you
still have to eat your
breakfast, okay？</Dialog>
        </Dialogs>
      </SDL2>
    </Entry>
    <Entry Unknown0="1148071070" Unknown1="2639591200">
      <SDL2 Key="2907454248">
        <Unknown>
          <Entry>
            <Values>
              <Entry>
                <Value0>67309</Value0>
                <Value1>0</Value1>
              </Entry>
            </Values>
            <Value0>147456</Value0>
            <Value1>65536</Value1>
          </Entry>
        </Unknown>
        <Dialogs>
          <Dialog>姉ヶ崎</Dialog>
          <Dialog>I slept well last night. How
about you？</Dialog>
        </Dialogs>
      </SDL2>
    </Entry>
    <Entry Unknown0="717321092" Unknown1="1102962035">
      <SDL2 Key="2907454248">
        <Unknown>
          <Entry>
            <Values>
              <Entry>
                <Value0>67310</Value0>
                <Value1>0</Value1>
              </Entry>
            </Values>
            <Value0>147456</Value0>
            <Value1>65536</Value1>
          </Entry>
        </Unknown>
        <Dialogs>
          <Dialog>姉ヶ崎</Dialog>
          <Dialog>Today has just begun. I wonder
if something good will happen.</Dialog>
        </Dialogs>
      </SDL2>
    </Entry>
    <Entry Unknown0="2132306391" Unknown1="764621002">
      <SDL2 Key="2907454248">
        <Unknown>
          <Entry>
            <Values>
              <Entry>
                <Value0>67311</Value0>
                <Value1>0</Value1>
              </Entry>
            </Values>
            <Value0>147456</Value0>
            <Value1>65536</Value1>
          </Entry>
        </Unknown>
        <Dialogs>
          <Dialog>姉ヶ崎</Dialog>
          <Dialog>Are you hungry？ You must
properly eat 3 meals a day,
okay？</Dialog>
        </Dialogs>
      </SDL2>
    </Entry>
    <Entry Unknown0="3573464110" Unknown1="182749104">
      <SDL2 Key="2907454248">
        <Unknown>
          <Entry>
            <Values>
              <Entry>
                <Value0>67312</Value0>
                <Value1>0</Value1>
              </Entry>
            </Values>
            <Value0>147456</Value0>
            <Value1>65536</Value1>
          </Entry>
        </Unknown>
        <Dialogs>
          <Dialog>姉ヶ崎</Dialog>
          <Dialog>What are you going to do
tonight？ No hidden meaning...
I just wanted to know...</Dialog>
        </Dialogs>
      </SDL2>
    </Entry>
    <Entry Unknown0="3125920532" Unknown1="4098714883">
      <SDL2 Key="3482084228">
        <Unknown>
          <Entry>
            <Values>
              <Entry>
                <Value0>67313</Value0>
                <Value1>0</Value1>
              </Entry>
              <Entry>
                <Value0>67314</Value0>
                <Value1>500</Value1>
              </Entry>
            </Values>
            <Value0>147456</Value0>
            <Value1>65536</Value1>
          </Entry>
        </Unknown>
        <Dialogs>
          <Dialog>姉ヶ崎</Dialog>
          <Dialog>Today almost ends. It would be
good if we could also hang out
late at night, huh？</Dialog>
        </Dialogs>
      </SDL2>
    </Entry>
    <Entry Unknown0="262732135" Unknown1="1579401306">
      <SDL2 Key="3482084228">
        <Unknown>
          <Entry>
            <Values>
              <Entry>
                <Value0>67315</Value0>
                <Value1>0</Value1>
              </Entry>
            </Values>
            <Value0>147456</Value0>
            <Value1>65536</Value1>
          </Entry>
        </Unknown>
        <Dialogs>
          <Dialog>姉ヶ崎</Dialog>
          <Dialog>Ah, I want to stay with you
more. I feel like this is not
enough.</Dialog>
        </Dialogs>
      </SDL2>
    </Entry>
    <Entry Unknown0="1687030974" Unknown1="2272532288">
      <SDL2 Key="3482084228">
        <Unknown>
          <Entry>
            <Values>
              <Entry>
                <Value0>67316</Value0>
                <Value1>0</Value1>
              </Entry>
            </Values>
            <Value0>147456</Value0>
            <Value1>65536</Value1>
          </Entry>
        </Unknown>
        <Dialogs>
          <Dialog>姉ヶ崎</Dialog>
          <Dialog>Ah, we meet even at this time.
Just like this, you made my
day, you know？</Dialog>
        </Dialogs>
      </SDL2>
    </Entry>
    <Entry Unknown0="1256280996" Unknown1="1541275027">
      <SDL2 Key="3482084228">
        <Unknown>
          <Entry>
            <Values>
              <Entry>
                <Value0>67317</Value0>
                <Value1>0</Value1>
              </Entry>
            </Values>
            <Value0>147456</Value0>
            <Value1>65536</Value1>
          </Entry>
        </Unknown>
        <Dialogs>
          <Dialog>姉ヶ崎</Dialog>
          <Dialog>Staying up late is bad for my
skin, you know？ I have to be
careful.</Dialog>
        </Dialogs>
      </SDL2>
    </Entry>
    <Entry Unknown0="2671266295" Unknown1="4088615146">
      <SDL2 Key="3482084228">
        <Unknown>
          <Entry>
            <Values>
              <Entry>
                <Value0>67318</Value0>
                <Value1>0</Value1>
              </Entry>
            </Values>
            <Value0>147456</Value0>
            <Value1>65536</Value1>
          </Entry>
        </Unknown>
        <Dialogs>
          <Dialog>姉ヶ崎</Dialog>
          <Dialog>Do you always think about
various things at night？ I
have a lot of things to think
about, you know？</Dialog>
        </Dialogs>
      </SDL2>
    </Entry>
    <Entry Unknown0="4095646798" Unknown1="335849424">
      <SDL2 Key="3482084228">
        <Unknown>
          <Entry>
            <Values>
              <Entry>
                <Value0>67319</Value0>
                <Value1>0</Value1>
              </Entry>
            </Values>
            <Value0>147456</Value0>
            <Value1>65536</Value1>
          </Entry>
        </Unknown>
        <Dialogs>
          <Dialog>姉ヶ崎</Dialog>
          <Dialog>Are you still working hard at
this late hour？ Watch your
health, okay？</Dialog>
        </Dialogs>
      </SDL2>
    </Entry>
    <Entry Unknown0="3664847668" Unknown1="2926415139">
      <SDL2 Key="2270090842">
        <Unknown>
          <Entry>
            <Values>
              <Entry>
                <Value0>67320</Value0>
                <Value1>0</Value1>
              </Entry>
            </Values>
            <Value0>147456</Value0>
            <Value1>65536</Value1>
          </Entry>
        </Unknown>
        <Dialogs>
          <Dialog>姉ヶ崎</Dialog>
          <Dialog>Hey... Shall we go to bed
already？</Dialog>
        </Dialogs>
      </SDL2>
    </Entry>
    <Entry Unknown0="801692039" Unknown1="1145299066">
      <SDL2 Key="2270090842">
        <Unknown>
          <Entry>
            <Values>
              <Entry>
                <Value0>67321</Value0>
                <Value1>0</Value1>
              </Entry>
            </Values>
            <Value0>147456</Value0>
            <Value1>65536</Value1>
          </Entry>
        </Unknown>
        <Dialogs>
          <Dialog>姉ヶ崎</Dialog>
          <Dialog>If you don't sleep now, you'll
be in trouble tomorrow. You'd
better go to bed.</Dialog>
        </Dialogs>
      </SDL2>
    </Entry>
    <Entry Unknown0="2226023646" Unknown1="1637103456">
      <SDL2 Key="2270090842">
        <Unknown>
          <Entry>
            <Values>
              <Entry>
                <Value0>67322</Value0>
                <Value1>0</Value1>
              </Entry>
              <Entry>
                <Value0>67323</Value0>
                <Value1>500</Value1>
              </Entry>
            </Values>
            <Value0>147456</Value0>
            <Value1>65536</Value1>
          </Entry>
        </Unknown>
        <Dialogs>
          <Dialog>姉ヶ崎</Dialog>
          <Dialog>Great. You're here. I've been
waiting the whole time... My
feelings for you have never
changed, you know？</Dialog>
        </Dialogs>
      </SDL2>
    </Entry>
    <Entry Unknown0="1778496452" Unknown1="1039998387">
      <SDL2 Key="2270090842">
        <Unknown>
          <Entry>
            <Values>
              <Entry>
                <Value0>67324</Value0>
                <Value1>0</Value1>
              </Entry>
              <Entry>
                <Value0>67325</Value0>
                <Value1>500</Value1>
              </Entry>
            </Values>
            <Value0>147456</Value0>
            <Value1>65536</Value1>
          </Entry>
        </Unknown>
        <Dialogs>
          <Dialog>姉ヶ崎</Dialog>
          <Dialog>We've been together like
this... We are more like a
family than lovers. You know
what I meant by family,
right？ Hehe.</Dialog>
        </Dialogs>
      </SDL2>
    </Entry>
    <Entry Unknown0="3210258711" Unknown1="2043899914">
      <SDL2 Key="2270090842">
        <Unknown>
          <Entry>
            <Values>
              <Entry>
                <Value0>66829</Value0>
                <Value1>0</Value1>
              </Entry>
            </Values>
            <Value0>147456</Value0>
            <Value1>65536</Value1>
          </Entry>
        </Unknown>
        <Dialogs>
          <Dialog>姉ヶ崎</Dialog>
          <Dialog>Hmm？ Hehehe.</Dialog>
        </Dialogs>
      </SDL2>
    </Entry>
    <Entry Unknown0="339672174" Unknown1="1579468784">
      <SDL2 Key="3079478453">
        <Unknown>
          <Entry>
            <Values>
              <Entry>
                <Value0>64101</Value0>
                <Value1>0</Value1>
              </Entry>
            </Values>
            <Value0>147456</Value0>
            <Value1>65536</Value1>
          </Entry>
        </Unknown>
        <Dialogs>
          <Dialog>姉ヶ崎</Dialog>
          <Dialog>Hey. Come on... Hey？</Dialog>
        </Dialogs>
      </SDL2>
    </Entry>
    <Entry Unknown0="4203807572" Unknown1="546155843">
      <SDL2 Key="3079478453">
        <Unknown>
          <Entry>
            <Values>
              <Entry>
                <Value0>63579</Value0>
                <Value1>0</Value1>
              </Entry>
            </Values>
            <Value0>147456</Value0>
            <Value1>65536</Value1>
          </Entry>
        </Unknown>
        <Dialogs>
          <Dialog>姉ヶ崎</Dialog>
          <Dialog>Hey, come on...</Dialog>
        </Dialogs>
      </SDL2>
    </Entry>
  </Entries>
</DBIN2>