<?xml version="1.0" encoding="utf-8"?>
<DBIN2 xmlns:xsi="http://www.w3.org/2001/XMLSchema-instance" xmlns:xsd="http://www.w3.org/2001/XMLSchema" Key="1198456207" Unknown="78">
  <Entries>
    <Entry Unknown0="1641091239" Unknown1="411364959">
      <SDL2 Key="3079478453">
        <Unknown>
          <Entry>
            <Values>
              <Entry>
                <Value0>67326</Value0>
                <Value1>0</Value1>
              </Entry>
            </Values>
            <Value0>147456</Value0>
            <Value1>65536</Value1>
          </Entry>
        </Unknown>
        <Dialogs>
          <Dialog>姉ヶ崎</Dialog>
          <Dialog>Did you turn the power off
without saving？ I don't
remember I ever taught you to
do something like that.</Dialog>
        </Dialogs>
      </SDL2>
    </Entry>
    <Entry Unknown0="899425147" Unknown1="2270544426">
      <SDL2 Key="3079478453">
        <Unknown>
          <Entry>
            <Values>
              <Entry>
                <Value0>67327</Value0>
                <Value1>0</Value1>
              </Entry>
            </Values>
            <Value0>147456</Value0>
            <Value1>65536</Value1>
          </Entry>
        </Unknown>
        <Dialogs>
          <Dialog>姉ヶ崎</Dialog>
          <Dialog>Hey, you turned the power off
without saving again？ You
deserve scolding.</Dialog>
        </Dialogs>
      </SDL2>
    </Entry>
    <Entry Unknown0="4268619590" Unknown1="3508637179">
      <SDL2 Key="3079478453">
        <Unknown>
          <Entry>
            <Values>
              <Entry>
                <Value0>67328</Value0>
                <Value1>0</Value1>
              </Entry>
            </Values>
            <Value0>147456</Value0>
            <Value1>65536</Value1>
          </Entry>
        </Unknown>
        <Dialogs>
          <Dialog>姉ヶ崎</Dialog>
          <Dialog>But if you say "Nene
gomennasai" (Nene, I'm sorry)
to me, maybe I'll forgive you.</Dialog>
        </Dialogs>
      </SDL2>
    </Entry>
    <Entry Unknown0="3510730775" Unknown1="4008992463">
      <SDL2 Key="3079478453">
        <Unknown>
          <Entry>
            <Values>
              <Entry>
                <Value0>67329</Value0>
                <Value1>0</Value1>
              </Entry>
            </Values>
            <Value0>147456</Value0>
            <Value1>65536</Value1>
          </Entry>
        </Unknown>
        <Dialogs>
          <Dialog>姉ヶ崎</Dialog>
          <Dialog>Hey, you can say it, right？</Dialog>
        </Dialogs>
      </SDL2>
    </Entry>
    <Entry Unknown0="2769048555" Unknown1="885338778">
      <SDL2 Key="3619504927">
        <Unknown>
          <Entry>
            <Values>
              <Entry>
                <Value0>67330</Value0>
                <Value1>0</Value1>
              </Entry>
            </Values>
            <Value0>147456</Value0>
            <Value1>65536</Value1>
          </Entry>
        </Unknown>
        <Dialogs>
          <Dialog>姉ヶ崎</Dialog>
          <Dialog>It's "Nene gomennasai."</Dialog>
        </Dialogs>
      </SDL2>
    </Entry>
    <Entry Unknown0="1860003766" Unknown1="1284636011">
      <SDL2 Key="3619504927">
        <Unknown>
          <Entry>
            <Values>
              <Entry>
                <Value0>67331</Value0>
                <Value1>0</Value1>
              </Entry>
            </Values>
            <Value0>147456</Value0>
            <Value1>65536</Value1>
          </Entry>
        </Unknown>
        <Dialogs>
          <Dialog>姉ヶ崎</Dialog>
          <Dialog>That's not right... Hey, say
it again.</Dialog>
        </Dialogs>
      </SDL2>
    </Entry>
    <Entry Unknown0="1102131335" Unknown1="2439302719">
      <SDL2 Key="3619504927">
        <Unknown>
          <Entry>
            <Values>
              <Entry>
                <Value0>67332</Value0>
                <Value1>0</Value1>
              </Entry>
            </Values>
            <Value0>147456</Value0>
            <Value1>65536</Value1>
          </Entry>
        </Unknown>
        <Dialogs>
          <Dialog>姉ヶ崎</Dialog>
          <Dialog>Very good, very good. You said
it right.</Dialog>
        </Dialogs>
      </SDL2>
    </Entry>
    <Entry Unknown0="360498011" Unknown1="2838864394">
      <SDL2 Key="3619504927">
        <Unknown>
          <Entry>
            <Values>
              <Entry>
                <Value0>67333</Value0>
                <Value1>0</Value1>
              </Entry>
            </Values>
            <Value0>147456</Value0>
            <Value1>65536</Value1>
          </Entry>
        </Unknown>
        <Dialogs>
          <Dialog>姉ヶ崎</Dialog>
          <Dialog>Next time, you must save
before turning the power off,
okay？</Dialog>
        </Dialogs>
      </SDL2>
    </Entry>
    <Entry Unknown0="3729626918" Unknown1="4278283739">
      <SDL2 Key="3619504927">
        <Unknown>
          <Entry>
            <Values>
              <Entry>
                <Value0>67334</Value0>
                <Value1>0</Value1>
              </Entry>
            </Values>
            <Value0>147456</Value0>
            <Value1>65536</Value1>
          </Entry>
        </Unknown>
        <Dialogs>
          <Dialog>姉ヶ崎</Dialog>
          <Dialog>Hey, you didn't say it. You
deserve scolding.</Dialog>
        </Dialogs>
      </SDL2>
    </Entry>
    <Entry Unknown0="2971771127" Unknown1="2698067631">
      <SDL2 Key="2676995814">
        <Unknown>
          <Entry>
            <Values>
              <Entry>
                <Value0>67335</Value0>
                <Value1>0</Value1>
              </Entry>
            </Values>
            <Value0>147456</Value0>
            <Value1>65536</Value1>
          </Entry>
        </Unknown>
        <Dialogs>
          <Dialog>姉ヶ崎</Dialog>
          <Dialog>Hey, you turned the power off
without saving, right？ I want
you to stop doing that...</Dialog>
        </Dialogs>
      </SDL2>
    </Entry>
    <Entry Unknown0="2246865867" Unknown1="4221768314">
      <SDL2 Key="2676995814">
        <Unknown>
          <Entry>
            <Values>
              <Entry>
                <Value0>67336</Value0>
                <Value1>0</Value1>
              </Entry>
            </Values>
            <Value0>147456</Value0>
            <Value1>65536</Value1>
          </Entry>
        </Unknown>
        <Dialogs>
          <Dialog>姉ヶ崎</Dialog>
          <Dialog>You turned the power off
without saving, right？ I
really hate that.</Dialog>
        </Dialogs>
      </SDL2>
    </Entry>
    <Entry Unknown0="1321011094" Unknown1="3430341963">
      <SDL2 Key="2676995814">
        <Unknown>
          <Entry>
            <Values>
              <Entry>
                <Value0>67337</Value0>
                <Value1>0</Value1>
              </Entry>
            </Values>
            <Value0>147456</Value0>
            <Value1>65536</Value1>
          </Entry>
        </Unknown>
        <Dialogs>
          <Dialog>姉ヶ崎</Dialog>
          <Dialog>Don't tell me you turned the
power off without saving.
Don't do that...</Dialog>
        </Dialogs>
      </SDL2>
    </Entry>
    <Entry Unknown0="563204198" Unknown1="4097945119">
      <SDL2 Key="2676995814">
        <Unknown>
          <Entry>
            <Values>
              <Entry>
                <Value0>67338</Value0>
                <Value1>0</Value1>
              </Entry>
            </Values>
            <Value0>147456</Value0>
            <Value1>65536</Value1>
          </Entry>
        </Unknown>
        <Dialogs>
          <Dialog>姉ヶ崎</Dialog>
          <Dialog>Again...？ I told you not to
turn the power off without
saving, right？</Dialog>
        </Dialogs>
      </SDL2>
    </Entry>
    <Entry Unknown0="4116505402" Unknown1="2400420586">
      <SDL2 Key="2676995814">
        <Unknown>
          <Entry>
            <Values>
              <Entry>
                <Value0>67339</Value0>
                <Value1>0</Value1>
              </Entry>
            </Values>
            <Value0>147456</Value0>
            <Value1>65536</Value1>
          </Entry>
        </Unknown>
        <Dialogs>
          <Dialog>姉ヶ崎</Dialog>
          <Dialog>Hey, you turned the power off
without saving, right？ I'll
be angry if you do that again.</Dialog>
        </Dialogs>
      </SDL2>
    </Entry>
    <Entry Unknown0="3190667015" Unknown1="1491488187">
      <SDL2 Key="2982079554">
        <Unknown>
          <Entry>
            <Values>
              <Entry>
                <Value0>67340</Value0>
                <Value1>0</Value1>
              </Entry>
            </Values>
            <Value0>147456</Value0>
            <Value1>65536</Value1>
          </Entry>
        </Unknown>
        <Dialogs>
          <Dialog>姉ヶ崎</Dialog>
          <Dialog>You turned the power off
without saving, again... So
you are this kind of person,
huh...？</Dialog>
        </Dialogs>
      </SDL2>
    </Entry>
    <Entry Unknown0="2432778454" Unknown1="3635486351">
      <SDL2 Key="2982079554">
        <Unknown>
          <Entry>
            <Values>
              <Entry>
                <Value0>67341</Value0>
                <Value1>0</Value1>
              </Entry>
            </Values>
            <Value0>147456</Value0>
            <Value1>65536</Value1>
          </Entry>
        </Unknown>
        <Dialogs>
          <Dialog>姉ヶ崎</Dialog>
          <Dialog>You did it again... Did you
think I could forgive you when
you turned the power off
without saving？</Dialog>
        </Dialogs>
      </SDL2>
    </Entry>
    <Entry Unknown0="1707873194" Unknown1="2206462554">
      <SDL2 Key="2982079554">
        <Unknown>
          <Entry>
            <Values>
              <Entry>
                <Value0>67342</Value0>
                <Value1>0</Value1>
              </Entry>
            </Values>
            <Value0>147456</Value0>
            <Value1>65536</Value1>
          </Entry>
        </Unknown>
        <Dialogs>
          <Dialog>姉ヶ崎</Dialog>
          <Dialog>You turned the power off
without saving, again. I'm
getting mad now.</Dialog>
        </Dialogs>
      </SDL2>
    </Entry>
    <Entry Unknown0="782051191" Unknown1="1951841579">
      <SDL2 Key="2982079554">
        <Unknown>
          <Entry>
            <Values>
              <Entry>
                <Value0>67343</Value0>
                <Value1>0</Value1>
              </Entry>
            </Values>
            <Value0>147456</Value0>
            <Value1>65536</Value1>
          </Entry>
        </Unknown>
        <Dialogs>
          <Dialog>姉ヶ崎</Dialog>
          <Dialog>Hey！ I told you that you must
not turn the power off without
saving！</Dialog>
        </Dialogs>
      </SDL2>
    </Entry>
    <Entry Unknown0="24244294" Unknown1="690065151">
      <SDL2 Key="2982079554">
        <Unknown>
          <Entry>
            <Values>
              <Entry>
                <Value0>67344</Value0>
                <Value1>0</Value1>
              </Entry>
            </Values>
            <Value0>147456</Value0>
            <Value1>65536</Value1>
          </Entry>
        </Unknown>
        <Dialogs>
          <Dialog>姉ヶ崎</Dialog>
          <Dialog>"Suki, Suki, Daisuki." (I love
you, love you, love you.) Say
it, or I won't meet you.</Dialog>
        </Dialogs>
      </SDL2>
    </Entry>
    <Entry Unknown0="3577512730" Unknown1="317940426">
      <SDL2 Key="2982079554">
        <Unknown>
          <Entry>
            <Values>
              <Entry>
                <Value0>67345</Value0>
                <Value1>0</Value1>
              </Entry>
            </Values>
            <Value0>147456</Value0>
            <Value1>65536</Value1>
          </Entry>
        </Unknown>
        <Dialogs>
          <Dialog>姉ヶ崎</Dialog>
          <Dialog>"Suki, Suki, Daisuki." (I love
you, love you, love you.) Say
it. Otherwise, I won't meet
you！</Dialog>
        </Dialogs>
      </SDL2>
    </Entry>
    <Entry Unknown0="2651674599" Unknown1="3318099355">
      <SDL2 Key="2038525736">
        <Unknown>
          <Entry>
            <Values>
              <Entry>
                <Value0>67346</Value0>
                <Value1>0</Value1>
              </Entry>
            </Values>
            <Value0>147456</Value0>
            <Value1>65536</Value1>
          </Entry>
        </Unknown>
        <Dialogs>
          <Dialog>姉ヶ崎</Dialog>
          <Dialog>"Suki, Suki, Daisuki." (I love
you, love you, love you.) Say
if for me, okay？</Dialog>
        </Dialogs>
      </SDL2>
    </Entry>
    <Entry Unknown0="1910595766" Unknown1="3130130031">
      <SDL2 Key="2038525736">
        <Unknown>
          <Entry>
            <Values>
              <Entry>
                <Value0>67347</Value0>
                <Value1>0</Value1>
              </Entry>
            </Values>
            <Value0>147456</Value0>
            <Value1>65536</Value1>
          </Entry>
        </Unknown>
        <Dialogs>
          <Dialog>姉ヶ崎</Dialog>
          <Dialog>I'm waiting...</Dialog>
        </Dialogs>
      </SDL2>
    </Entry>
    <Entry Unknown0="1168913290" Unknown1="1633931834">
      <SDL2 Key="2038525736">
        <Unknown>
          <Entry>
            <Values>
              <Entry>
                <Value0>67348</Value0>
                <Value1>0</Value1>
              </Entry>
            </Values>
            <Value0>147456</Value0>
            <Value1>65536</Value1>
          </Entry>
        </Unknown>
        <Dialogs>
          <Dialog>姉ヶ崎</Dialog>
          <Dialog>Hey, hurry and say it.</Dialog>
        </Dialogs>
      </SDL2>
    </Entry>
    <Entry Unknown0="243124055" Unknown1="1446419723">
      <SDL2 Key="2038525736">
        <Unknown>
          <Entry>
            <Values>
              <Entry>
                <Value0>67349</Value0>
                <Value1>0</Value1>
              </Entry>
            </Values>
            <Value0>147456</Value0>
            <Value1>65536</Value1>
          </Entry>
        </Unknown>
        <Dialogs>
          <Dialog>姉ヶ崎</Dialog>
          <Dialog>Hey, can you say it for me？</Dialog>
        </Dialogs>
      </SDL2>
    </Entry>
    <Entry Unknown0="3780218918" Unknown1="184643295">
      <SDL2 Key="2038525736">
        <Unknown>
          <Entry>
            <Values>
              <Entry>
                <Value0>67350</Value0>
                <Value1>0</Value1>
              </Entry>
            </Values>
            <Value0>147456</Value0>
            <Value1>65536</Value1>
          </Entry>
        </Unknown>
        <Dialogs>
          <Dialog>姉ヶ崎</Dialog>
          <Dialog>"Suki, Suki, Daisuki." ...I
beg you.</Dialog>
        </Dialogs>
      </SDL2>
    </Entry>
    <Entry Unknown0="3038553082" Unknown1="4040377002">
      <SDL2 Key="2846988147">
        <Unknown>
          <Entry>
            <Values>
              <Entry>
                <Value0>67351</Value0>
                <Value1>0</Value1>
              </Entry>
            </Values>
            <Value0>147456</Value0>
            <Value1>65536</Value1>
          </Entry>
        </Unknown>
        <Dialogs>
          <Dialog>姉ヶ崎</Dialog>
          <Dialog>Hey！ It's "Suki, Suki,
Daisuki."</Dialog>
        </Dialogs>
      </SDL2>
    </Entry>
    <Entry Unknown0="2129491911" Unknown1="2812677499">
      <SDL2 Key="2846988147">
        <Unknown>
          <Entry>
            <Values>
              <Entry>
                <Value0>67352</Value0>
                <Value1>0</Value1>
              </Entry>
            </Values>
            <Value0>147456</Value0>
            <Value1>65536</Value1>
          </Entry>
        </Unknown>
        <Dialogs>
          <Dialog>姉ヶ崎</Dialog>
          <Dialog>"Suki, Suki, Daisuki." You can
say it, right？</Dialog>
        </Dialogs>
      </SDL2>
    </Entry>
    <Entry Unknown0="1371603094" Unknown1="2624708175">
      <SDL2 Key="2846988147">
        <Unknown>
          <Entry>
            <Values>
              <Entry>
                <Value0>67353</Value0>
                <Value1>0</Value1>
              </Entry>
            </Values>
            <Value0>147456</Value0>
            <Value1>65536</Value1>
          </Entry>
        </Unknown>
        <Dialogs>
          <Dialog>姉ヶ崎</Dialog>
          <Dialog>Not like that... Please say it
again.</Dialog>
        </Dialogs>
      </SDL2>
    </Entry>
    <Entry Unknown0="629986154" Unknown1="1195618842">
      <SDL2 Key="2846988147">
        <Unknown>
          <Entry>
            <Values>
              <Entry>
                <Value0>67354</Value0>
                <Value1>0</Value1>
              </Entry>
            </Values>
            <Value0>147456</Value0>
            <Value1>65536</Value1>
          </Entry>
        </Unknown>
        <Dialogs>
          <Dialog>姉ヶ崎</Dialog>
          <Dialog>No！ Try again.</Dialog>
        </Dialogs>
      </SDL2>
    </Entry>
    <Entry Unknown0="3999131447" Unknown1="806780395">
      <SDL2 Key="2846988147">
        <Unknown>
          <Entry>
            <Values>
              <Entry>
                <Value0>67355</Value0>
                <Value1>0</Value1>
              </Entry>
            </Values>
            <Value0>147456</Value0>
            <Value1>65536</Value1>
          </Entry>
        </Unknown>
        <Dialogs>
          <Dialog>姉ヶ崎</Dialog>
          <Dialog>No. Come on. One more time,
okay？</Dialog>
        </Dialogs>
      </SDL2>
    </Entry>
    <Entry Unknown0="3241259014" Unknown1="3990965951">
      <SDL2 Key="2846988147">
        <Unknown>
          <Entry>
            <Values>
              <Entry>
                <Value0>63537</Value0>
                <Value1>0</Value1>
              </Entry>
            </Values>
            <Value0>147456</Value0>
            <Value1>65536</Value1>
          </Entry>
        </Unknown>
        <Dialogs>
          <Dialog>姉ヶ崎</Dialog>
          <Dialog>Hey... That's really bad,
isn't it？</Dialog>
        </Dialogs>
      </SDL2>
    </Entry>
    <Entry Unknown0="2516337626" Unknown1="3602064010">
      <SDL2 Key="3387936206">
        <Unknown>
          <Entry>
            <Values>
              <Entry>
                <Value0>63537</Value0>
                <Value1>0</Value1>
              </Entry>
            </Values>
            <Value0>147456</Value0>
            <Value1>65536</Value1>
          </Entry>
        </Unknown>
        <Dialogs>
          <Dialog>姉ヶ崎</Dialog>
          <Dialog>Hey... That's really bad,
isn't it？</Dialog>
        </Dialogs>
      </SDL2>
    </Entry>
    <Entry Unknown0="1590499239" Unknown1="2173103451">
      <SDL2 Key="3387936206">
        <Unknown>
          <Entry>
            <Values>
              <Entry>
                <Value0>63537</Value0>
                <Value1>0</Value1>
              </Entry>
            </Values>
            <Value0>147456</Value0>
            <Value1>65536</Value1>
          </Entry>
        </Unknown>
        <Dialogs>
          <Dialog>姉ヶ崎</Dialog>
          <Dialog>Hey... That's really bad,
isn't it？</Dialog>
        </Dialogs>
      </SDL2>
    </Entry>
    <Entry Unknown0="832643190" Unknown1="2119286319">
      <SDL2 Key="3387936206">
        <Unknown>
          <Entry>
            <Values>
              <Entry>
                <Value0>67359</Value0>
                <Value1>0</Value1>
              </Entry>
            </Values>
            <Value0>147456</Value0>
            <Value1>65536</Value1>
          </Entry>
        </Unknown>
        <Dialogs>
          <Dialog>姉ヶ崎</Dialog>
          <Dialog>Ah, you said it.</Dialog>
        </Dialogs>
      </SDL2>
    </Entry>
    <Entry Unknown0="91026250" Unknown1="623088378">
      <SDL2 Key="3387936206">
        <Unknown>
          <Entry>
            <Values>
              <Entry>
                <Value0>67360</Value0>
                <Value1>0</Value1>
              </Entry>
            </Values>
            <Value0>147456</Value0>
            <Value1>65536</Value1>
          </Entry>
        </Unknown>
        <Dialogs>
          <Dialog>姉ヶ崎</Dialog>
          <Dialog>Yes, that's good.</Dialog>
        </Dialogs>
      </SDL2>
    </Entry>
    <Entry Unknown0="3460138775" Unknown1="318135755">
      <SDL2 Key="3387936206">
        <Unknown>
          <Entry>
            <Values>
              <Entry>
                <Value0>67361</Value0>
                <Value1>0</Value1>
              </Entry>
            </Values>
            <Value0>147456</Value0>
            <Value1>65536</Value1>
          </Entry>
        </Unknown>
        <Dialogs>
          <Dialog>姉ヶ崎</Dialog>
          <Dialog>That's right. You did a good
job.</Dialog>
        </Dialogs>
      </SDL2>
    </Entry>
    <Entry Unknown0="2702266598" Unknown1="3485544095">
      <SDL2 Key="2209497509">
        <Unknown>
          <Entry>
            <Values>
              <Entry>
                <Value0>67362</Value0>
                <Value1>0</Value1>
              </Entry>
            </Values>
            <Value0>147456</Value0>
            <Value1>65536</Value1>
          </Entry>
        </Unknown>
        <Dialogs>
          <Dialog>姉ヶ崎</Dialog>
          <Dialog>This is the last time you
would do this, right？</Dialog>
        </Dialogs>
      </SDL2>
    </Entry>
    <Entry Unknown0="1977377722" Unknown1="3029533290">
      <SDL2 Key="2209497509">
        <Unknown>
          <Entry>
            <Values>
              <Entry>
                <Value0>67363</Value0>
                <Value1>0</Value1>
              </Entry>
            </Values>
            <Value0>147456</Value0>
            <Value1>65536</Value1>
          </Entry>
        </Unknown>
        <Dialogs>
          <Dialog>姉ヶ崎</Dialog>
          <Dialog>You will never do this again！
Okay？</Dialog>
        </Dialogs>
      </SDL2>
    </Entry>
    <Entry Unknown0="1051539335" Unknown1="1667681595">
      <SDL2 Key="2209497509">
        <Unknown>
          <Entry>
            <Values>
              <Entry>
                <Value0>67364</Value0>
                <Value1>0</Value1>
              </Entry>
            </Values>
            <Value0>147456</Value0>
            <Value1>65536</Value1>
          </Entry>
        </Unknown>
        <Dialogs>
          <Dialog>姉ヶ崎</Dialog>
          <Dialog>I'll let you off this time,
but never do this again,
okay？</Dialog>
        </Dialogs>
      </SDL2>
    </Entry>
    <Entry Unknown0="293716054" Unknown1="1345429007">
      <SDL2 Key="2209497509">
        <Unknown>
          <Entry>
            <Values>
              <Entry>
                <Value0>67365</Value0>
                <Value1>0</Value1>
              </Entry>
            </Values>
            <Value0>147456</Value0>
            <Value1>65536</Value1>
          </Entry>
        </Unknown>
        <Dialogs>
          <Dialog>姉ヶ崎</Dialog>
          <Dialog>That's enough.</Dialog>
        </Dialogs>
      </SDL2>
    </Entry>
    <Entry Unknown0="3847000874" Unknown1="184775386">
      <SDL2 Key="2209497509">
        <Unknown>
          <Entry>
            <Values>
              <Entry>
                <Value0>67366</Value0>
                <Value1>0</Value1>
              </Entry>
            </Values>
            <Value0>147456</Value0>
            <Value1>65536</Value1>
          </Entry>
        </Unknown>
        <Dialogs>
          <Dialog>姉ヶ崎</Dialog>
          <Dialog>If you keep doing things like
this, I'll have to do
something, too.</Dialog>
        </Dialogs>
      </SDL2>
    </Entry>
    <Entry Unknown0="2921179127" Unknown1="4241898923">
      <SDL2 Key="2209497509">
        <Unknown>
          <Entry>
            <Values>
              <Entry>
                <Value0>67367</Value0>
                <Value1>0</Value1>
              </Entry>
            </Values>
            <Value0>147456</Value0>
            <Value1>65536</Value1>
          </Entry>
        </Unknown>
        <Dialogs>
          <Dialog>姉ヶ崎</Dialog>
          <Dialog>Hah... Why are you being
quiet？</Dialog>
        </Dialogs>
      </SDL2>
    </Entry>
    <Entry Unknown0="2180083910" Unknown1="3433107071">
      <SDL2 Key="3017963519">
        <Unknown>
          <Entry>
            <Values>
              <Entry>
                <Value0>67368</Value0>
                <Value1>0</Value1>
              </Entry>
            </Values>
            <Value0>147456</Value0>
            <Value1>65536</Value1>
          </Entry>
        </Unknown>
        <Dialogs>
          <Dialog>姉ヶ崎</Dialog>
          <Dialog>You turned off the power
without saving so many
times... Did I do something
bad？</Dialog>
        </Dialogs>
      </SDL2>
    </Entry>
    <Entry Unknown0="1438385050" Unknown1="4151566922">
      <SDL2 Key="3017963519">
        <Unknown>
          <Entry>
            <Values>
              <Entry>
                <Value0>67369</Value0>
                <Value1>0</Value1>
              </Entry>
            </Values>
            <Value0>147456</Value0>
            <Value1>65536</Value1>
          </Entry>
        </Unknown>
        <Dialogs>
          <Dialog>姉ヶ崎</Dialog>
          <Dialog>You turned off the power
without saving again. How many
times already？</Dialog>
        </Dialogs>
      </SDL2>
    </Entry>
    <Entry Unknown0="512612199" Unknown1="541502747">
      <SDL2 Key="3017963519">
        <Unknown>
          <Entry>
            <Values>
              <Entry>
                <Value0>67370</Value0>
                <Value1>0</Value1>
              </Entry>
            </Values>
            <Value0>147456</Value0>
            <Value1>65536</Value1>
          </Entry>
        </Unknown>
        <Dialogs>
          <Dialog>姉ヶ崎</Dialog>
          <Dialog>I told you so many times.
Don't turn off the power
without saving.</Dialog>
        </Dialogs>
      </SDL2>
    </Entry>
    <Entry Unknown0="4049723446" Unknown1="1561427695">
      <SDL2 Key="3017963519">
        <Unknown>
          <Entry>
            <Values>
              <Entry>
                <Value0>67371</Value0>
                <Value1>0</Value1>
              </Entry>
            </Values>
            <Value0>147456</Value0>
            <Value1>65536</Value1>
          </Entry>
        </Unknown>
        <Dialogs>
          <Dialog>姉ヶ崎</Dialog>
          <Dialog>Will you say "Nene wo ichiban
aishiteru" (I love Nene the
most) for me？ If you do, I'll
forgive you.</Dialog>
        </Dialogs>
      </SDL2>
    </Entry>
    <Entry Unknown0="3308040970" Unknown1="2263044794">
      <SDL2 Key="3017963519">
        <Unknown>
          <Entry>
            <Values>
              <Entry>
                <Value0>67372</Value0>
                <Value1>0</Value1>
              </Entry>
            </Values>
            <Value0>147456</Value0>
            <Value1>65536</Value1>
          </Entry>
        </Unknown>
        <Dialogs>
          <Dialog>姉ヶ崎</Dialog>
          <Dialog>If you want me to forgive you,
say "Nene wo ichiban
aishiteru" (I love Nene the
most) now.</Dialog>
        </Dialogs>
      </SDL2>
    </Entry>
    <Entry Unknown0="2398963671" Unknown1="2981502347">
      <SDL2 Key="1806953174">
        <Unknown>
          <Entry>
            <Values>
              <Entry>
                <Value0>67373</Value0>
                <Value1>0</Value1>
              </Entry>
            </Values>
            <Value0>147456</Value0>
            <Value1>65536</Value1>
          </Entry>
        </Unknown>
        <Dialogs>
          <Dialog>姉ヶ崎</Dialog>
          <Dialog>Say "Nene wo ichiban
aishiteru" (I love Nene the
most) or I won't forgive
you！</Dialog>
        </Dialogs>
      </SDL2>
    </Entry>
    <Entry Unknown0="1641091238" Unknown1="4001492575">
      <SDL2 Key="1806953174">
        <Unknown>
          <Entry>
            <Values>
              <Entry>
                <Value0>67374</Value0>
                <Value1>0</Value1>
              </Entry>
            </Values>
            <Value0>147456</Value0>
            <Value1>65536</Value1>
          </Entry>
        </Unknown>
        <Dialogs>
          <Dialog>姉ヶ崎</Dialog>
          <Dialog>Hey, I beg you... Say it.</Dialog>
        </Dialogs>
      </SDL2>
    </Entry>
    <Entry Unknown0="899425146" Unknown1="357810730">
      <SDL2 Key="1806953174">
        <Unknown>
          <Entry>
            <Values>
              <Entry>
                <Value0>67375</Value0>
                <Value1>0</Value1>
              </Entry>
            </Values>
            <Value0>147456</Value0>
            <Value1>65536</Value1>
          </Entry>
        </Unknown>
        <Dialogs>
          <Dialog>姉ヶ崎</Dialog>
          <Dialog>Hey, say it now.</Dialog>
        </Dialogs>
      </SDL2>
    </Entry>
    <Entry Unknown0="4268619591" Unknown1="1109822971">
      <SDL2 Key="1806953174">
        <Unknown>
          <Entry>
            <Values>
              <Entry>
                <Value0>67376</Value0>
                <Value1>0</Value1>
              </Entry>
            </Values>
            <Value0>147456</Value0>
            <Value1>65536</Value1>
          </Entry>
        </Unknown>
        <Dialogs>
          <Dialog>姉ヶ崎</Dialog>
          <Dialog>Come on. Say it.</Dialog>
        </Dialogs>
      </SDL2>
    </Entry>
    <Entry Unknown0="3510730774" Unknown1="2146524879">
      <SDL2 Key="1806953174">
        <Unknown>
          <Entry>
            <Values>
              <Entry>
                <Value0>67377</Value0>
                <Value1>0</Value1>
              </Entry>
            </Values>
            <Value0>147456</Value0>
            <Value1>65536</Value1>
          </Entry>
        </Unknown>
        <Dialogs>
          <Dialog>姉ヶ崎</Dialog>
          <Dialog>Hey, just say it. I beg you...</Dialog>
        </Dialogs>
      </SDL2>
    </Entry>
    <Entry Unknown0="2769048554" Unknown1="2764255898">
      <SDL2 Key="2615353650">
        <Unknown>
          <Entry>
            <Values>
              <Entry>
                <Value0>67378</Value0>
                <Value1>0</Value1>
              </Entry>
            </Values>
            <Value0>147456</Value0>
            <Value1>65536</Value1>
          </Entry>
        </Unknown>
        <Dialogs>
          <Dialog>姉ヶ崎</Dialog>
          <Dialog>I can't hear you！</Dialog>
        </Dialogs>
      </SDL2>
    </Entry>
    <Entry Unknown0="1860003767" Unknown1="3549887851">
      <SDL2 Key="2615353650">
        <Unknown>
          <Entry>
            <Values>
              <Entry>
                <Value0>67379</Value0>
                <Value1>0</Value1>
              </Entry>
            </Values>
            <Value0>147456</Value0>
            <Value1>65536</Value1>
          </Entry>
        </Unknown>
        <Dialogs>
          <Dialog>姉ヶ崎</Dialog>
          <Dialog>That's not right. Hey, say it
now.</Dialog>
        </Dialogs>
      </SDL2>
    </Entry>
    <Entry Unknown0="1102131334" Unknown1="6409791">
      <SDL2 Key="2615353650">
        <Unknown>
          <Entry>
            <Values>
              <Entry>
                <Value0>67380</Value0>
                <Value1>0</Value1>
              </Entry>
            </Values>
            <Value0>147456</Value0>
            <Value1>65536</Value1>
          </Entry>
        </Unknown>
        <Dialogs>
          <Dialog>姉ヶ崎</Dialog>
          <Dialog>I see... You won't say it for
me...</Dialog>
        </Dialogs>
      </SDL2>
    </Entry>
    <Entry Unknown0="360498010" Unknown1="993239562">
      <SDL2 Key="2615353650">
        <Unknown>
          <Entry>
            <Values>
              <Entry>
                <Value0>67381</Value0>
                <Value1>0</Value1>
              </Entry>
            </Values>
            <Value0>147456</Value0>
            <Value1>65536</Value1>
          </Entry>
        </Unknown>
        <Dialogs>
          <Dialog>姉ヶ崎</Dialog>
          <Dialog>Hmm... You won't say it.</Dialog>
        </Dialogs>
      </SDL2>
    </Entry>
    <Entry Unknown0="3729626919" Unknown1="1812360667">
      <SDL2 Key="2615353650">
        <Unknown>
          <Entry>
            <Values>
              <Entry>
                <Value0>67382</Value0>
                <Value1>0</Value1>
              </Entry>
            </Values>
            <Value0>147456</Value0>
            <Value1>65536</Value1>
          </Entry>
        </Unknown>
        <Dialogs>
          <Dialog>姉ヶ崎</Dialog>
          <Dialog>I see... You don't want to say
it.</Dialog>
        </Dialogs>
      </SDL2>
    </Entry>
    <Entry Unknown0="2971771126" Unknown1="2446409391">
      <SDL2 Key="3139651484">
        <Unknown>
          <Entry>
            <Values>
              <Entry>
                <Value0>67383</Value0>
                <Value1>0</Value1>
              </Entry>
            </Values>
            <Value0>147456</Value0>
            <Value1>65536</Value1>
          </Entry>
        </Unknown>
        <Dialogs>
          <Dialog>姉ヶ崎</Dialog>
          <Dialog>Really？ Yeah, it's okay then.</Dialog>
        </Dialogs>
      </SDL2>
    </Entry>
    <Entry Unknown0="2246865866" Unknown1="3399684730">
      <SDL2 Key="3139651484">
        <Unknown>
          <Entry>
            <Values>
              <Entry>
                <Value0>67384</Value0>
                <Value1>0</Value1>
              </Entry>
            </Values>
            <Value0>147456</Value0>
            <Value1>65536</Value1>
          </Entry>
        </Unknown>
        <Dialogs>
          <Dialog>姉ヶ崎</Dialog>
          <Dialog>It's true, right？</Dialog>
        </Dialogs>
      </SDL2>
    </Entry>
    <Entry Unknown0="1321011095" Unknown1="4252425547">
      <SDL2 Key="3139651484">
        <Unknown>
          <Entry>
            <Values>
              <Entry>
                <Value0>67385</Value0>
                <Value1>0</Value1>
              </Entry>
            </Values>
            <Value0>147456</Value0>
            <Value1>65536</Value1>
          </Entry>
        </Unknown>
        <Dialogs>
          <Dialog>姉ヶ崎</Dialog>
          <Dialog>Hehe, it's okay then.</Dialog>
        </Dialogs>
      </SDL2>
    </Entry>
    <Entry Unknown0="563204198" Unknown1="574729759">
      <SDL2 Key="3139651484">
        <Unknown>
          <Entry>
            <Values>
              <Entry>
                <Value0>67386</Value0>
                <Value1>0</Value1>
              </Entry>
            </Values>
            <Value0>147456</Value0>
            <Value1>65536</Value1>
          </Entry>
        </Unknown>
        <Dialogs>
          <Dialog>姉ヶ崎</Dialog>
          <Dialog>Next... Can you say
"Aishiteru" (I love you) 3
times？</Dialog>
        </Dialogs>
      </SDL2>
    </Entry>
    <Entry Unknown0="4116505402" Unknown1="1494450922">
      <SDL2 Key="3139651484">
        <Unknown>
          <Entry>
            <Values>
              <Entry>
                <Value0>67387</Value0>
                <Value1>0</Value1>
              </Entry>
            </Values>
            <Value0>147456</Value0>
            <Value1>65536</Value1>
          </Entry>
        </Unknown>
        <Dialogs>
          <Dialog>姉ヶ崎</Dialog>
          <Dialog>Next, say "Aishiteru" (I love
you) 3 times.</Dialog>
        </Dialogs>
      </SDL2>
    </Entry>
    <Entry Unknown0="3190667015" Unknown1="2397457851">
      <SDL2 Key="3139651484">
        <Unknown>
          <Entry>
            <Values>
              <Entry>
                <Value0>67388</Value0>
                <Value1>0</Value1>
              </Entry>
            </Values>
            <Value0>147456</Value0>
            <Value1>65536</Value1>
          </Entry>
        </Unknown>
        <Dialogs>
          <Dialog>姉ヶ崎</Dialog>
          <Dialog>The next one is... Can you say
"Aishiteru" (I love you) 3
times？</Dialog>
        </Dialogs>
      </SDL2>
    </Entry>
    <Entry Unknown0="2432778454" Unknown1="3014729359">
      <SDL2 Key="1977994083">
        <Unknown>
          <Entry>
            <Values>
              <Entry>
                <Value0>67389</Value0>
                <Value1>0</Value1>
              </Entry>
            </Values>
            <Value0>147456</Value0>
            <Value1>65536</Value1>
          </Entry>
        </Unknown>
        <Dialogs>
          <Dialog>姉ヶ崎</Dialog>
          <Dialog>I beg you, so...</Dialog>
        </Dialogs>
      </SDL2>
    </Entry>
    <Entry Unknown0="1707873194" Unknown1="3900961370">
      <SDL2 Key="1977994083">
        <Unknown>
          <Entry>
            <Values>
              <Entry>
                <Value0>67390</Value0>
                <Value1>0</Value1>
              </Entry>
            </Values>
            <Value0>147456</Value0>
            <Value1>65536</Value1>
          </Entry>
        </Unknown>
        <Dialogs>
          <Dialog>姉ヶ崎</Dialog>
          <Dialog>Please. Okay？</Dialog>
        </Dialogs>
      </SDL2>
    </Entry>
    <Entry Unknown0="782051191" Unknown1="525778219">
      <SDL2 Key="1977994083">
        <Unknown>
          <Entry>
            <Values>
              <Entry>
                <Value0>67391</Value0>
                <Value1>0</Value1>
              </Entry>
            </Values>
            <Value0>147456</Value0>
            <Value1>65536</Value1>
          </Entry>
        </Unknown>
        <Dialogs>
          <Dialog>姉ヶ崎</Dialog>
          <Dialog>P-l-e-a-s-e.</Dialog>
        </Dialogs>
      </SDL2>
    </Entry>
    <Entry Unknown0="24244294" Unknown1="1143049983">
      <SDL2 Key="1977994083">
        <Unknown>
          <Entry>
            <Values>
              <Entry>
                <Value0>67392</Value0>
                <Value1>0</Value1>
              </Entry>
            </Values>
            <Value0>147456</Value0>
            <Value1>65536</Value1>
          </Entry>
        </Unknown>
        <Dialogs>
          <Dialog>姉ヶ崎</Dialog>
          <Dialog>That wasn't right...</Dialog>
        </Dialogs>
      </SDL2>
    </Entry>
    <Entry Unknown0="3577512730" Unknown1="2146656970">
      <SDL2 Key="1977994083">
        <Unknown>
          <Entry>
            <Values>
              <Entry>
                <Value0>67393</Value0>
                <Value1>0</Value1>
              </Entry>
            </Values>
            <Value0>147456</Value0>
            <Value1>65536</Value1>
          </Entry>
        </Unknown>
        <Dialogs>
          <Dialog>姉ヶ崎</Dialog>
          <Dialog>I told you it wasn't right.</Dialog>
        </Dialogs>
      </SDL2>
    </Entry>
    <Entry Unknown0="2651674599" Unknown1="2831560091">
      <SDL2 Key="2770657981">
        <Unknown>
          <Entry>
            <Values>
              <Entry>
                <Value0>67394</Value0>
                <Value1>0</Value1>
              </Entry>
            </Values>
            <Value0>147456</Value0>
            <Value1>65536</Value1>
          </Entry>
        </Unknown>
        <Dialogs>
          <Dialog>姉ヶ崎</Dialog>
          <Dialog>No, that wasn't right.</Dialog>
        </Dialogs>
      </SDL2>
    </Entry>
    <Entry Unknown0="1910595766" Unknown1="3583114863">
      <SDL2 Key="2770657981">
        <Unknown>
          <Entry>
            <Values>
              <Entry>
                <Value0>67395</Value0>
                <Value1>0</Value1>
              </Entry>
            </Values>
            <Value0>147456</Value0>
            <Value1>65536</Value1>
          </Entry>
        </Unknown>
        <Dialogs>
          <Dialog>姉ヶ崎</Dialog>
          <Dialog>Yes... Me, too...</Dialog>
        </Dialogs>
      </SDL2>
    </Entry>
    <Entry Unknown0="1168913290" Unknown1="241422906">
      <SDL2 Key="2770657981">
        <Unknown>
          <Entry>
            <Values>
              <Entry>
                <Value0>67396</Value0>
                <Value1>0</Value1>
              </Entry>
            </Values>
            <Value0>147456</Value0>
            <Value1>65536</Value1>
          </Entry>
        </Unknown>
        <Dialogs>
          <Dialog>姉ヶ崎</Dialog>
          <Dialog>Is that so？ Me, too.</Dialog>
        </Dialogs>
      </SDL2>
    </Entry>
    <Entry Unknown0="243124055" Unknown1="959880459">
      <SDL2 Key="2770657981">
        <Unknown>
          <Entry>
            <Values>
              <Entry>
                <Value0>67397</Value0>
                <Value1>0</Value1>
              </Entry>
            </Values>
            <Value0>147456</Value0>
            <Value1>65536</Value1>
          </Entry>
        </Unknown>
        <Dialogs>
          <Dialog>姉ヶ崎</Dialog>
          <Dialog>Teehee, me, too！</Dialog>
        </Dialogs>
      </SDL2>
    </Entry>
    <Entry Unknown0="3780218918" Unknown1="1711369951">
      <SDL2 Key="2770657981">
        <Unknown>
          <Entry>
            <Values>
              <Entry>
                <Value0>67398</Value0>
                <Value1>0</Value1>
              </Entry>
            </Values>
            <Value0>147456</Value0>
            <Value1>65536</Value1>
          </Entry>
        </Unknown>
        <Dialogs>
          <Dialog>姉ヶ崎</Dialog>
          <Dialog>You won't do this again,
right？ I don't want you to
delete our memories...</Dialog>
        </Dialogs>
      </SDL2>
    </Entry>
    <Entry Unknown0="3038553082" Unknown1="2647868074">
      <SDL2 Key="2770657981">
        <Unknown>
          <Entry>
            <Values>
              <Entry>
                <Value0>67399</Value0>
                <Value1>0</Value1>
              </Entry>
            </Values>
            <Value0>147456</Value0>
            <Value1>65536</Value1>
          </Entry>
        </Unknown>
        <Dialogs>
          <Dialog>姉ヶ崎</Dialog>
          <Dialog>You won't do this again,
right？ You must treasure our
memories.</Dialog>
        </Dialogs>
      </SDL2>
    </Entry>
    <Entry Unknown0="2129491911" Unknown1="3399880059">
      <SDL2 Key="1843819924">
        <Unknown>
          <Entry>
            <Values>
              <Entry>
                <Value0>67400</Value0>
                <Value1>0</Value1>
              </Entry>
            </Values>
            <Value0>147456</Value0>
            <Value1>65536</Value1>
          </Entry>
        </Unknown>
        <Dialogs>
          <Dialog>姉ヶ崎</Dialog>
          <Dialog>I don't like this. Do you
understand？</Dialog>
        </Dialogs>
      </SDL2>
    </Entry>
    <Entry Unknown0="1371603094" Unknown1="4151434831">
      <SDL2 Key="1843819924">
        <Unknown>
          <Entry>
            <Values>
              <Entry>
                <Value0>67401</Value0>
                <Value1>0</Value1>
              </Entry>
            </Values>
            <Value0>147456</Value0>
            <Value1>65536</Value1>
          </Entry>
        </Unknown>
        <Dialogs>
          <Dialog>姉ヶ崎</Dialog>
          <Dialog>D-Did I do something bad that
made you do this to me...？</Dialog>
        </Dialogs>
      </SDL2>
    </Entry>
    <Entry Unknown0="629986154" Unknown1="742634010">
      <SDL2 Key="1843819924">
        <Unknown>
          <Entry>
            <Values>
              <Entry>
                <Value0>67402</Value0>
                <Value1>0</Value1>
              </Entry>
            </Values>
            <Value0>147456</Value0>
            <Value1>65536</Value1>
          </Entry>
        </Unknown>
        <Dialogs>
          <Dialog>姉ヶ崎</Dialog>
          <Dialog>I trusted you too much, I
guess.</Dialog>
        </Dialogs>
      </SDL2>
    </Entry>
    <Entry Unknown0="3999131447" Unknown1="1528200683">
      <SDL2 Key="1843819924">
        <Unknown>
          <Entry>
            <Values>
              <Entry>
                <Value0>67403</Value0>
                <Value1>0</Value1>
              </Entry>
            </Values>
            <Value0>147456</Value0>
            <Value1>65536</Value1>
          </Entry>
        </Unknown>
        <Dialogs>
          <Dialog>姉ヶ崎</Dialog>
          <Dialog>I thought I could trust you.
I'm such an idiot...</Dialog>
        </Dialogs>
      </SDL2>
    </Entry>
  </Entries>
</DBIN2>