<?xml version="1.0" encoding="utf-8"?>
<DBIN2 xmlns:xsi="http://www.w3.org/2001/XMLSchema-instance" xmlns:xsd="http://www.w3.org/2001/XMLSchema" Key="3609405509" Unknown="9">
  <Entries>
    <Entry Unknown0="1515616562" Unknown1="757532932">
      <SDL2 Key="3214926563">
        <Unknown>
          <Entry>
            <Values>
              <Entry>
                <Value0>4294901762</Value0>
                <Value1>0</Value1>
              </Entry>
              <Entry>
                <Value0>68071</Value0>
                <Value1>500</Value1>
              </Entry>
            </Values>
            <Value0>147456</Value0>
            <Value1>65536</Value1>
          </Entry>
          <Entry>
            <Values />
            <Value0>147458</Value0>
            <Value1>196608</Value1>
          </Entry>
          <Entry>
            <Values>
              <Entry>
                <Value0>4294901770</Value0>
                <Value1>0</Value1>
              </Entry>
              <Entry>
                <Value0>68072</Value0>
                <Value1>500</Value1>
              </Entry>
            </Values>
            <Value0>147456</Value0>
            <Value1>262144</Value1>
          </Entry>
          <Entry>
            <Values />
            <Value0>147458</Value0>
            <Value1>327680</Value1>
          </Entry>
          <Entry>
            <Values />
            <Value0>65542</Value0>
            <Value1>65543</Value1>
          </Entry>
          <Entry>
            <Values />
            <Value0>65543</Value0>
            <Value1>65544</Value1>
          </Entry>
          <Entry>
            <Values />
            <Value0>65544</Value0>
            <Value1>147458</Value1>
          </Entry>
          <Entry>
            <Values />
            <Value0>147458</Value0>
            <Value1>589824</Value1>
          </Entry>
          <Entry>
            <Values>
              <Entry>
                <Value0>68073</Value0>
                <Value1>0</Value1>
              </Entry>
            </Values>
            <Value0>147456</Value0>
            <Value1>655360</Value1>
          </Entry>
          <Entry>
            <Values />
            <Value0>147458</Value0>
            <Value1>720896</Value1>
          </Entry>
          <Entry>
            <Values />
            <Value0>147458</Value0>
            <Value1>786432</Value1>
          </Entry>
          <Entry>
            <Values />
            <Value0>65549</Value0>
            <Value1>65550</Value1>
          </Entry>
          <Entry>
            <Values />
            <Value0>65550</Value0>
            <Value1>65551</Value1>
          </Entry>
          <Entry>
            <Values />
            <Value0>65551</Value0>
            <Value1>65552</Value1>
          </Entry>
          <Entry>
            <Values />
            <Value0>65552</Value0>
            <Value1>65544</Value1>
          </Entry>
          <Entry>
            <Values />
            <Value0>65544</Value0>
            <Value1>147458</Value1>
          </Entry>
          <Entry>
            <Values />
            <Value0>147458</Value0>
            <Value1>1114112</Value1>
          </Entry>
          <Entry>
            <Values>
              <Entry>
                <Value0>68074</Value0>
                <Value1>0</Value1>
              </Entry>
            </Values>
            <Value0>147456</Value0>
            <Value1>1179648</Value1>
          </Entry>
          <Entry>
            <Values>
              <Entry>
                <Value0>4294901762</Value0>
                <Value1>0</Value1>
              </Entry>
              <Entry>
                <Value0>68075</Value0>
                <Value1>500</Value1>
              </Entry>
            </Values>
            <Value0>147456</Value0>
            <Value1>1245184</Value1>
          </Entry>
          <Entry>
            <Values />
            <Value0>147458</Value0>
            <Value1>1310720</Value1>
          </Entry>
          <Entry>
            <Values>
              <Entry>
                <Value0>68076</Value0>
                <Value1>0</Value1>
              </Entry>
            </Values>
            <Value0>147456</Value0>
            <Value1>1376256</Value1>
          </Entry>
          <Entry>
            <Values />
            <Value0>147458</Value0>
            <Value1>1441792</Value1>
          </Entry>
          <Entry>
            <Values />
            <Value0>147458</Value0>
            <Value1>1507328</Value1>
          </Entry>
          <Entry>
            <Values />
            <Value0>147458</Value0>
            <Value1>1572864</Value1>
          </Entry>
          <Entry>
            <Values>
              <Entry>
                <Value0>68077</Value0>
                <Value1>0</Value1>
              </Entry>
            </Values>
            <Value0>147456</Value0>
            <Value1>1638400</Value1>
          </Entry>
          <Entry>
            <Values />
            <Value0>147458</Value0>
            <Value1>1703936</Value1>
          </Entry>
        </Unknown>
        <Dialogs>
          <Dialog>姉ヶ崎</Dialog>
          <Dialog>▲主人公＊▲.
I have something to ask you.</Dialog>
          <Dialog>○○○○○○○○</Dialog>
          <Dialog>What is it？</Dialog>
          <Dialog>▲新主人公▲.
Can I call you like this？</Dialog>
          <Dialog>Well, that is...</Dialog>
          <Dialog>Yes, that's okay</Dialog>
          <Dialog>How about something else？</Dialog>
          <Dialog>The usual name is better</Dialog>
          <Dialog>Yes, that's okay.</Dialog>
          <Dialog>I'm glad. It's a little
embarrassing but I just wanted
to try it▼</Dialog>
          <Dialog>(▲主人公＊▲...？
That sounds nice.)</Dialog>
          <Dialog>Hmm... How about trying
something else...？</Dialog>
          <Dialog>▲生成選択肢１▲</Dialog>
          <Dialog>▲生成選択肢２▲</Dialog>
          <Dialog>▲生成選択肢３▲</Dialog>
          <Dialog>▲生成選択肢４▲</Dialog>
          <Dialog>▲新主人公▲.
How about this one？</Dialog>
          <Dialog>Eh？ Okay, I got it.</Dialog>
          <Dialog>▲主人公＊▲.
This sounds wonderful, right？</Dialog>
          <Dialog>(Yes, not bad！)</Dialog>
          <Dialog>I think you'd better stop
that.</Dialog>
          <Dialog>Really...？ Sorry.</Dialog>
          <Dialog>(That's no good？)</Dialog>
          <Dialog>Isn't it already good the way
it is？</Dialog>
          <Dialog>That's right. I'm sorry.</Dialog>
          <Dialog>(The usual name is the best！)</Dialog>
        </Dialogs>
      </SDL2>
    </Entry>
    <Entry Unknown0="2290242400" Unknown1="1497249584">
      <SDL2 Key="3214926563">
        <Unknown>
          <Entry>
            <Values>
              <Entry>
                <Value0>4294901770</Value0>
                <Value1>0</Value1>
              </Entry>
            </Values>
            <Value0>147456</Value0>
            <Value1>65536</Value1>
          </Entry>
          <Entry>
            <Values />
            <Value0>147458</Value0>
            <Value1>196608</Value1>
          </Entry>
          <Entry>
            <Values>
              <Entry>
                <Value0>68078</Value0>
                <Value1>0</Value1>
              </Entry>
            </Values>
            <Value0>147456</Value0>
            <Value1>262144</Value1>
          </Entry>
          <Entry>
            <Values />
            <Value0>147458</Value0>
            <Value1>327680</Value1>
          </Entry>
          <Entry>
            <Values />
            <Value0>65542</Value0>
            <Value1>65543</Value1>
          </Entry>
          <Entry>
            <Values />
            <Value0>65543</Value0>
            <Value1>65544</Value1>
          </Entry>
          <Entry>
            <Values />
            <Value0>65544</Value0>
            <Value1>147458</Value1>
          </Entry>
          <Entry>
            <Values />
            <Value0>147458</Value0>
            <Value1>589824</Value1>
          </Entry>
          <Entry>
            <Values>
              <Entry>
                <Value0>68079</Value0>
                <Value1>0</Value1>
              </Entry>
            </Values>
            <Value0>147456</Value0>
            <Value1>655360</Value1>
          </Entry>
          <Entry>
            <Values />
            <Value0>147458</Value0>
            <Value1>720896</Value1>
          </Entry>
          <Entry>
            <Values />
            <Value0>147458</Value0>
            <Value1>786432</Value1>
          </Entry>
          <Entry>
            <Values />
            <Value0>65549</Value0>
            <Value1>65550</Value1>
          </Entry>
          <Entry>
            <Values />
            <Value0>65550</Value0>
            <Value1>65551</Value1>
          </Entry>
          <Entry>
            <Values />
            <Value0>65551</Value0>
            <Value1>65552</Value1>
          </Entry>
          <Entry>
            <Values />
            <Value0>65552</Value0>
            <Value1>65544</Value1>
          </Entry>
          <Entry>
            <Values />
            <Value0>65544</Value0>
            <Value1>147458</Value1>
          </Entry>
          <Entry>
            <Values />
            <Value0>147458</Value0>
            <Value1>1114112</Value1>
          </Entry>
          <Entry>
            <Values>
              <Entry>
                <Value0>68080</Value0>
                <Value1>0</Value1>
              </Entry>
            </Values>
            <Value0>147456</Value0>
            <Value1>1179648</Value1>
          </Entry>
          <Entry>
            <Values>
              <Entry>
                <Value0>4294901762</Value0>
                <Value1>0</Value1>
              </Entry>
              <Entry>
                <Value0>68081</Value0>
                <Value1>500</Value1>
              </Entry>
            </Values>
            <Value0>147456</Value0>
            <Value1>1245184</Value1>
          </Entry>
          <Entry>
            <Values />
            <Value0>147458</Value0>
            <Value1>1310720</Value1>
          </Entry>
          <Entry>
            <Values>
              <Entry>
                <Value0>68082</Value0>
                <Value1>0</Value1>
              </Entry>
            </Values>
            <Value0>147456</Value0>
            <Value1>1376256</Value1>
          </Entry>
          <Entry>
            <Values />
            <Value0>147458</Value0>
            <Value1>1441792</Value1>
          </Entry>
          <Entry>
            <Values />
            <Value0>147458</Value0>
            <Value1>1507328</Value1>
          </Entry>
          <Entry>
            <Values />
            <Value0>147458</Value0>
            <Value1>1572864</Value1>
          </Entry>
          <Entry>
            <Values>
              <Entry>
                <Value0>68083</Value0>
                <Value1>0</Value1>
              </Entry>
            </Values>
            <Value0>147456</Value0>
            <Value1>1638400</Value1>
          </Entry>
          <Entry>
            <Values />
            <Value0>147458</Value0>
            <Value1>1703936</Value1>
          </Entry>
        </Unknown>
        <Dialogs>
          <Dialog>姉ヶ崎</Dialog>
          <Dialog>▲新主人公▲.</Dialog>
          <Dialog>○○○○○○○○</Dialog>
          <Dialog>What was that？</Dialog>
          <Dialog>If I call you like this from
now on, what would you say？</Dialog>
          <Dialog>Well, that is...</Dialog>
          <Dialog>Yes, that's okay</Dialog>
          <Dialog>How about something else？</Dialog>
          <Dialog>The usual name is better</Dialog>
          <Dialog>Yes, that's okay.</Dialog>
          <Dialog>Hehe. I like it when you
listen to what I say like
this.</Dialog>
          <Dialog>(▲主人公＊▲...？
That sounds nice.)</Dialog>
          <Dialog>Hmm... How about trying
something else...？</Dialog>
          <Dialog>▲生成選択肢１▲</Dialog>
          <Dialog>▲生成選択肢２▲</Dialog>
          <Dialog>▲生成選択肢３▲</Dialog>
          <Dialog>▲生成選択肢４▲</Dialog>
          <Dialog>▲新主人公▲.
How about this one？</Dialog>
          <Dialog>Well... Fine.</Dialog>
          <Dialog>▲主人公＊▲.
Yeah, not bad, right？</Dialog>
          <Dialog>(Yes, not bad！)</Dialog>
          <Dialog>That's impossible, I guess.</Dialog>
          <Dialog>Eh？ Really...？ Sorry.</Dialog>
          <Dialog>(That's no good？)</Dialog>
          <Dialog>Isn't it already good the way
it is？</Dialog>
          <Dialog>Geez. I was being daring and
all.</Dialog>
          <Dialog>(The usual name is the best！)</Dialog>
        </Dialogs>
      </SDL2>
    </Entry>
    <Entry Unknown0="3029902732" Unknown1="1869177670">
      <SDL2 Key="2011113565">
        <Unknown>
          <Entry>
            <Values>
              <Entry>
                <Value0>4294901762</Value0>
                <Value1>0</Value1>
              </Entry>
            </Values>
            <Value0>147456</Value0>
            <Value1>65536</Value1>
          </Entry>
          <Entry>
            <Values />
            <Value0>147458</Value0>
            <Value1>196608</Value1>
          </Entry>
          <Entry>
            <Values>
              <Entry>
                <Value0>4294901770</Value0>
                <Value1>0</Value1>
              </Entry>
              <Entry>
                <Value0>68084</Value0>
                <Value1>500</Value1>
              </Entry>
            </Values>
            <Value0>147456</Value0>
            <Value1>262144</Value1>
          </Entry>
          <Entry>
            <Values />
            <Value0>147458</Value0>
            <Value1>327680</Value1>
          </Entry>
          <Entry>
            <Values />
            <Value0>65542</Value0>
            <Value1>65543</Value1>
          </Entry>
          <Entry>
            <Values />
            <Value0>65543</Value0>
            <Value1>65544</Value1>
          </Entry>
          <Entry>
            <Values />
            <Value0>65544</Value0>
            <Value1>147458</Value1>
          </Entry>
          <Entry>
            <Values />
            <Value0>147458</Value0>
            <Value1>589824</Value1>
          </Entry>
          <Entry>
            <Values>
              <Entry>
                <Value0>68085</Value0>
                <Value1>0</Value1>
              </Entry>
            </Values>
            <Value0>147456</Value0>
            <Value1>655360</Value1>
          </Entry>
          <Entry>
            <Values />
            <Value0>147458</Value0>
            <Value1>720896</Value1>
          </Entry>
          <Entry>
            <Values />
            <Value0>147458</Value0>
            <Value1>786432</Value1>
          </Entry>
          <Entry>
            <Values />
            <Value0>65549</Value0>
            <Value1>65550</Value1>
          </Entry>
          <Entry>
            <Values />
            <Value0>65550</Value0>
            <Value1>65551</Value1>
          </Entry>
          <Entry>
            <Values />
            <Value0>65551</Value0>
            <Value1>65552</Value1>
          </Entry>
          <Entry>
            <Values />
            <Value0>65552</Value0>
            <Value1>65544</Value1>
          </Entry>
          <Entry>
            <Values />
            <Value0>65544</Value0>
            <Value1>147458</Value1>
          </Entry>
          <Entry>
            <Values />
            <Value0>147458</Value0>
            <Value1>1114112</Value1>
          </Entry>
          <Entry>
            <Values>
              <Entry>
                <Value0>4294901762</Value0>
                <Value1>0</Value1>
              </Entry>
            </Values>
            <Value0>147456</Value0>
            <Value1>65536</Value1>
          </Entry>
          <Entry>
            <Values>
              <Entry>
                <Value0>68086</Value0>
                <Value1>0</Value1>
              </Entry>
            </Values>
            <Value0>147456</Value0>
            <Value1>1179648</Value1>
          </Entry>
          <Entry>
            <Values />
            <Value0>147458</Value0>
            <Value1>1245184</Value1>
          </Entry>
          <Entry>
            <Values>
              <Entry>
                <Value0>68087</Value0>
                <Value1>0</Value1>
              </Entry>
            </Values>
            <Value0>147456</Value0>
            <Value1>1310720</Value1>
          </Entry>
          <Entry>
            <Values />
            <Value0>147458</Value0>
            <Value1>1376256</Value1>
          </Entry>
          <Entry>
            <Values />
            <Value0>147458</Value0>
            <Value1>1441792</Value1>
          </Entry>
          <Entry>
            <Values>
              <Entry>
                <Value0>68088</Value0>
                <Value1>0</Value1>
              </Entry>
            </Values>
            <Value0>147456</Value0>
            <Value1>1507328</Value1>
          </Entry>
          <Entry>
            <Values />
            <Value0>147458</Value0>
            <Value1>1572864</Value1>
          </Entry>
        </Unknown>
        <Dialogs>
          <Dialog>姉ヶ崎</Dialog>
          <Dialog>▲主人公＊▲.</Dialog>
          <Dialog>○○○○○○○○</Dialog>
          <Dialog>What？</Dialog>
          <Dialog>▲新主人公▲.
Are you happy when I call you
like this？</Dialog>
          <Dialog>Well, that is...</Dialog>
          <Dialog>Yes, that's okay</Dialog>
          <Dialog>How about something else？</Dialog>
          <Dialog>The usual name is better</Dialog>
          <Dialog>Yes, that's okay.</Dialog>
          <Dialog>Really？ Then I'll call you
this way.</Dialog>
          <Dialog>(▲主人公＊▲...？
That sounds nice.)</Dialog>
          <Dialog>Hmm... How about trying
something else...？</Dialog>
          <Dialog>▲生成選択肢１▲</Dialog>
          <Dialog>▲生成選択肢２▲</Dialog>
          <Dialog>▲生成選択肢３▲</Dialog>
          <Dialog>▲生成選択肢４▲</Dialog>
          <Dialog>▲新主人公▲.
How about this one？</Dialog>
          <Dialog>Okay, so I'll call you this
way from now on.</Dialog>
          <Dialog>(Yes, not bad！)</Dialog>
          <Dialog>No, that's no good.</Dialog>
          <Dialog>(That's no good？)</Dialog>
          <Dialog>Isn't it already good the way
it is？</Dialog>
          <Dialog>Ah, is that so？</Dialog>
          <Dialog>(The usual name is the best！)</Dialog>
        </Dialogs>
      </SDL2>
    </Entry>
    <Entry Unknown0="3402008994" Unknown1="2308405620">
      <SDL2 Key="2011113565">
        <Unknown>
          <Entry>
            <Values>
              <Entry>
                <Value0>4294901770</Value0>
                <Value1>0</Value1>
              </Entry>
            </Values>
            <Value0>147456</Value0>
            <Value1>65536</Value1>
          </Entry>
          <Entry>
            <Values />
            <Value0>147458</Value0>
            <Value1>196608</Value1>
          </Entry>
          <Entry>
            <Values>
              <Entry>
                <Value0>68089</Value0>
                <Value1>0</Value1>
              </Entry>
            </Values>
            <Value0>147456</Value0>
            <Value1>262144</Value1>
          </Entry>
          <Entry>
            <Values />
            <Value0>147458</Value0>
            <Value1>327680</Value1>
          </Entry>
          <Entry>
            <Values />
            <Value0>65542</Value0>
            <Value1>65543</Value1>
          </Entry>
          <Entry>
            <Values />
            <Value0>65543</Value0>
            <Value1>65544</Value1>
          </Entry>
          <Entry>
            <Values />
            <Value0>65544</Value0>
            <Value1>147458</Value1>
          </Entry>
          <Entry>
            <Values />
            <Value0>147458</Value0>
            <Value1>393216</Value1>
          </Entry>
          <Entry>
            <Values>
              <Entry>
                <Value0>68090</Value0>
                <Value1>0</Value1>
              </Entry>
            </Values>
            <Value0>147456</Value0>
            <Value1>589824</Value1>
          </Entry>
          <Entry>
            <Values />
            <Value0>147458</Value0>
            <Value1>655360</Value1>
          </Entry>
          <Entry>
            <Values />
            <Value0>147458</Value0>
            <Value1>720896</Value1>
          </Entry>
          <Entry>
            <Values />
            <Value0>65548</Value0>
            <Value1>65549</Value1>
          </Entry>
          <Entry>
            <Values />
            <Value0>65549</Value0>
            <Value1>65550</Value1>
          </Entry>
          <Entry>
            <Values />
            <Value0>65550</Value0>
            <Value1>65551</Value1>
          </Entry>
          <Entry>
            <Values />
            <Value0>65551</Value0>
            <Value1>65552</Value1>
          </Entry>
          <Entry>
            <Values />
            <Value0>65552</Value0>
            <Value1>147458</Value1>
          </Entry>
          <Entry>
            <Values />
            <Value0>147458</Value0>
            <Value1>1114112</Value1>
          </Entry>
          <Entry>
            <Values>
              <Entry>
                <Value0>68091</Value0>
                <Value1>0</Value1>
              </Entry>
            </Values>
            <Value0>147456</Value0>
            <Value1>1179648</Value1>
          </Entry>
          <Entry>
            <Values />
            <Value0>147458</Value0>
            <Value1>1245184</Value1>
          </Entry>
          <Entry>
            <Values>
              <Entry>
                <Value0>4294901762</Value0>
                <Value1>0</Value1>
              </Entry>
              <Entry>
                <Value0>68092</Value0>
                <Value1>500</Value1>
              </Entry>
            </Values>
            <Value0>147456</Value0>
            <Value1>1310720</Value1>
          </Entry>
          <Entry>
            <Values />
            <Value0>147458</Value0>
            <Value1>1376256</Value1>
          </Entry>
          <Entry>
            <Values>
              <Entry>
                <Value0>68093</Value0>
                <Value1>0</Value1>
              </Entry>
            </Values>
            <Value0>147456</Value0>
            <Value1>1441792</Value1>
          </Entry>
          <Entry>
            <Values />
            <Value0>147458</Value0>
            <Value1>1507328</Value1>
          </Entry>
          <Entry>
            <Values>
              <Entry>
                <Value0>68094</Value0>
                <Value1>0</Value1>
              </Entry>
            </Values>
            <Value0>147456</Value0>
            <Value1>1572864</Value1>
          </Entry>
          <Entry>
            <Values />
            <Value0>147458</Value0>
            <Value1>1638400</Value1>
          </Entry>
          <Entry>
            <Values />
            <Value0>147458</Value0>
            <Value1>1703936</Value1>
          </Entry>
          <Entry>
            <Values>
              <Entry>
                <Value0>68095</Value0>
                <Value1>0</Value1>
              </Entry>
            </Values>
            <Value0>147456</Value0>
            <Value1>1769472</Value1>
          </Entry>
          <Entry>
            <Values />
            <Value0>147458</Value0>
            <Value1>1835008</Value1>
          </Entry>
        </Unknown>
        <Dialogs>
          <Dialog>姉ヶ崎</Dialog>
          <Dialog>▲新主人公▲.</Dialog>
          <Dialog>○○○○○○○○</Dialog>
          <Dialog>Eh！？</Dialog>
          <Dialog>How about I called you like
this？ You like it？</Dialog>
          <Dialog>(This is...)</Dialog>
          <Dialog>Good！ Really good！</Dialog>
          <Dialog>How about something else？</Dialog>
          <Dialog>Stop it.</Dialog>
          <Dialog>It's so embarrassing but I
think you might like it.</Dialog>
          <Dialog>(▲主人公＊▲...？)</Dialog>
          <Dialog>(Well, since she asked, I'd
better choose what I like...)</Dialog>
          <Dialog>▲生成選択肢１▲</Dialog>
          <Dialog>▲生成選択肢２▲</Dialog>
          <Dialog>▲生成選択肢３▲</Dialog>
          <Dialog>▲生成選択肢４▲</Dialog>
          <Dialog>Just call me the same.</Dialog>
          <Dialog>I'd rather go with
▲新主人公▲.
How's that？</Dialog>
          <Dialog>Well...</Dialog>
          <Dialog>(So, this name is impossible,
huh？)</Dialog>
          <Dialog>▲主人公＊▲.
If you like this name, I'm
fine with it.</Dialog>
          <Dialog>(She has tried saying it...)</Dialog>
          <Dialog>Eh...？</Dialog>
          <Dialog>That's no good, right？</Dialog>
          <Dialog>Yeah, no good. You scared me.</Dialog>
          <Dialog>(Tsk. So this is no good,
huh...？)</Dialog>
          <Dialog>Can you stop it？</Dialog>
          <Dialog>Ah... Really？ Fine. Just
forget it.</Dialog>
          <Dialog>(Yeah, the usual is the best.)</Dialog>
        </Dialogs>
      </SDL2>
    </Entry>
    <Entry Unknown0="4176667600" Unknown1="3719210912">
      <SDL2 Key="2576456484">
        <Unknown>
          <Entry>
            <Values>
              <Entry>
                <Value0>4294901770</Value0>
                <Value1>0</Value1>
              </Entry>
            </Values>
            <Value0>147456</Value0>
            <Value1>65536</Value1>
          </Entry>
          <Entry>
            <Values />
            <Value0>147458</Value0>
            <Value1>196608</Value1>
          </Entry>
          <Entry>
            <Values>
              <Entry>
                <Value0>68096</Value0>
                <Value1>0</Value1>
              </Entry>
            </Values>
            <Value0>147456</Value0>
            <Value1>262144</Value1>
          </Entry>
          <Entry>
            <Values />
            <Value0>147458</Value0>
            <Value1>327680</Value1>
          </Entry>
          <Entry>
            <Values />
            <Value0>65542</Value0>
            <Value1>65543</Value1>
          </Entry>
          <Entry>
            <Values />
            <Value0>65543</Value0>
            <Value1>65544</Value1>
          </Entry>
          <Entry>
            <Values />
            <Value0>65544</Value0>
            <Value1>147458</Value1>
          </Entry>
          <Entry>
            <Values />
            <Value0>147458</Value0>
            <Value1>393216</Value1>
          </Entry>
          <Entry>
            <Values>
              <Entry>
                <Value0>68097</Value0>
                <Value1>0</Value1>
              </Entry>
            </Values>
            <Value0>147456</Value0>
            <Value1>589824</Value1>
          </Entry>
          <Entry>
            <Values />
            <Value0>147458</Value0>
            <Value1>655360</Value1>
          </Entry>
          <Entry>
            <Values />
            <Value0>147458</Value0>
            <Value1>720896</Value1>
          </Entry>
          <Entry>
            <Values />
            <Value0>65548</Value0>
            <Value1>65549</Value1>
          </Entry>
          <Entry>
            <Values />
            <Value0>65549</Value0>
            <Value1>65550</Value1>
          </Entry>
          <Entry>
            <Values />
            <Value0>65550</Value0>
            <Value1>65551</Value1>
          </Entry>
          <Entry>
            <Values />
            <Value0>65551</Value0>
            <Value1>65552</Value1>
          </Entry>
          <Entry>
            <Values />
            <Value0>65552</Value0>
            <Value1>147458</Value1>
          </Entry>
          <Entry>
            <Values />
            <Value0>147458</Value0>
            <Value1>1114112</Value1>
          </Entry>
          <Entry>
            <Values>
              <Entry>
                <Value0>4294901762</Value0>
                <Value1>0</Value1>
              </Entry>
            </Values>
            <Value0>147456</Value0>
            <Value1>1179648</Value1>
          </Entry>
          <Entry>
            <Values />
            <Value0>147458</Value0>
            <Value1>1245184</Value1>
          </Entry>
          <Entry>
            <Values>
              <Entry>
                <Value0>68098</Value0>
                <Value1>0</Value1>
              </Entry>
            </Values>
            <Value0>147456</Value0>
            <Value1>1310720</Value1>
          </Entry>
          <Entry>
            <Values />
            <Value0>147458</Value0>
            <Value1>1376256</Value1>
          </Entry>
          <Entry>
            <Values>
              <Entry>
                <Value0>68099</Value0>
                <Value1>0</Value1>
              </Entry>
            </Values>
            <Value0>147456</Value0>
            <Value1>1441792</Value1>
          </Entry>
          <Entry>
            <Values />
            <Value0>147458</Value0>
            <Value1>1507328</Value1>
          </Entry>
          <Entry>
            <Values>
              <Entry>
                <Value0>68100</Value0>
                <Value1>0</Value1>
              </Entry>
            </Values>
            <Value0>147456</Value0>
            <Value1>1572864</Value1>
          </Entry>
          <Entry>
            <Values />
            <Value0>147458</Value0>
            <Value1>1638400</Value1>
          </Entry>
          <Entry>
            <Values />
            <Value0>147458</Value0>
            <Value1>1703936</Value1>
          </Entry>
          <Entry>
            <Values>
              <Entry>
                <Value0>68101</Value0>
                <Value1>0</Value1>
              </Entry>
            </Values>
            <Value0>147456</Value0>
            <Value1>1769472</Value1>
          </Entry>
          <Entry>
            <Values />
            <Value0>147458</Value0>
            <Value1>1835008</Value1>
          </Entry>
        </Unknown>
        <Dialogs>
          <Dialog>姉ヶ崎</Dialog>
          <Dialog>▲新主人公▲.</Dialog>
          <Dialog>○○○○○○○○</Dialog>
          <Dialog>Eh！？</Dialog>
          <Dialog>Hey, how do you like it？</Dialog>
          <Dialog>(This is...)</Dialog>
          <Dialog>Good！ Really good！</Dialog>
          <Dialog>How about something else？</Dialog>
          <Dialog>Stop it</Dialog>
          <Dialog>Right. I knew you'd like this.</Dialog>
          <Dialog>(▲主人公＊▲...？)</Dialog>
          <Dialog>(Well, since she asked, I'd
better choose what I like...)</Dialog>
          <Dialog>▲生成選択肢１▲</Dialog>
          <Dialog>▲生成選択肢２▲</Dialog>
          <Dialog>▲生成選択肢３▲</Dialog>
          <Dialog>▲生成選択肢４▲</Dialog>
          <Dialog>The usual name is better.</Dialog>
          <Dialog>I'd rather go with
▲新主人公▲.
How's that？</Dialog>
          <Dialog>▲主人公＊▲.</Dialog>
          <Dialog>Ah, that sounds nice！</Dialog>
          <Dialog>Hey, it's special, okay？</Dialog>
          <Dialog>(She has tried saying it...)</Dialog>
          <Dialog>What was that？</Dialog>
          <Dialog>No good！？</Dialog>
          <Dialog>No good！！</Dialog>
          <Dialog>(Tsk. So this is no good,
huh...？)</Dialog>
          <Dialog>Can you stop it？</Dialog>
          <Dialog>What？ You don't like it？</Dialog>
          <Dialog>(Yeah, the usual is the best.)</Dialog>
        </Dialogs>
      </SDL2>
    </Entry>
    <Entry Unknown0="604517884" Unknown1="3420050358">
      <SDL2 Key="3384918671">
        <Unknown>
          <Entry>
            <Values>
              <Entry>
                <Value0>4294901770</Value0>
                <Value1>0</Value1>
              </Entry>
            </Values>
            <Value0>147456</Value0>
            <Value1>65536</Value1>
          </Entry>
          <Entry>
            <Values />
            <Value0>147458</Value0>
            <Value1>196608</Value1>
          </Entry>
          <Entry>
            <Values>
              <Entry>
                <Value0>68102</Value0>
                <Value1>0</Value1>
              </Entry>
            </Values>
            <Value0>147456</Value0>
            <Value1>262144</Value1>
          </Entry>
          <Entry>
            <Values />
            <Value0>147458</Value0>
            <Value1>327680</Value1>
          </Entry>
          <Entry>
            <Values />
            <Value0>65542</Value0>
            <Value1>65543</Value1>
          </Entry>
          <Entry>
            <Values />
            <Value0>65543</Value0>
            <Value1>65544</Value1>
          </Entry>
          <Entry>
            <Values />
            <Value0>65544</Value0>
            <Value1>147458</Value1>
          </Entry>
          <Entry>
            <Values />
            <Value0>147458</Value0>
            <Value1>393216</Value1>
          </Entry>
          <Entry>
            <Values>
              <Entry>
                <Value0>68103</Value0>
                <Value1>0</Value1>
              </Entry>
            </Values>
            <Value0>147456</Value0>
            <Value1>589824</Value1>
          </Entry>
          <Entry>
            <Values />
            <Value0>147458</Value0>
            <Value1>655360</Value1>
          </Entry>
          <Entry>
            <Values />
            <Value0>147458</Value0>
            <Value1>720896</Value1>
          </Entry>
          <Entry>
            <Values />
            <Value0>65548</Value0>
            <Value1>65549</Value1>
          </Entry>
          <Entry>
            <Values />
            <Value0>65549</Value0>
            <Value1>65550</Value1>
          </Entry>
          <Entry>
            <Values />
            <Value0>65550</Value0>
            <Value1>65551</Value1>
          </Entry>
          <Entry>
            <Values />
            <Value0>65551</Value0>
            <Value1>65552</Value1>
          </Entry>
          <Entry>
            <Values />
            <Value0>65552</Value0>
            <Value1>147458</Value1>
          </Entry>
          <Entry>
            <Values />
            <Value0>147458</Value0>
            <Value1>1114112</Value1>
          </Entry>
          <Entry>
            <Values>
              <Entry>
                <Value0>68104</Value0>
                <Value1>0</Value1>
              </Entry>
            </Values>
            <Value0>147456</Value0>
            <Value1>1179648</Value1>
          </Entry>
          <Entry>
            <Values />
            <Value0>147458</Value0>
            <Value1>1245184</Value1>
          </Entry>
          <Entry>
            <Values>
              <Entry>
                <Value0>4294901762</Value0>
                <Value1>0</Value1>
              </Entry>
              <Entry>
                <Value0>68105</Value0>
                <Value1>500</Value1>
              </Entry>
            </Values>
            <Value0>147456</Value0>
            <Value1>1310720</Value1>
          </Entry>
          <Entry>
            <Values />
            <Value0>147458</Value0>
            <Value1>1376256</Value1>
          </Entry>
          <Entry>
            <Values>
              <Entry>
                <Value0>68106</Value0>
                <Value1>0</Value1>
              </Entry>
            </Values>
            <Value0>147456</Value0>
            <Value1>1441792</Value1>
          </Entry>
          <Entry>
            <Values />
            <Value0>147458</Value0>
            <Value1>1507328</Value1>
          </Entry>
          <Entry>
            <Values>
              <Entry>
                <Value0>68107</Value0>
                <Value1>0</Value1>
              </Entry>
            </Values>
            <Value0>147456</Value0>
            <Value1>1572864</Value1>
          </Entry>
          <Entry>
            <Values />
            <Value0>147458</Value0>
            <Value1>1638400</Value1>
          </Entry>
          <Entry>
            <Values />
            <Value0>147458</Value0>
            <Value1>1703936</Value1>
          </Entry>
          <Entry>
            <Values>
              <Entry>
                <Value0>68108</Value0>
                <Value1>0</Value1>
              </Entry>
            </Values>
            <Value0>147456</Value0>
            <Value1>1769472</Value1>
          </Entry>
          <Entry>
            <Values />
            <Value0>147458</Value0>
            <Value1>1835008</Value1>
          </Entry>
        </Unknown>
        <Dialogs>
          <Dialog>姉ヶ崎</Dialog>
          <Dialog>▲新主人公▲.</Dialog>
          <Dialog>○○○○○○○○</Dialog>
          <Dialog>Eh！？</Dialog>
          <Dialog>How's that？ You like it？</Dialog>
          <Dialog>(This is...)</Dialog>
          <Dialog>Good！ Really good！</Dialog>
          <Dialog>How about something else？</Dialog>
          <Dialog>Stop it</Dialog>
          <Dialog>Hey, you're that happy. So
cute▼</Dialog>
          <Dialog>(▲主人公＊▲...？)</Dialog>
          <Dialog>(Well, since she asked, I'd
better choose what I like...)</Dialog>
          <Dialog>▲生成選択肢１▲</Dialog>
          <Dialog>▲生成選択肢２▲</Dialog>
          <Dialog>▲生成選択肢３▲</Dialog>
          <Dialog>▲生成選択肢４▲</Dialog>
          <Dialog>The usual name is better.</Dialog>
          <Dialog>I'd rather go with
▲新主人公▲.
How's that？</Dialog>
          <Dialog>Well, I have no choice, huh？</Dialog>
          <Dialog>It's good, right？</Dialog>
          <Dialog>▲主人公＊▲.
Hey, is this okay？</Dialog>
          <Dialog>(She has tried saying it...)</Dialog>
          <Dialog>I see. So you like it like
that...</Dialog>
          <Dialog>Okay？ It's good, right！？</Dialog>
          <Dialog>It's totally impossible.</Dialog>
          <Dialog>(Tsk. So this is no good,
huh...？)</Dialog>
          <Dialog>Can you stop it？</Dialog>
          <Dialog>Eh？ No？</Dialog>
          <Dialog>(Yeah, the usual is the best.)</Dialog>
        </Dialogs>
      </SDL2>
    </Entry>
    <Entry Unknown0="976623890" Unknown1="1762126308">
      <SDL2 Key="3384918671">
        <Unknown>
          <Entry>
            <Values />
            <Value0>147456</Value0>
            <Value1>65536</Value1>
          </Entry>
          <Entry>
            <Values />
            <Value0>65538</Value0>
            <Value1>65539</Value1>
          </Entry>
          <Entry>
            <Values />
            <Value0>65539</Value0>
            <Value1>65540</Value1>
          </Entry>
          <Entry>
            <Values />
            <Value0>65540</Value0>
            <Value1>65541</Value1>
          </Entry>
          <Entry>
            <Values />
            <Value0>65541</Value0>
            <Value1>65542</Value1>
          </Entry>
          <Entry>
            <Values />
            <Value0>65542</Value0>
            <Value1>147456</Value1>
          </Entry>
          <Entry>
            <Values />
            <Value0>147456</Value0>
            <Value1>458752</Value1>
          </Entry>
          <Entry>
            <Values />
            <Value0>147464</Value0>
            <Value1>589824</Value1>
          </Entry>
          <Entry>
            <Values />
            <Value0>147456</Value0>
            <Value1>655360</Value1>
          </Entry>
          <Entry>
            <Values>
              <Entry>
                <Value0>68109</Value0>
                <Value1>0</Value1>
              </Entry>
            </Values>
            <Value0>147464</Value0>
            <Value1>720896</Value1>
          </Entry>
          <Entry>
            <Values />
            <Value0>147456</Value0>
            <Value1>786432</Value1>
          </Entry>
          <Entry>
            <Values>
              <Entry>
                <Value0>68110</Value0>
                <Value1>0</Value1>
              </Entry>
            </Values>
            <Value0>147464</Value0>
            <Value1>851968</Value1>
          </Entry>
          <Entry>
            <Values>
              <Entry>
                <Value0>68111</Value0>
                <Value1>0</Value1>
              </Entry>
            </Values>
            <Value0>147464</Value0>
            <Value1>917504</Value1>
          </Entry>
          <Entry>
            <Values />
            <Value0>147456</Value0>
            <Value1>983040</Value1>
          </Entry>
          <Entry>
            <Values>
              <Entry>
                <Value0>68112</Value0>
                <Value1>0</Value1>
              </Entry>
            </Values>
            <Value0>147464</Value0>
            <Value1>1048576</Value1>
          </Entry>
          <Entry>
            <Values />
            <Value0>147456</Value0>
            <Value1>1114112</Value1>
          </Entry>
          <Entry>
            <Values>
              <Entry>
                <Value0>68113</Value0>
                <Value1>0</Value1>
              </Entry>
            </Values>
            <Value0>147464</Value0>
            <Value1>1179648</Value1>
          </Entry>
          <Entry>
            <Values />
            <Value0>147456</Value0>
            <Value1>983040</Value1>
          </Entry>
          <Entry>
            <Values />
            <Value0>147456</Value0>
            <Value1>1245184</Value1>
          </Entry>
          <Entry>
            <Values>
              <Entry>
                <Value0>68114</Value0>
                <Value1>0</Value1>
              </Entry>
            </Values>
            <Value0>147464</Value0>
            <Value1>1310720</Value1>
          </Entry>
        </Unknown>
        <Dialogs>
          <Dialog>○○○○○○○○</Dialog>
          <Dialog>(The way I call
▲姉ヶ崎＊▲
now... Shall I try changing
it...？)</Dialog>
          <Dialog>▲生成選択肢１▲</Dialog>
          <Dialog>▲生成選択肢２▲</Dialog>
          <Dialog>▲生成選択肢３▲</Dialog>
          <Dialog>▲生成選択肢４▲</Dialog>
          <Dialog>I should keep it the same</Dialog>
          <Dialog>▲生成選択肢５▲.</Dialog>
          <Dialog>姉ヶ崎</Dialog>
          <Dialog>......</Dialog>
          <Dialog>How is it？</Dialog>
          <Dialog>Okay. If you want to call me
like that, it's fine.</Dialog>
          <Dialog>Really？ Then
▲姉ヶ崎＊▲！</Dialog>
          <Dialog>That sounds nice.</Dialog>
          <Dialog>It's a little embarrassing...</Dialog>
          <Dialog>(So it's no good...？)</Dialog>
          <Dialog>Um, that's not quite good...</Dialog>
          <Dialog>You don't have to be shy！</Dialog>
          <Dialog>That's not the case. ...Just
don't call me like that.</Dialog>
          <Dialog>Nah, never mind.</Dialog>
          <Dialog>...？</Dialog>
        </Dialogs>
      </SDL2>
    </Entry>
    <Entry Unknown0="1751282496" Unknown1="1562253072">
      <SDL2 Key="2173916502">
        <Unknown>
          <Entry>
            <Values />
            <Value0>147456</Value0>
            <Value1>65536</Value1>
          </Entry>
          <Entry>
            <Values />
            <Value0>65538</Value0>
            <Value1>65539</Value1>
          </Entry>
          <Entry>
            <Values />
            <Value0>65539</Value0>
            <Value1>65540</Value1>
          </Entry>
          <Entry>
            <Values />
            <Value0>65540</Value0>
            <Value1>65541</Value1>
          </Entry>
          <Entry>
            <Values />
            <Value0>65541</Value0>
            <Value1>65542</Value1>
          </Entry>
          <Entry>
            <Values />
            <Value0>65542</Value0>
            <Value1>147456</Value1>
          </Entry>
          <Entry>
            <Values />
            <Value0>147456</Value0>
            <Value1>458752</Value1>
          </Entry>
          <Entry>
            <Values />
            <Value0>147464</Value0>
            <Value1>589824</Value1>
          </Entry>
          <Entry>
            <Values />
            <Value0>147456</Value0>
            <Value1>655360</Value1>
          </Entry>
          <Entry>
            <Values>
              <Entry>
                <Value0>68115</Value0>
                <Value1>0</Value1>
              </Entry>
            </Values>
            <Value0>147464</Value0>
            <Value1>720896</Value1>
          </Entry>
          <Entry>
            <Values />
            <Value0>147456</Value0>
            <Value1>786432</Value1>
          </Entry>
          <Entry>
            <Values>
              <Entry>
                <Value0>68116</Value0>
                <Value1>0</Value1>
              </Entry>
            </Values>
            <Value0>147464</Value0>
            <Value1>851968</Value1>
          </Entry>
          <Entry>
            <Values>
              <Entry>
                <Value0>68117</Value0>
                <Value1>0</Value1>
              </Entry>
            </Values>
            <Value0>147464</Value0>
            <Value1>917504</Value1>
          </Entry>
          <Entry>
            <Values />
            <Value0>147456</Value0>
            <Value1>983040</Value1>
          </Entry>
          <Entry>
            <Values>
              <Entry>
                <Value0>68118</Value0>
                <Value1>0</Value1>
              </Entry>
            </Values>
            <Value0>147464</Value0>
            <Value1>1048576</Value1>
          </Entry>
          <Entry>
            <Values />
            <Value0>147456</Value0>
            <Value1>1114112</Value1>
          </Entry>
          <Entry>
            <Values>
              <Entry>
                <Value0>68119</Value0>
                <Value1>0</Value1>
              </Entry>
            </Values>
            <Value0>147464</Value0>
            <Value1>1179648</Value1>
          </Entry>
          <Entry>
            <Values />
            <Value0>147456</Value0>
            <Value1>983040</Value1>
          </Entry>
          <Entry>
            <Values />
            <Value0>147456</Value0>
            <Value1>1245184</Value1>
          </Entry>
          <Entry>
            <Values>
              <Entry>
                <Value0>68120</Value0>
                <Value1>0</Value1>
              </Entry>
            </Values>
            <Value0>147464</Value0>
            <Value1>1310720</Value1>
          </Entry>
        </Unknown>
        <Dialogs>
          <Dialog>○○○○○○○○</Dialog>
          <Dialog>(The way I call
▲姉ヶ崎＊▲
now... Shall I try changing
it...？)</Dialog>
          <Dialog>▲生成選択肢１▲</Dialog>
          <Dialog>▲生成選択肢２▲</Dialog>
          <Dialog>▲生成選択肢３▲</Dialog>
          <Dialog>▲生成選択肢４▲</Dialog>
          <Dialog>I should keep it the same</Dialog>
          <Dialog>▲生成選択肢５▲.</Dialog>
          <Dialog>姉ヶ崎</Dialog>
          <Dialog>......</Dialog>
          <Dialog>How is it？</Dialog>
          <Dialog>Okay, you got my permission.</Dialog>
          <Dialog>Really？ Then
▲姉ヶ崎＊▲！</Dialog>
          <Dialog>Hey, you don't have to be that
happy.</Dialog>
          <Dialog>I don't think that's a good
idea.</Dialog>
          <Dialog>(So it's no good...？)</Dialog>
          <Dialog>Hahaha.</Dialog>
          <Dialog>Haha, you like it？ It's good,
right？</Dialog>
          <Dialog>Of course not.</Dialog>
          <Dialog>Nah, never mind.</Dialog>
          <Dialog>...？</Dialog>
        </Dialogs>
      </SDL2>
    </Entry>
    <Entry Unknown0="2490910060" Unknown1="726221606">
      <SDL2 Key="2173916502">
        <Unknown>
          <Entry>
            <Values />
            <Value0>147456</Value0>
            <Value1>65536</Value1>
          </Entry>
          <Entry>
            <Values />
            <Value0>65538</Value0>
            <Value1>65539</Value1>
          </Entry>
          <Entry>
            <Values />
            <Value0>65539</Value0>
            <Value1>65540</Value1>
          </Entry>
          <Entry>
            <Values />
            <Value0>65540</Value0>
            <Value1>65541</Value1>
          </Entry>
          <Entry>
            <Values />
            <Value0>65541</Value0>
            <Value1>65542</Value1>
          </Entry>
          <Entry>
            <Values />
            <Value0>65542</Value0>
            <Value1>147456</Value1>
          </Entry>
          <Entry>
            <Values />
            <Value0>147456</Value0>
            <Value1>458752</Value1>
          </Entry>
          <Entry>
            <Values />
            <Value0>147464</Value0>
            <Value1>589824</Value1>
          </Entry>
          <Entry>
            <Values />
            <Value0>147456</Value0>
            <Value1>655360</Value1>
          </Entry>
          <Entry>
            <Values>
              <Entry>
                <Value0>68121</Value0>
                <Value1>0</Value1>
              </Entry>
            </Values>
            <Value0>147464</Value0>
            <Value1>720896</Value1>
          </Entry>
          <Entry>
            <Values />
            <Value0>147456</Value0>
            <Value1>786432</Value1>
          </Entry>
          <Entry>
            <Values>
              <Entry>
                <Value0>68122</Value0>
                <Value1>0</Value1>
              </Entry>
            </Values>
            <Value0>147464</Value0>
            <Value1>851968</Value1>
          </Entry>
          <Entry>
            <Values>
              <Entry>
                <Value0>68123</Value0>
                <Value1>0</Value1>
              </Entry>
            </Values>
            <Value0>147464</Value0>
            <Value1>917504</Value1>
          </Entry>
          <Entry>
            <Values />
            <Value0>147456</Value0>
            <Value1>983040</Value1>
          </Entry>
          <Entry>
            <Values>
              <Entry>
                <Value0>68124</Value0>
                <Value1>0</Value1>
              </Entry>
            </Values>
            <Value0>147464</Value0>
            <Value1>1048576</Value1>
          </Entry>
          <Entry>
            <Values />
            <Value0>147456</Value0>
            <Value1>1114112</Value1>
          </Entry>
          <Entry>
            <Values>
              <Entry>
                <Value0>68125</Value0>
                <Value1>0</Value1>
              </Entry>
            </Values>
            <Value0>147464</Value0>
            <Value1>1179648</Value1>
          </Entry>
          <Entry>
            <Values />
            <Value0>147456</Value0>
            <Value1>983040</Value1>
          </Entry>
          <Entry>
            <Values />
            <Value0>147456</Value0>
            <Value1>1245184</Value1>
          </Entry>
          <Entry>
            <Values>
              <Entry>
                <Value0>68126</Value0>
                <Value1>0</Value1>
              </Entry>
            </Values>
            <Value0>147464</Value0>
            <Value1>1310720</Value1>
          </Entry>
        </Unknown>
        <Dialogs>
          <Dialog>○○○○○○○○</Dialog>
          <Dialog>(The way I call
▲姉ヶ崎＊▲
now... Shall I try changing
it...？)</Dialog>
          <Dialog>▲生成選択肢１▲</Dialog>
          <Dialog>▲生成選択肢２▲</Dialog>
          <Dialog>▲生成選択肢３▲</Dialog>
          <Dialog>▲生成選択肢４▲</Dialog>
          <Dialog>I should keep it the same</Dialog>
          <Dialog>▲生成選択肢５▲.</Dialog>
          <Dialog>姉ヶ崎</Dialog>
          <Dialog>......</Dialog>
          <Dialog>How is it？</Dialog>
          <Dialog>That's okay. Can you call me
again？</Dialog>
          <Dialog>Really？ Then
▲姉ヶ崎＊▲！</Dialog>
          <Dialog>Hehe. You look so happy.
You're cute▼</Dialog>
          <Dialog>You shouldn't call me like
that, okay？</Dialog>
          <Dialog>(So it's no good...？)</Dialog>
          <Dialog>Well, if you really want to...</Dialog>
          <Dialog>Yes, yes. I really want to.</Dialog>
          <Dialog>But, no. I really don't like
this name.</Dialog>
          <Dialog>Nah, never mind.</Dialog>
          <Dialog>...？</Dialog>
        </Dialogs>
      </SDL2>
    </Entry>
  </Entries>
</DBIN2>