<?xml version="1.0" encoding="utf-8"?>
<DBIN2 xmlns:xsi="http://www.w3.org/2001/XMLSchema-instance" xmlns:xsd="http://www.w3.org/2001/XMLSchema" Key="1598664167" Unknown="50">
  <Entries>
    <Entry Unknown0="2300845031" Unknown1="2206222050">
      <SDL2 Key="3985482561">
        <Unknown>
          <Entry>
            <Values>
              <Entry>
                <Value0>68582</Value0>
                <Value1>0</Value1>
              </Entry>
            </Values>
            <Value0>147456</Value0>
            <Value1>65536</Value1>
          </Entry>
        </Unknown>
        <Dialogs>
          <Dialog>姉ヶ崎</Dialog>
          <Dialog>There are something that only
you can do, okay？</Dialog>
        </Dialogs>
      </SDL2>
    </Entry>
    <Entry Unknown0="4277991518" Unknown1="1512160698">
      <SDL2 Key="2504992279">
        <Unknown>
          <Entry>
            <Values>
              <Entry>
                <Value0>68584</Value0>
                <Value1>0</Value1>
              </Entry>
            </Values>
            <Value0>147456</Value0>
            <Value1>65536</Value1>
          </Entry>
        </Unknown>
        <Dialogs>
          <Dialog>姉ヶ崎</Dialog>
          <Dialog>It can't be helped. Next time,
do your best.</Dialog>
        </Dialogs>
      </SDL2>
    </Entry>
    <Entry Unknown0="3600614198" Unknown1="4271412571">
      <SDL2 Key="2504992279">
        <Unknown>
          <Entry>
            <Values>
              <Entry>
                <Value0>68586</Value0>
                <Value1>0</Value1>
              </Entry>
            </Values>
            <Value0>147456</Value0>
            <Value1>65536</Value1>
          </Entry>
        </Unknown>
        <Dialogs>
          <Dialog>姉ヶ崎</Dialog>
          <Dialog>Good work▼</Dialog>
        </Dialogs>
      </SDL2>
    </Entry>
    <Entry Unknown0="2031365079" Unknown1="1886402258">
      <SDL2 Key="2504992279">
        <Unknown>
          <Entry>
            <Values>
              <Entry>
                <Value0>68588</Value0>
                <Value1>0</Value1>
              </Entry>
            </Values>
            <Value0>147456</Value0>
            <Value1>65536</Value1>
          </Entry>
        </Unknown>
        <Dialogs>
          <Dialog>姉ヶ崎</Dialog>
          <Dialog>Don't worry too much.</Dialog>
        </Dialogs>
      </SDL2>
    </Entry>
    <Entry Unknown0="4008478798" Unknown1="1326558634">
      <SDL2 Key="2504992279">
        <Unknown>
          <Entry>
            <Values>
              <Entry>
                <Value0>68590</Value0>
                <Value1>0</Value1>
              </Entry>
            </Values>
            <Value0>147456</Value0>
            <Value1>65536</Value1>
          </Entry>
        </Unknown>
        <Dialogs>
          <Dialog>姉ヶ崎</Dialog>
          <Dialog>I will protect you.</Dialog>
        </Dialogs>
      </SDL2>
    </Entry>
    <Entry Unknown0="3331134246" Unknown1="3918038347">
      <SDL2 Key="2504992279">
        <Unknown>
          <Entry>
            <Values>
              <Entry>
                <Value0>68592</Value0>
                <Value1>0</Value1>
              </Entry>
            </Values>
            <Value0>147456</Value0>
            <Value1>65536</Value1>
          </Entry>
        </Unknown>
        <Dialogs>
          <Dialog>姉ヶ崎</Dialog>
          <Dialog>Great, great. You did a good
job.</Dialog>
        </Dialogs>
      </SDL2>
    </Entry>
    <Entry Unknown0="1761885127" Unknown1="1700800194">
      <SDL2 Key="3313392738">
        <Unknown>
          <Entry>
            <Values>
              <Entry>
                <Value0>68594</Value0>
                <Value1>0</Value1>
              </Entry>
            </Values>
            <Value0>147456</Value0>
            <Value1>65536</Value1>
          </Entry>
        </Unknown>
        <Dialogs>
          <Dialog>姉ヶ崎</Dialog>
          <Dialog>Do your best▼</Dialog>
        </Dialogs>
      </SDL2>
    </Entry>
    <Entry Unknown0="3738998846" Unknown1="1006738842">
      <SDL2 Key="3313392738">
        <Unknown>
          <Entry>
            <Values>
              <Entry>
                <Value0>68596</Value0>
                <Value1>0</Value1>
              </Entry>
            </Values>
            <Value0>147456</Value0>
            <Value1>65536</Value1>
          </Entry>
        </Unknown>
        <Dialogs>
          <Dialog>姉ヶ崎</Dialog>
          <Dialog>Can you still keep on going？</Dialog>
        </Dialogs>
      </SDL2>
    </Entry>
    <Entry Unknown0="3061654294" Unknown1="3564664123">
      <SDL2 Key="3313392738">
        <Unknown>
          <Entry>
            <Values>
              <Entry>
                <Value0>68598</Value0>
                <Value1>0</Value1>
              </Entry>
            </Values>
            <Value0>147456</Value0>
            <Value1>65536</Value1>
          </Entry>
        </Unknown>
        <Dialogs>
          <Dialog>姉ヶ崎</Dialog>
          <Dialog>You can do it！ I'll be
supporting you.</Dialog>
        </Dialogs>
      </SDL2>
    </Entry>
    <Entry Unknown0="1509215159" Unknown1="1515198130">
      <SDL2 Key="3313392738">
        <Unknown>
          <Entry>
            <Values>
              <Entry>
                <Value0>68600</Value0>
                <Value1>0</Value1>
              </Entry>
            </Values>
            <Value0>147456</Value0>
            <Value1>65536</Value1>
          </Entry>
        </Unknown>
        <Dialogs>
          <Dialog>姉ヶ崎</Dialog>
          <Dialog>If you feel tired, come to me.</Dialog>
        </Dialogs>
      </SDL2>
    </Entry>
    <Entry Unknown0="3469518894" Unknown1="569478538">
      <SDL2 Key="3313392738">
        <Unknown>
          <Entry>
            <Values>
              <Entry>
                <Value0>68602</Value0>
                <Value1>0</Value1>
              </Entry>
            </Values>
            <Value0>147456</Value0>
            <Value1>65536</Value1>
          </Entry>
        </Unknown>
        <Dialogs>
          <Dialog>姉ヶ崎</Dialog>
          <Dialog>When you want to sleep, the
best thing to do is to sleep.</Dialog>
        </Dialogs>
      </SDL2>
    </Entry>
    <Entry Unknown0="2792174342" Unknown1="3345507627">
      <SDL2 Key="3313392738">
        <Unknown>
          <Entry>
            <Values>
              <Entry>
                <Value0>68604</Value0>
                <Value1>0</Value1>
              </Entry>
            </Values>
            <Value0>147456</Value0>
            <Value1>65536</Value1>
          </Entry>
        </Unknown>
        <Dialogs>
          <Dialog>姉ヶ崎</Dialog>
          <Dialog>I know you are an able man.</Dialog>
        </Dialogs>
      </SDL2>
    </Entry>
    <Entry Unknown0="1239735207" Unknown1="1329596066">
      <SDL2 Key="3854468044">
        <Unknown>
          <Entry>
            <Values>
              <Entry>
                <Value0>68606</Value0>
                <Value1>0</Value1>
              </Entry>
            </Values>
            <Value0>147456</Value0>
            <Value1>65536</Value1>
          </Entry>
        </Unknown>
        <Dialogs>
          <Dialog>姉ヶ崎</Dialog>
          <Dialog>Hey, relax. Relax.</Dialog>
        </Dialogs>
      </SDL2>
    </Entry>
    <Entry Unknown0="3200038942" Unknown1="383876474">
      <SDL2 Key="3854468044">
        <Unknown>
          <Entry>
            <Values>
              <Entry>
                <Value0>68608</Value0>
                <Value1>0</Value1>
              </Entry>
            </Values>
            <Value0>147456</Value0>
            <Value1>65536</Value1>
          </Entry>
        </Unknown>
        <Dialogs>
          <Dialog>姉ヶ崎</Dialog>
          <Dialog>Whatever makes you feel bad,
forget it.</Dialog>
        </Dialogs>
      </SDL2>
    </Entry>
    <Entry Unknown0="2522727414" Unknown1="2992133403">
      <SDL2 Key="3854468044">
        <Unknown>
          <Entry>
            <Values>
              <Entry>
                <Value0>68610</Value0>
                <Value1>0</Value1>
              </Entry>
            </Values>
            <Value0>147456</Value0>
            <Value1>65536</Value1>
          </Entry>
        </Unknown>
        <Dialogs>
          <Dialog>姉ヶ崎</Dialog>
          <Dialog>If you want to cry, cry. I'll
comfort you.</Dialog>
        </Dialogs>
      </SDL2>
    </Entry>
    <Entry Unknown0="970255255" Unknown1="1009841810">
      <SDL2 Key="3854468044">
        <Unknown>
          <Entry>
            <Values>
              <Entry>
                <Value0>68612</Value0>
                <Value1>0</Value1>
              </Entry>
            </Values>
            <Value0>147456</Value0>
            <Value1>65536</Value1>
          </Entry>
        </Unknown>
        <Dialogs>
          <Dialog>姉ヶ崎</Dialog>
          <Dialog>Big brother▼</Dialog>
        </Dialogs>
      </SDL2>
    </Entry>
    <Entry Unknown0="2930526222" Unknown1="466709866">
      <SDL2 Key="2909927059">
        <Unknown>
          <Entry>
            <Values>
              <Entry>
                <Value0>68614</Value0>
                <Value1>0</Value1>
              </Entry>
            </Values>
            <Value0>147456</Value0>
            <Value1>65536</Value1>
          </Entry>
        </Unknown>
        <Dialogs>
          <Dialog>姉ヶ崎</Dialog>
          <Dialog>My dear husband▼</Dialog>
        </Dialogs>
      </SDL2>
    </Entry>
    <Entry Unknown0="2253247462" Unknown1="3175630091">
      <SDL2 Key="2909927059">
        <Unknown>
          <Entry>
            <Values>
              <Entry>
                <Value0>68616</Value0>
                <Value1>0</Value1>
              </Entry>
            </Values>
            <Value0>147456</Value0>
            <Value1>65536</Value1>
          </Entry>
        </Unknown>
        <Dialogs>
          <Dialog>姉ヶ崎</Dialog>
          <Dialog>My dear▼</Dialog>
        </Dialogs>
      </SDL2>
    </Entry>
    <Entry Unknown0="700775303" Unknown1="824239746">
      <SDL2 Key="2909927059">
        <Unknown>
          <Entry>
            <Values>
              <Entry>
                <Value0>68618</Value0>
                <Value1>0</Value1>
              </Entry>
            </Values>
            <Value0>147456</Value0>
            <Value1>65536</Value1>
          </Entry>
        </Unknown>
        <Dialogs>
          <Dialog>姉ヶ崎</Dialog>
          <Dialog>I love you▼</Dialog>
        </Dialogs>
      </SDL2>
    </Entry>
    <Entry Unknown0="2661046526" Unknown1="3904986458">
      <SDL2 Key="2909927059">
        <Unknown>
          <Entry>
            <Values>
              <Entry>
                <Value0>68620</Value0>
                <Value1>0</Value1>
              </Entry>
            </Values>
            <Value0>147456</Value0>
            <Value1>65536</Value1>
          </Entry>
        </Unknown>
        <Dialogs>
          <Dialog>姉ヶ崎</Dialog>
          <Dialog>I love you▼ Hehe... I love
you▼</Dialog>
        </Dialogs>
      </SDL2>
    </Entry>
    <Entry Unknown0="1983767510" Unknown1="2285385211">
      <SDL2 Key="2909927059">
        <Unknown>
          <Entry>
            <Values>
              <Entry>
                <Value0>68622</Value0>
                <Value1>0</Value1>
              </Entry>
            </Values>
            <Value0>147456</Value0>
            <Value1>65536</Value1>
          </Entry>
        </Unknown>
        <Dialogs>
          <Dialog>姉ヶ崎</Dialog>
          <Dialog>I love you. I love you. I love
you so much▼</Dialog>
        </Dialogs>
      </SDL2>
    </Entry>
    <Entry Unknown0="431262583" Unknown1="101766770">
      <SDL2 Key="3753852158">
        <Unknown>
          <Entry>
            <Values>
              <Entry>
                <Value0>68624</Value0>
                <Value1>0</Value1>
              </Entry>
            </Values>
            <Value0>147456</Value0>
            <Value1>65536</Value1>
          </Entry>
        </Unknown>
        <Dialogs>
          <Dialog>姉ヶ崎</Dialog>
          <Dialog>Don't take your eyes off of
me...</Dialog>
        </Dialogs>
      </SDL2>
    </Entry>
    <Entry Unknown0="2391566574" Unknown1="4256255306">
      <SDL2 Key="3753852158">
        <Unknown>
          <Entry>
            <Values>
              <Entry>
                <Value0>68626</Value0>
                <Value1>0</Value1>
              </Entry>
            </Values>
            <Value0>147456</Value0>
            <Value1>65536</Value1>
          </Entry>
        </Unknown>
        <Dialogs>
          <Dialog>姉ヶ崎</Dialog>
          <Dialog>I... want your kiss...</Dialog>
        </Dialogs>
      </SDL2>
    </Entry>
    <Entry Unknown0="1714287558" Unknown1="2603099627">
      <SDL2 Key="3753852158">
        <Unknown>
          <Entry>
            <Values>
              <Entry>
                <Value0>68628</Value0>
                <Value1>0</Value1>
              </Entry>
            </Values>
            <Value0>147456</Value0>
            <Value1>65536</Value1>
          </Entry>
        </Unknown>
        <Dialogs>
          <Dialog>姉ヶ崎</Dialog>
          <Dialog>Can you say you love me？</Dialog>
        </Dialogs>
      </SDL2>
    </Entry>
    <Entry Unknown0="161782631" Unknown1="453035618">
      <SDL2 Key="3753852158">
        <Unknown>
          <Entry>
            <Values>
              <Entry>
                <Value0>68630</Value0>
                <Value1>0</Value1>
              </Entry>
            </Values>
            <Value0>147456</Value0>
            <Value1>65536</Value1>
          </Entry>
        </Unknown>
        <Dialogs>
          <Dialog>姉ヶ崎</Dialog>
          <Dialog>Let's fall deeper in love.</Dialog>
        </Dialogs>
      </SDL2>
    </Entry>
    <Entry Unknown0="2122086622" Unknown1="3265346874">
      <SDL2 Key="3753852158">
        <Unknown>
          <Entry>
            <Values>
              <Entry>
                <Value0>68632</Value0>
                <Value1>0</Value1>
              </Entry>
            </Values>
            <Value0>147456</Value0>
            <Value1>65536</Value1>
          </Entry>
        </Unknown>
        <Dialogs>
          <Dialog>姉ヶ崎</Dialog>
          <Dialog>Look at me▼</Dialog>
        </Dialogs>
      </SDL2>
    </Entry>
    <Entry Unknown0="1444774838" Unknown1="1712854491">
      <SDL2 Key="2540875717">
        <Unknown>
          <Entry>
            <Values>
              <Entry>
                <Value0>68634</Value0>
                <Value1>0</Value1>
              </Entry>
            </Values>
            <Value0>147456</Value0>
            <Value1>65536</Value1>
          </Entry>
        </Unknown>
        <Dialogs>
          <Dialog>姉ヶ崎</Dialog>
          <Dialog>Hey, you're so spoiled.</Dialog>
        </Dialogs>
      </SDL2>
    </Entry>
    <Entry Unknown0="4187269975" Unknown1="3908089426">
      <SDL2 Key="2540875717">
        <Unknown>
          <Entry>
            <Values>
              <Entry>
                <Value0>68636</Value0>
                <Value1>0</Value1>
              </Entry>
            </Values>
            <Value0>147456</Value0>
            <Value1>65536</Value1>
          </Entry>
        </Unknown>
        <Dialogs>
          <Dialog>姉ヶ崎</Dialog>
          <Dialog>Hey！ Come this way.</Dialog>
        </Dialogs>
      </SDL2>
    </Entry>
    <Entry Unknown0="1852573902" Unknown1="3616615722">
      <SDL2 Key="2540875717">
        <Unknown>
          <Entry>
            <Values>
              <Entry>
                <Value0>68638</Value0>
                <Value1>0</Value1>
              </Entry>
            </Values>
            <Value0>147456</Value0>
            <Value1>65536</Value1>
          </Entry>
        </Unknown>
        <Dialogs>
          <Dialog>姉ヶ崎</Dialog>
          <Dialog>Hey, more. More.</Dialog>
        </Dialogs>
      </SDL2>
    </Entry>
    <Entry Unknown0="1175294886" Unknown1="1896351179">
      <SDL2 Key="2540875717">
        <Unknown>
          <Entry>
            <Values>
              <Entry>
                <Value0>68640</Value0>
                <Value1>0</Value1>
              </Entry>
            </Values>
            <Value0>147456</Value0>
            <Value1>65536</Value1>
          </Entry>
        </Unknown>
        <Dialogs>
          <Dialog>姉ヶ崎</Dialog>
          <Dialog>It's okay. All right？</Dialog>
        </Dialogs>
      </SDL2>
    </Entry>
    <Entry Unknown0="3917790023" Unknown1="4259358274">
      <SDL2 Key="2540875717">
        <Unknown>
          <Entry>
            <Values>
              <Entry>
                <Value0>68642</Value0>
                <Value1>0</Value1>
              </Entry>
            </Values>
            <Value0>147456</Value0>
            <Value1>65536</Value1>
          </Entry>
        </Unknown>
        <Dialogs>
          <Dialog>姉ヶ崎</Dialog>
          <Dialog>Do you know that there's a
sacred public telephone？</Dialog>
        </Dialogs>
      </SDL2>
    </Entry>
    <Entry Unknown0="1583093950" Unknown1="2759925018">
      <SDL2 Key="2540875717">
        <Unknown>
          <Entry>
            <Values>
              <Entry>
                <Value0>68644</Value0>
                <Value1>0</Value1>
              </Entry>
            </Values>
            <Value0>147456</Value0>
            <Value1>65536</Value1>
          </Entry>
        </Unknown>
        <Dialogs>
          <Dialog>姉ヶ崎</Dialog>
          <Dialog>Ahaha！ You look really
weird！</Dialog>
        </Dialogs>
      </SDL2>
    </Entry>
    <Entry Unknown0="922592150" Unknown1="2096690619">
      <SDL2 Key="3081950783">
        <Unknown>
          <Entry>
            <Values>
              <Entry>
                <Value0>68646</Value0>
                <Value1>0</Value1>
              </Entry>
            </Values>
            <Value0>147456</Value0>
            <Value1>65536</Value1>
          </Entry>
        </Unknown>
        <Dialogs>
          <Dialog>姉ヶ崎</Dialog>
          <Dialog>It's okay. I can wash it for
you later.</Dialog>
        </Dialogs>
      </SDL2>
    </Entry>
    <Entry Unknown0="3648277303" Unknown1="4073756210">
      <SDL2 Key="3081950783">
        <Unknown>
          <Entry>
            <Values>
              <Entry>
                <Value0>68648</Value0>
                <Value1>0</Value1>
              </Entry>
            </Values>
            <Value0>147456</Value0>
            <Value1>65536</Value1>
          </Entry>
        </Unknown>
        <Dialogs>
          <Dialog>姉ヶ崎</Dialog>
          <Dialog>No！ Stop sniffing！</Dialog>
        </Dialogs>
      </SDL2>
    </Entry>
    <Entry Unknown0="1313613998" Unknown1="2305887498">
      <SDL2 Key="3081950783">
        <Unknown>
          <Entry>
            <Values>
              <Entry>
                <Value0>68650</Value0>
                <Value1>0</Value1>
              </Entry>
            </Values>
            <Value0>147456</Value0>
            <Value1>65536</Value1>
          </Entry>
        </Unknown>
        <Dialogs>
          <Dialog>姉ヶ崎</Dialog>
          <Dialog>Ahaha... Hehehe...</Dialog>
        </Dialogs>
      </SDL2>
    </Entry>
    <Entry Unknown0="653112198" Unknown1="1877534123">
      <SDL2 Key="3081950783">
        <Unknown>
          <Entry>
            <Values>
              <Entry>
                <Value0>68652</Value0>
                <Value1>0</Value1>
              </Entry>
            </Values>
            <Value0>147456</Value0>
            <Value1>65536</Value1>
          </Entry>
        </Unknown>
        <Dialogs>
          <Dialog>姉ヶ崎</Dialog>
          <Dialog>The exercise program for today
has ended here.</Dialog>
        </Dialogs>
      </SDL2>
    </Entry>
    <Entry Unknown0="3378797351" Unknown1="3888154146">
      <SDL2 Key="3081950783">
        <Unknown>
          <Entry>
            <Values>
              <Entry>
                <Value0>68654</Value0>
                <Value1>0</Value1>
              </Entry>
            </Values>
            <Value0>147456</Value0>
            <Value1>65536</Value1>
          </Entry>
        </Unknown>
        <Dialogs>
          <Dialog>姉ヶ崎</Dialog>
          <Dialog>Anegasaki Nene's Dinner Show♪</Dialog>
        </Dialogs>
      </SDL2>
    </Entry>
    <Entry Unknown0="1044134046" Unknown1="3194093050">
      <SDL2 Key="3890290059">
        <Unknown>
          <Entry>
            <Values>
              <Entry>
                <Value0>68656</Value0>
                <Value1>0</Value1>
              </Entry>
            </Values>
            <Value0>147456</Value0>
            <Value1>65536</Value1>
          </Entry>
        </Unknown>
        <Dialogs>
          <Dialog>姉ヶ崎</Dialog>
          <Dialog>Cheers！ Cheers！ Cheers！</Dialog>
        </Dialogs>
      </SDL2>
    </Entry>
    <Entry Unknown0="383599478" Unknown1="450418075">
      <SDL2 Key="3890290059">
        <Unknown>
          <Entry>
            <Values>
              <Entry>
                <Value0>68658</Value0>
                <Value1>0</Value1>
              </Entry>
            </Values>
            <Value0>147456</Value0>
            <Value1>65536</Value1>
          </Entry>
        </Unknown>
        <Dialogs>
          <Dialog>姉ヶ崎</Dialog>
          <Dialog>No way. That's too bold...</Dialog>
        </Dialogs>
      </SDL2>
    </Entry>
    <Entry Unknown0="3109317399" Unknown1="2494592530">
      <SDL2 Key="3890290059">
        <Unknown>
          <Entry>
            <Values>
              <Entry>
                <Value0>68660</Value0>
                <Value1>0</Value1>
              </Entry>
            </Values>
            <Value0>147456</Value0>
            <Value1>65536</Value1>
          </Entry>
        </Unknown>
        <Dialogs>
          <Dialog>姉ヶ崎</Dialog>
          <Dialog>Just look at the protractor
carefully.</Dialog>
        </Dialogs>
      </SDL2>
    </Entry>
    <Entry Unknown0="774686862" Unknown1="2740055530">
      <SDL2 Key="3890290059">
        <Unknown>
          <Entry>
            <Values>
              <Entry>
                <Value0>68662</Value0>
                <Value1>0</Value1>
              </Entry>
            </Values>
            <Value0>147456</Value0>
            <Value1>65536</Value1>
          </Entry>
        </Unknown>
        <Dialogs>
          <Dialog>姉ヶ崎</Dialog>
          <Dialog>Wow, there are a lot of
noodles...</Dialog>
        </Dialogs>
      </SDL2>
    </Entry>
    <Entry Unknown0="114119526" Unknown1="97043851">
      <SDL2 Key="3890290059">
        <Unknown>
          <Entry>
            <Values>
              <Entry>
                <Value0>68664</Value0>
                <Value1>0</Value1>
              </Entry>
            </Values>
            <Value0>147456</Value0>
            <Value1>65536</Value1>
          </Entry>
        </Unknown>
        <Dialogs>
          <Dialog>姉ヶ崎</Dialog>
          <Dialog>That is not your rice.</Dialog>
        </Dialogs>
      </SDL2>
    </Entry>
    <Entry Unknown0="2839837447" Unknown1="2308990466">
      <SDL2 Key="3890290059">
        <Unknown>
          <Entry>
            <Values>
              <Entry>
                <Value0>68666</Value0>
                <Value1>0</Value1>
              </Entry>
            </Values>
            <Value0>147456</Value0>
            <Value1>65536</Value1>
          </Entry>
        </Unknown>
        <Dialogs>
          <Dialog>姉ヶ崎</Dialog>
          <Dialog>More. A little more... Yeah,
game set！</Dialog>
        </Dialogs>
      </SDL2>
    </Entry>
    <Entry Unknown0="505206910" Unknown1="1346493914">
      <SDL2 Key="2679341410">
        <Unknown>
          <Entry>
            <Values>
              <Entry>
                <Value0>68668</Value0>
                <Value1>0</Value1>
              </Entry>
            </Values>
            <Value0>147456</Value0>
            <Value1>65536</Value1>
          </Entry>
        </Unknown>
        <Dialogs>
          <Dialog>姉ヶ崎</Dialog>
          <Dialog>Ahaha！ You are a
professional, huh？</Dialog>
        </Dialogs>
      </SDL2>
    </Entry>
    <Entry Unknown0="4139606870" Unknown1="817411451">
      <SDL2 Key="2679341410">
        <Unknown>
          <Entry>
            <Values>
              <Entry>
                <Value0>68670</Value0>
                <Value1>0</Value1>
              </Entry>
            </Values>
            <Value0>147456</Value0>
            <Value1>65536</Value1>
          </Entry>
        </Unknown>
        <Dialogs>
          <Dialog>姉ヶ崎</Dialog>
          <Dialog>Have you ever played Antarctic
Adventure？</Dialog>
        </Dialogs>
      </SDL2>
    </Entry>
    <Entry Unknown0="2570324983" Unknown1="3197130482">
      <SDL2 Key="2679341410">
        <Unknown>
          <Entry>
            <Values>
              <Entry>
                <Value0>68672</Value0>
                <Value1>0</Value1>
              </Entry>
            </Values>
            <Value0>147456</Value0>
            <Value1>65536</Value1>
          </Entry>
        </Unknown>
        <Dialogs>
          <Dialog>姉ヶ崎</Dialog>
          <Dialog>Okay, the next news is... Oh,
this will be announced next
week.</Dialog>
        </Dialogs>
      </SDL2>
    </Entry>
    <Entry Unknown0="235726958" Unknown1="1160891850">
      <SDL2 Key="2679341410">
        <Unknown>
          <Entry>
            <Values>
              <Entry>
                <Value0>68674</Value0>
                <Value1>0</Value1>
              </Entry>
            </Values>
            <Value0>147456</Value0>
            <Value1>65536</Value1>
          </Entry>
        </Unknown>
        <Dialogs>
          <Dialog>姉ヶ崎</Dialog>
          <Dialog>No, this will sting your eyes.</Dialog>
        </Dialogs>
      </SDL2>
    </Entry>
    <Entry Unknown0="3870126918" Unknown1="598254955">
      <SDL2 Key="2679341410">
        <Unknown>
          <Entry>
            <Values>
              <Entry>
                <Value0>68678</Value0>
                <Value1>0</Value1>
              </Entry>
              <Entry>
                <Value0>68677</Value0>
                <Value1>500</Value1>
              </Entry>
            </Values>
            <Value0>147456</Value0>
            <Value1>65536</Value1>
          </Entry>
        </Unknown>
        <Dialogs>
          <Dialog>姉ヶ崎</Dialog>
          <Dialog>What's the weather like
today？ ...Yes, beautiful
weather！</Dialog>
        </Dialogs>
      </SDL2>
    </Entry>
    <Entry Unknown0="2300845031" Unknown1="3011528418">
      <SDL2 Key="3252926396">
        <Unknown>
          <Entry>
            <Values>
              <Entry>
                <Value0>68682</Value0>
                <Value1>0</Value1>
              </Entry>
              <Entry>
                <Value0>68681</Value0>
                <Value1>500</Value1>
              </Entry>
            </Values>
            <Value0>147456</Value0>
            <Value1>65536</Value1>
          </Entry>
        </Unknown>
        <Dialogs>
          <Dialog>姉ヶ崎</Dialog>
          <Dialog>What animals are better at
hunting than lions？ ...Yes,
hyenas！</Dialog>
        </Dialogs>
      </SDL2>
    </Entry>
    <Entry Unknown0="4277991518" Unknown1="1780596154">
      <SDL2 Key="3252926396">
        <Unknown>
          <Entry>
            <Values>
              <Entry>
                <Value0>68686</Value0>
                <Value1>0</Value1>
              </Entry>
              <Entry>
                <Value0>68685</Value0>
                <Value1>500</Value1>
              </Entry>
            </Values>
            <Value0>147456</Value0>
            <Value1>65536</Value1>
          </Entry>
        </Unknown>
        <Dialogs>
          <Dialog>姉ヶ崎</Dialog>
          <Dialog>When is a door not a door？
...Yes, when it's ajar！</Dialog>
        </Dialogs>
      </SDL2>
    </Entry>
  </Entries>
</DBIN2>