<?xml version="1.0" encoding="utf-8"?>
<DBIN2 xmlns:xsi="http://www.w3.org/2001/XMLSchema-instance" xmlns:xsd="http://www.w3.org/2001/XMLSchema" Key="761156579" Unknown="5">
  <Entries>
    <Entry Unknown0="893155169" Unknown1="1814007449">
      <SDL2 Key="3747973649">
        <Unknown />
        <Dialogs />
      </SDL2>
    </Entry>
    <Entry Unknown0="567395405" Unknown1="4285364780">
      <SDL2 Key="2535980519">
        <Unknown />
        <Dialogs />
      </SDL2>
    </Entry>
    <Entry Unknown0="2988484832" Unknown1="1347947901">
      <SDL2 Key="2535980519">
        <Unknown />
        <Dialogs />
      </SDL2>
    </Entry>
    <Entry Unknown0="84690737" Unknown1="1021992553">
      <SDL2 Key="2535980519">
        <Unknown />
        <Dialogs />
      </SDL2>
    </Entry>
    <Entry Unknown0="4053898269" Unknown1="3460254460">
      <SDL2 Key="2535980519">
        <Unknown />
        <Dialogs />
      </SDL2>
    </Entry>
  </Entries>
</DBIN2>