<?xml version="1.0" encoding="utf-8"?>
<DBIN2 xmlns:xsi="http://www.w3.org/2001/XMLSchema-instance" xmlns:xsd="http://www.w3.org/2001/XMLSchema" Key="429715311" Unknown="8">
  <Entries>
    <Entry Unknown0="1830460805" Unknown1="840605259">
      <SDL2 Key="1571290361">
        <Unknown />
        <Dialogs />
      </SDL2>
    </Entry>
    <Entry Unknown0="2541853359" Unknown1="2585774260">
      <SDL2 Key="2111251284">
        <Unknown />
        <Dialogs />
      </SDL2>
    </Entry>
    <Entry Unknown0="4269585432" Unknown1="2587963825">
      <SDL2 Key="2111251284">
        <Unknown />
        <Dialogs />
      </SDL2>
    </Entry>
    <Entry Unknown0="4255780117" Unknown1="3249155803">
      <SDL2 Key="2111251284">
        <Unknown />
        <Dialogs />
      </SDL2>
    </Entry>
    <Entry Unknown0="655428159" Unknown1="565139524">
      <SDL2 Key="2111251284">
        <Unknown />
        <Dialogs />
      </SDL2>
    </Entry>
    <Entry Unknown0="2383160488" Unknown1="600949057">
      <SDL2 Key="2111251284">
        <Unknown />
        <Dialogs />
      </SDL2>
    </Entry>
    <Entry Unknown0="2369437093" Unknown1="1580908139">
      <SDL2 Key="2111251284">
        <Unknown />
        <Dialogs />
      </SDL2>
    </Entry>
    <Entry Unknown0="3080829647" Unknown1="3057641684">
      <SDL2 Key="933865018">
        <Unknown />
        <Dialogs />
      </SDL2>
    </Entry>
  </Entries>
</DBIN2>