<?xml version="1.0" encoding="utf-8"?>
<DBIN2 xmlns:xsi="http://www.w3.org/2001/XMLSchema-instance" xmlns:xsd="http://www.w3.org/2001/XMLSchema" Key="2575263768" Unknown="4">
  <Entries>
    <Entry Unknown0="1686059006" Unknown1="356751278">
      <SDL2 Key="933865018">
        <Unknown />
        <Dialogs />
      </SDL2>
    </Entry>
    <Entry Unknown0="2024301074" Unknown1="1167109085">
      <SDL2 Key="933865018">
        <Unknown />
        <Dialogs />
      </SDL2>
    </Entry>
    <Entry Unknown0="2851837505" Unknown1="2477578794">
      <SDL2 Key="933865018">
        <Unknown />
        <Dialogs />
      </SDL2>
    </Entry>
    <Entry Unknown0="4094666638" Unknown1="2798855998">
      <SDL2 Key="933865018">
        <Unknown />
        <Dialogs />
      </SDL2>
    </Entry>
  </Entries>
</DBIN2>