<?xml version="1.0" encoding="utf-8"?>
<DBIN2 xmlns:xsi="http://www.w3.org/2001/XMLSchema-instance" xmlns:xsd="http://www.w3.org/2001/XMLSchema" Key="2301086933" Unknown="3">
  <Entries>
    <Entry Unknown0="2027394818" Unknown1="1570081766">
      <SDL2 Key="1742326917">
        <Unknown />
        <Dialogs />
      </SDL2>
    </Entry>
    <Entry Unknown0="2159751946" Unknown1="1094357962">
      <SDL2 Key="1742326917">
        <Unknown />
        <Dialogs />
      </SDL2>
    </Entry>
    <Entry Unknown0="1683958766" Unknown1="3846403950">
      <SDL2 Key="1742326917">
        <Unknown />
        <Dialogs />
      </SDL2>
    </Entry>
  </Entries>
</DBIN2>