<?xml version="1.0" encoding="utf-8"?>
<DBIN2 xmlns:xsi="http://www.w3.org/2001/XMLSchema-instance" xmlns:xsd="http://www.w3.org/2001/XMLSchema" Key="2943694031" Unknown="4">
  <Entries>
    <Entry Unknown0="2665696334" Unknown1="2409233726">
      <SDL2 Key="702226920">
        <Unknown />
        <Dialogs />
      </SDL2>
    </Entry>
    <Entry Unknown0="1247223034" Unknown1="57321906">
      <SDL2 Key="702226920">
        <Unknown />
        <Dialogs />
      </SDL2>
    </Entry>
    <Entry Unknown0="3190276206" Unknown1="3541507458">
      <SDL2 Key="702226920">
        <Unknown />
        <Dialogs />
      </SDL2>
    </Entry>
    <Entry Unknown0="2396224574" Unknown1="2139942190">
      <SDL2 Key="1496012612">
        <Unknown />
        <Dialogs />
      </SDL2>
    </Entry>
  </Entries>
</DBIN2>