<?xml version="1.0" encoding="utf-8"?>
<DBIN2 xmlns:xsi="http://www.w3.org/2001/XMLSchema-instance" xmlns:xsd="http://www.w3.org/2001/XMLSchema" Key="1226713716" Unknown="4">
  <Entries>
    <Entry Unknown0="2525528800" Unknown1="3564316957">
      <SDL2 Key="1666987985">
        <Unknown>
          <Entry>
            <Values />
            <Value0>147456</Value0>
            <Value1>65536</Value1>
          </Entry>
          <Entry>
            <Values />
            <Value0>147456</Value0>
            <Value1>131072</Value1>
          </Entry>
          <Entry>
            <Values />
            <Value0>147456</Value0>
            <Value1>196608</Value1>
          </Entry>
          <Entry>
            <Values />
            <Value0>147456</Value0>
            <Value1>131072</Value1>
          </Entry>
          <Entry>
            <Values />
            <Value0>147456</Value0>
            <Value1>262144</Value1>
          </Entry>
          <Entry>
            <Values />
            <Value0>147456</Value0>
            <Value1>327680</Value1>
          </Entry>
          <Entry>
            <Values />
            <Value0>147456</Value0>
            <Value1>393216</Value1>
          </Entry>
          <Entry>
            <Values />
            <Value0>147456</Value0>
            <Value1>458752</Value1>
          </Entry>
          <Entry>
            <Values />
            <Value0>147456</Value0>
            <Value1>524288</Value1>
          </Entry>
          <Entry>
            <Values />
            <Value0>147456</Value0>
            <Value1>589824</Value1>
          </Entry>
          <Entry>
            <Values />
            <Value0>147456</Value0>
            <Value1>655360</Value1>
          </Entry>
          <Entry>
            <Values />
            <Value0>147456</Value0>
            <Value1>720896</Value1>
          </Entry>
          <Entry>
            <Values />
            <Value0>147456</Value0>
            <Value1>786432</Value1>
          </Entry>
          <Entry>
            <Values />
            <Value0>147456</Value0>
            <Value1>720896</Value1>
          </Entry>
          <Entry>
            <Values />
            <Value0>147456</Value0>
            <Value1>851968</Value1>
          </Entry>
          <Entry>
            <Values />
            <Value0>147456</Value0>
            <Value1>917504</Value1>
          </Entry>
          <Entry>
            <Values />
            <Value0>147456</Value0>
            <Value1>983040</Value1>
          </Entry>
          <Entry>
            <Values />
            <Value0>147456</Value0>
            <Value1>1048576</Value1>
          </Entry>
          <Entry>
            <Values />
            <Value0>147456</Value0>
            <Value1>1114112</Value1>
          </Entry>
          <Entry>
            <Values />
            <Value0>147456</Value0>
            <Value1>1179648</Value1>
          </Entry>
          <Entry>
            <Values />
            <Value0>147456</Value0>
            <Value1>1245184</Value1>
          </Entry>
          <Entry>
            <Values />
            <Value0>147456</Value0>
            <Value1>1310720</Value1>
          </Entry>
          <Entry>
            <Values />
            <Value0>147456</Value0>
            <Value1>1376256</Value1>
          </Entry>
          <Entry>
            <Values />
            <Value0>147456</Value0>
            <Value1>1310720</Value1>
          </Entry>
          <Entry>
            <Values />
            <Value0>147456</Value0>
            <Value1>1441792</Value1>
          </Entry>
          <Entry>
            <Values />
            <Value0>147456</Value0>
            <Value1>1507328</Value1>
          </Entry>
          <Entry>
            <Values />
            <Value0>147456</Value0>
            <Value1>1572864</Value1>
          </Entry>
          <Entry>
            <Values />
            <Value0>147456</Value0>
            <Value1>1638400</Value1>
          </Entry>
          <Entry>
            <Values />
            <Value0>147456</Value0>
            <Value1>1703936</Value1>
          </Entry>
          <Entry>
            <Values />
            <Value0>147456</Value0>
            <Value1>1769472</Value1>
          </Entry>
          <Entry>
            <Values />
            <Value0>147456</Value0>
            <Value1>1835008</Value1>
          </Entry>
          <Entry>
            <Values />
            <Value0>147456</Value0>
            <Value1>1900544</Value1>
          </Entry>
          <Entry>
            <Values />
            <Value0>147456</Value0>
            <Value1>1966080</Value1>
          </Entry>
          <Entry>
            <Values />
            <Value0>147456</Value0>
            <Value1>1900544</Value1>
          </Entry>
          <Entry>
            <Values />
            <Value0>147456</Value0>
            <Value1>2031616</Value1>
          </Entry>
          <Entry>
            <Values />
            <Value0>147456</Value0>
            <Value1>327680</Value1>
          </Entry>
          <Entry>
            <Values />
            <Value0>147456</Value0>
            <Value1>2097152</Value1>
          </Entry>
          <Entry>
            <Values />
            <Value0>147456</Value0>
            <Value1>458752</Value1>
          </Entry>
          <Entry>
            <Values />
            <Value0>147456</Value0>
            <Value1>2162688</Value1>
          </Entry>
          <Entry>
            <Values />
            <Value0>147456</Value0>
            <Value1>589824</Value1>
          </Entry>
          <Entry>
            <Values />
            <Value0>65570</Value0>
            <Value1>65571</Value1>
          </Entry>
          <Entry>
            <Values />
            <Value0>65571</Value0>
            <Value1>65572</Value1>
          </Entry>
          <Entry>
            <Values />
            <Value0>65572</Value0>
            <Value1>147456</Value1>
          </Entry>
          <Entry>
            <Values />
            <Value0>147456</Value0>
            <Value1>2424832</Value1>
          </Entry>
          <Entry>
            <Values />
            <Value0>65574</Value0>
            <Value1>65575</Value1>
          </Entry>
          <Entry>
            <Values />
            <Value0>65575</Value0>
            <Value1>65576</Value1>
          </Entry>
          <Entry>
            <Values />
            <Value0>65576</Value0>
            <Value1>65577</Value1>
          </Entry>
          <Entry>
            <Values />
            <Value0>65577</Value0>
            <Value1>147456</Value1>
          </Entry>
          <Entry>
            <Values />
            <Value0>147456</Value0>
            <Value1>2752512</Value1>
          </Entry>
          <Entry>
            <Values />
            <Value0>147456</Value0>
            <Value1>2818048</Value1>
          </Entry>
        </Unknown>
        <Dialogs>
          <Dialog>○○○○○○○○</Dialog>
          <Dialog>Ah, I just remembered.
▲姉ヶ崎＊▲'s
birthday is coming up.</Dialog>
          <Dialog>What should I buy as a
present...？</Dialog>
          <Dialog>Ah, I remembered now.
▲姉ヶ崎＊▲'s
birthday is next week.</Dialog>
          <Dialog>Ah,
▲姉ヶ崎＊▲'s
birthday is this week.</Dialog>
          <Dialog>I guess I'd better prepare a
present for her...</Dialog>
          <Dialog>Ah！
▲姉ヶ崎＊▲'s
birthday is tomorrow！</Dialog>
          <Dialog>I have to buy her a present...</Dialog>
          <Dialog>Ah！
▲姉ヶ崎＊▲'s
birthday is today！</Dialog>
          <Dialog>I've got to hurry and buy her
a present...</Dialog>
          <Dialog>By the way, it'll be White Day
soon.</Dialog>
          <Dialog>▲姉ヶ崎＊▲...
What shall I get for you...？</Dialog>
          <Dialog>By the way, White Day is next
week.</Dialog>
          <Dialog>Ah, White Day is this week.</Dialog>
          <Dialog>▲姉ヶ崎＊▲...
What would be a good return
gift for you...？</Dialog>
          <Dialog>Ah！ Tomorrow is White Day！</Dialog>
          <Dialog>▲姉ヶ崎＊▲.
I have to get something for
you...</Dialog>
          <Dialog>Ah！ Today is White Day！</Dialog>
          <Dialog>▲姉ヶ崎＊▲...
I must hurry and get something
for you...</Dialog>
          <Dialog>Christmas's atmosphere is in
the air.</Dialog>
          <Dialog>▲姉ヶ崎＊▲...
What should I get for you...？</Dialog>
          <Dialog>It'll be Christmas next week.</Dialog>
          <Dialog>It'll be Christmas this week.</Dialog>
          <Dialog>▲姉ヶ崎＊▲...
I'd better get something for
you, right...？</Dialog>
          <Dialog>Ah！ Tomorrow is Christmas
Eve！</Dialog>
          <Dialog>▲姉ヶ崎＊▲...
I'll get something for you...</Dialog>
          <Dialog>Ah！ Today is Christmas Eve！</Dialog>
          <Dialog>▲姉ヶ崎＊▲...
I should hurry and get
something for you...</Dialog>
          <Dialog>Ah, I remembered now.
▲姉ヶ崎＊▲
and I... Our anniversary is
coming soon.</Dialog>
          <Dialog>I'd better prepare a present
for her...</Dialog>
          <Dialog>Ah, I remembered now.
▲姉ヶ崎＊▲
and I... Our anniversary is
coming up this week.</Dialog>
          <Dialog>Ah, ▲姉ヶ崎＊▲
and I... Our anniversary is
tomorrow！</Dialog>
          <Dialog>Ah！ ▲姉ヶ崎＊▲
and I... Our anniversary is
today！</Dialog>
          <Dialog>Ah！ ▲姉ヶ崎＊▲
and I... Our anniversary is
today！</Dialog>
          <Dialog>Boutique</Dialog>
          <Dialog>Cosmetic Store</Dialog>
          <Dialog>Accessory Shop</Dialog>
          <Dialog>Should I buy a present
here...？</Dialog>
          <Dialog>▲生成選択肢１▲</Dialog>
          <Dialog>▲生成選択肢２▲</Dialog>
          <Dialog>▲生成選択肢３▲</Dialog>
          <Dialog>Don't buy</Dialog>
          <Dialog>Okay, I'll have this one.
Hopefully,
▲姉ヶ崎＊▲
will like it...</Dialog>
          <Dialog>Hmm... I think I'll try
another shop. I'll come to
shop again next time.</Dialog>
        </Dialogs>
      </SDL2>
    </Entry>
    <Entry Unknown0="4187284801" Unknown1="3935799849">
      <SDL2 Key="1666987985">
        <Unknown />
        <Dialogs />
      </SDL2>
    </Entry>
    <Entry Unknown0="96011853" Unknown1="167089740">
      <SDL2 Key="1666987985">
        <Unknown />
        <Dialogs />
      </SDL2>
    </Entry>
    <Entry Unknown0="639111792" Unknown1="1845541293">
      <SDL2 Key="723430055">
        <Unknown />
        <Dialogs />
      </SDL2>
    </Entry>
  </Entries>
</DBIN2>