<?xml version="1.0" encoding="utf-8"?>
<DBIN2 xmlns:xsi="http://www.w3.org/2001/XMLSchema-instance" xmlns:xsd="http://www.w3.org/2001/XMLSchema" Key="2142867730" Unknown="22">
  <Entries>
    <Entry Unknown0="221750667" Unknown1="3012168242">
      <SDL2 Key="723430055">
        <Unknown />
        <Dialogs />
      </SDL2>
    </Entry>
    <Entry Unknown0="2927931182" Unknown1="109555077">
      <SDL2 Key="723430055">
        <Unknown />
        <Dialogs />
      </SDL2>
    </Entry>
    <Entry Unknown0="58851457" Unknown1="2818175">
      <SDL2 Key="723430055">
        <Unknown />
        <Dialogs />
      </SDL2>
    </Entry>
    <Entry Unknown0="4247213435" Unknown1="2725968418">
      <SDL2 Key="723430055">
        <Unknown />
        <Dialogs />
      </SDL2>
    </Entry>
    <Entry Unknown0="2658426654" Unknown1="4151811445">
      <SDL2 Key="723430055">
        <Unknown />
        <Dialogs />
      </SDL2>
    </Entry>
    <Entry Unknown0="4084346993" Unknown1="4045140079">
      <SDL2 Key="723430055">
        <Unknown />
        <Dialogs />
      </SDL2>
    </Entry>
    <Entry Unknown0="3977725291" Unknown1="2439703058">
      <SDL2 Key="723430055">
        <Unknown />
        <Dialogs />
      </SDL2>
    </Entry>
    <Entry Unknown0="2388938510" Unknown1="3831991653">
      <SDL2 Key="1264440050">
        <Unknown />
        <Dialogs />
      </SDL2>
    </Entry>
    <Entry Unknown0="3814858849" Unknown1="3792429151">
      <SDL2 Key="1264440050">
        <Unknown />
        <Dialogs />
      </SDL2>
    </Entry>
    <Entry Unknown0="3708253531" Unknown1="2153437698">
      <SDL2 Key="1264440050">
        <Unknown />
        <Dialogs />
      </SDL2>
    </Entry>
    <Entry Unknown0="2119467006" Unknown1="3579280725">
      <SDL2 Key="1264440050">
        <Unknown />
        <Dialogs />
      </SDL2>
    </Entry>
    <Entry Unknown0="3545419857" Unknown1="3556495439">
      <SDL2 Key="1264440050">
        <Unknown />
        <Dialogs />
      </SDL2>
    </Entry>
    <Entry Unknown0="3455542603" Unknown1="1951058674">
      <SDL2 Key="2072844396">
        <Unknown />
        <Dialogs />
      </SDL2>
    </Entry>
    <Entry Unknown0="1849978862" Unknown1="3242683717">
      <SDL2 Key="2072844396">
        <Unknown />
        <Dialogs />
      </SDL2>
    </Entry>
    <Entry Unknown0="3275931713" Unknown1="3354116159">
      <SDL2 Key="2072844396">
        <Unknown />
        <Dialogs />
      </SDL2>
    </Entry>
    <Entry Unknown0="3186038075" Unknown1="1782299362">
      <SDL2 Key="2072844396">
        <Unknown />
        <Dialogs />
      </SDL2>
    </Entry>
    <Entry Unknown0="1580474334" Unknown1="3157613877">
      <SDL2 Key="2072844396">
        <Unknown />
        <Dialogs />
      </SDL2>
    </Entry>
    <Entry Unknown0="3006459953" Unknown1="3168317487">
      <SDL2 Key="2072844396">
        <Unknown />
        <Dialogs />
      </SDL2>
    </Entry>
    <Entry Unknown0="2916549931" Unknown1="1579920082">
      <SDL2 Key="895454003">
        <Unknown />
        <Dialogs />
      </SDL2>
    </Entry>
    <Entry Unknown0="1310986190" Unknown1="2821016869">
      <SDL2 Key="895454003">
        <Unknown />
        <Dialogs />
      </SDL2>
    </Entry>
    <Entry Unknown0="2736971809" Unknown1="2949160991">
      <SDL2 Key="895454003">
        <Unknown />
        <Dialogs />
      </SDL2>
    </Entry>
    <Entry Unknown0="2647078171" Unknown1="1394318018">
      <SDL2 Key="895454003">
        <Unknown />
        <Dialogs />
      </SDL2>
    </Entry>
  </Entries>
</DBIN2>