<?xml version="1.0" encoding="utf-8"?>
<DBIN2 xmlns:xsi="http://www.w3.org/2001/XMLSchema-instance" xmlns:xsd="http://www.w3.org/2001/XMLSchema" Key="2266449790" Unknown="6">
  <Entries>
    <Entry Unknown0="3954771313" Unknown1="1093597384">
      <SDL2 Key="2243881193">
        <Unknown />
        <Dialogs />
      </SDL2>
    </Entry>
    <Entry Unknown0="1548270052" Unknown1="3533269849">
      <SDL2 Key="2243881193">
        <Unknown />
        <Dialogs />
      </SDL2>
    </Entry>
    <Entry Unknown0="4021561973" Unknown1="1041104069">
      <SDL2 Key="2243881193">
        <Unknown />
        <Dialogs />
      </SDL2>
    </Entry>
    <Entry Unknown0="1529460193" Unknown1="3583928376">
      <SDL2 Key="2243881193">
        <Unknown />
        <Dialogs />
      </SDL2>
    </Entry>
    <Entry Unknown0="3434621268" Unknown1="638180297">
      <SDL2 Key="2243881193">
        <Unknown />
        <Dialogs />
      </SDL2>
    </Entry>
    <Entry Unknown0="1596218085" Unknown1="3397217333">
      <SDL2 Key="2243881193">
        <Unknown />
        <Dialogs />
      </SDL2>
    </Entry>
  </Entries>
</DBIN2>