<?xml version="1.0" encoding="utf-8"?>
<DBIN2 xmlns:xsi="http://www.w3.org/2001/XMLSchema-instance" xmlns:xsd="http://www.w3.org/2001/XMLSchema" Key="758890127" Unknown="3">
  <Entries>
    <Entry Unknown0="2652842956" Unknown1="1238104438">
      <SDL2 Key="1840354091">
        <Unknown />
        <Dialogs />
      </SDL2>
    </Entry>
    <Entry Unknown0="4236057386" Unknown1="2883082200">
      <SDL2 Key="1840354091">
        <Unknown />
        <Dialogs />
      </SDL2>
    </Entry>
    <Entry Unknown0="1586347404" Unknown1="3141253608">
      <SDL2 Key="1840354091">
        <Unknown />
        <Dialogs />
      </SDL2>
    </Entry>
  </Entries>
</DBIN2>