<?xml version="1.0" encoding="utf-8"?>
<DBIN2 xmlns:xsi="http://www.w3.org/2001/XMLSchema-instance" xmlns:xsd="http://www.w3.org/2001/XMLSchema" Key="737691533" Unknown="48">
  <Entries>
    <Entry Unknown0="365923401" Unknown1="4206523429">
      <SDL2 Key="1562270329">
        <Unknown>
          <Entry>
            <Values>
              <Entry>
                <Value0>33976</Value0>
                <Value1>0</Value1>
              </Entry>
            </Values>
            <Value0>147456</Value0>
            <Value1>65536</Value1>
          </Entry>
          <Entry>
            <Values />
            <Value0>147458</Value0>
            <Value1>196608</Value1>
          </Entry>
          <Entry>
            <Values>
              <Entry>
                <Value0>33977</Value0>
                <Value1>0</Value1>
              </Entry>
            </Values>
            <Value0>147456</Value0>
            <Value1>262144</Value1>
          </Entry>
          <Entry>
            <Values />
            <Value0>147458</Value0>
            <Value1>327680</Value1>
          </Entry>
        </Unknown>
        <Dialogs>
          <Dialog>小早川</Dialog>
          <Dialog>Yes, hello？</Dialog>
          <Dialog>○○○○○○○○</Dialog>
          <Dialog>Ah, it's me...</Dialog>
          <Dialog>Thanks for calling. Hehe.</Dialog>
          <Dialog>Um, well...</Dialog>
        </Dialogs>
      </SDL2>
    </Entry>
    <Entry Unknown0="2909152209" Unknown1="2420899004">
      <SDL2 Key="1562270329">
        <Unknown>
          <Entry>
            <Values>
              <Entry>
                <Value0>33978</Value0>
                <Value1>0</Value1>
              </Entry>
            </Values>
            <Value0>147456</Value0>
            <Value1>65536</Value1>
          </Entry>
          <Entry>
            <Values />
            <Value0>147458</Value0>
            <Value1>196608</Value1>
          </Entry>
          <Entry>
            <Values>
              <Entry>
                <Value0>33979</Value0>
                <Value1>0</Value1>
              </Entry>
            </Values>
            <Value0>147456</Value0>
            <Value1>262144</Value1>
          </Entry>
          <Entry>
            <Values />
            <Value0>147458</Value0>
            <Value1>327680</Value1>
          </Entry>
        </Unknown>
        <Dialogs>
          <Dialog>小早川</Dialog>
          <Dialog>Hello？</Dialog>
          <Dialog>○○○○○○○○</Dialog>
          <Dialog>Ah, it's me...</Dialog>
          <Dialog>Yeah. Do you have any business
with Rinko？</Dialog>
          <Dialog>Um, well...</Dialog>
        </Dialogs>
      </SDL2>
    </Entry>
    <Entry Unknown0="922200936" Unknown1="550736717">
      <SDL2 Key="1562270329">
        <Unknown>
          <Entry>
            <Values>
              <Entry>
                <Value0>33980</Value0>
                <Value1>0</Value1>
              </Entry>
            </Values>
            <Value0>147456</Value0>
            <Value1>65536</Value1>
          </Entry>
          <Entry>
            <Values />
            <Value0>147458</Value0>
            <Value1>196608</Value1>
          </Entry>
          <Entry>
            <Values>
              <Entry>
                <Value0>33981</Value0>
                <Value1>0</Value1>
              </Entry>
            </Values>
            <Value0>147456</Value0>
            <Value1>262144</Value1>
          </Entry>
          <Entry>
            <Values />
            <Value0>147458</Value0>
            <Value1>327680</Value1>
          </Entry>
        </Unknown>
        <Dialogs>
          <Dialog>小早川</Dialog>
          <Dialog>Who is this？</Dialog>
          <Dialog>○○○○○○○○</Dialog>
          <Dialog>Ah, it's me...</Dialog>
          <Dialog>I already know that.</Dialog>
          <Dialog>U-Um, well...</Dialog>
        </Dialogs>
      </SDL2>
    </Entry>
    <Entry Unknown0="3313450233" Unknown1="2691310805">
      <SDL2 Key="1562270329">
        <Unknown>
          <Entry>
            <Values />
            <Value0>147456</Value0>
            <Value1>65536</Value1>
          </Entry>
        </Unknown>
        <Dialogs>
          <Dialog>○○○○○○○○</Dialog>
          <Dialog>▲月▲▲日▲ is a holiday.
How about we go to the
▲デート場所▲
together？</Dialog>
        </Dialogs>
      </SDL2>
    </Entry>
    <Entry Unknown0="1561777025" Unknown1="1258007660">
      <SDL2 Key="1562270329">
        <Unknown>
          <Entry>
            <Values />
            <Value0>147456</Value0>
            <Value1>65536</Value1>
          </Entry>
        </Unknown>
        <Dialogs>
          <Dialog>○○○○○○○○</Dialog>
          <Dialog>This weekend, how about we go
to the ▲デート場所▲
together？</Dialog>
        </Dialogs>
      </SDL2>
    </Entry>
    <Entry Unknown0="3869727512" Unknown1="3733144573">
      <SDL2 Key="1562270329">
        <Unknown>
          <Entry>
            <Values />
            <Value0>147456</Value0>
            <Value1>65536</Value1>
          </Entry>
        </Unknown>
        <Dialogs>
          <Dialog>○○○○○○○○</Dialog>
          <Dialog>After this, how about we go to
the ▲デート場所▲
together？</Dialog>
        </Dialogs>
      </SDL2>
    </Entry>
    <Entry Unknown0="1966075049" Unknown1="1041945733">
      <SDL2 Key="1562270329">
        <Unknown>
          <Entry>
            <Values>
              <Entry>
                <Value0>33982</Value0>
                <Value1>0</Value1>
              </Entry>
            </Values>
            <Value0>147456</Value0>
            <Value1>65536</Value1>
          </Entry>
        </Unknown>
        <Dialogs>
          <Dialog>小早川</Dialog>
          <Dialog>Okay. It's a date then.</Dialog>
        </Dialogs>
      </SDL2>
    </Entry>
    <Entry Unknown0="231113521" Unknown1="2494258204">
      <SDL2 Key="1562270329">
        <Unknown>
          <Entry>
            <Values>
              <Entry>
                <Value0>33983</Value0>
                <Value1>0</Value1>
              </Entry>
              <Entry>
                <Value0>33984</Value0>
                <Value1>667</Value1>
              </Entry>
            </Values>
            <Value0>147456</Value0>
            <Value1>65536</Value1>
          </Entry>
        </Unknown>
        <Dialogs>
          <Dialog>小早川</Dialog>
          <Dialog>Okay, then. You'll get the
kick if you ever forget.</Dialog>
        </Dialogs>
      </SDL2>
    </Entry>
    <Entry Unknown0="2522287048" Unknown1="3962827693">
      <SDL2 Key="1562270329">
        <Unknown>
          <Entry>
            <Values>
              <Entry>
                <Value0>33985</Value0>
                <Value1>0</Value1>
              </Entry>
              <Entry>
                <Value0>33986</Value0>
                <Value1>667</Value1>
              </Entry>
            </Values>
            <Value0>147456</Value0>
            <Value1>65536</Value1>
          </Entry>
        </Unknown>
        <Dialogs>
          <Dialog>小早川</Dialog>
          <Dialog>Um, fine. This weekend,
right？ It's a date.</Dialog>
        </Dialogs>
      </SDL2>
    </Entry>
    <Entry Unknown0="635411545" Unknown1="1707770933">
      <SDL2 Key="1562270329">
        <Unknown>
          <Entry>
            <Values>
              <Entry>
                <Value0>33987</Value0>
                <Value1>0</Value1>
              </Entry>
              <Entry>
                <Value0>33988</Value0>
                <Value1>800</Value1>
              </Entry>
            </Values>
            <Value0>147456</Value0>
            <Value1>65536</Value1>
          </Entry>
        </Unknown>
        <Dialogs>
          <Dialog>小早川</Dialog>
          <Dialog>Okay, fine. I'm free on
weekends anyway.</Dialog>
        </Dialogs>
      </SDL2>
    </Entry>
    <Entry Unknown0="3178640353" Unknown1="3646622924">
      <SDL2 Key="1562270329">
        <Unknown>
          <Entry>
            <Values>
              <Entry>
                <Value0>33989</Value0>
                <Value1>0</Value1>
              </Entry>
            </Values>
            <Value0>147456</Value0>
            <Value1>65536</Value1>
          </Entry>
        </Unknown>
        <Dialogs>
          <Dialog>小早川</Dialog>
          <Dialog>Now？ Of course. I'll be right
there.</Dialog>
        </Dialogs>
      </SDL2>
    </Entry>
    <Entry Unknown0="1174911864" Unknown1="1273209693">
      <SDL2 Key="2103345861">
        <Unknown>
          <Entry>
            <Values>
              <Entry>
                <Value0>33990</Value0>
                <Value1>0</Value1>
              </Entry>
            </Values>
            <Value0>147456</Value0>
            <Value1>65536</Value1>
          </Entry>
        </Unknown>
        <Dialogs>
          <Dialog>小早川</Dialog>
          <Dialog>Okay. Then I'll be right
there.</Dialog>
        </Dialogs>
      </SDL2>
    </Entry>
    <Entry Unknown0="3582938121" Unknown1="947533029">
      <SDL2 Key="2103345861">
        <Unknown>
          <Entry>
            <Values>
              <Entry>
                <Value0>33991</Value0>
                <Value1>0</Value1>
              </Entry>
            </Values>
            <Value0>147456</Value0>
            <Value1>65536</Value1>
          </Entry>
        </Unknown>
        <Dialogs>
          <Dialog>小早川</Dialog>
          <Dialog>Ah... I'm booked on that day.
Sorry.</Dialog>
        </Dialogs>
      </SDL2>
    </Entry>
    <Entry Unknown0="1831265169" Unknown1="3523984508">
      <SDL2 Key="2103345861">
        <Unknown>
          <Entry>
            <Values>
              <Entry>
                <Value0>33992</Value0>
                <Value1>0</Value1>
              </Entry>
            </Values>
            <Value0>147456</Value0>
            <Value1>65536</Value1>
          </Entry>
        </Unknown>
        <Dialogs>
          <Dialog>小早川</Dialog>
          <Dialog>That day？ Pass！ I'm booked.</Dialog>
        </Dialogs>
      </SDL2>
    </Entry>
    <Entry Unknown0="4139215656" Unknown1="1855148813">
      <SDL2 Key="2103345861">
        <Unknown>
          <Entry>
            <Values>
              <Entry>
                <Value0>33993</Value0>
                <Value1>0</Value1>
              </Entry>
              <Entry>
                <Value0>33994</Value0>
                <Value1>667</Value1>
              </Entry>
            </Values>
            <Value0>147456</Value0>
            <Value1>65536</Value1>
          </Entry>
        </Unknown>
        <Dialogs>
          <Dialog>小早川</Dialog>
          <Dialog>Hmm？ This weekend？ I
can't... Sorry.</Dialog>
        </Dialogs>
      </SDL2>
    </Entry>
    <Entry Unknown0="2235563193" Unknown1="3878347925">
      <SDL2 Key="2103345861">
        <Unknown>
          <Entry>
            <Values>
              <Entry>
                <Value0>33995</Value0>
                <Value1>0</Value1>
              </Entry>
              <Entry>
                <Value0>33996</Value0>
                <Value1>467</Value1>
              </Entry>
            </Values>
            <Value0>147456</Value0>
            <Value1>65536</Value1>
          </Entry>
        </Unknown>
        <Dialogs>
          <Dialog>小早川</Dialog>
          <Dialog>This weekend？ I can't...</Dialog>
        </Dialogs>
      </SDL2>
    </Entry>
    <Entry Unknown0="500601665" Unknown1="2545642540">
      <SDL2 Key="2103345861">
        <Unknown>
          <Entry>
            <Values>
              <Entry>
                <Value0>33997</Value0>
                <Value1>0</Value1>
              </Entry>
            </Values>
            <Value0>147456</Value0>
            <Value1>65536</Value1>
          </Entry>
        </Unknown>
        <Dialogs>
          <Dialog>小早川</Dialog>
          <Dialog>After this？ I really can't.</Dialog>
        </Dialogs>
      </SDL2>
    </Entry>
    <Entry Unknown0="2791775192" Unknown1="88277949">
      <SDL2 Key="2103345861">
        <Unknown>
          <Entry>
            <Values>
              <Entry>
                <Value0>33998</Value0>
                <Value1>0</Value1>
              </Entry>
            </Values>
            <Value0>147456</Value0>
            <Value1>65536</Value1>
          </Entry>
        </Unknown>
        <Dialogs>
          <Dialog>小早川</Dialog>
          <Dialog>Eh？ After this？ Isn't that
so sudden？ I can't.</Dialog>
        </Dialogs>
      </SDL2>
    </Entry>
    <Entry Unknown0="904899689" Unknown1="3134886981">
      <SDL2 Key="2103345861">
        <Unknown>
          <Entry>
            <Values>
              <Entry>
                <Value0>33999</Value0>
                <Value1>0</Value1>
              </Entry>
              <Entry>
                <Value0>34000</Value0>
                <Value1>667</Value1>
              </Entry>
            </Values>
            <Value0>147456</Value0>
            <Value1>65536</Value1>
          </Entry>
        </Unknown>
        <Dialogs>
          <Dialog>小早川</Dialog>
          <Dialog>There...？ Um, change it.</Dialog>
        </Dialogs>
      </SDL2>
    </Entry>
    <Entry Unknown0="3448128497" Unknown1="460004572">
      <SDL2 Key="2103345861">
        <Unknown>
          <Entry>
            <Values>
              <Entry>
                <Value0>34001</Value0>
                <Value1>0</Value1>
              </Entry>
            </Values>
            <Value0>147456</Value0>
            <Value1>65536</Value1>
          </Entry>
        </Unknown>
        <Dialogs>
          <Dialog>小早川</Dialog>
          <Dialog>I think it's better on
different day though.</Dialog>
        </Dialogs>
      </SDL2>
    </Entry>
    <Entry Unknown0="1444400008" Unknown1="4143166317">
      <SDL2 Key="2103345861">
        <Unknown>
          <Entry>
            <Values>
              <Entry>
                <Value0>34002</Value0>
                <Value1>0</Value1>
              </Entry>
            </Values>
            <Value0>147456</Value0>
            <Value1>65536</Value1>
          </Entry>
          <Entry>
            <Values />
            <Value0>147458</Value0>
            <Value1>196608</Value1>
          </Entry>
        </Unknown>
        <Dialogs>
          <Dialog>小早川</Dialog>
          <Dialog>Um... Well, it can't be
helped. I'll decline this
time.</Dialog>
          <Dialog>○○○○○○○○</Dialog>
          <Dialog>I see. That's too bad.</Dialog>
        </Dialogs>
      </SDL2>
    </Entry>
    <Entry Unknown0="3852426265" Unknown1="42616053">
      <SDL2 Key="2103345861">
        <Unknown>
          <Entry>
            <Values>
              <Entry>
                <Value0>34003</Value0>
                <Value1>0</Value1>
              </Entry>
            </Values>
            <Value0>147456</Value0>
            <Value1>65536</Value1>
          </Entry>
          <Entry>
            <Values />
            <Value0>147458</Value0>
            <Value1>196608</Value1>
          </Entry>
        </Unknown>
        <Dialogs>
          <Dialog>小早川</Dialog>
          <Dialog>Well, what time should we meet
up then？</Dialog>
          <Dialog>○○○○○○○○</Dialog>
          <Dialog>Well...</Dialog>
        </Dialogs>
      </SDL2>
    </Entry>
    <Entry Unknown0="2100753313" Unknown1="3004943500">
      <SDL2 Key="2103345861">
        <Unknown>
          <Entry>
            <Values>
              <Entry>
                <Value0>34004</Value0>
                <Value1>0</Value1>
              </Entry>
            </Values>
            <Value0>147456</Value0>
            <Value1>65536</Value1>
          </Entry>
          <Entry>
            <Values />
            <Value0>147458</Value0>
            <Value1>196608</Value1>
          </Entry>
        </Unknown>
        <Dialogs>
          <Dialog>小早川</Dialog>
          <Dialog>Yeah, it's all right.</Dialog>
          <Dialog>○○○○○○○○</Dialog>
          <Dialog>Well then, at ▲時刻▲,
I'll wait for you at the
▲デート場所▲.</Dialog>
        </Dialogs>
      </SDL2>
    </Entry>
    <Entry Unknown0="113736504" Unknown1="782459677">
      <SDL2 Key="2103345861">
        <Unknown>
          <Entry>
            <Values>
              <Entry>
                <Value0>34005</Value0>
                <Value1>0</Value1>
              </Entry>
              <Entry>
                <Value0>34006</Value0>
                <Value1>333</Value1>
              </Entry>
            </Values>
            <Value0>147456</Value0>
            <Value1>65536</Value1>
          </Entry>
          <Entry>
            <Values />
            <Value0>147458</Value0>
            <Value1>196608</Value1>
          </Entry>
        </Unknown>
        <Dialogs>
          <Dialog>小早川</Dialog>
          <Dialog>Eh？ If you set the date at
that time, I really can't go
at all！</Dialog>
          <Dialog>○○○○○○○○</Dialog>
          <Dialog>Ah, really？ Then what
about...</Dialog>
        </Dialogs>
      </SDL2>
    </Entry>
    <Entry Unknown0="2504985801" Unknown1="2621109413">
      <SDL2 Key="2103345861">
        <Unknown>
          <Entry>
            <Values>
              <Entry>
                <Value0>34007</Value0>
                <Value1>0</Value1>
              </Entry>
              <Entry>
                <Value0>34008</Value0>
                <Value1>467</Value1>
              </Entry>
            </Values>
            <Value0>147456</Value0>
            <Value1>65536</Value1>
          </Entry>
          <Entry>
            <Values />
            <Value0>147458</Value0>
            <Value1>196608</Value1>
          </Entry>
        </Unknown>
        <Dialogs>
          <Dialog>小早川</Dialog>
          <Dialog>Hey, don't you think it's too
early？ Rinko has things to
prepare too, you know？</Dialog>
          <Dialog>○○○○○○○○</Dialog>
          <Dialog>Really？ Well...</Dialog>
        </Dialogs>
      </SDL2>
    </Entry>
    <Entry Unknown0="770089808" Unknown1="1036745788">
      <SDL2 Key="891286955">
        <Unknown>
          <Entry>
            <Values>
              <Entry>
                <Value0>34009</Value0>
                <Value1>0</Value1>
              </Entry>
              <Entry>
                <Value0>34010</Value0>
                <Value1>667</Value1>
              </Entry>
            </Values>
            <Value0>147456</Value0>
            <Value1>65536</Value1>
          </Entry>
          <Entry>
            <Values />
            <Value0>147458</Value0>
            <Value1>196608</Value1>
          </Entry>
        </Unknown>
        <Dialogs>
          <Dialog>小早川</Dialog>
          <Dialog>I'm so happy, hehe... Don't
you feel excited？</Dialog>
          <Dialog>○○○○○○○○</Dialog>
          <Dialog>Of course.</Dialog>
        </Dialogs>
      </SDL2>
    </Entry>
    <Entry Unknown0="3061263337" Unknown1="2404586445">
      <SDL2 Key="891286955">
        <Unknown>
          <Entry>
            <Values>
              <Entry>
                <Value0>34011</Value0>
                <Value1>0</Value1>
              </Entry>
              <Entry>
                <Value0>34012</Value0>
                <Value1>467</Value1>
              </Entry>
            </Values>
            <Value0>147456</Value0>
            <Value1>65536</Value1>
          </Entry>
          <Entry>
            <Values />
            <Value0>147458</Value0>
            <Value1>196608</Value1>
          </Entry>
        </Unknown>
        <Dialogs>
          <Dialog>小早川</Dialog>
          <Dialog>Okay, it's settled then. I'll
be waiting for our date.</Dialog>
          <Dialog>○○○○○○○○</Dialog>
          <Dialog>Okay, I'll see you then.</Dialog>
        </Dialogs>
      </SDL2>
    </Entry>
    <Entry Unknown0="1174387832" Unknown1="485139541">
      <SDL2 Key="891286955">
        <Unknown>
          <Entry>
            <Values>
              <Entry>
                <Value0>34013</Value0>
                <Value1>0</Value1>
              </Entry>
            </Values>
            <Value0>147456</Value0>
            <Value1>65536</Value1>
          </Entry>
          <Entry>
            <Values />
            <Value0>147458</Value0>
            <Value1>196608</Value1>
          </Entry>
        </Unknown>
        <Dialogs>
          <Dialog>小早川</Dialog>
          <Dialog>This weekend will be so much
fun, don't you think？</Dialog>
          <Dialog>○○○○○○○○</Dialog>
          <Dialog>Yeah, I think so.</Dialog>
        </Dialogs>
      </SDL2>
    </Entry>
    <Entry Unknown0="3717616384" Unknown1="4135267564">
      <SDL2 Key="891286955">
        <Unknown>
          <Entry>
            <Values>
              <Entry>
                <Value0>34014</Value0>
                <Value1>0</Value1>
              </Entry>
            </Values>
            <Value0>147456</Value0>
            <Value1>65536</Value1>
          </Entry>
          <Entry>
            <Values />
            <Value0>147458</Value0>
            <Value1>196608</Value1>
          </Entry>
        </Unknown>
        <Dialogs>
          <Dialog>小早川</Dialog>
          <Dialog>Well then, this weekend, all
right？</Dialog>
          <Dialog>○○○○○○○○</Dialog>
          <Dialog>Yeah, I'll see you then.</Dialog>
        </Dialogs>
      </SDL2>
    </Entry>
    <Entry Unknown0="1713888153" Unknown1="302236541">
      <SDL2 Key="891286955">
        <Unknown>
          <Entry>
            <Values>
              <Entry>
                <Value0>34015</Value0>
                <Value1>0</Value1>
              </Entry>
              <Entry>
                <Value0>34016</Value0>
                <Value1>467</Value1>
              </Entry>
            </Values>
            <Value0>147456</Value0>
            <Value1>65536</Value1>
          </Entry>
          <Entry>
            <Values />
            <Value0>147458</Value0>
            <Value1>196608</Value1>
          </Entry>
        </Unknown>
        <Dialogs>
          <Dialog>小早川</Dialog>
          <Dialog>Well then, I'll be right
there. Don't be late, okay？</Dialog>
          <Dialog>○○○○○○○○</Dialog>
          <Dialog>Yeah, I know.</Dialog>
        </Dialogs>
      </SDL2>
    </Entry>
    <Entry Unknown0="4121914408" Unknown1="2610582533">
      <SDL2 Key="891286955">
        <Unknown>
          <Entry>
            <Values>
              <Entry>
                <Value0>34017</Value0>
                <Value1>0</Value1>
              </Entry>
            </Values>
            <Value0>147456</Value0>
            <Value1>65536</Value1>
          </Entry>
          <Entry>
            <Values />
            <Value0>147458</Value0>
            <Value1>196608</Value1>
          </Entry>
        </Unknown>
        <Dialogs>
          <Dialog>小早川</Dialog>
          <Dialog>Okay, I'll be right there.</Dialog>
          <Dialog>○○○○○○○○</Dialog>
          <Dialog>All right. I'll be waiting for
you then.</Dialog>
        </Dialogs>
      </SDL2>
    </Entry>
    <Entry Unknown0="2370175920" Unknown1="992730268">
      <SDL2 Key="891286955">
        <Unknown>
          <Entry>
            <Values>
              <Entry>
                <Value0>34018</Value0>
                <Value1>0</Value1>
              </Entry>
            </Values>
            <Value0>147456</Value0>
            <Value1>65536</Value1>
          </Entry>
          <Entry>
            <Values />
            <Value0>147458</Value0>
            <Value1>196608</Value1>
          </Entry>
        </Unknown>
        <Dialogs>
          <Dialog>小早川</Dialog>
          <Dialog>Ah, is that so...？ Well,
maybe next time then.</Dialog>
          <Dialog>○○○○○○○○</Dialog>
          <Dialog>Okay, that would be better.</Dialog>
        </Dialogs>
      </SDL2>
    </Entry>
    <Entry Unknown0="383224649" Unknown1="1236497197">
      <SDL2 Key="891286955">
        <Unknown>
          <Entry>
            <Values>
              <Entry>
                <Value0>34019</Value0>
                <Value1>0</Value1>
              </Entry>
            </Values>
            <Value0>147456</Value0>
            <Value1>65536</Value1>
          </Entry>
          <Entry>
            <Values />
            <Value0>147458</Value0>
            <Value1>196608</Value1>
          </Entry>
        </Unknown>
        <Dialogs>
          <Dialog>小早川</Dialog>
          <Dialog>Hmm... Try to ask me again
next time then.</Dialog>
          <Dialog>○○○○○○○○</Dialog>
          <Dialog>Okay, that would be better.</Dialog>
        </Dialogs>
      </SDL2>
    </Entry>
    <Entry Unknown0="2774473944" Unknown1="3729392821">
      <SDL2 Key="891286955">
        <Unknown>
          <Entry>
            <Values>
              <Entry>
                <Value0>34020</Value0>
                <Value1>0</Value1>
              </Entry>
            </Values>
            <Value0>147456</Value0>
            <Value1>65536</Value1>
          </Entry>
          <Entry>
            <Values />
            <Value0>147458</Value0>
            <Value1>196608</Value1>
          </Entry>
        </Unknown>
        <Dialogs>
          <Dialog>小早川</Dialog>
          <Dialog>Hmm... Is that so？ What a
shame that we really can't go.</Dialog>
          <Dialog>○○○○○○○○</Dialog>
          <Dialog>I'll ask you again later,
okay？</Dialog>
        </Dialogs>
      </SDL2>
    </Entry>
    <Entry Unknown0="1039577952" Unknown1="2145094732">
      <SDL2 Key="891286955">
        <Unknown>
          <Entry>
            <Values />
            <Value0>147456</Value0>
            <Value1>65536</Value1>
          </Entry>
          <Entry>
            <Values>
              <Entry>
                <Value0>34021</Value0>
                <Value1>0</Value1>
              </Entry>
            </Values>
            <Value0>147458</Value0>
            <Value1>196608</Value1>
          </Entry>
        </Unknown>
        <Dialogs>
          <Dialog>○○○○○○○○</Dialog>
          <Dialog>Sorry. It really was nothing.</Dialog>
          <Dialog>小早川</Dialog>
          <Dialog>Eh？ What was that for？ If
you don't tell me, I can't
stop being curious...</Dialog>
        </Dialogs>
      </SDL2>
    </Entry>
    <Entry Unknown0="3330751481" Unknown1="3982697437">
      <SDL2 Key="891286955">
        <Unknown>
          <Entry>
            <Values />
            <Value0>147456</Value0>
            <Value1>65536</Value1>
          </Entry>
          <Entry>
            <Values>
              <Entry>
                <Value0>34022</Value0>
                <Value1>0</Value1>
              </Entry>
            </Values>
            <Value0>147458</Value0>
            <Value1>196608</Value1>
          </Entry>
        </Unknown>
        <Dialogs>
          <Dialog>○○○○○○○○</Dialog>
          <Dialog>Sorry. It really was nothing.</Dialog>
          <Dialog>小早川</Dialog>
          <Dialog>Ah, really？ Well, if that's
so... It's no big deal.</Dialog>
        </Dialogs>
      </SDL2>
    </Entry>
    <Entry Unknown0="1427098760" Unknown1="1526379621">
      <SDL2 Key="891286955">
        <Unknown>
          <Entry>
            <Values />
            <Value0>147456</Value0>
            <Value1>65536</Value1>
          </Entry>
          <Entry>
            <Values>
              <Entry>
                <Value0>34023</Value0>
                <Value1>0</Value1>
              </Entry>
            </Values>
            <Value0>147458</Value0>
            <Value1>196608</Value1>
          </Entry>
        </Unknown>
        <Dialogs>
          <Dialog>○○○○○○○○</Dialog>
          <Dialog>Sorry. It really was nothing.</Dialog>
          <Dialog>小早川</Dialog>
          <Dialog>What was that？ Whatever.</Dialog>
        </Dialogs>
      </SDL2>
    </Entry>
    <Entry Unknown0="3987104528" Unknown1="1099644156">
      <SDL2 Key="891286955">
        <Unknown>
          <Entry>
            <Values>
              <Entry>
                <Value0>34024</Value0>
                <Value1>0</Value1>
              </Entry>
              <Entry>
                <Value0>34025</Value0>
                <Value1>667</Value1>
              </Entry>
            </Values>
            <Value0>147456</Value0>
            <Value1>65536</Value1>
          </Entry>
          <Entry>
            <Values />
            <Value0>147458</Value0>
            <Value1>196608</Value1>
          </Entry>
        </Unknown>
        <Dialogs>
          <Dialog>小早川</Dialog>
          <Dialog>Okay, I'm looking forward to
our date. See you！</Dialog>
          <Dialog>○○○○○○○○</Dialog>
          <Dialog>All right, see you later.</Dialog>
        </Dialogs>
      </SDL2>
    </Entry>
    <Entry Unknown0="1983376297" Unknown1="4078162829">
      <SDL2 Key="891286955">
        <Unknown>
          <Entry>
            <Values>
              <Entry>
                <Value0>34026</Value0>
                <Value1>0</Value1>
              </Entry>
              <Entry>
                <Value0>34027</Value0>
                <Value1>667</Value1>
              </Entry>
            </Values>
            <Value0>147456</Value0>
            <Value1>65536</Value1>
          </Entry>
          <Entry>
            <Values />
            <Value0>147458</Value0>
            <Value1>196608</Value1>
          </Entry>
        </Unknown>
        <Dialogs>
          <Dialog>小早川</Dialog>
          <Dialog>Well, I'm looking forward to
our date. Good night...</Dialog>
          <Dialog>○○○○○○○○</Dialog>
          <Dialog>Yeah, good night.</Dialog>
        </Dialogs>
      </SDL2>
    </Entry>
    <Entry Unknown0="96435256" Unknown1="1890214933">
      <SDL2 Key="1734294518">
        <Unknown>
          <Entry>
            <Values>
              <Entry>
                <Value0>34028</Value0>
                <Value1>0</Value1>
              </Entry>
              <Entry>
                <Value0>34029</Value0>
                <Value1>467</Value1>
              </Entry>
            </Values>
            <Value0>147456</Value0>
            <Value1>65536</Value1>
          </Entry>
          <Entry>
            <Values />
            <Value0>147458</Value0>
            <Value1>196608</Value1>
          </Entry>
        </Unknown>
        <Dialogs>
          <Dialog>小早川</Dialog>
          <Dialog>You can ask me out some other
time. Bye.</Dialog>
          <Dialog>○○○○○○○○</Dialog>
          <Dialog>All right, see you later.</Dialog>
        </Dialogs>
      </SDL2>
    </Entry>
    <Entry Unknown0="2639664064" Unknown1="440134828">
      <SDL2 Key="1734294518">
        <Unknown>
          <Entry>
            <Values>
              <Entry>
                <Value0>34030</Value0>
                <Value1>0</Value1>
              </Entry>
              <Entry>
                <Value0>34031</Value0>
                <Value1>467</Value1>
              </Entry>
            </Values>
            <Value0>147456</Value0>
            <Value1>65536</Value1>
          </Entry>
          <Entry>
            <Values />
            <Value0>147458</Value0>
            <Value1>196608</Value1>
          </Entry>
        </Unknown>
        <Dialogs>
          <Dialog>小早川</Dialog>
          <Dialog>You can ask me out some other
time. Good night.</Dialog>
          <Dialog>○○○○○○○○</Dialog>
          <Dialog>Yeah, good night.</Dialog>
        </Dialogs>
      </SDL2>
    </Entry>
    <Entry Unknown0="652712793" Unknown1="3871507261">
      <SDL2 Key="1734294518">
        <Unknown>
          <Entry>
            <Values>
              <Entry>
                <Value0>34032</Value0>
                <Value1>0</Value1>
              </Entry>
            </Values>
            <Value0>147456</Value0>
            <Value1>65536</Value1>
          </Entry>
          <Entry>
            <Values />
            <Value0>147458</Value0>
            <Value1>196608</Value1>
          </Entry>
          <Entry>
            <Values>
              <Entry>
                <Value0>34033</Value0>
                <Value1>0</Value1>
              </Entry>
            </Values>
            <Value0>147456</Value0>
            <Value1>262144</Value1>
          </Entry>
          <Entry>
            <Values />
            <Value0>147458</Value0>
            <Value1>327680</Value1>
          </Entry>
        </Unknown>
        <Dialogs>
          <Dialog>小早川</Dialog>
          <Dialog>Why don't you hang up first？</Dialog>
          <Dialog>○○○○○○○○</Dialog>
          <Dialog>You can hang up first.</Dialog>
          <Dialog>Is that so？ Okay then, Rinko
will hang up...</Dialog>
          <Dialog>All right, see you later.</Dialog>
        </Dialogs>
      </SDL2>
    </Entry>
    <Entry Unknown0="3043962088" Unknown1="1851266245">
      <SDL2 Key="1734294518">
        <Unknown>
          <Entry>
            <Values>
              <Entry>
                <Value0>34034</Value0>
                <Value1>0</Value1>
              </Entry>
              <Entry>
                <Value0>34035</Value0>
                <Value1>800</Value1>
              </Entry>
            </Values>
            <Value0>147456</Value0>
            <Value1>65536</Value1>
          </Entry>
          <Entry>
            <Values />
            <Value0>147458</Value0>
            <Value1>196608</Value1>
          </Entry>
          <Entry>
            <Values>
              <Entry>
                <Value0>34036</Value0>
                <Value1>0</Value1>
              </Entry>
              <Entry>
                <Value0>34037</Value0>
                <Value1>667</Value1>
              </Entry>
            </Values>
            <Value0>147456</Value0>
            <Value1>262144</Value1>
          </Entry>
          <Entry>
            <Values />
            <Value0>147458</Value0>
            <Value1>327680</Value1>
          </Entry>
        </Unknown>
        <Dialogs>
          <Dialog>小早川</Dialog>
          <Dialog>...？ Why don't you hang up？</Dialog>
          <Dialog>○○○○○○○○</Dialog>
          <Dialog>Well, why don't you？</Dialog>
          <Dialog>No... If Rinko hangs up first,
it's like Rinko is
cold-hearted.</Dialog>
          <Dialog>It's not like that... Well,
why don't we hang up at the
same time？ Bye.</Dialog>
        </Dialogs>
      </SDL2>
    </Entry>
    <Entry Unknown0="1292288880" Unknown1="3320355932">
      <SDL2 Key="1734294518">
        <Unknown>
          <Entry>
            <Values>
              <Entry>
                <Value0>34038</Value0>
                <Value1>0</Value1>
              </Entry>
              <Entry>
                <Value0>34039</Value0>
                <Value1>667</Value1>
              </Entry>
            </Values>
            <Value0>147456</Value0>
            <Value1>65536</Value1>
          </Entry>
          <Entry>
            <Values />
            <Value0>147458</Value0>
            <Value1>196608</Value1>
          </Entry>
          <Entry>
            <Values>
              <Entry>
                <Value0>34040</Value0>
                <Value1>0</Value1>
              </Entry>
              <Entry>
                <Value0>34041</Value0>
                <Value1>800</Value1>
              </Entry>
            </Values>
            <Value0>147456</Value0>
            <Value1>262144</Value1>
          </Entry>
          <Entry>
            <Values />
            <Value0>147458</Value0>
            <Value1>327680</Value1>
          </Entry>
        </Unknown>
        <Dialogs>
          <Dialog>小早川</Dialog>
          <Dialog>...Won't you hang up？</Dialog>
          <Dialog>○○○○○○○○</Dialog>
          <Dialog>Um...</Dialog>
          <Dialog>The truth is, Rinko still
wants to talk with you, but
Rinko has to hang up. Bye
then...</Dialog>
          <Dialog>Okay, see you later.</Dialog>
        </Dialogs>
      </SDL2>
    </Entry>
    <Entry Unknown0="3600239370" Unknown1="2591241197">
      <SDL2 Key="1734294518">
        <Unknown>
          <Entry>
            <Values />
            <Value0>147456</Value0>
            <Value1>65536</Value1>
          </Entry>
        </Unknown>
        <Dialogs>
          <Dialog>○○○○○○○○</Dialog>
          <Dialog>(Hmm... I have to do better
next time.)</Dialog>
        </Dialogs>
      </SDL2>
    </Entry>
    <Entry Unknown0="1696586907" Unknown1="319472757">
      <SDL2 Key="1734294518">
        <Unknown>
          <Entry>
            <Values />
            <Value0>147456</Value0>
            <Value1>65536</Value1>
          </Entry>
        </Unknown>
        <Dialogs>
          <Dialog>○○○○○○○○</Dialog>
          <Dialog>(Somehow... She was so cold.)</Dialog>
        </Dialogs>
      </SDL2>
    </Entry>
    <Entry Unknown0="4256592675" Unknown1="3147516940">
      <SDL2 Key="1734294518">
        <Unknown>
          <Entry>
            <Values />
            <Value0>147456</Value0>
            <Value1>65536</Value1>
          </Entry>
        </Unknown>
        <Dialogs>
          <Dialog>○○○○○○○○</Dialog>
          <Dialog>(It's a shame that we can't
make an arrangement...)</Dialog>
        </Dialogs>
      </SDL2>
    </Entry>
    <Entry Unknown0="2252864442" Unknown1="690217885">
      <SDL2 Key="1734294518">
        <Unknown>
          <Entry>
            <Values />
            <Value0>147456</Value0>
            <Value1>65536</Value1>
          </Entry>
        </Unknown>
        <Dialogs>
          <Dialog>○○○○○○○○</Dialog>
          <Dialog>(It would've been better if I
chose a place that
▲小早川＊▲
likes...)</Dialog>
        </Dialogs>
      </SDL2>
    </Entry>
  </Entries>
</DBIN2>