<?xml version="1.0" encoding="utf-8"?>
<DBIN2 xmlns:xsi="http://www.w3.org/2001/XMLSchema-instance" xmlns:xsd="http://www.w3.org/2001/XMLSchema" Key="3542316788" Unknown="35">
  <Entries>
    <Entry Unknown0="2655183464" Unknown1="364395496">
      <SDL2 Key="1734294518">
        <Unknown>
          <Entry>
            <Values />
            <Value0>147456</Value0>
            <Value1>65536</Value1>
          </Entry>
          <Entry>
            <Values>
              <Entry>
                <Value0>34042</Value0>
                <Value1>0</Value1>
              </Entry>
            </Values>
            <Value0>147458</Value0>
            <Value1>196608</Value1>
          </Entry>
          <Entry>
            <Values />
            <Value0>147456</Value0>
            <Value1>262144</Value1>
          </Entry>
          <Entry>
            <Values>
              <Entry>
                <Value0>34043</Value0>
                <Value1>0</Value1>
              </Entry>
            </Values>
            <Value0>147458</Value0>
            <Value1>327680</Value1>
          </Entry>
        </Unknown>
        <Dialogs>
          <Dialog>○○○○○○○○</Dialog>
          <Dialog>Yes, hello？</Dialog>
          <Dialog>小早川</Dialog>
          <Dialog>Ah, it's Rinko.</Dialog>
          <Dialog>What's the matter？</Dialog>
          <Dialog>Umm...</Dialog>
        </Dialogs>
      </SDL2>
    </Entry>
    <Entry Unknown0="1778746164" Unknown1="3629647787">
      <SDL2 Key="1734294518">
        <Unknown>
          <Entry>
            <Values />
            <Value0>147456</Value0>
            <Value1>65536</Value1>
          </Entry>
          <Entry>
            <Values>
              <Entry>
                <Value0>34044</Value0>
                <Value1>0</Value1>
              </Entry>
            </Values>
            <Value0>147458</Value0>
            <Value1>196608</Value1>
          </Entry>
          <Entry>
            <Values />
            <Value0>147456</Value0>
            <Value1>262144</Value1>
          </Entry>
          <Entry>
            <Values>
              <Entry>
                <Value0>34045</Value0>
                <Value1>0</Value1>
              </Entry>
            </Values>
            <Value0>147458</Value0>
            <Value1>327680</Value1>
          </Entry>
        </Unknown>
        <Dialogs>
          <Dialog>○○○○○○○○</Dialog>
          <Dialog>Yes, hello？</Dialog>
          <Dialog>小早川</Dialog>
          <Dialog>Ah, this is Rinko. Are you
available now？</Dialog>
          <Dialog>Yes, I am. What's the matter？</Dialog>
          <Dialog>Well, umm...</Dialog>
        </Dialogs>
      </SDL2>
    </Entry>
    <Entry Unknown0="799430647" Unknown1="2032519756">
      <SDL2 Key="1734294518">
        <Unknown>
          <Entry>
            <Values />
            <Value0>147456</Value0>
            <Value1>65536</Value1>
          </Entry>
          <Entry>
            <Values>
              <Entry>
                <Value0>34046</Value0>
                <Value1>0</Value1>
              </Entry>
            </Values>
            <Value0>147458</Value0>
            <Value1>196608</Value1>
          </Entry>
          <Entry>
            <Values />
            <Value0>147456</Value0>
            <Value1>262144</Value1>
          </Entry>
          <Entry>
            <Values>
              <Entry>
                <Value0>34047</Value0>
                <Value1>0</Value1>
              </Entry>
            </Values>
            <Value0>147458</Value0>
            <Value1>327680</Value1>
          </Entry>
        </Unknown>
        <Dialogs>
          <Dialog>○○○○○○○○</Dialog>
          <Dialog>Yes, hello？</Dialog>
          <Dialog>小早川</Dialog>
          <Dialog>Ah, this is Rinko. Are you
free？</Dialog>
          <Dialog>Yes, I am. What's the matter？</Dialog>
          <Dialog>Okay. Well...</Dialog>
        </Dialogs>
      </SDL2>
    </Entry>
    <Entry Unknown0="3463582360" Unknown1="1340631832">
      <SDL2 Key="1734294518">
        <Unknown>
          <Entry>
            <Values>
              <Entry>
                <Value0>34048</Value0>
                <Value1>0</Value1>
              </Entry>
            </Values>
            <Value0>147456</Value0>
            <Value1>65536</Value1>
          </Entry>
        </Unknown>
        <Dialogs>
          <Dialog>小早川</Dialog>
          <Dialog>Well, I was thinking if we
should go on a date.</Dialog>
        </Dialogs>
      </SDL2>
    </Entry>
    <Entry Unknown0="2587210596" Unknown1="42481627">
      <SDL2 Key="1938198370">
        <Unknown>
          <Entry>
            <Values>
              <Entry>
                <Value0>34049</Value0>
                <Value1>0</Value1>
              </Entry>
            </Values>
            <Value0>147456</Value0>
            <Value1>65536</Value1>
          </Entry>
        </Unknown>
        <Dialogs>
          <Dialog>小早川</Dialog>
          <Dialog>This time Rinko is asking you
out on a date.</Dialog>
        </Dialogs>
      </SDL2>
    </Entry>
    <Entry Unknown0="1607894823" Unknown1="2740320892">
      <SDL2 Key="1938198370">
        <Unknown>
          <Entry>
            <Values>
              <Entry>
                <Value0>34050</Value0>
                <Value1>0</Value1>
              </Entry>
            </Values>
            <Value0>147456</Value0>
            <Value1>65536</Value1>
          </Entry>
        </Unknown>
        <Dialogs>
          <Dialog>小早川</Dialog>
          <Dialog>Um, can we go out on a date？</Dialog>
        </Dialogs>
      </SDL2>
    </Entry>
    <Entry Unknown0="4272046792" Unknown1="2115541832">
      <SDL2 Key="1938198370">
        <Unknown>
          <Entry>
            <Values>
              <Entry>
                <Value0>34051</Value0>
                <Value1>0</Value1>
              </Entry>
            </Values>
            <Value0>147456</Value0>
            <Value1>65536</Value1>
          </Entry>
        </Unknown>
        <Dialogs>
          <Dialog>小早川</Dialog>
          <Dialog>Can we go out on a date this
weekend？</Dialog>
        </Dialogs>
      </SDL2>
    </Entry>
    <Entry Unknown0="3395675028" Unknown1="867723019">
      <SDL2 Key="1938198370">
        <Unknown>
          <Entry>
            <Values>
              <Entry>
                <Value0>34052</Value0>
                <Value1>0</Value1>
              </Entry>
            </Values>
            <Value0>147456</Value0>
            <Value1>65536</Value1>
          </Entry>
        </Unknown>
        <Dialogs>
          <Dialog>小早川</Dialog>
          <Dialog>Why don't we go somewhere this
weekend？</Dialog>
        </Dialogs>
      </SDL2>
    </Entry>
    <Entry Unknown0="2399582039" Unknown1="3531942572">
      <SDL2 Key="1938198370">
        <Unknown>
          <Entry>
            <Values>
              <Entry>
                <Value0>34053</Value0>
                <Value1>0</Value1>
              </Entry>
            </Values>
            <Value0>147456</Value0>
            <Value1>65536</Value1>
          </Entry>
        </Unknown>
        <Dialogs>
          <Dialog>小早川</Dialog>
          <Dialog>Well, this weekend... What do
you think about a date？</Dialog>
        </Dialogs>
      </SDL2>
    </Entry>
    <Entry Unknown0="785543928" Unknown1="2840120184">
      <SDL2 Key="1938198370">
        <Unknown>
          <Entry>
            <Values>
              <Entry>
                <Value0>34054</Value0>
                <Value1>0</Value1>
              </Entry>
            </Values>
            <Value0>147456</Value0>
            <Value1>65536</Value1>
          </Entry>
        </Unknown>
        <Dialogs>
          <Dialog>小早川</Dialog>
          <Dialog>Right now, I'm kind of
available.</Dialog>
        </Dialogs>
      </SDL2>
    </Entry>
    <Entry Unknown0="4204073924" Unknown1="1692964667">
      <SDL2 Key="1938198370">
        <Unknown>
          <Entry>
            <Values>
              <Entry>
                <Value0>34055</Value0>
                <Value1>0</Value1>
              </Entry>
            </Values>
            <Value0>147456</Value0>
            <Value1>65536</Value1>
          </Entry>
        </Unknown>
        <Dialogs>
          <Dialog>小早川</Dialog>
          <Dialog>Can we go out after this？</Dialog>
        </Dialogs>
      </SDL2>
    </Entry>
    <Entry Unknown0="3208046471" Unknown1="95771356">
      <SDL2 Key="1938198370">
        <Unknown>
          <Entry>
            <Values>
              <Entry>
                <Value0>34056</Value0>
                <Value1>0</Value1>
              </Entry>
            </Values>
            <Value0>147456</Value0>
            <Value1>65536</Value1>
          </Entry>
        </Unknown>
        <Dialogs>
          <Dialog>小早川</Dialog>
          <Dialog>Why don't we go somewhere
after this？</Dialog>
        </Dialogs>
      </SDL2>
    </Entry>
    <Entry Unknown0="1577230888" Unknown1="3245996968">
      <SDL2 Key="1938198370">
        <Unknown>
          <Entry>
            <Values>
              <Entry>
                <Value0>34057</Value0>
                <Value1>0</Value1>
              </Entry>
            </Values>
            <Value0>147456</Value0>
            <Value1>65536</Value1>
          </Entry>
        </Unknown>
        <Dialogs>
          <Dialog>小早川</Dialog>
          <Dialog>Would here be okay？</Dialog>
        </Dialogs>
      </SDL2>
    </Entry>
    <Entry Unknown0="717571060" Unknown1="2249901931">
      <SDL2 Key="1938198370">
        <Unknown>
          <Entry>
            <Values />
            <Value0>65536</Value0>
            <Value1>65537</Value1>
          </Entry>
          <Entry>
            <Values />
            <Value0>65537</Value0>
            <Value1>65538</Value1>
          </Entry>
          <Entry>
            <Values />
            <Value0>65538</Value0>
            <Value1>65536</Value1>
          </Entry>
          <Entry>
            <Values />
            <Value0>65536</Value0>
            <Value1>65537</Value1>
          </Entry>
          <Entry>
            <Values />
            <Value0>65537</Value0>
            <Value1>65538</Value1>
          </Entry>
          <Entry>
            <Values />
            <Value0>65538</Value0>
            <Value1>65539</Value1>
          </Entry>
          <Entry>
            <Values />
            <Value0>65539</Value0>
            <Value1>1237889</Value1>
          </Entry>
        </Unknown>
        <Dialogs>
          <Dialog>Okay, sounds good</Dialog>
          <Dialog>Hmm, I don't think I can</Dialog>
          <Dialog>Can we change the place？</Dialog>
          <Dialog>Can we change the date？</Dialog>
        </Dialogs>
      </SDL2>
    </Entry>
    <Entry Unknown0="4016445367" Unknown1="300386828">
      <SDL2 Key="1938198370">
        <Unknown>
          <Entry>
            <Values>
              <Entry>
                <Value0>34058</Value0>
                <Value1>0</Value1>
              </Entry>
            </Values>
            <Value0>147456</Value0>
            <Value1>65536</Value1>
          </Entry>
          <Entry>
            <Values />
            <Value0>147458</Value0>
            <Value1>196608</Value1>
          </Entry>
        </Unknown>
        <Dialogs>
          <Dialog>小早川</Dialog>
          <Dialog>Do you want to go somewhere
specific？</Dialog>
          <Dialog>○○○○○○○○</Dialog>
          <Dialog>Hmm... Well...</Dialog>
        </Dialogs>
      </SDL2>
    </Entry>
    <Entry Unknown0="2385695320" Unknown1="766192600">
      <SDL2 Key="1938198370">
        <Unknown>
          <Entry>
            <Values>
              <Entry>
                <Value0>34059</Value0>
                <Value1>0</Value1>
              </Entry>
            </Values>
            <Value0>147456</Value0>
            <Value1>65536</Value1>
          </Entry>
          <Entry>
            <Values />
            <Value0>147458</Value0>
            <Value1>196608</Value1>
          </Entry>
        </Unknown>
        <Dialogs>
          <Dialog>小早川</Dialog>
          <Dialog>Well then, where？</Dialog>
          <Dialog>○○○○○○○○</Dialog>
          <Dialog>Hmm... Well...</Dialog>
        </Dialogs>
      </SDL2>
    </Entry>
    <Entry Unknown0="1526035236" Unknown1="3762943899">
      <SDL2 Key="1938198370">
        <Unknown>
          <Entry>
            <Values>
              <Entry>
                <Value0>34060</Value0>
                <Value1>0</Value1>
              </Entry>
            </Values>
            <Value0>147456</Value0>
            <Value1>65536</Value1>
          </Entry>
          <Entry>
            <Values />
            <Value0>147458</Value0>
            <Value1>196608</Value1>
          </Entry>
        </Unknown>
        <Dialogs>
          <Dialog>小早川</Dialog>
          <Dialog>Wherever will do</Dialog>
          <Dialog>○○○○○○○○</Dialog>
          <Dialog>Hmm... Well...</Dialog>
        </Dialogs>
      </SDL2>
    </Entry>
    <Entry Unknown0="529942503" Unknown1="219658812">
      <SDL2 Key="1938198370">
        <Unknown>
          <Entry>
            <Values>
              <Entry>
                <Value0>34061</Value0>
                <Value1>0</Value1>
              </Entry>
            </Values>
            <Value0>147456</Value0>
            <Value1>65536</Value1>
          </Entry>
          <Entry>
            <Values />
            <Value0>147458</Value0>
            <Value1>196608</Value1>
          </Entry>
        </Unknown>
        <Dialogs>
          <Dialog>小早川</Dialog>
          <Dialog>That's okay.</Dialog>
          <Dialog>○○○○○○○○</Dialog>
          <Dialog>Then it's decided.</Dialog>
        </Dialogs>
      </SDL2>
    </Entry>
    <Entry Unknown0="3194094216" Unknown1="1373330184">
      <SDL2 Key="1329714488">
        <Unknown>
          <Entry>
            <Values>
              <Entry>
                <Value0>34062</Value0>
                <Value1>0</Value1>
              </Entry>
            </Values>
            <Value0>147456</Value0>
            <Value1>65536</Value1>
          </Entry>
          <Entry>
            <Values />
            <Value0>147458</Value0>
            <Value1>196608</Value1>
          </Entry>
        </Unknown>
        <Dialogs>
          <Dialog>小早川</Dialog>
          <Dialog>Yeah, that's okay.</Dialog>
          <Dialog>○○○○○○○○</Dialog>
          <Dialog>Then it's decided.</Dialog>
        </Dialogs>
      </SDL2>
    </Entry>
    <Entry Unknown0="2317722452" Unknown1="2625185739">
      <SDL2 Key="1329714488">
        <Unknown>
          <Entry>
            <Values>
              <Entry>
                <Value0>34063</Value0>
                <Value1>0</Value1>
              </Entry>
            </Values>
            <Value0>147456</Value0>
            <Value1>65536</Value1>
          </Entry>
          <Entry>
            <Values />
            <Value0>147458</Value0>
            <Value1>196608</Value1>
          </Entry>
        </Unknown>
        <Dialogs>
          <Dialog>小早川</Dialog>
          <Dialog>Yeah, got it.</Dialog>
          <Dialog>○○○○○○○○</Dialog>
          <Dialog>Then it's decided.</Dialog>
        </Dialogs>
      </SDL2>
    </Entry>
    <Entry Unknown0="1338406679" Unknown1="4148685420">
      <SDL2 Key="1329714488">
        <Unknown>
          <Entry>
            <Values>
              <Entry>
                <Value0>34064</Value0>
                <Value1>0</Value1>
              </Entry>
            </Values>
            <Value0>147456</Value0>
            <Value1>65536</Value1>
          </Entry>
          <Entry>
            <Values />
            <Value0>147458</Value0>
            <Value1>196608</Value1>
          </Entry>
        </Unknown>
        <Dialogs>
          <Dialog>小早川</Dialog>
          <Dialog>No...</Dialog>
          <Dialog>○○○○○○○○</Dialog>
          <Dialog>(I'd better stop then.)</Dialog>
        </Dialogs>
      </SDL2>
    </Entry>
    <Entry Unknown0="4002558648" Unknown1="185305912">
      <SDL2 Key="1329714488">
        <Unknown>
          <Entry>
            <Values>
              <Entry>
                <Value0>34065</Value0>
                <Value1>0</Value1>
              </Entry>
            </Values>
            <Value0>147456</Value0>
            <Value1>65536</Value1>
          </Entry>
          <Entry>
            <Values />
            <Value0>147458</Value0>
            <Value1>196608</Value1>
          </Entry>
        </Unknown>
        <Dialogs>
          <Dialog>小早川</Dialog>
          <Dialog>Too weird. Declined.</Dialog>
          <Dialog>○○○○○○○○</Dialog>
          <Dialog>(I have to change the location
then.)</Dialog>
        </Dialogs>
      </SDL2>
    </Entry>
    <Entry Unknown0="3126186884" Unknown1="1185503227">
      <SDL2 Key="1329714488">
        <Unknown>
          <Entry>
            <Values>
              <Entry>
                <Value0>34066</Value0>
                <Value1>0</Value1>
              </Entry>
            </Values>
            <Value0>147456</Value0>
            <Value1>65536</Value1>
          </Entry>
          <Entry>
            <Values />
            <Value0>147458</Value0>
            <Value1>196608</Value1>
          </Entry>
        </Unknown>
        <Dialogs>
          <Dialog>小早川</Dialog>
          <Dialog>Hey, how about a different
location？</Dialog>
          <Dialog>○○○○○○○○</Dialog>
          <Dialog>Let me see...</Dialog>
        </Dialogs>
      </SDL2>
    </Entry>
    <Entry Unknown0="2146871111" Unknown1="24582812">
      <SDL2 Key="1329714488">
        <Unknown>
          <Entry>
            <Values>
              <Entry>
                <Value0>34067</Value0>
                <Value1>0</Value1>
              </Entry>
            </Values>
            <Value0>147456</Value0>
            <Value1>65536</Value1>
          </Entry>
          <Entry>
            <Values />
            <Value0>147458</Value0>
            <Value1>196608</Value1>
          </Entry>
        </Unknown>
        <Dialogs>
          <Dialog>小早川</Dialog>
          <Dialog>When？</Dialog>
          <Dialog>○○○○○○○○</Dialog>
          <Dialog>Let me think...</Dialog>
        </Dialogs>
      </SDL2>
    </Entry>
    <Entry Unknown0="516055784" Unknown1="1564195688">
      <SDL2 Key="1329714488">
        <Unknown>
          <Entry>
            <Values>
              <Entry>
                <Value0>34068</Value0>
                <Value1>0</Value1>
              </Entry>
            </Values>
            <Value0>147456</Value0>
            <Value1>65536</Value1>
          </Entry>
          <Entry>
            <Values />
            <Value0>147458</Value0>
            <Value1>196608</Value1>
          </Entry>
        </Unknown>
        <Dialogs>
          <Dialog>小早川</Dialog>
          <Dialog>What day then？</Dialog>
          <Dialog>○○○○○○○○</Dialog>
          <Dialog>Let me think...</Dialog>
        </Dialogs>
      </SDL2>
    </Entry>
    <Entry Unknown0="3934585780" Unknown1="2430175019">
      <SDL2 Key="1329714488">
        <Unknown>
          <Entry>
            <Values>
              <Entry>
                <Value0>34069</Value0>
                <Value1>0</Value1>
              </Entry>
            </Values>
            <Value0>147456</Value0>
            <Value1>65536</Value1>
          </Entry>
          <Entry>
            <Values />
            <Value0>147458</Value0>
            <Value1>196608</Value1>
          </Entry>
        </Unknown>
        <Dialogs>
          <Dialog>小早川</Dialog>
          <Dialog>What day would be good？</Dialog>
          <Dialog>○○○○○○○○</Dialog>
          <Dialog>Let me think...</Dialog>
        </Dialogs>
      </SDL2>
    </Entry>
    <Entry Unknown0="2938558326" Unknown1="3584510668">
      <SDL2 Key="1329714488">
        <Unknown>
          <Entry>
            <Values>
              <Entry>
                <Value0>34070</Value0>
                <Value1>0</Value1>
              </Entry>
            </Values>
            <Value0>147456</Value0>
            <Value1>65536</Value1>
          </Entry>
          <Entry>
            <Values />
            <Value0>147458</Value0>
            <Value1>196608</Value1>
          </Entry>
        </Unknown>
        <Dialogs>
          <Dialog>小早川</Dialog>
          <Dialog>Then it's decided.</Dialog>
          <Dialog>○○○○○○○○</Dialog>
          <Dialog>Yeah.</Dialog>
        </Dialogs>
      </SDL2>
    </Entry>
    <Entry Unknown0="1324519961" Unknown1="3916163992">
      <SDL2 Key="1329714488">
        <Unknown>
          <Entry>
            <Values>
              <Entry>
                <Value0>34071</Value0>
                <Value1>0</Value1>
              </Entry>
            </Values>
            <Value0>147456</Value0>
            <Value1>65536</Value1>
          </Entry>
          <Entry>
            <Values />
            <Value0>147458</Value0>
            <Value1>196608</Value1>
          </Entry>
        </Unknown>
        <Dialogs>
          <Dialog>小早川</Dialog>
          <Dialog>Okay, it's alright.</Dialog>
          <Dialog>○○○○○○○○</Dialog>
          <Dialog>Yeah.</Dialog>
        </Dialogs>
      </SDL2>
    </Entry>
    <Entry Unknown0="448082917" Unknown1="2752100187">
      <SDL2 Key="1329714488">
        <Unknown>
          <Entry>
            <Values>
              <Entry>
                <Value0>34072</Value0>
                <Value1>0</Value1>
              </Entry>
            </Values>
            <Value0>147456</Value0>
            <Value1>65536</Value1>
          </Entry>
          <Entry>
            <Values />
            <Value0>147458</Value0>
            <Value1>196608</Value1>
          </Entry>
        </Unknown>
        <Dialogs>
          <Dialog>小早川</Dialog>
          <Dialog>Yay. I can't wait.</Dialog>
          <Dialog>○○○○○○○○</Dialog>
          <Dialog>Ah, yeah.</Dialog>
        </Dialogs>
      </SDL2>
    </Entry>
    <Entry Unknown0="3746957222" Unknown1="534215420">
      <SDL2 Key="1329714488">
        <Unknown>
          <Entry>
            <Values>
              <Entry>
                <Value0>34073</Value0>
                <Value1>0</Value1>
              </Entry>
            </Values>
            <Value0>147456</Value0>
            <Value1>65536</Value1>
          </Entry>
          <Entry>
            <Values />
            <Value0>147458</Value0>
            <Value1>196608</Value1>
          </Entry>
        </Unknown>
        <Dialogs>
          <Dialog>小早川</Dialog>
          <Dialog>Then I'll be looking forward
to it.</Dialog>
          <Dialog>○○○○○○○○</Dialog>
          <Dialog>Okay.</Dialog>
        </Dialogs>
      </SDL2>
    </Entry>
    <Entry Unknown0="2116207177" Unknown1="3281722312">
      <SDL2 Key="1329714488">
        <Unknown>
          <Entry>
            <Values>
              <Entry>
                <Value0>34074</Value0>
                <Value1>0</Value1>
              </Entry>
            </Values>
            <Value0>147456</Value0>
            <Value1>65536</Value1>
          </Entry>
          <Entry>
            <Values />
            <Value0>147458</Value0>
            <Value1>196608</Value1>
          </Entry>
        </Unknown>
        <Dialogs>
          <Dialog>小早川</Dialog>
          <Dialog>Then I'm looking forward to
it.</Dialog>
          <Dialog>○○○○○○○○</Dialog>
          <Dialog>Okay, I got it.</Dialog>
        </Dialogs>
      </SDL2>
    </Entry>
    <Entry Unknown0="1256547093" Unknown1="2386159499">
      <SDL2 Key="1329714488">
        <Unknown>
          <Entry>
            <Values>
              <Entry>
                <Value0>34075</Value0>
                <Value1>0</Value1>
              </Entry>
            </Values>
            <Value0>147456</Value0>
            <Value1>65536</Value1>
          </Entry>
          <Entry>
            <Values />
            <Value0>147458</Value0>
            <Value1>196608</Value1>
          </Entry>
        </Unknown>
        <Dialogs>
          <Dialog>小早川</Dialog>
          <Dialog>Thanks. I'll be looking
forward to it.</Dialog>
          <Dialog>○○○○○○○○</Dialog>
          <Dialog>Ah, you can expect something
good.</Dialog>
        </Dialogs>
      </SDL2>
    </Entry>
    <Entry Unknown0="260454358" Unknown1="419932716">
      <SDL2 Key="2139167619">
        <Unknown>
          <Entry>
            <Values>
              <Entry>
                <Value0>34076</Value0>
                <Value1>0</Value1>
              </Entry>
            </Values>
            <Value0>147456</Value0>
            <Value1>65536</Value1>
          </Entry>
          <Entry>
            <Values />
            <Value0>147458</Value0>
            <Value1>196608</Value1>
          </Entry>
        </Unknown>
        <Dialogs>
          <Dialog>小早川</Dialog>
          <Dialog>Then it can't be helped.</Dialog>
          <Dialog>○○○○○○○○</Dialog>
          <Dialog>Yeah. Sorry.</Dialog>
        </Dialogs>
      </SDL2>
    </Entry>
    <Entry Unknown0="2924671609" Unknown1="1707822072">
      <SDL2 Key="2139167619">
        <Unknown>
          <Entry>
            <Values>
              <Entry>
                <Value0>34077</Value0>
                <Value1>0</Value1>
              </Entry>
            </Values>
            <Value0>147456</Value0>
            <Value1>65536</Value1>
          </Entry>
          <Entry>
            <Values />
            <Value0>147458</Value0>
            <Value1>196608</Value1>
          </Entry>
        </Unknown>
        <Dialogs>
          <Dialog>小早川</Dialog>
          <Dialog>I see. Fine then.</Dialog>
          <Dialog>○○○○○○○○</Dialog>
          <Dialog>Sorry.</Dialog>
        </Dialogs>
      </SDL2>
    </Entry>
    <Entry Unknown0="2048234309" Unknown1="2825459643">
      <SDL2 Key="2139167619">
        <Unknown>
          <Entry>
            <Values>
              <Entry>
                <Value0>34078</Value0>
                <Value1>0</Value1>
              </Entry>
            </Values>
            <Value0>147456</Value0>
            <Value1>65536</Value1>
          </Entry>
          <Entry>
            <Values />
            <Value0>147458</Value0>
            <Value1>196608</Value1>
          </Entry>
        </Unknown>
        <Dialogs>
          <Dialog>小早川</Dialog>
          <Dialog>Sorry. Let's go somewhere
together next time, okay？</Dialog>
          <Dialog>○○○○○○○○</Dialog>
          <Dialog>Okay then...</Dialog>
        </Dialogs>
      </SDL2>
    </Entry>
  </Entries>
</DBIN2>