<?xml version="1.0" encoding="utf-8"?>
<DBIN2 xmlns:xsi="http://www.w3.org/2001/XMLSchema-instance" xmlns:xsd="http://www.w3.org/2001/XMLSchema" Key="630058431" Unknown="75">
  <Entries>
    <Entry Unknown0="2907085515" Unknown1="1808003216">
      <SDL2 Key="1270173571">
        <Unknown>
          <Entry>
            <Values>
              <Entry>
                <Value0>34143</Value0>
                <Value1>0</Value1>
              </Entry>
            </Values>
            <Value0>147456</Value0>
            <Value1>65536</Value1>
          </Entry>
          <Entry>
            <Values />
            <Value0>147458</Value0>
            <Value1>196608</Value1>
          </Entry>
          <Entry>
            <Values />
            <Value0>65540</Value0>
            <Value1>65541</Value1>
          </Entry>
          <Entry>
            <Values />
            <Value0>65541</Value0>
            <Value1>648624</Value1>
          </Entry>
        </Unknown>
        <Dialogs>
          <Dialog>小早川</Dialog>
          <Dialog>I just had a haircut...</Dialog>
          <Dialog>○○○○○○○○</Dialog>
          <Dialog>I see...</Dialog>
          <Dialog>Yeah, that looks good</Dialog>
          <Dialog>This doesn't look right</Dialog>
        </Dialogs>
      </SDL2>
    </Entry>
    <Entry Unknown0="4099310372" Unknown1="2074823072">
      <SDL2 Key="1270173571">
        <Unknown>
          <Entry>
            <Values>
              <Entry>
                <Value0>34144</Value0>
                <Value1>0</Value1>
              </Entry>
            </Values>
            <Value0>147456</Value0>
            <Value1>65536</Value1>
          </Entry>
          <Entry>
            <Values />
            <Value0>147458</Value0>
            <Value1>196608</Value1>
          </Entry>
          <Entry>
            <Values />
            <Value0>65540</Value0>
            <Value1>65541</Value1>
          </Entry>
          <Entry>
            <Values />
            <Value0>65541</Value0>
            <Value1>648624</Value1>
          </Entry>
        </Unknown>
        <Dialogs>
          <Dialog>小早川</Dialog>
          <Dialog>I just had a haircut... Don't
you have anything to say？</Dialog>
          <Dialog>○○○○○○○○</Dialog>
          <Dialog>Ah, um...</Dialog>
          <Dialog>You look good</Dialog>
          <Dialog>I don't like it</Dialog>
        </Dialogs>
      </SDL2>
    </Entry>
    <Entry Unknown0="71162420" Unknown1="1644255623">
      <SDL2 Key="1270173571">
        <Unknown>
          <Entry>
            <Values>
              <Entry>
                <Value0>34145</Value0>
                <Value1>0</Value1>
              </Entry>
            </Values>
            <Value0>147456</Value0>
            <Value1>65536</Value1>
          </Entry>
          <Entry>
            <Values />
            <Value0>147458</Value0>
            <Value1>196608</Value1>
          </Entry>
          <Entry>
            <Values />
            <Value0>65540</Value0>
            <Value1>65541</Value1>
          </Entry>
          <Entry>
            <Values />
            <Value0>65541</Value0>
            <Value1>648624</Value1>
          </Entry>
        </Unknown>
        <Dialogs>
          <Dialog>小早川</Dialog>
          <Dialog>Hey, my hair is shorter now.
What do you think？</Dialog>
          <Dialog>○○○○○○○○</Dialog>
          <Dialog>Well...</Dialog>
          <Dialog>Yeah, this looks good</Dialog>
          <Dialog>This is not good...</Dialog>
        </Dialogs>
      </SDL2>
    </Entry>
    <Entry Unknown0="4254525979" Unknown1="3121823968">
      <SDL2 Key="1270173571">
        <Unknown>
          <Entry>
            <Values>
              <Entry>
                <Value0>34146</Value0>
                <Value1>0</Value1>
              </Entry>
            </Values>
            <Value0>147456</Value0>
            <Value1>65536</Value1>
          </Entry>
          <Entry>
            <Values />
            <Value0>147458</Value0>
            <Value1>196608</Value1>
          </Entry>
          <Entry>
            <Values />
            <Value0>65540</Value0>
            <Value1>65541</Value1>
          </Entry>
          <Entry>
            <Values />
            <Value0>65541</Value0>
            <Value1>648624</Value1>
          </Entry>
        </Unknown>
        <Dialogs>
          <Dialog>小早川</Dialog>
          <Dialog>I tried this semi-long
hairstyle...</Dialog>
          <Dialog>○○○○○○○○</Dialog>
          <Dialog>Let me see...</Dialog>
          <Dialog>It suits you well</Dialog>
          <Dialog>It's not very good...</Dialog>
        </Dialogs>
      </SDL2>
    </Entry>
    <Entry Unknown0="1151783796" Unknown1="3405486576">
      <SDL2 Key="1270173571">
        <Unknown>
          <Entry>
            <Values>
              <Entry>
                <Value0>34147</Value0>
                <Value1>0</Value1>
              </Entry>
            </Values>
            <Value0>147456</Value0>
            <Value1>65536</Value1>
          </Entry>
          <Entry>
            <Values />
            <Value0>147458</Value0>
            <Value1>196608</Value1>
          </Entry>
          <Entry>
            <Values />
            <Value0>65540</Value0>
            <Value1>65541</Value1>
          </Entry>
          <Entry>
            <Values />
            <Value0>65541</Value0>
            <Value1>648624</Value1>
          </Entry>
        </Unknown>
        <Dialogs>
          <Dialog>小早川</Dialog>
          <Dialog>I tried this semi-long
hairstyle... Don't you have
anything to say？</Dialog>
          <Dialog>○○○○○○○○</Dialog>
          <Dialog>Well...</Dialog>
          <Dialog>Nice, it suits you</Dialog>
          <Dialog>I don't quite like it</Dialog>
        </Dialogs>
      </SDL2>
    </Entry>
    <Entry Unknown0="1418537604" Unknown1="3008473559">
      <SDL2 Key="1270173571">
        <Unknown>
          <Entry>
            <Values>
              <Entry>
                <Value0>34148</Value0>
                <Value1>0</Value1>
              </Entry>
            </Values>
            <Value0>147456</Value0>
            <Value1>65536</Value1>
          </Entry>
          <Entry>
            <Values />
            <Value0>147458</Value0>
            <Value1>196608</Value1>
          </Entry>
          <Entry>
            <Values />
            <Value0>65540</Value0>
            <Value1>65541</Value1>
          </Entry>
          <Entry>
            <Values />
            <Value0>65541</Value0>
            <Value1>648624</Value1>
          </Entry>
        </Unknown>
        <Dialogs>
          <Dialog>小早川</Dialog>
          <Dialog>Hey, hey. What do you think
about this hairstyle？</Dialog>
          <Dialog>○○○○○○○○</Dialog>
          <Dialog>Well...</Dialog>
          <Dialog>Yeah, you look good</Dialog>
          <Dialog>I don't like it...</Dialog>
        </Dialogs>
      </SDL2>
    </Entry>
    <Entry Unknown0="1306933867" Unknown1="157519920">
      <SDL2 Key="1270173571">
        <Unknown>
          <Entry>
            <Values>
              <Entry>
                <Value0>34149</Value0>
                <Value1>0</Value1>
              </Entry>
            </Values>
            <Value0>147456</Value0>
            <Value1>65536</Value1>
          </Entry>
          <Entry>
            <Values />
            <Value0>147458</Value0>
            <Value1>196608</Value1>
          </Entry>
          <Entry>
            <Values />
            <Value0>65540</Value0>
            <Value1>65541</Value1>
          </Entry>
          <Entry>
            <Values />
            <Value0>65541</Value0>
            <Value1>648624</Value1>
          </Entry>
        </Unknown>
        <Dialogs>
          <Dialog>小早川</Dialog>
          <Dialog>Rinko's hair is much longer
now, right？</Dialog>
          <Dialog>○○○○○○○○</Dialog>
          <Dialog>Yeah...</Dialog>
          <Dialog>It really suits you</Dialog>
          <Dialog>It doesn't suit you</Dialog>
        </Dialogs>
      </SDL2>
    </Entry>
    <Entry Unknown0="2499158980" Unknown1="424405312">
      <SDL2 Key="1270173571">
        <Unknown>
          <Entry>
            <Values>
              <Entry>
                <Value0>34150</Value0>
                <Value1>0</Value1>
              </Entry>
            </Values>
            <Value0>147456</Value0>
            <Value1>65536</Value1>
          </Entry>
          <Entry>
            <Values />
            <Value0>147458</Value0>
            <Value1>196608</Value1>
          </Entry>
          <Entry>
            <Values />
            <Value0>65540</Value0>
            <Value1>65541</Value1>
          </Entry>
          <Entry>
            <Values />
            <Value0>65541</Value0>
            <Value1>648624</Value1>
          </Entry>
        </Unknown>
        <Dialogs>
          <Dialog>小早川</Dialog>
          <Dialog>My hair is longer now. What's
your opinion？</Dialog>
          <Dialog>○○○○○○○○</Dialog>
          <Dialog>Opinion？</Dialog>
          <Dialog>This is really nice</Dialog>
          <Dialog>It's not very good</Dialog>
        </Dialogs>
      </SDL2>
    </Entry>
    <Entry Unknown0="2765978324" Unknown1="10615079">
      <SDL2 Key="1270173571">
        <Unknown>
          <Entry>
            <Values>
              <Entry>
                <Value0>34151</Value0>
                <Value1>0</Value1>
              </Entry>
            </Values>
            <Value0>147456</Value0>
            <Value1>65536</Value1>
          </Entry>
          <Entry>
            <Values />
            <Value0>147458</Value0>
            <Value1>196608</Value1>
          </Entry>
          <Entry>
            <Values />
            <Value0>65540</Value0>
            <Value1>65541</Value1>
          </Entry>
          <Entry>
            <Values />
            <Value0>65541</Value0>
            <Value1>648624</Value1>
          </Entry>
        </Unknown>
        <Dialogs>
          <Dialog>小早川</Dialog>
          <Dialog>Hey, my hair is longer now. Do
I look feminine？</Dialog>
          <Dialog>○○○○○○○○</Dialog>
          <Dialog>Well...</Dialog>
          <Dialog>This is so cute</Dialog>
          <Dialog>You look too childish</Dialog>
        </Dialogs>
      </SDL2>
    </Entry>
    <Entry Unknown0="2637597371" Unknown1="1488183424">
      <SDL2 Key="1270173571">
        <Unknown>
          <Entry>
            <Values>
              <Entry>
                <Value0>34152</Value0>
                <Value1>0</Value1>
              </Entry>
            </Values>
            <Value0>147456</Value0>
            <Value1>65536</Value1>
          </Entry>
        </Unknown>
        <Dialogs>
          <Dialog>小早川</Dialog>
          <Dialog>Okay, you like this then. I
see.</Dialog>
        </Dialogs>
      </SDL2>
    </Entry>
    <Entry Unknown0="3829822228" Unknown1="1755003280">
      <SDL2 Key="1270173571">
        <Unknown>
          <Entry>
            <Values>
              <Entry>
                <Value0>34153</Value0>
                <Value1>0</Value1>
              </Entry>
            </Values>
            <Value0>147456</Value0>
            <Value1>65536</Value1>
          </Entry>
        </Unknown>
        <Dialogs>
          <Dialog>小早川</Dialog>
          <Dialog>Really？ Hehe. Well, if you
said that you didn't like it,
I would kick you！</Dialog>
        </Dialogs>
      </SDL2>
    </Entry>
    <Entry Unknown0="4096641572" Unknown1="1374767479">
      <SDL2 Key="2078631901">
        <Unknown>
          <Entry>
            <Values>
              <Entry>
                <Value0>34154</Value0>
                <Value1>0</Value1>
              </Entry>
            </Values>
            <Value0>147456</Value0>
            <Value1>65536</Value1>
          </Entry>
        </Unknown>
        <Dialogs>
          <Dialog>小早川</Dialog>
          <Dialog>Hehehe. That's good. Now,
Rinko's charm level is going
up, right？</Dialog>
        </Dialogs>
      </SDL2>
    </Entry>
    <Entry Unknown0="3985037835" Unknown1="2936221904">
      <SDL2 Key="2078631901">
        <Unknown>
          <Entry>
            <Values>
              <Entry>
                <Value0>34155</Value0>
                <Value1>0</Value1>
              </Entry>
            </Values>
            <Value0>147456</Value0>
            <Value1>65536</Value1>
          </Entry>
        </Unknown>
        <Dialogs>
          <Dialog>小早川</Dialog>
          <Dialog>Eh！？ This is very difficult.
Hah...</Dialog>
        </Dialogs>
      </SDL2>
    </Entry>
    <Entry Unknown0="882295652" Unknown1="3219884512">
      <SDL2 Key="2078631901">
        <Unknown>
          <Entry>
            <Values>
              <Entry>
                <Value0>34156</Value0>
                <Value1>0</Value1>
              </Entry>
            </Values>
            <Value0>147456</Value0>
            <Value1>65536</Value1>
          </Entry>
        </Unknown>
        <Dialogs>
          <Dialog>小早川</Dialog>
          <Dialog>No way. I thought you would
like it...</Dialog>
        </Dialogs>
      </SDL2>
    </Entry>
    <Entry Unknown0="1149049460" Unknown1="2789317063">
      <SDL2 Key="2078631901">
        <Unknown>
          <Entry>
            <Values>
              <Entry>
                <Value0>34157</Value0>
                <Value1>0</Value1>
              </Entry>
            </Values>
            <Value0>147456</Value0>
            <Value1>65536</Value1>
          </Entry>
        </Unknown>
        <Dialogs>
          <Dialog>小早川</Dialog>
          <Dialog>I see. I won't do this style
anymore.</Dialog>
        </Dialogs>
      </SDL2>
    </Entry>
    <Entry Unknown0="1037445723" Unknown1="4266885152">
      <SDL2 Key="2078631901">
        <Unknown>
          <Entry>
            <Values>
              <Entry>
                <Value0>34158</Value0>
                <Value1>0</Value1>
              </Entry>
            </Values>
            <Value0>147456</Value0>
            <Value1>65536</Value1>
          </Entry>
          <Entry>
            <Values />
            <Value0>147458</Value0>
            <Value1>196608</Value1>
          </Entry>
          <Entry>
            <Values />
            <Value0>65540</Value0>
            <Value1>65541</Value1>
          </Entry>
          <Entry>
            <Values />
            <Value0>65541</Value0>
            <Value1>648624</Value1>
          </Entry>
        </Unknown>
        <Dialogs>
          <Dialog>小早川</Dialog>
          <Dialog>Here's the new hairstyle. Now,
evaluation time.</Dialog>
          <Dialog>○○○○○○○○</Dialog>
          <Dialog>Let me see...</Dialog>
          <Dialog>This is great</Dialog>
          <Dialog>Not really good</Dialog>
        </Dialogs>
      </SDL2>
    </Entry>
    <Entry Unknown0="2229670836" Unknown1="238803248">
      <SDL2 Key="2078631901">
        <Unknown>
          <Entry>
            <Values>
              <Entry>
                <Value0>34159</Value0>
                <Value1>0</Value1>
              </Entry>
            </Values>
            <Value0>147456</Value0>
            <Value1>65536</Value1>
          </Entry>
          <Entry>
            <Values />
            <Value0>147458</Value0>
            <Value1>196608</Value1>
          </Entry>
          <Entry>
            <Values />
            <Value0>65540</Value0>
            <Value1>65541</Value1>
          </Entry>
          <Entry>
            <Values />
            <Value0>65541</Value0>
            <Value1>648624</Value1>
          </Entry>
        </Unknown>
        <Dialogs>
          <Dialog>小早川</Dialog>
          <Dialog>Here, how is it？ My new
hairstyle.</Dialog>
          <Dialog>○○○○○○○○</Dialog>
          <Dialog>Let me see...</Dialog>
          <Dialog>This is great</Dialog>
          <Dialog>Not really good</Dialog>
        </Dialogs>
      </SDL2>
    </Entry>
    <Entry Unknown0="2496490180" Unknown1="4153534743">
      <SDL2 Key="2078631901">
        <Unknown>
          <Entry>
            <Values>
              <Entry>
                <Value0>34160</Value0>
                <Value1>0</Value1>
              </Entry>
            </Values>
            <Value0>147456</Value0>
            <Value1>65536</Value1>
          </Entry>
          <Entry>
            <Values />
            <Value0>147458</Value0>
            <Value1>196608</Value1>
          </Entry>
          <Entry>
            <Values />
            <Value0>65540</Value0>
            <Value1>65541</Value1>
          </Entry>
          <Entry>
            <Values />
            <Value0>65541</Value0>
            <Value1>648624</Value1>
          </Entry>
        </Unknown>
        <Dialogs>
          <Dialog>小早川</Dialog>
          <Dialog>Say... I changed my hairstyle.
How is it？ Weird？</Dialog>
          <Dialog>○○○○○○○○</Dialog>
          <Dialog>Let me see...</Dialog>
          <Dialog>This is great</Dialog>
          <Dialog>Not really good</Dialog>
        </Dialogs>
      </SDL2>
    </Entry>
    <Entry Unknown0="2368109227" Unknown1="1302581360">
      <SDL2 Key="2078631901">
        <Unknown>
          <Entry>
            <Values>
              <Entry>
                <Value0>34161</Value0>
                <Value1>0</Value1>
              </Entry>
            </Values>
            <Value0>147456</Value0>
            <Value1>65536</Value1>
          </Entry>
        </Unknown>
        <Dialogs>
          <Dialog>小早川</Dialog>
          <Dialog>I got it. I'll keep it like
this for a while.</Dialog>
        </Dialogs>
      </SDL2>
    </Entry>
    <Entry Unknown0="3560334084" Unknown1="1569401216">
      <SDL2 Key="2078631901">
        <Unknown>
          <Entry>
            <Values>
              <Entry>
                <Value0>34162</Value0>
                <Value1>0</Value1>
              </Entry>
            </Values>
            <Value0>147456</Value0>
            <Value1>65536</Value1>
          </Entry>
        </Unknown>
        <Dialogs>
          <Dialog>小早川</Dialog>
          <Dialog>Hmm？ Really？ So you like it
like this.</Dialog>
        </Dialogs>
      </SDL2>
    </Entry>
    <Entry Unknown0="3827153428" Unknown1="1155610983">
      <SDL2 Key="2078631901">
        <Unknown>
          <Entry>
            <Values>
              <Entry>
                <Value0>34163</Value0>
                <Value1>0</Value1>
              </Entry>
            </Values>
            <Value0>147456</Value0>
            <Value1>65536</Value1>
          </Entry>
        </Unknown>
        <Dialogs>
          <Dialog>小早川</Dialog>
          <Dialog>Yay！ Hehe. I'm happy.</Dialog>
        </Dialogs>
      </SDL2>
    </Entry>
    <Entry Unknown0="3715549947" Unknown1="2633179328">
      <SDL2 Key="2078631901">
        <Unknown>
          <Entry>
            <Values>
              <Entry>
                <Value0>34164</Value0>
                <Value1>0</Value1>
              </Entry>
            </Values>
            <Value0>147456</Value0>
            <Value1>65536</Value1>
          </Entry>
        </Unknown>
        <Dialogs>
          <Dialog>小早川</Dialog>
          <Dialog>Tsk. What...？</Dialog>
        </Dialogs>
      </SDL2>
    </Entry>
    <Entry Unknown0="612807508" Unknown1="2900064720">
      <SDL2 Key="2078631901">
        <Unknown>
          <Entry>
            <Values>
              <Entry>
                <Value0>34165</Value0>
                <Value1>0</Value1>
              </Entry>
            </Values>
            <Value0>147456</Value0>
            <Value1>65536</Value1>
          </Entry>
        </Unknown>
        <Dialogs>
          <Dialog>小早川</Dialog>
          <Dialog>...Never mind！</Dialog>
        </Dialogs>
      </SDL2>
    </Entry>
    <Entry Unknown0="879561316" Unknown1="2503051703">
      <SDL2 Key="2078631901">
        <Unknown>
          <Entry>
            <Values>
              <Entry>
                <Value0>34166</Value0>
                <Value1>0</Value1>
              </Entry>
            </Values>
            <Value0>147456</Value0>
            <Value1>65536</Value1>
          </Entry>
        </Unknown>
        <Dialogs>
          <Dialog>小早川</Dialog>
          <Dialog>Really？ Yeah, I guess.</Dialog>
        </Dialogs>
      </SDL2>
    </Entry>
    <Entry Unknown0="767957579" Unknown1="3812847632">
      <SDL2 Key="2078631901">
        <Unknown>
          <Entry>
            <Values>
              <Entry>
                <Value0>34167</Value0>
                <Value1>0</Value1>
              </Entry>
            </Values>
            <Value0>147456</Value0>
            <Value1>65536</Value1>
          </Entry>
          <Entry>
            <Values />
            <Value0>147458</Value0>
            <Value1>196608</Value1>
          </Entry>
          <Entry>
            <Values />
            <Value0>65540</Value0>
            <Value1>65541</Value1>
          </Entry>
          <Entry>
            <Values />
            <Value0>65541</Value0>
            <Value1>648624</Value1>
          </Entry>
        </Unknown>
        <Dialogs>
          <Dialog>小早川</Dialog>
          <Dialog>I wanted to try some changes,
so...</Dialog>
          <Dialog>○○○○○○○○</Dialog>
          <Dialog>そうだな、その髪の色……。</Dialog>
          <Dialog>いいね！</Dialog>
          <Dialog>イマイチ！</Dialog>
        </Dialogs>
      </SDL2>
    </Entry>
    <Entry Unknown0="1960182692" Unknown1="4079733024">
      <SDL2 Key="867625652">
        <Unknown>
          <Entry>
            <Values>
              <Entry>
                <Value0>34174</Value0>
                <Value1>0</Value1>
              </Entry>
            </Values>
            <Value0>147456</Value0>
            <Value1>65536</Value1>
          </Entry>
          <Entry>
            <Values />
            <Value0>147458</Value0>
            <Value1>196608</Value1>
          </Entry>
          <Entry>
            <Values />
            <Value0>65540</Value0>
            <Value1>65541</Value1>
          </Entry>
          <Entry>
            <Values />
            <Value0>65541</Value0>
            <Value1>648624</Value1>
          </Entry>
        </Unknown>
        <Dialogs>
          <Dialog>小早川</Dialog>
          <Dialog>Do you like my new image？
Hey, tell me what you think.</Dialog>
          <Dialog>○○○○○○○○</Dialog>
          <Dialog>そうだな、その髪の色……。</Dialog>
          <Dialog>いいね！</Dialog>
          <Dialog>イマイチ！</Dialog>
        </Dialogs>
      </SDL2>
    </Entry>
    <Entry Unknown0="2227002036" Unknown1="3934378247">
      <SDL2 Key="867625652">
        <Unknown>
          <Entry>
            <Values>
              <Entry>
                <Value0>34169</Value0>
                <Value1>0</Value1>
              </Entry>
            </Values>
            <Value0>147456</Value0>
            <Value1>65536</Value1>
          </Entry>
          <Entry>
            <Values />
            <Value0>147458</Value0>
            <Value1>196608</Value1>
          </Entry>
          <Entry>
            <Values />
            <Value0>65540</Value0>
            <Value1>65541</Value1>
          </Entry>
          <Entry>
            <Values />
            <Value0>65541</Value0>
            <Value1>648624</Value1>
          </Entry>
        </Unknown>
        <Dialogs>
          <Dialog>小早川</Dialog>
          <Dialog>ねえねえ。リンコ、イメチェンしてみたんだけど。</Dialog>
          <Dialog>○○○○○○○○</Dialog>
          <Dialog>そうだな、その髪の色……。</Dialog>
          <Dialog>いいね！</Dialog>
          <Dialog>イマイチ！</Dialog>
        </Dialogs>
      </SDL2>
    </Entry>
    <Entry Unknown0="2098621083" Unknown1="848543840">
      <SDL2 Key="867625652">
        <Unknown>
          <Entry>
            <Values />
            <Value0>147456</Value0>
            <Value1>65536</Value1>
          </Entry>
          <Entry>
            <Values>
              <Entry>
                <Value0>34167</Value0>
                <Value1>0</Value1>
              </Entry>
            </Values>
            <Value0>147458</Value0>
            <Value1>196608</Value1>
          </Entry>
          <Entry>
            <Values />
            <Value0>147456</Value0>
            <Value1>262144</Value1>
          </Entry>
          <Entry>
            <Values />
            <Value0>65541</Value0>
            <Value1>65542</Value1>
          </Entry>
          <Entry>
            <Values />
            <Value0>65542</Value0>
            <Value1>1630871</Value1>
          </Entry>
        </Unknown>
        <Dialogs>
          <Dialog>○○○○○○○○</Dialog>
          <Dialog>▲小早川＊▲！？
You changed your hair color...</Dialog>
          <Dialog>小早川</Dialog>
          <Dialog>Just wanted to change the mood
a bit...</Dialog>
          <Dialog>Let me see...</Dialog>
          <Dialog>This is nice！</Dialog>
          <Dialog>It's not good！</Dialog>
        </Dialogs>
      </SDL2>
    </Entry>
    <Entry Unknown0="3290846196" Unknown1="1115363696">
      <SDL2 Key="867625652">
        <Unknown>
          <Entry>
            <Values />
            <Value0>147456</Value0>
            <Value1>65536</Value1>
          </Entry>
          <Entry>
            <Values>
              <Entry>
                <Value0>34201</Value0>
                <Value1>0</Value1>
              </Entry>
            </Values>
            <Value0>147458</Value0>
            <Value1>196608</Value1>
          </Entry>
          <Entry>
            <Values />
            <Value0>147456</Value0>
            <Value1>262144</Value1>
          </Entry>
          <Entry>
            <Values />
            <Value0>65541</Value0>
            <Value1>65542</Value1>
          </Entry>
          <Entry>
            <Values />
            <Value0>65542</Value0>
            <Value1>1630871</Value1>
          </Entry>
        </Unknown>
        <Dialogs>
          <Dialog>○○○○○○○○</Dialog>
          <Dialog>▲小早川＊▲！！
You changed your hair color...</Dialog>
          <Dialog>小早川</Dialog>
          <Dialog>Hey, tell me what you think.</Dialog>
          <Dialog>Let me see...</Dialog>
          <Dialog>This is nice！</Dialog>
          <Dialog>It's not good！</Dialog>
        </Dialogs>
      </SDL2>
    </Entry>
    <Entry Unknown0="3557665284" Unknown1="1003563351">
      <SDL2 Key="867625652">
        <Unknown>
          <Entry>
            <Values />
            <Value0>147456</Value0>
            <Value1>65536</Value1>
          </Entry>
          <Entry>
            <Values>
              <Entry>
                <Value0>34202</Value0>
                <Value1>0</Value1>
              </Entry>
            </Values>
            <Value0>147458</Value0>
            <Value1>196608</Value1>
          </Entry>
          <Entry>
            <Values />
            <Value0>147456</Value0>
            <Value1>262144</Value1>
          </Entry>
          <Entry>
            <Values />
            <Value0>65541</Value0>
            <Value1>65542</Value1>
          </Entry>
          <Entry>
            <Values />
            <Value0>65542</Value0>
            <Value1>1630871</Value1>
          </Entry>
        </Unknown>
        <Dialogs>
          <Dialog>○○○○○○○○</Dialog>
          <Dialog>▲小早川＊▲！！
You changed your hair color...</Dialog>
          <Dialog>小早川</Dialog>
          <Dialog>Hey, hey. How's Rinko's image
change？</Dialog>
          <Dialog>Let me see...</Dialog>
          <Dialog>This is nice！</Dialog>
          <Dialog>It's not good！</Dialog>
        </Dialogs>
      </SDL2>
    </Entry>
    <Entry Unknown0="3446061803" Unknown1="4024635568">
      <SDL2 Key="867625652">
        <Unknown>
          <Entry>
            <Values>
              <Entry>
                <Value0>34167</Value0>
                <Value1>0</Value1>
              </Entry>
            </Values>
            <Value0>147456</Value0>
            <Value1>65536</Value1>
          </Entry>
        </Unknown>
        <Dialogs>
          <Dialog>小早川</Dialog>
          <Dialog>Just wanted to change the mood
a bit...</Dialog>
        </Dialogs>
      </SDL2>
    </Entry>
    <Entry Unknown0="343319364" Unknown1="4291520960">
      <SDL2 Key="867625652">
        <Unknown>
          <Entry>
            <Values>
              <Entry>
                <Value0>34168</Value0>
                <Value1>0</Value1>
              </Entry>
            </Values>
            <Value0>147456</Value0>
            <Value1>65536</Value1>
          </Entry>
        </Unknown>
        <Dialogs>
          <Dialog>小早川</Dialog>
          <Dialog>Rinko's image has changed
somehow, right？</Dialog>
        </Dialogs>
      </SDL2>
    </Entry>
    <Entry Unknown0="610138708" Unknown1="3860953511">
      <SDL2 Key="867625652">
        <Unknown>
          <Entry>
            <Values>
              <Entry>
                <Value0>34169</Value0>
                <Value1>0</Value1>
              </Entry>
            </Values>
            <Value0>147456</Value0>
            <Value1>65536</Value1>
          </Entry>
        </Unknown>
        <Dialogs>
          <Dialog>小早川</Dialog>
          <Dialog>Hey, hey. Rinko tried this
image change.</Dialog>
        </Dialogs>
      </SDL2>
    </Entry>
    <Entry Unknown0="498469435" Unknown1="3191037952">
      <SDL2 Key="867625652">
        <Unknown>
          <Entry>
            <Values>
              <Entry>
                <Value0>34170</Value0>
                <Value1>0</Value1>
              </Entry>
            </Values>
            <Value0>147456</Value0>
            <Value1>65536</Value1>
          </Entry>
          <Entry>
            <Values />
            <Value0>147458</Value0>
            <Value1>196608</Value1>
          </Entry>
          <Entry>
            <Values />
            <Value0>65540</Value0>
            <Value1>65541</Value1>
          </Entry>
          <Entry>
            <Values />
            <Value0>65541</Value0>
            <Value1>65542</Value1>
          </Entry>
          <Entry>
            <Values />
            <Value0>65542</Value0>
            <Value1>648624</Value1>
          </Entry>
        </Unknown>
        <Dialogs>
          <Dialog>小早川</Dialog>
          <Dialog>I tried to look more mature.
Does this look suit me？</Dialog>
          <Dialog>○○○○○○○○</Dialog>
          <Dialog>Hmm, let me see...</Dialog>
          <Dialog>Yes, this suits you</Dialog>
          <Dialog>You don't look good</Dialog>
          <Dialog>It's just so-so, I guess</Dialog>
        </Dialogs>
      </SDL2>
    </Entry>
    <Entry Unknown0="1690760084" Unknown1="2384181520">
      <SDL2 Key="867625652">
        <Unknown>
          <Entry>
            <Values>
              <Entry>
                <Value0>34171</Value0>
                <Value1>0</Value1>
              </Entry>
            </Values>
            <Value0>147456</Value0>
            <Value1>65536</Value1>
          </Entry>
          <Entry>
            <Values />
            <Value0>147458</Value0>
            <Value1>196608</Value1>
          </Entry>
          <Entry>
            <Values />
            <Value0>65540</Value0>
            <Value1>65541</Value1>
          </Entry>
          <Entry>
            <Values />
            <Value0>65541</Value0>
            <Value1>65542</Value1>
          </Entry>
          <Entry>
            <Values />
            <Value0>65542</Value0>
            <Value1>648624</Value1>
          </Entry>
        </Unknown>
        <Dialogs>
          <Dialog>小早川</Dialog>
          <Dialog>I'm wearing this mature
looking outfit. What do you
think？</Dialog>
          <Dialog>○○○○○○○○</Dialog>
          <Dialog>Let me see...</Dialog>
          <Dialog>I really love this</Dialog>
          <Dialog>This doesn't look right</Dialog>
          <Dialog>Ah, I guess it's good</Dialog>
        </Dialogs>
      </SDL2>
    </Entry>
    <Entry Unknown0="1957513892" Unknown1="3077687799">
      <SDL2 Key="867625652">
        <Unknown>
          <Entry>
            <Values>
              <Entry>
                <Value0>34172</Value0>
                <Value1>0</Value1>
              </Entry>
            </Values>
            <Value0>147456</Value0>
            <Value1>65536</Value1>
          </Entry>
          <Entry>
            <Values />
            <Value0>147458</Value0>
            <Value1>196608</Value1>
          </Entry>
          <Entry>
            <Values />
            <Value0>65540</Value0>
            <Value1>65541</Value1>
          </Entry>
          <Entry>
            <Values />
            <Value0>65541</Value0>
            <Value1>65542</Value1>
          </Entry>
          <Entry>
            <Values />
            <Value0>65542</Value0>
            <Value1>648624</Value1>
          </Entry>
        </Unknown>
        <Dialogs>
          <Dialog>小早川</Dialog>
          <Dialog>What do you think about this
neat, lady-like look for
Rinko？</Dialog>
          <Dialog>○○○○○○○○</Dialog>
          <Dialog>Let me see...</Dialog>
          <Dialog>You really look good</Dialog>
          <Dialog>This doesn't suit you</Dialog>
          <Dialog>Well, I guess it's okay</Dialog>
        </Dialogs>
      </SDL2>
    </Entry>
    <Entry Unknown0="1829132939" Unknown1="1300475984">
      <SDL2 Key="1407586591">
        <Unknown>
          <Entry>
            <Values>
              <Entry>
                <Value0>34173</Value0>
                <Value1>0</Value1>
              </Entry>
            </Values>
            <Value0>147456</Value0>
            <Value1>65536</Value1>
          </Entry>
          <Entry>
            <Values />
            <Value0>147458</Value0>
            <Value1>196608</Value1>
          </Entry>
          <Entry>
            <Values />
            <Value0>65540</Value0>
            <Value1>65541</Value1>
          </Entry>
          <Entry>
            <Values />
            <Value0>65541</Value0>
            <Value1>65542</Value1>
          </Entry>
          <Entry>
            <Values />
            <Value0>65542</Value0>
            <Value1>648624</Value1>
          </Entry>
        </Unknown>
        <Dialogs>
          <Dialog>小早川</Dialog>
          <Dialog>I tried this cute outfit. Does
it suit me？</Dialog>
          <Dialog>○○○○○○○○</Dialog>
          <Dialog>Hmm...</Dialog>
          <Dialog>I think this is good</Dialog>
          <Dialog>It doesn't suit you</Dialog>
          <Dialog>Just wear what you want</Dialog>
        </Dialogs>
      </SDL2>
    </Entry>
    <Entry Unknown0="3021358052" Unknown1="1567295840">
      <SDL2 Key="1407586591">
        <Unknown>
          <Entry>
            <Values>
              <Entry>
                <Value0>34174</Value0>
                <Value1>0</Value1>
              </Entry>
            </Values>
            <Value0>147456</Value0>
            <Value1>65536</Value1>
          </Entry>
          <Entry>
            <Values />
            <Value0>147458</Value0>
            <Value1>196608</Value1>
          </Entry>
          <Entry>
            <Values />
            <Value0>65540</Value0>
            <Value1>65541</Value1>
          </Entry>
          <Entry>
            <Values />
            <Value0>65541</Value0>
            <Value1>65542</Value1>
          </Entry>
          <Entry>
            <Values />
            <Value0>65542</Value0>
            <Value1>648624</Value1>
          </Entry>
        </Unknown>
        <Dialogs>
          <Dialog>小早川</Dialog>
          <Dialog>Do you like my new image？
Hey, tell me what you think.</Dialog>
          <Dialog>○○○○○○○○</Dialog>
          <Dialog>Let me see...</Dialog>
          <Dialog>You look cute like this</Dialog>
          <Dialog>Aren't you embarrassed？</Dialog>
          <Dialog>Well, I guess it's okay</Dialog>
        </Dialogs>
      </SDL2>
    </Entry>
    <Entry Unknown0="3304954612" Unknown1="1153505607">
      <SDL2 Key="1407586591">
        <Unknown>
          <Entry>
            <Values>
              <Entry>
                <Value0>34175</Value0>
                <Value1>0</Value1>
              </Entry>
            </Values>
            <Value0>147456</Value0>
            <Value1>65536</Value1>
          </Entry>
          <Entry>
            <Values />
            <Value0>147458</Value0>
            <Value1>196608</Value1>
          </Entry>
          <Entry>
            <Values />
            <Value0>65540</Value0>
            <Value1>65541</Value1>
          </Entry>
          <Entry>
            <Values />
            <Value0>65541</Value0>
            <Value1>65542</Value1>
          </Entry>
          <Entry>
            <Values />
            <Value0>65542</Value0>
            <Value1>648624</Value1>
          </Entry>
        </Unknown>
        <Dialogs>
          <Dialog>小早川</Dialog>
          <Dialog>I tried to look cute. What do
you think？</Dialog>
          <Dialog>○○○○○○○○</Dialog>
          <Dialog>Let me see...</Dialog>
          <Dialog>Perfect！</Dialog>
          <Dialog>Did you overdo it？</Dialog>
          <Dialog>It's the matter of taste</Dialog>
        </Dialogs>
      </SDL2>
    </Entry>
    <Entry Unknown0="3176573659" Unknown1="483590304">
      <SDL2 Key="1407586591">
        <Unknown>
          <Entry>
            <Values>
              <Entry>
                <Value0>34176</Value0>
                <Value1>0</Value1>
              </Entry>
            </Values>
            <Value0>147456</Value0>
            <Value1>65536</Value1>
          </Entry>
          <Entry>
            <Values />
            <Value0>147458</Value0>
            <Value1>196608</Value1>
          </Entry>
          <Entry>
            <Values />
            <Value0>65540</Value0>
            <Value1>65541</Value1>
          </Entry>
          <Entry>
            <Values />
            <Value0>65541</Value0>
            <Value1>65542</Value1>
          </Entry>
          <Entry>
            <Values />
            <Value0>65542</Value0>
            <Value1>648624</Value1>
          </Entry>
        </Unknown>
        <Dialogs>
          <Dialog>小早川</Dialog>
          <Dialog>I tried this casual outfit...</Dialog>
          <Dialog>○○○○○○○○</Dialog>
          <Dialog>I see.</Dialog>
          <Dialog>It suits you well</Dialog>
          <Dialog>I don't like it</Dialog>
          <Dialog>Nothing is different...</Dialog>
        </Dialogs>
      </SDL2>
    </Entry>
    <Entry Unknown0="73831220" Unknown1="3971701168">
      <SDL2 Key="1407586591">
        <Unknown>
          <Entry>
            <Values>
              <Entry>
                <Value0>34177</Value0>
                <Value1>0</Value1>
              </Entry>
            </Values>
            <Value0>147456</Value0>
            <Value1>65536</Value1>
          </Entry>
          <Entry>
            <Values />
            <Value0>147458</Value0>
            <Value1>196608</Value1>
          </Entry>
          <Entry>
            <Values />
            <Value0>65540</Value0>
            <Value1>65541</Value1>
          </Entry>
          <Entry>
            <Values />
            <Value0>65541</Value0>
            <Value1>65542</Value1>
          </Entry>
          <Entry>
            <Values />
            <Value0>65542</Value0>
            <Value1>648624</Value1>
          </Entry>
        </Unknown>
        <Dialogs>
          <Dialog>小早川</Dialog>
          <Dialog>Do you like this style of
clothing？</Dialog>
          <Dialog>○○○○○○○○</Dialog>
          <Dialog>Let me see...</Dialog>
          <Dialog>This suits you well</Dialog>
          <Dialog>I don't like it</Dialog>
          <Dialog>You look okay</Dialog>
        </Dialogs>
      </SDL2>
    </Entry>
    <Entry Unknown0="340650564" Unknown1="353462679">
      <SDL2 Key="1407586591">
        <Unknown>
          <Entry>
            <Values>
              <Entry>
                <Value0>34178</Value0>
                <Value1>0</Value1>
              </Entry>
            </Values>
            <Value0>147456</Value0>
            <Value1>65536</Value1>
          </Entry>
          <Entry>
            <Values />
            <Value0>147458</Value0>
            <Value1>196608</Value1>
          </Entry>
          <Entry>
            <Values />
            <Value0>65540</Value0>
            <Value1>65541</Value1>
          </Entry>
          <Entry>
            <Values />
            <Value0>65541</Value0>
            <Value1>65542</Value1>
          </Entry>
          <Entry>
            <Values />
            <Value0>65542</Value0>
            <Value1>648624</Value1>
          </Entry>
        </Unknown>
        <Dialogs>
          <Dialog>小早川</Dialog>
          <Dialog>Hey, look. I tried this casual
outfit. How do I look？</Dialog>
          <Dialog>○○○○○○○○</Dialog>
          <Dialog>Let me see...</Dialog>
          <Dialog>Good, you look good</Dialog>
          <Dialog>Eh？ Something's not right</Dialog>
          <Dialog>Well, you look okay</Dialog>
        </Dialogs>
      </SDL2>
    </Entry>
    <Entry Unknown0="229046827" Unknown1="2737000688">
      <SDL2 Key="1407586591">
        <Unknown>
          <Entry>
            <Values>
              <Entry>
                <Value0>34179</Value0>
                <Value1>0</Value1>
              </Entry>
            </Values>
            <Value0>147456</Value0>
            <Value1>65536</Value1>
          </Entry>
          <Entry>
            <Values />
            <Value0>147458</Value0>
            <Value1>196608</Value1>
          </Entry>
          <Entry>
            <Values />
            <Value0>65540</Value0>
            <Value1>65541</Value1>
          </Entry>
          <Entry>
            <Values />
            <Value0>65541</Value0>
            <Value1>65542</Value1>
          </Entry>
          <Entry>
            <Values />
            <Value0>65542</Value0>
            <Value1>648624</Value1>
          </Entry>
        </Unknown>
        <Dialogs>
          <Dialog>小早川</Dialog>
          <Dialog>Occasionally, it's good to
wear something like this,
huh...？</Dialog>
          <Dialog>○○○○○○○○</Dialog>
          <Dialog>Oh...</Dialog>
          <Dialog>Yes！ This is great！</Dialog>
          <Dialog>No, this is terrible</Dialog>
          <Dialog>Wear whatever you want</Dialog>
        </Dialogs>
      </SDL2>
    </Entry>
    <Entry Unknown0="1421271940" Unknown1="3003885824">
      <SDL2 Key="1407586591">
        <Unknown>
          <Entry>
            <Values>
              <Entry>
                <Value0>34180</Value0>
                <Value1>0</Value1>
              </Entry>
            </Values>
            <Value0>147456</Value0>
            <Value1>65536</Value1>
          </Entry>
          <Entry>
            <Values />
            <Value0>147458</Value0>
            <Value1>196608</Value1>
          </Entry>
          <Entry>
            <Values />
            <Value0>65540</Value0>
            <Value1>65541</Value1>
          </Entry>
          <Entry>
            <Values />
            <Value0>65541</Value0>
            <Value1>65542</Value1>
          </Entry>
          <Entry>
            <Values />
            <Value0>65542</Value0>
            <Value1>648624</Value1>
          </Entry>
        </Unknown>
        <Dialogs>
          <Dialog>小早川</Dialog>
          <Dialog>I tried this style of
clothing... Hey, do you have
anything to say？</Dialog>
          <Dialog>○○○○○○○○</Dialog>
          <Dialog>L-Let me see...</Dialog>
          <Dialog>Nice！ I love it</Dialog>
          <Dialog>It's not quite good</Dialog>
          <Dialog>If you like it, it's fine</Dialog>
        </Dialogs>
      </SDL2>
    </Entry>
    <Entry Unknown0="1688025748" Unknown1="2858531303">
      <SDL2 Key="1407586591">
        <Unknown>
          <Entry>
            <Values>
              <Entry>
                <Value0>34181</Value0>
                <Value1>0</Value1>
              </Entry>
            </Values>
            <Value0>147456</Value0>
            <Value1>65536</Value1>
          </Entry>
          <Entry>
            <Values />
            <Value0>147458</Value0>
            <Value1>196608</Value1>
          </Entry>
          <Entry>
            <Values />
            <Value0>65540</Value0>
            <Value1>65541</Value1>
          </Entry>
          <Entry>
            <Values />
            <Value0>65541</Value0>
            <Value1>65542</Value1>
          </Entry>
          <Entry>
            <Values />
            <Value0>65542</Value0>
            <Value1>648624</Value1>
          </Entry>
        </Unknown>
        <Dialogs>
          <Dialog>小早川</Dialog>
          <Dialog>What do you think？ I tried
this sexy outfit this time.</Dialog>
          <Dialog>○○○○○○○○</Dialog>
          <Dialog>Hmm... Let me see...</Dialog>
          <Dialog>Nice！ This is great！</Dialog>
          <Dialog>Don't overdo it</Dialog>
          <Dialog>Just wear what you want</Dialog>
        </Dialogs>
      </SDL2>
    </Entry>
    <Entry Unknown0="1576422011" Unknown1="1920180288">
      <SDL2 Key="1407586591">
        <Unknown>
          <Entry>
            <Values>
              <Entry>
                <Value0>34182</Value0>
                <Value1>0</Value1>
              </Entry>
            </Values>
            <Value0>147456</Value0>
            <Value1>65536</Value1>
          </Entry>
        </Unknown>
        <Dialogs>
          <Dialog>小早川</Dialog>
          <Dialog>I see. Then I'll keep this
look for a while.</Dialog>
        </Dialogs>
      </SDL2>
    </Entry>
    <Entry Unknown0="2751869908" Unknown1="1113323856">
      <SDL2 Key="1407586591">
        <Unknown>
          <Entry>
            <Values>
              <Entry>
                <Value0>34183</Value0>
                <Value1>0</Value1>
              </Entry>
            </Values>
            <Value0>147456</Value0>
            <Value1>65536</Value1>
          </Entry>
        </Unknown>
        <Dialogs>
          <Dialog>小早川</Dialog>
          <Dialog>Okay, okay. I'll keep wearing
this style of clothing from
now on.</Dialog>
        </Dialogs>
      </SDL2>
    </Entry>
    <Entry Unknown0="3035466468" Unknown1="2075199799">
      <SDL2 Key="465081558">
        <Unknown>
          <Entry>
            <Values>
              <Entry>
                <Value0>34184</Value0>
                <Value1>0</Value1>
              </Entry>
            </Values>
            <Value0>147456</Value0>
            <Value1>65536</Value1>
          </Entry>
        </Unknown>
        <Dialogs>
          <Dialog>小早川</Dialog>
          <Dialog>Hehe. I'm glad. Then I'll keep
wearing this style from now
on.</Dialog>
        </Dialogs>
      </SDL2>
    </Entry>
    <Entry Unknown0="2907085515" Unknown1="29618320">
      <SDL2 Key="465081558">
        <Unknown>
          <Entry>
            <Values>
              <Entry>
                <Value0>34185</Value0>
                <Value1>0</Value1>
              </Entry>
            </Values>
            <Value0>147456</Value0>
            <Value1>65536</Value1>
          </Entry>
        </Unknown>
        <Dialogs>
          <Dialog>小早川</Dialog>
          <Dialog>I see... Then I'll stop
wearing this...</Dialog>
        </Dialogs>
      </SDL2>
    </Entry>
    <Entry Unknown0="4099310372" Unknown1="296438176">
      <SDL2 Key="465081558">
        <Unknown>
          <Entry>
            <Values>
              <Entry>
                <Value0>34186</Value0>
                <Value1>0</Value1>
              </Entry>
            </Values>
            <Value0>147456</Value0>
            <Value1>65536</Value1>
          </Entry>
        </Unknown>
        <Dialogs>
          <Dialog>小早川</Dialog>
          <Dialog>...Really！？ Hah... I don't
quite understand...</Dialog>
        </Dialogs>
      </SDL2>
    </Entry>
    <Entry Unknown0="71162420" Unknown1="134306183">
      <SDL2 Key="465081558">
        <Unknown>
          <Entry>
            <Values>
              <Entry>
                <Value0>34187</Value0>
                <Value1>0</Value1>
              </Entry>
            </Values>
            <Value0>147456</Value0>
            <Value1>65536</Value1>
          </Entry>
        </Unknown>
        <Dialogs>
          <Dialog>小早川</Dialog>
          <Dialog>I chose this because I thought
you would like it....This is a
shock.</Dialog>
        </Dialogs>
      </SDL2>
    </Entry>
    <Entry Unknown0="4254525979" Unknown1="3490922720">
      <SDL2 Key="465081558">
        <Unknown>
          <Entry>
            <Values>
              <Entry>
                <Value0>34188</Value0>
                <Value1>0</Value1>
              </Entry>
            </Values>
            <Value0>147456</Value0>
            <Value1>65536</Value1>
          </Entry>
        </Unknown>
        <Dialogs>
          <Dialog>小早川</Dialog>
          <Dialog>...What's with that reaction？</Dialog>
        </Dialogs>
      </SDL2>
    </Entry>
    <Entry Unknown0="1151783796" Unknown1="2700843504">
      <SDL2 Key="465081558">
        <Unknown>
          <Entry>
            <Values>
              <Entry>
                <Value0>34189</Value0>
                <Value1>0</Value1>
              </Entry>
            </Values>
            <Value0>147456</Value0>
            <Value1>65536</Value1>
          </Entry>
        </Unknown>
        <Dialogs>
          <Dialog>小早川</Dialog>
          <Dialog>What？ If you don't say what
you think clearly, how can I
know？</Dialog>
        </Dialogs>
      </SDL2>
    </Entry>
    <Entry Unknown0="1418537604" Unknown1="3646007767">
      <SDL2 Key="465081558">
        <Unknown>
          <Entry>
            <Values>
              <Entry>
                <Value0>34190</Value0>
                <Value1>0</Value1>
              </Entry>
            </Values>
            <Value0>147456</Value0>
            <Value1>65536</Value1>
          </Entry>
        </Unknown>
        <Dialogs>
          <Dialog>小早川</Dialog>
          <Dialog>...I really tried my best for
this. This isn't worth my
effort at all.</Dialog>
        </Dialogs>
      </SDL2>
    </Entry>
    <Entry Unknown0="1306933867" Unknown1="1734578224">
      <SDL2 Key="465081558">
        <Unknown>
          <Entry>
            <Values>
              <Entry>
                <Value0>34191</Value0>
                <Value1>0</Value1>
              </Entry>
            </Values>
            <Value0>147456</Value0>
            <Value1>65536</Value1>
          </Entry>
        </Unknown>
        <Dialogs>
          <Dialog>小早川</Dialog>
          <Dialog>...Ah, I see. You don't care
then.</Dialog>
        </Dialogs>
      </SDL2>
    </Entry>
    <Entry Unknown0="2499158980" Unknown1="2001463616">
      <SDL2 Key="465081558">
        <Unknown>
          <Entry>
            <Values>
              <Entry>
                <Value0>34192</Value0>
                <Value1>0</Value1>
              </Entry>
            </Values>
            <Value0>147456</Value0>
            <Value1>65536</Value1>
          </Entry>
        </Unknown>
        <Dialogs>
          <Dialog>小早川</Dialog>
          <Dialog>Are you ignoring me...？ Fine,
then！</Dialog>
        </Dialogs>
      </SDL2>
    </Entry>
    <Entry Unknown0="2765978324" Unknown1="1856108839">
      <SDL2 Key="465081558">
        <Unknown>
          <Entry>
            <Values>
              <Entry>
                <Value0>34193</Value0>
                <Value1>0</Value1>
              </Entry>
            </Values>
            <Value0>147456</Value0>
            <Value1>65536</Value1>
          </Entry>
        </Unknown>
        <Dialogs>
          <Dialog>小早川</Dialog>
          <Dialog>I really tried my best...</Dialog>
        </Dialogs>
      </SDL2>
    </Entry>
    <Entry Unknown0="2637597371" Unknown1="2478039168">
      <SDL2 Key="465081558">
        <Unknown>
          <Entry>
            <Values>
              <Entry>
                <Value0>34194</Value0>
                <Value1>0</Value1>
              </Entry>
            </Values>
            <Value0>147456</Value0>
            <Value1>65536</Value1>
          </Entry>
          <Entry>
            <Values />
            <Value0>147458</Value0>
            <Value1>196608</Value1>
          </Entry>
          <Entry>
            <Values />
            <Value0>65540</Value0>
            <Value1>65541</Value1>
          </Entry>
          <Entry>
            <Values />
            <Value0>65541</Value0>
            <Value1>65542</Value1>
          </Entry>
          <Entry>
            <Values />
            <Value0>65542</Value0>
            <Value1>648624</Value1>
          </Entry>
        </Unknown>
        <Dialogs>
          <Dialog>小早川</Dialog>
          <Dialog>What do you think about my
outfit today？</Dialog>
          <Dialog>○○○○○○○○</Dialog>
          <Dialog>(Hmm？ It's the same as what
she usually wears, isn't it？)</Dialog>
          <Dialog>This suits you well</Dialog>
          <Dialog>You should try new styles</Dialog>
          <Dialog>Isn't it okay like this？</Dialog>
        </Dialogs>
      </SDL2>
    </Entry>
    <Entry Unknown0="3829822228" Unknown1="2744859024">
      <SDL2 Key="465081558">
        <Unknown>
          <Entry>
            <Values>
              <Entry>
                <Value0>34195</Value0>
                <Value1>0</Value1>
              </Entry>
            </Values>
            <Value0>147456</Value0>
            <Value1>65536</Value1>
          </Entry>
          <Entry>
            <Values />
            <Value0>147458</Value0>
            <Value1>196608</Value1>
          </Entry>
          <Entry>
            <Values />
            <Value0>65540</Value0>
            <Value1>65541</Value1>
          </Entry>
          <Entry>
            <Values />
            <Value0>65541</Value0>
            <Value1>65542</Value1>
          </Entry>
          <Entry>
            <Values />
            <Value0>65542</Value0>
            <Value1>648624</Value1>
          </Entry>
        </Unknown>
        <Dialogs>
          <Dialog>小早川</Dialog>
          <Dialog>What do you think about my
outfit today？</Dialog>
          <Dialog>○○○○○○○○</Dialog>
          <Dialog>(Hmm？ This is similar to what
she usually wears...)</Dialog>
          <Dialog>This style is good</Dialog>
          <Dialog>This doesn't suit you</Dialog>
          <Dialog>Isn't it okay like this？</Dialog>
        </Dialogs>
      </SDL2>
    </Entry>
    <Entry Unknown0="4096641572" Unknown1="2599504247">
      <SDL2 Key="465081558">
        <Unknown>
          <Entry>
            <Values>
              <Entry>
                <Value0>34196</Value0>
                <Value1>0</Value1>
              </Entry>
            </Values>
            <Value0>147456</Value0>
            <Value1>65536</Value1>
          </Entry>
          <Entry>
            <Values />
            <Value0>147458</Value0>
            <Value1>196608</Value1>
          </Entry>
          <Entry>
            <Values />
            <Value0>65540</Value0>
            <Value1>65541</Value1>
          </Entry>
          <Entry>
            <Values />
            <Value0>65541</Value0>
            <Value1>65542</Value1>
          </Entry>
          <Entry>
            <Values />
            <Value0>65542</Value0>
            <Value1>648624</Value1>
          </Entry>
        </Unknown>
        <Dialogs>
          <Dialog>小早川</Dialog>
          <Dialog>Hey, do you like this
neat-and-tidy clothing style？</Dialog>
          <Dialog>○○○○○○○○</Dialog>
          <Dialog>...Let me see.</Dialog>
          <Dialog>Yeah, I like it</Dialog>
          <Dialog>You should try new styles</Dialog>
          <Dialog>It doesn't matter, right？</Dialog>
        </Dialogs>
      </SDL2>
    </Entry>
    <Entry Unknown0="3985037835" Unknown1="1644376272">
      <SDL2 Key="465081558">
        <Unknown>
          <Entry>
            <Values>
              <Entry>
                <Value0>34197</Value0>
                <Value1>0</Value1>
              </Entry>
            </Values>
            <Value0>147456</Value0>
            <Value1>65536</Value1>
          </Entry>
          <Entry>
            <Values />
            <Value0>147458</Value0>
            <Value1>196608</Value1>
          </Entry>
          <Entry>
            <Values />
            <Value0>65540</Value0>
            <Value1>65541</Value1>
          </Entry>
          <Entry>
            <Values />
            <Value0>65541</Value0>
            <Value1>65542</Value1>
          </Entry>
          <Entry>
            <Values />
            <Value0>65542</Value0>
            <Value1>648624</Value1>
          </Entry>
        </Unknown>
        <Dialogs>
          <Dialog>小早川</Dialog>
          <Dialog>Do you think this outfit suits
Rinko？</Dialog>
          <Dialog>○○○○○○○○</Dialog>
          <Dialog>Let me see...</Dialog>
          <Dialog>Of course, it suits you</Dialog>
          <Dialog>You should try new styles</Dialog>
          <Dialog>Eh？ Isn't it good？</Dialog>
        </Dialogs>
      </SDL2>
    </Entry>
    <Entry Unknown0="882295652" Unknown1="1928038880">
      <SDL2 Key="1038596673">
        <Unknown>
          <Entry>
            <Values>
              <Entry>
                <Value0>34198</Value0>
                <Value1>0</Value1>
              </Entry>
            </Values>
            <Value0>147456</Value0>
            <Value1>65536</Value1>
          </Entry>
          <Entry>
            <Values />
            <Value0>147458</Value0>
            <Value1>196608</Value1>
          </Entry>
          <Entry>
            <Values />
            <Value0>65540</Value0>
            <Value1>65541</Value1>
          </Entry>
          <Entry>
            <Values />
            <Value0>65541</Value0>
            <Value1>65542</Value1>
          </Entry>
          <Entry>
            <Values />
            <Value0>65542</Value0>
            <Value1>648624</Value1>
          </Entry>
        </Unknown>
        <Dialogs>
          <Dialog>小早川</Dialog>
          <Dialog>I tried this outfit today.
...What do you think？</Dialog>
          <Dialog>○○○○○○○○</Dialog>
          <Dialog>(This is the cute style that
she usually wears.)</Dialog>
          <Dialog>Yes, I like it</Dialog>
          <Dialog>You should try new styles</Dialog>
          <Dialog>It doesn't matter</Dialog>
        </Dialogs>
      </SDL2>
    </Entry>
    <Entry Unknown0="1149049460" Unknown1="1799461319">
      <SDL2 Key="1038596673">
        <Unknown>
          <Entry>
            <Values>
              <Entry>
                <Value0>34199</Value0>
                <Value1>0</Value1>
              </Entry>
            </Values>
            <Value0>147456</Value0>
            <Value1>65536</Value1>
          </Entry>
          <Entry>
            <Values />
            <Value0>147458</Value0>
            <Value1>196608</Value1>
          </Entry>
          <Entry>
            <Values />
            <Value0>65540</Value0>
            <Value1>65541</Value1>
          </Entry>
          <Entry>
            <Values />
            <Value0>65541</Value0>
            <Value1>65542</Value1>
          </Entry>
          <Entry>
            <Values />
            <Value0>65542</Value0>
            <Value1>648624</Value1>
          </Entry>
        </Unknown>
        <Dialogs>
          <Dialog>小早川</Dialog>
          <Dialog>What do you think about my
fashion today？</Dialog>
          <Dialog>○○○○○○○○</Dialog>
          <Dialog>(She's wearing a cute outfit
today.)</Dialog>
          <Dialog>You look cute in it</Dialog>
          <Dialog>This doesn't suit you</Dialog>
          <Dialog>No comment</Dialog>
        </Dialogs>
      </SDL2>
    </Entry>
    <Entry Unknown0="1037445723" Unknown1="827555872">
      <SDL2 Key="1038596673">
        <Unknown>
          <Entry>
            <Values>
              <Entry>
                <Value0>34200</Value0>
                <Value1>0</Value1>
              </Entry>
            </Values>
            <Value0>147456</Value0>
            <Value1>65536</Value1>
          </Entry>
          <Entry>
            <Values />
            <Value0>147458</Value0>
            <Value1>196608</Value1>
          </Entry>
          <Entry>
            <Values />
            <Value0>65540</Value0>
            <Value1>65541</Value1>
          </Entry>
          <Entry>
            <Values />
            <Value0>65541</Value0>
            <Value1>65542</Value1>
          </Entry>
          <Entry>
            <Values />
            <Value0>65542</Value0>
            <Value1>648624</Value1>
          </Entry>
        </Unknown>
        <Dialogs>
          <Dialog>小早川</Dialog>
          <Dialog>What do you think about this
outfit？</Dialog>
          <Dialog>○○○○○○○○</Dialog>
          <Dialog>Let me see...</Dialog>
          <Dialog>This looks good</Dialog>
          <Dialog>I'm getting bored of this</Dialog>
          <Dialog>Isn't it good？</Dialog>
        </Dialogs>
      </SDL2>
    </Entry>
    <Entry Unknown0="2229670836" Unknown1="3241924912">
      <SDL2 Key="1038596673">
        <Unknown>
          <Entry>
            <Values>
              <Entry>
                <Value0>34201</Value0>
                <Value1>0</Value1>
              </Entry>
            </Values>
            <Value0>147456</Value0>
            <Value1>65536</Value1>
          </Entry>
          <Entry>
            <Values />
            <Value0>147458</Value0>
            <Value1>196608</Value1>
          </Entry>
          <Entry>
            <Values />
            <Value0>65540</Value0>
            <Value1>65541</Value1>
          </Entry>
          <Entry>
            <Values />
            <Value0>65541</Value0>
            <Value1>65542</Value1>
          </Entry>
          <Entry>
            <Values />
            <Value0>65542</Value0>
            <Value1>648624</Value1>
          </Entry>
        </Unknown>
        <Dialogs>
          <Dialog>小早川</Dialog>
          <Dialog>Well, what's your opinion？</Dialog>
          <Dialog>○○○○○○○○</Dialog>
          <Dialog>About your outfit...？</Dialog>
          <Dialog>It suits you</Dialog>
          <Dialog>Try something else</Dialog>
          <Dialog>I don't know</Dialog>
        </Dialogs>
      </SDL2>
    </Entry>
    <Entry Unknown0="2496490180" Unknown1="949086487">
      <SDL2 Key="1038596673">
        <Unknown>
          <Entry>
            <Values>
              <Entry>
                <Value0>34202</Value0>
                <Value1>0</Value1>
              </Entry>
            </Values>
            <Value0>147456</Value0>
            <Value1>65536</Value1>
          </Entry>
          <Entry>
            <Values />
            <Value0>147458</Value0>
            <Value1>196608</Value1>
          </Entry>
          <Entry>
            <Values />
            <Value0>65540</Value0>
            <Value1>65541</Value1>
          </Entry>
          <Entry>
            <Values />
            <Value0>65541</Value0>
            <Value1>65542</Value1>
          </Entry>
          <Entry>
            <Values />
            <Value0>65542</Value0>
            <Value1>648624</Value1>
          </Entry>
        </Unknown>
        <Dialogs>
          <Dialog>小早川</Dialog>
          <Dialog>Hey, hey. Do I look different
today？</Dialog>
          <Dialog>○○○○○○○○</Dialog>
          <Dialog>Let me see...</Dialog>
          <Dialog>This casual style is good</Dialog>
          <Dialog>I'm getting bored of this</Dialog>
          <Dialog>It's not too weird</Dialog>
        </Dialogs>
      </SDL2>
    </Entry>
    <Entry Unknown0="2368109227" Unknown1="2158219376">
      <SDL2 Key="1038596673">
        <Unknown>
          <Entry>
            <Values>
              <Entry>
                <Value0>34203</Value0>
                <Value1>0</Value1>
              </Entry>
            </Values>
            <Value0>147456</Value0>
            <Value1>65536</Value1>
          </Entry>
        </Unknown>
        <Dialogs>
          <Dialog>小早川</Dialog>
          <Dialog>Hmm... I see.</Dialog>
        </Dialogs>
      </SDL2>
    </Entry>
    <Entry Unknown0="3560334084" Unknown1="2425039232">
      <SDL2 Key="1038596673">
        <Unknown>
          <Entry>
            <Values>
              <Entry>
                <Value0>34204</Value0>
                <Value1>0</Value1>
              </Entry>
            </Values>
            <Value0>147456</Value0>
            <Value1>65536</Value1>
          </Entry>
        </Unknown>
        <Dialogs>
          <Dialog>小早川</Dialog>
          <Dialog>Well, I thought so. Hehe.</Dialog>
        </Dialogs>
      </SDL2>
    </Entry>
    <Entry Unknown0="3827153428" Unknown1="2313238887">
      <SDL2 Key="1038596673">
        <Unknown>
          <Entry>
            <Values>
              <Entry>
                <Value0>34205</Value0>
                <Value1>0</Value1>
              </Entry>
            </Values>
            <Value0>147456</Value0>
            <Value1>65536</Value1>
          </Entry>
        </Unknown>
        <Dialogs>
          <Dialog>小早川</Dialog>
          <Dialog>Hehe, right？ I already
thought you'd say that.</Dialog>
        </Dialogs>
      </SDL2>
    </Entry>
    <Entry Unknown0="3715549947" Unknown1="1475551424">
      <SDL2 Key="1038596673">
        <Unknown>
          <Entry>
            <Values>
              <Entry>
                <Value0>34206</Value0>
                <Value1>0</Value1>
              </Entry>
            </Values>
            <Value0>147456</Value0>
            <Value1>65536</Value1>
          </Entry>
        </Unknown>
        <Dialogs>
          <Dialog>小早川</Dialog>
          <Dialog>I see. You didn't like it. I
thought you would, though.</Dialog>
        </Dialogs>
      </SDL2>
    </Entry>
    <Entry Unknown0="612807508" Unknown1="1742436816">
      <SDL2 Key="1038596673">
        <Unknown>
          <Entry>
            <Values>
              <Entry>
                <Value0>34207</Value0>
                <Value1>0</Value1>
              </Entry>
            </Values>
            <Value0>147456</Value0>
            <Value1>65536</Value1>
          </Entry>
        </Unknown>
        <Dialogs>
          <Dialog>小早川</Dialog>
          <Dialog>Eh？ I chose this because I
thought you would like it.</Dialog>
        </Dialogs>
      </SDL2>
    </Entry>
    <Entry Unknown0="879561316" Unknown1="1580304823">
      <SDL2 Key="1038596673">
        <Unknown>
          <Entry>
            <Values>
              <Entry>
                <Value0>34208</Value0>
                <Value1>0</Value1>
              </Entry>
            </Values>
            <Value0>147456</Value0>
            <Value1>65536</Value1>
          </Entry>
        </Unknown>
        <Dialogs>
          <Dialog>小早川</Dialog>
          <Dialog>I see. Then I'll try harder
next time.</Dialog>
        </Dialogs>
      </SDL2>
    </Entry>
    <Entry Unknown0="767957579" Unknown1="641953808">
      <SDL2 Key="1038596673">
        <Unknown>
          <Entry>
            <Values>
              <Entry>
                <Value0>34209</Value0>
                <Value1>0</Value1>
              </Entry>
            </Values>
            <Value0>147456</Value0>
            <Value1>65536</Value1>
          </Entry>
        </Unknown>
        <Dialogs>
          <Dialog>小早川</Dialog>
          <Dialog>That's it？ Well, that's fine,
though.</Dialog>
        </Dialogs>
      </SDL2>
    </Entry>
    <Entry Unknown0="1960182692" Unknown1="908839200">
      <SDL2 Key="1038596673">
        <Unknown>
          <Entry>
            <Values>
              <Entry>
                <Value0>34210</Value0>
                <Value1>0</Value1>
              </Entry>
            </Values>
            <Value0>147456</Value0>
            <Value1>65536</Value1>
          </Entry>
        </Unknown>
        <Dialogs>
          <Dialog>小早川</Dialog>
          <Dialog>What's with that answer？
Can't you just honestly say
that you like it？</Dialog>
        </Dialogs>
      </SDL2>
    </Entry>
    <Entry Unknown0="2227002036" Unknown1="797038855">
      <SDL2 Key="1038596673">
        <Unknown>
          <Entry>
            <Values>
              <Entry>
                <Value0>34211</Value0>
                <Value1>0</Value1>
              </Entry>
            </Values>
            <Value0>147456</Value0>
            <Value1>65536</Value1>
          </Entry>
        </Unknown>
        <Dialogs>
          <Dialog>小早川</Dialog>
          <Dialog>That's not what I asked you！
Ah, this is enough！</Dialog>
        </Dialogs>
      </SDL2>
    </Entry>
  </Entries>
</DBIN2>