<?xml version="1.0" encoding="utf-8"?>
<DBIN2 xmlns:xsi="http://www.w3.org/2001/XMLSchema-instance" xmlns:xsd="http://www.w3.org/2001/XMLSchema" Key="1902060769" Unknown="15">
  <Entries>
    <Entry Unknown0="1385467338" Unknown1="100219766">
      <SDL2 Key="1505547628">
        <Unknown>
          <Entry>
            <Values>
              <Entry>
                <Value0>35113</Value0>
                <Value1>0</Value1>
              </Entry>
            </Values>
            <Value0>147456</Value0>
            <Value1>65536</Value1>
          </Entry>
        </Unknown>
        <Dialogs>
          <Dialog>小早川</Dialog>
          <Dialog>Have I said it today...？
...I love you.</Dialog>
        </Dialogs>
      </SDL2>
    </Entry>
    <Entry Unknown0="3267163450" Unknown1="762489758">
      <SDL2 Key="1505547628">
        <Unknown>
          <Entry>
            <Values>
              <Entry>
                <Value0>35114</Value0>
                <Value1>0</Value1>
              </Entry>
            </Values>
            <Value0>147456</Value0>
            <Value1>65536</Value1>
          </Entry>
        </Unknown>
        <Dialogs>
          <Dialog>小早川</Dialog>
          <Dialog>If it's like this everyday,
Rinko will be madly in love
with you.</Dialog>
        </Dialogs>
      </SDL2>
    </Entry>
    <Entry Unknown0="4197737826" Unknown1="2783171350">
      <SDL2 Key="1505547628">
        <Unknown>
          <Entry>
            <Values>
              <Entry>
                <Value0>35115</Value0>
                <Value1>0</Value1>
              </Entry>
              <Entry>
                <Value0>35116</Value0>
                <Value1>500</Value1>
              </Entry>
              <Entry>
                <Value0>35117</Value0>
                <Value1>500</Value1>
              </Entry>
            </Values>
            <Value0>147456</Value0>
            <Value1>65536</Value1>
          </Entry>
        </Unknown>
        <Dialogs>
          <Dialog>小早川</Dialog>
          <Dialog>Today was fun. Thanks for
making Rinko the happiest
person in the world.</Dialog>
        </Dialogs>
      </SDL2>
    </Entry>
    <Entry Unknown0="1654955482" Unknown1="520702854">
      <SDL2 Key="1505547628">
        <Unknown>
          <Entry>
            <Values>
              <Entry>
                <Value0>35118</Value0>
                <Value1>0</Value1>
              </Entry>
            </Values>
            <Value0>147456</Value0>
            <Value1>65536</Value1>
          </Entry>
        </Unknown>
        <Dialogs>
          <Dialog>小早川</Dialog>
          <Dialog>If it's like this everyday,
Rinko will become a gentle
girl soon.</Dialog>
        </Dialogs>
      </SDL2>
    </Entry>
    <Entry Unknown0="3536586058" Unknown1="931314606">
      <SDL2 Key="1505547628">
        <Unknown>
          <Entry>
            <Values>
              <Entry>
                <Value0>35119</Value0>
                <Value1>0</Value1>
              </Entry>
            </Values>
            <Value0>147456</Value0>
            <Value1>65536</Value1>
          </Entry>
        </Unknown>
        <Dialogs>
          <Dialog>小早川</Dialog>
          <Dialog>Today, we're such a
lovey-dovey couple... I guess.
Hehe.</Dialog>
        </Dialogs>
      </SDL2>
    </Entry>
    <Entry Unknown0="172258674" Unknown1="3220431654">
      <SDL2 Key="1505547628">
        <Unknown>
          <Entry>
            <Values>
              <Entry>
                <Value0>35120</Value0>
                <Value1>0</Value1>
              </Entry>
              <Entry>
                <Value0>35121</Value0>
                <Value1>500</Value1>
              </Entry>
              <Entry>
                <Value0>35122</Value0>
                <Value1>500</Value1>
              </Entry>
            </Values>
            <Value0>147456</Value0>
            <Value1>65536</Value1>
          </Entry>
        </Unknown>
        <Dialogs>
          <Dialog>小早川</Dialog>
          <Dialog>Thanks for today. Rinko is
such a lucky person. Let's do
this again.</Dialog>
        </Dialogs>
      </SDL2>
    </Entry>
    <Entry Unknown0="1924443626" Unknown1="823745430">
      <SDL2 Key="1505547628">
        <Unknown>
          <Entry>
            <Values>
              <Entry>
                <Value0>35123</Value0>
                <Value1>0</Value1>
              </Entry>
              <Entry>
                <Value0>35124</Value0>
                <Value1>500</Value1>
              </Entry>
              <Entry>
                <Value0>35125</Value0>
                <Value1>500</Value1>
              </Entry>
            </Values>
            <Value0>147456</Value0>
            <Value1>65536</Value1>
          </Entry>
        </Unknown>
        <Dialogs>
          <Dialog>小早川</Dialog>
          <Dialog>Typical... That's all for my
impression today. Well, that's
it, okay？</Dialog>
        </Dialogs>
      </SDL2>
    </Entry>
    <Entry Unknown0="3806074202" Unknown1="1502792638">
      <SDL2 Key="2315000759">
        <Unknown>
          <Entry>
            <Values>
              <Entry>
                <Value0>35126</Value0>
                <Value1>0</Value1>
              </Entry>
            </Values>
            <Value0>147456</Value0>
            <Value1>65536</Value1>
          </Entry>
        </Unknown>
        <Dialogs>
          <Dialog>小早川</Dialog>
          <Dialog>You barely made a passing
score for today's date. You
got it？</Dialog>
        </Dialogs>
      </SDL2>
    </Entry>
    <Entry Unknown0="441746818" Unknown1="3506697014">
      <SDL2 Key="2315000759">
        <Unknown>
          <Entry>
            <Values>
              <Entry>
                <Value0>35127</Value0>
                <Value1>0</Value1>
              </Entry>
              <Entry>
                <Value0>35128</Value0>
                <Value1>500</Value1>
              </Entry>
            </Values>
            <Value0>147456</Value0>
            <Value1>65536</Value1>
          </Entry>
        </Unknown>
        <Dialogs>
          <Dialog>小早川</Dialog>
          <Dialog>You had fun today, right？ It
wasn't just Rinko, was it？</Dialog>
        </Dialogs>
      </SDL2>
    </Entry>
    <Entry Unknown0="2193931770" Unknown1="724134822">
      <SDL2 Key="2315000759">
        <Unknown>
          <Entry>
            <Values>
              <Entry>
                <Value0>35129</Value0>
                <Value1>0</Value1>
              </Entry>
            </Values>
            <Value0>147456</Value0>
            <Value1>65536</Value1>
          </Entry>
        </Unknown>
        <Dialogs>
          <Dialog>小早川</Dialog>
          <Dialog>"Weird"... Are there any other
words that describe today's
date？</Dialog>
        </Dialogs>
      </SDL2>
    </Entry>
    <Entry Unknown0="4075562346" Unknown1="1134746574">
      <SDL2 Key="2315000759">
        <Unknown>
          <Entry>
            <Values>
              <Entry>
                <Value0>35130</Value0>
                <Value1>0</Value1>
              </Entry>
            </Values>
            <Value0>147456</Value0>
            <Value1>65536</Value1>
          </Entry>
        </Unknown>
        <Dialogs>
          <Dialog>小早川</Dialog>
          <Dialog>Hah... Do you have
self-awareness？ You're
Rinko's boyfriend, huh？</Dialog>
        </Dialogs>
      </SDL2>
    </Entry>
    <Entry Unknown0="711234962" Unknown1="3407020870">
      <SDL2 Key="2315000759">
        <Unknown>
          <Entry>
            <Values>
              <Entry>
                <Value0>35131</Value0>
                <Value1>0</Value1>
              </Entry>
              <Entry>
                <Value0>35132</Value0>
                <Value1>500</Value1>
              </Entry>
              <Entry>
                <Value0>35133</Value0>
                <Value1>500</Value1>
              </Entry>
            </Values>
            <Value0>147456</Value0>
            <Value1>65536</Value1>
          </Entry>
        </Unknown>
        <Dialogs>
          <Dialog>小早川</Dialog>
          <Dialog>Today, Rinko kept teasing you.
Sorry, okay？</Dialog>
        </Dialogs>
      </SDL2>
    </Entry>
    <Entry Unknown0="2463419658" Unknown1="1832483766">
      <SDL2 Key="2315000759">
        <Unknown>
          <Entry>
            <Values>
              <Entry>
                <Value0>35134</Value0>
                <Value1>0</Value1>
              </Entry>
            </Values>
            <Value0>147456</Value0>
            <Value1>65536</Value1>
          </Entry>
        </Unknown>
        <Dialogs>
          <Dialog>小早川</Dialog>
          <Dialog>If you don't like to go on a
date, just say it. This hurts
my feelings.</Dialog>
        </Dialogs>
      </SDL2>
    </Entry>
    <Entry Unknown0="50083194" Unknown1="1169353694">
      <SDL2 Key="2315000759">
        <Unknown>
          <Entry>
            <Values>
              <Entry>
                <Value0>35135</Value0>
                <Value1>0</Value1>
              </Entry>
            </Values>
            <Value0>147456</Value0>
            <Value1>65536</Value1>
          </Entry>
        </Unknown>
        <Dialogs>
          <Dialog>小早川</Dialog>
          <Dialog>Today wasn't fun at all. Do
you have anything to say？</Dialog>
        </Dialogs>
      </SDL2>
    </Entry>
    <Entry Unknown0="980723106" Unknown1="3441627990">
      <SDL2 Key="2315000759">
        <Unknown>
          <Entry>
            <Values>
              <Entry>
                <Value0>35136</Value0>
                <Value1>0</Value1>
              </Entry>
              <Entry>
                <Value0>35137</Value0>
                <Value1>500</Value1>
              </Entry>
              <Entry>
                <Value0>35138</Value0>
                <Value1>500</Value1>
              </Entry>
            </Values>
            <Value0>147456</Value0>
            <Value1>65536</Value1>
          </Entry>
        </Unknown>
        <Dialogs>
          <Dialog>小早川</Dialog>
          <Dialog>Hey... You do love Rinko,
don't you？ No, never mind！</Dialog>
        </Dialogs>
      </SDL2>
    </Entry>
  </Entries>
</DBIN2>