<?xml version="1.0" encoding="utf-8"?>
<DBIN2 xmlns:xsi="http://www.w3.org/2001/XMLSchema-instance" xmlns:xsd="http://www.w3.org/2001/XMLSchema" Key="570302119" Unknown="6">
  <Entries>
    <Entry Unknown0="3366150628" Unknown1="3297641957">
      <SDL2 Key="1026746840">
        <Unknown>
          <Entry>
            <Values />
            <Value0>147456</Value0>
            <Value1>65536</Value1>
          </Entry>
          <Entry>
            <Values>
              <Entry>
                <Value0>36025</Value0>
                <Value1>0</Value1>
              </Entry>
            </Values>
            <Value0>147458</Value0>
            <Value1>196608</Value1>
          </Entry>
          <Entry>
            <Values />
            <Value0>147456</Value0>
            <Value1>262144</Value1>
          </Entry>
          <Entry>
            <Values>
              <Entry>
                <Value0>35257</Value0>
                <Value1>0</Value1>
              </Entry>
            </Values>
            <Value0>147458</Value0>
            <Value1>327680</Value1>
          </Entry>
          <Entry>
            <Values />
            <Value0>147456</Value0>
            <Value1>393216</Value1>
          </Entry>
          <Entry>
            <Values />
            <Value0>147458</Value0>
            <Value1>458752</Value1>
          </Entry>
          <Entry>
            <Values />
            <Value0>147456</Value0>
            <Value1>524288</Value1>
          </Entry>
          <Entry>
            <Values>
              <Entry>
                <Value0>35258</Value0>
                <Value1>0</Value1>
              </Entry>
            </Values>
            <Value0>147458</Value0>
            <Value1>589824</Value1>
          </Entry>
          <Entry>
            <Values>
              <Entry>
                <Value0>35259</Value0>
                <Value1>0</Value1>
              </Entry>
            </Values>
            <Value0>147458</Value0>
            <Value1>655360</Value1>
          </Entry>
          <Entry>
            <Values />
            <Value0>147456</Value0>
            <Value1>720896</Value1>
          </Entry>
          <Entry>
            <Values>
              <Entry>
                <Value0>35260</Value0>
                <Value1>0</Value1>
              </Entry>
            </Values>
            <Value0>147458</Value0>
            <Value1>786432</Value1>
          </Entry>
          <Entry>
            <Values />
            <Value0>147456</Value0>
            <Value1>851968</Value1>
          </Entry>
          <Entry>
            <Values>
              <Entry>
                <Value0>35261</Value0>
                <Value1>0</Value1>
              </Entry>
            </Values>
            <Value0>147458</Value0>
            <Value1>917504</Value1>
          </Entry>
          <Entry>
            <Values />
            <Value0>147456</Value0>
            <Value1>983040</Value1>
          </Entry>
        </Unknown>
        <Dialogs>
          <Dialog>○○○○○○○○</Dialog>
          <Dialog>By the way...</Dialog>
          <Dialog>小早川</Dialog>
          <Dialog>Hmm？</Dialog>
          <Dialog>▲小早川＊▲,
how were you as a child？</Dialog>
          <Dialog>Nothing special. I was just a
normal girl.</Dialog>
          <Dialog>No way！</Dialog>
          <Dialog>......</Dialog>
          <Dialog>Oh, I mean it's
▲小早川＊▲.
So I had some idea that you'd
be quite unique.</Dialog>
          <Dialog>Hmm... I think I played house
a lot back then.</Dialog>
          <Dialog>I got a doll with matching
clothes as mine and I
pretended she was my little
sister.</Dialog>
          <Dialog>Well, that was quite girlish,
huh？</Dialog>
          <Dialog>When I was a kid, many people
said that I looked like a
doll.</Dialog>
          <Dialog>Huh...？
I really want to see how
▲小早川＊▲
was back then. Next time, show
me your photos, okay？</Dialog>
          <Dialog>...Lolicon.</Dialog>
          <Dialog>(What...！？)</Dialog>
        </Dialogs>
      </SDL2>
    </Entry>
    <Entry Unknown0="1125287273" Unknown1="850037332">
      <SDL2 Key="1835143492">
        <Unknown>
          <Entry>
            <Values />
            <Value0>147456</Value0>
            <Value1>65536</Value1>
          </Entry>
          <Entry>
            <Values>
              <Entry>
                <Value0>36025</Value0>
                <Value1>0</Value1>
              </Entry>
            </Values>
            <Value0>147458</Value0>
            <Value1>196608</Value1>
          </Entry>
          <Entry>
            <Values />
            <Value0>147456</Value0>
            <Value1>262144</Value1>
          </Entry>
          <Entry>
            <Values>
              <Entry>
                <Value0>35262</Value0>
                <Value1>0</Value1>
              </Entry>
            </Values>
            <Value0>147458</Value0>
            <Value1>327680</Value1>
          </Entry>
          <Entry>
            <Values />
            <Value0>147456</Value0>
            <Value1>393216</Value1>
          </Entry>
          <Entry>
            <Values>
              <Entry>
                <Value0>35263</Value0>
                <Value1>0</Value1>
              </Entry>
            </Values>
            <Value0>147458</Value0>
            <Value1>458752</Value1>
          </Entry>
          <Entry>
            <Values />
            <Value0>147456</Value0>
            <Value1>524288</Value1>
          </Entry>
          <Entry>
            <Values>
              <Entry>
                <Value0>35264</Value0>
                <Value1>0</Value1>
              </Entry>
            </Values>
            <Value0>147458</Value0>
            <Value1>589824</Value1>
          </Entry>
          <Entry>
            <Values>
              <Entry>
                <Value0>35265</Value0>
                <Value1>0</Value1>
              </Entry>
            </Values>
            <Value0>147458</Value0>
            <Value1>655360</Value1>
          </Entry>
          <Entry>
            <Values />
            <Value0>147456</Value0>
            <Value1>720896</Value1>
          </Entry>
          <Entry>
            <Values>
              <Entry>
                <Value0>35266</Value0>
                <Value1>0</Value1>
              </Entry>
            </Values>
            <Value0>147458</Value0>
            <Value1>786432</Value1>
          </Entry>
          <Entry>
            <Values />
            <Value0>147456</Value0>
            <Value1>851968</Value1>
          </Entry>
        </Unknown>
        <Dialogs>
          <Dialog>○○○○○○○○</Dialog>
          <Dialog>By the way...</Dialog>
          <Dialog>小早川</Dialog>
          <Dialog>Hmm？</Dialog>
          <Dialog>▲小早川＊▲,
how about your family？</Dialog>
          <Dialog>Nothing special. Just a normal
family where everyone gets
along well.</Dialog>
          <Dialog>I see. So everything's been
going great, huh？</Dialog>
          <Dialog>That's thanks to you.</Dialog>
          <Dialog>Huh？</Dialog>
          <Dialog>Before I met you, I'd never
imagined I could ever get
along with my family.</Dialog>
          <Dialog>...Since you've become my
ally, you gave me the courage
to face and deal with my new
family...</Dialog>
          <Dialog>I see...</Dialog>
          <Dialog>That's why I'm so thankful to
you. Thanks for helping me
out.</Dialog>
          <Dialog>(So, I could be of some help
to ▲小早川＊▲...)</Dialog>
        </Dialogs>
      </SDL2>
    </Entry>
    <Entry Unknown0="3157131992" Unknown1="1294989680">
      <SDL2 Key="2677098398">
        <Unknown>
          <Entry>
            <Values />
            <Value0>147456</Value0>
            <Value1>65536</Value1>
          </Entry>
          <Entry>
            <Values>
              <Entry>
                <Value0>36025</Value0>
                <Value1>0</Value1>
              </Entry>
            </Values>
            <Value0>147458</Value0>
            <Value1>196608</Value1>
          </Entry>
          <Entry>
            <Values />
            <Value0>147456</Value0>
            <Value1>262144</Value1>
          </Entry>
          <Entry>
            <Values>
              <Entry>
                <Value0>35267</Value0>
                <Value1>0</Value1>
              </Entry>
            </Values>
            <Value0>147458</Value0>
            <Value1>327680</Value1>
          </Entry>
          <Entry>
            <Values />
            <Value0>147456</Value0>
            <Value1>393216</Value1>
          </Entry>
          <Entry>
            <Values>
              <Entry>
                <Value0>35268</Value0>
                <Value1>0</Value1>
              </Entry>
              <Entry>
                <Value0>35269</Value0>
                <Value1>500</Value1>
              </Entry>
            </Values>
            <Value0>147458</Value0>
            <Value1>458752</Value1>
          </Entry>
          <Entry>
            <Values />
            <Value0>147456</Value0>
            <Value1>524288</Value1>
          </Entry>
          <Entry>
            <Values>
              <Entry>
                <Value0>35270</Value0>
                <Value1>0</Value1>
              </Entry>
              <Entry>
                <Value0>35271</Value0>
                <Value1>500</Value1>
              </Entry>
            </Values>
            <Value0>147458</Value0>
            <Value1>589824</Value1>
          </Entry>
          <Entry>
            <Values />
            <Value0>147456</Value0>
            <Value1>655360</Value1>
          </Entry>
          <Entry>
            <Values>
              <Entry>
                <Value0>35272</Value0>
                <Value1>0</Value1>
              </Entry>
            </Values>
            <Value0>147458</Value0>
            <Value1>720896</Value1>
          </Entry>
          <Entry>
            <Values />
            <Value0>147456</Value0>
            <Value1>786432</Value1>
          </Entry>
          <Entry>
            <Values>
              <Entry>
                <Value0>35273</Value0>
                <Value1>0</Value1>
              </Entry>
            </Values>
            <Value0>147458</Value0>
            <Value1>851968</Value1>
          </Entry>
          <Entry>
            <Values />
            <Value0>147456</Value0>
            <Value1>917504</Value1>
          </Entry>
          <Entry>
            <Values>
              <Entry>
                <Value0>35274</Value0>
                <Value1>0</Value1>
              </Entry>
            </Values>
            <Value0>147458</Value0>
            <Value1>983040</Value1>
          </Entry>
          <Entry>
            <Values />
            <Value0>147456</Value0>
            <Value1>1048576</Value1>
          </Entry>
        </Unknown>
        <Dialogs>
          <Dialog>○○○○○○○○</Dialog>
          <Dialog>By the way...</Dialog>
          <Dialog>小早川</Dialog>
          <Dialog>Hmm？</Dialog>
          <Dialog>▲小早川＊▲,
how's school？ Did you make
any friends？</Dialog>
          <Dialog>Friends... Friends, huh？</Dialog>
          <Dialog>No... I didn't mean to ask
about your close friends or
anything.</Dialog>
          <Dialog>I've made a new friend.
There's an upperclassman one
grade above me who's very good
at tennis and is very
attractive.</Dialog>
          <Dialog>Attractive？ That person's
also in the same grade as me？
Hmm...？ Who's that？</Dialog>
          <Dialog>That person's very smart,
tall, and rich.</Dialog>
          <Dialog>I-I see.</Dialog>
          <Dialog>Yeah. ...And probably very
popular, too.</Dialog>
          <Dialog>B-But, I don't think there's
any guy here who'd fit your
description...</Dialog>
          <Dialog>She's a girl.</Dialog>
          <Dialog>......</Dialog>
          <Dialog>Hey, could it be that you were
jealous？ Rinko really wants
to know▼</Dialog>
          <Dialog>(She scared me...)</Dialog>
        </Dialogs>
      </SDL2>
    </Entry>
    <Entry Unknown0="3635638772" Unknown1="3617461749">
      <SDL2 Key="2677098398">
        <Unknown>
          <Entry>
            <Values />
            <Value0>147456</Value0>
            <Value1>65536</Value1>
          </Entry>
          <Entry>
            <Values>
              <Entry>
                <Value0>36025</Value0>
                <Value1>0</Value1>
              </Entry>
            </Values>
            <Value0>147458</Value0>
            <Value1>196608</Value1>
          </Entry>
          <Entry>
            <Values />
            <Value0>147456</Value0>
            <Value1>262144</Value1>
          </Entry>
          <Entry>
            <Values>
              <Entry>
                <Value0>35275</Value0>
                <Value1>0</Value1>
              </Entry>
              <Entry>
                <Value0>35276</Value0>
                <Value1>500</Value1>
              </Entry>
            </Values>
            <Value0>147458</Value0>
            <Value1>327680</Value1>
          </Entry>
          <Entry>
            <Values />
            <Value0>147456</Value0>
            <Value1>393216</Value1>
          </Entry>
          <Entry>
            <Values>
              <Entry>
                <Value0>35277</Value0>
                <Value1>0</Value1>
              </Entry>
            </Values>
            <Value0>147458</Value0>
            <Value1>458752</Value1>
          </Entry>
          <Entry>
            <Values />
            <Value0>147456</Value0>
            <Value1>524288</Value1>
          </Entry>
          <Entry>
            <Values>
              <Entry>
                <Value0>35278</Value0>
                <Value1>0</Value1>
              </Entry>
            </Values>
            <Value0>147458</Value0>
            <Value1>589824</Value1>
          </Entry>
          <Entry>
            <Values />
            <Value0>147456</Value0>
            <Value1>655360</Value1>
          </Entry>
          <Entry>
            <Values>
              <Entry>
                <Value0>35279</Value0>
                <Value1>0</Value1>
              </Entry>
              <Entry>
                <Value0>35280</Value0>
                <Value1>500</Value1>
              </Entry>
            </Values>
            <Value0>147458</Value0>
            <Value1>720896</Value1>
          </Entry>
          <Entry>
            <Values />
            <Value0>147456</Value0>
            <Value1>786432</Value1>
          </Entry>
          <Entry>
            <Values>
              <Entry>
                <Value0>35281</Value0>
                <Value1>0</Value1>
              </Entry>
            </Values>
            <Value0>147458</Value0>
            <Value1>851968</Value1>
          </Entry>
          <Entry>
            <Values />
            <Value0>147456</Value0>
            <Value1>917504</Value1>
          </Entry>
          <Entry>
            <Values>
              <Entry>
                <Value0>35282</Value0>
                <Value1>0</Value1>
              </Entry>
              <Entry>
                <Value0>35283</Value0>
                <Value1>500</Value1>
              </Entry>
            </Values>
            <Value0>147458</Value0>
            <Value1>983040</Value1>
          </Entry>
          <Entry>
            <Values />
            <Value0>147456</Value0>
            <Value1>1048576</Value1>
          </Entry>
          <Entry>
            <Values>
              <Entry>
                <Value0>35284</Value0>
                <Value1>0</Value1>
              </Entry>
            </Values>
            <Value0>147458</Value0>
            <Value1>1114112</Value1>
          </Entry>
          <Entry>
            <Values />
            <Value0>147456</Value0>
            <Value1>1179648</Value1>
          </Entry>
          <Entry>
            <Values />
            <Value0>147456</Value0>
            <Value1>1245184</Value1>
          </Entry>
        </Unknown>
        <Dialogs>
          <Dialog>○○○○○○○○</Dialog>
          <Dialog>By the way...</Dialog>
          <Dialog>小早川</Dialog>
          <Dialog>Hmm？</Dialog>
          <Dialog>▲小早川＊▲.
What were you like when you
were in junior high？</Dialog>
          <Dialog>In junior high？ Hmm... I
don't really know what to say
about myself.</Dialog>
          <Dialog>Did you join any clubs？</Dialog>
          <Dialog>Nope.</Dialog>
          <Dialog>Did you join any of the
school's committees？</Dialog>
          <Dialog>None.</Dialog>
          <Dialog>I see. Then...</Dialog>
          <Dialog>Ah, my hair. It was very long
back then. I didn't cut it at
all so it was around mid-back
length.</Dialog>
          <Dialog>Hmm...？ But you finally cut
it. Why？</Dialog>
          <Dialog>Because...</Dialog>
          <Dialog>？</Dialog>
          <Dialog>People mistook me for a grade
school girl. Look at me. From
which angle do I look like a
child？</Dialog>
          <Dialog>(From every angle, I guess...)</Dialog>
          <Dialog>What？</Dialog>
          <Dialog>No, I didn't say anything,
okay？</Dialog>
          <Dialog>(I have to be careful with
this...)</Dialog>
        </Dialogs>
      </SDL2>
    </Entry>
    <Entry Unknown0="1394775417" Unknown1="1203411556">
      <SDL2 Key="2677098398">
        <Unknown>
          <Entry>
            <Values />
            <Value0>147456</Value0>
            <Value1>65536</Value1>
          </Entry>
          <Entry>
            <Values>
              <Entry>
                <Value0>36025</Value0>
                <Value1>0</Value1>
              </Entry>
            </Values>
            <Value0>147458</Value0>
            <Value1>196608</Value1>
          </Entry>
          <Entry>
            <Values />
            <Value0>147456</Value0>
            <Value1>262144</Value1>
          </Entry>
          <Entry>
            <Values>
              <Entry>
                <Value0>35285</Value0>
                <Value1>0</Value1>
              </Entry>
            </Values>
            <Value0>147458</Value0>
            <Value1>327680</Value1>
          </Entry>
          <Entry>
            <Values />
            <Value0>147456</Value0>
            <Value1>393216</Value1>
          </Entry>
          <Entry>
            <Values>
              <Entry>
                <Value0>35286</Value0>
                <Value1>0</Value1>
              </Entry>
              <Entry>
                <Value0>35287</Value0>
                <Value1>500</Value1>
              </Entry>
            </Values>
            <Value0>147458</Value0>
            <Value1>458752</Value1>
          </Entry>
          <Entry>
            <Values />
            <Value0>147456</Value0>
            <Value1>524288</Value1>
          </Entry>
          <Entry>
            <Values>
              <Entry>
                <Value0>35288</Value0>
                <Value1>0</Value1>
              </Entry>
            </Values>
            <Value0>147458</Value0>
            <Value1>589824</Value1>
          </Entry>
          <Entry>
            <Values />
            <Value0>147456</Value0>
            <Value1>655360</Value1>
          </Entry>
          <Entry>
            <Values>
              <Entry>
                <Value0>35289</Value0>
                <Value1>0</Value1>
              </Entry>
              <Entry>
                <Value0>35290</Value0>
                <Value1>500</Value1>
              </Entry>
            </Values>
            <Value0>147458</Value0>
            <Value1>720896</Value1>
          </Entry>
          <Entry>
            <Values />
            <Value0>147456</Value0>
            <Value1>786432</Value1>
          </Entry>
          <Entry>
            <Values>
              <Entry>
                <Value0>35291</Value0>
                <Value1>0</Value1>
              </Entry>
            </Values>
            <Value0>147458</Value0>
            <Value1>851968</Value1>
          </Entry>
          <Entry>
            <Values />
            <Value0>147456</Value0>
            <Value1>917504</Value1>
          </Entry>
          <Entry>
            <Values>
              <Entry>
                <Value0>35292</Value0>
                <Value1>0</Value1>
              </Entry>
              <Entry>
                <Value0>35293</Value0>
                <Value1>500</Value1>
              </Entry>
            </Values>
            <Value0>147458</Value0>
            <Value1>983040</Value1>
          </Entry>
          <Entry>
            <Values />
            <Value0>147456</Value0>
            <Value1>1048576</Value1>
          </Entry>
        </Unknown>
        <Dialogs>
          <Dialog>○○○○○○○○</Dialog>
          <Dialog>By the way...</Dialog>
          <Dialog>小早川</Dialog>
          <Dialog>Hmm？</Dialog>
          <Dialog>▲小早川＊▲.
What were you like when you
were in grade school？</Dialog>
          <Dialog>In grade school？ Nothing
special. I was a normal kid. I
played games and stuff.</Dialog>
          <Dialog>You were the indoor type
then？</Dialog>
          <Dialog>That's not true. I went out to
catch insects. I was an expert
for beetles.</Dialog>
          <Dialog>Beetles？ Some of them look
like they're wearing a helmet
on their heads, right？</Dialog>
          <Dialog>Yeah. There are also some
called scarab beetles.</Dialog>
          <Dialog>Scarab？</Dialog>
          <Dialog>In the summer, you will find a
lot of them around here. Their
wings have metallic colors and
their bottoms are tapered.</Dialog>
          <Dialog>Ah, I think I've seen that...</Dialog>
          <Dialog>I woke up early in the morning
to catch them and put them in
a box.</Dialog>
          <Dialog>...And？</Dialog>
          <Dialog>I just watched them. When they
went poopoo, they stunk. I
would just free them then.</Dialog>
          <Dialog>("Poopoo"？ What did she mean
by that...？ Anyway, she was
such a weird girl.)</Dialog>
        </Dialogs>
      </SDL2>
    </Entry>
    <Entry Unknown0="3426620136" Unknown1="1514080640">
      <SDL2 Key="2677098398">
        <Unknown>
          <Entry>
            <Values />
            <Value0>147456</Value0>
            <Value1>65536</Value1>
          </Entry>
          <Entry>
            <Values>
              <Entry>
                <Value0>36025</Value0>
                <Value1>0</Value1>
              </Entry>
            </Values>
            <Value0>147458</Value0>
            <Value1>196608</Value1>
          </Entry>
          <Entry>
            <Values />
            <Value0>147456</Value0>
            <Value1>262144</Value1>
          </Entry>
          <Entry>
            <Values>
              <Entry>
                <Value0>35294</Value0>
                <Value1>0</Value1>
              </Entry>
            </Values>
            <Value0>147458</Value0>
            <Value1>327680</Value1>
          </Entry>
          <Entry>
            <Values />
            <Value0>147456</Value0>
            <Value1>393216</Value1>
          </Entry>
          <Entry>
            <Values>
              <Entry>
                <Value0>35295</Value0>
                <Value1>0</Value1>
              </Entry>
              <Entry>
                <Value0>35296</Value0>
                <Value1>500</Value1>
              </Entry>
            </Values>
            <Value0>147458</Value0>
            <Value1>458752</Value1>
          </Entry>
          <Entry>
            <Values />
            <Value0>147456</Value0>
            <Value1>524288</Value1>
          </Entry>
          <Entry>
            <Values>
              <Entry>
                <Value0>35297</Value0>
                <Value1>0</Value1>
              </Entry>
              <Entry>
                <Value0>35298</Value0>
                <Value1>500</Value1>
              </Entry>
            </Values>
            <Value0>147458</Value0>
            <Value1>589824</Value1>
          </Entry>
          <Entry>
            <Values />
            <Value0>147456</Value0>
            <Value1>655360</Value1>
          </Entry>
          <Entry>
            <Values>
              <Entry>
                <Value0>35299</Value0>
                <Value1>0</Value1>
              </Entry>
            </Values>
            <Value0>147458</Value0>
            <Value1>720896</Value1>
          </Entry>
          <Entry>
            <Values />
            <Value0>147456</Value0>
            <Value1>786432</Value1>
          </Entry>
        </Unknown>
        <Dialogs>
          <Dialog>○○○○○○○○</Dialog>
          <Dialog>By the way...</Dialog>
          <Dialog>小早川</Dialog>
          <Dialog>Hmm？</Dialog>
          <Dialog>▲小早川＊▲.
Since when have you started
listening to rock music？</Dialog>
          <Dialog>I don't remember, but... I
bought my first CD with my
pocket money when I was in
third grade.</Dialog>
          <Dialog>That was early！</Dialog>
          <Dialog>Maybe. And I bought an
electric guitar when I was 6
years old with my New Year
money.</Dialog>
          <Dialog>Eh？ You play the guitar too？</Dialog>
          <Dialog>I can't. I can't hold the
chords because my hands have
always been small...</Dialog>
          <Dialog>But there are children's
guitars, too.</Dialog>
          <Dialog>No, they're so uncool. That's
against my policy.</Dialog>
          <Dialog>(So she's been stubborn like
this ever since she was a
child, huh...？)</Dialog>
        </Dialogs>
      </SDL2>
    </Entry>
  </Entries>
</DBIN2>