<?xml version="1.0" encoding="utf-8"?>
<DBIN2 xmlns:xsi="http://www.w3.org/2001/XMLSchema-instance" xmlns:xsd="http://www.w3.org/2001/XMLSchema" Key="2982376024" Unknown="25">
  <Entries>
    <Entry Unknown0="3963121816" Unknown1="3912124826">
      <SDL2 Key="525194365">
        <Unknown>
          <Entry>
            <Values>
              <Entry>
                <Value0>35490</Value0>
                <Value1>0</Value1>
              </Entry>
            </Values>
            <Value0>147456</Value0>
            <Value1>65536</Value1>
          </Entry>
          <Entry>
            <Values />
            <Value0>147458</Value0>
            <Value1>196608</Value1>
          </Entry>
          <Entry>
            <Values>
              <Entry>
                <Value0>35491</Value0>
                <Value1>0</Value1>
              </Entry>
            </Values>
            <Value0>147456</Value0>
            <Value1>262144</Value1>
          </Entry>
          <Entry>
            <Values />
            <Value0>147458</Value0>
            <Value1>327680</Value1>
          </Entry>
        </Unknown>
        <Dialogs>
          <Dialog>小早川</Dialog>
          <Dialog>You look so lonely. But, Rinko
really has to go home...</Dialog>
          <Dialog>○○○○○○○○</Dialog>
          <Dialog>Ah, I'll see you later.</Dialog>
          <Dialog>Bye then.</Dialog>
          <Dialog>Okay, bye.</Dialog>
        </Dialogs>
      </SDL2>
    </Entry>
    <Entry Unknown0="2800943966" Unknown1="2763788117">
      <SDL2 Key="525194365">
        <Unknown>
          <Entry>
            <Values>
              <Entry>
                <Value0>35492</Value0>
                <Value1>0</Value1>
              </Entry>
              <Entry>
                <Value0>35493</Value0>
                <Value1>800</Value1>
              </Entry>
            </Values>
            <Value0>147456</Value0>
            <Value1>65536</Value1>
          </Entry>
          <Entry>
            <Values />
            <Value0>147458</Value0>
            <Value1>196608</Value1>
          </Entry>
          <Entry>
            <Values>
              <Entry>
                <Value0>35494</Value0>
                <Value1>0</Value1>
              </Entry>
            </Values>
            <Value0>147456</Value0>
            <Value1>262144</Value1>
          </Entry>
          <Entry>
            <Values />
            <Value0>147458</Value0>
            <Value1>327680</Value1>
          </Entry>
        </Unknown>
        <Dialogs>
          <Dialog>小早川</Dialog>
          <Dialog>Hah... Time sure flew by so
fast.</Dialog>
          <Dialog>○○○○○○○○</Dialog>
          <Dialog>Right. That's what I'm
thinking.</Dialog>
          <Dialog>Then we think the same. Thanks
for today.</Dialog>
          <Dialog>See you later.</Dialog>
        </Dialogs>
      </SDL2>
    </Entry>
    <Entry Unknown0="1669520665" Unknown1="864537316">
      <SDL2 Key="525194365">
        <Unknown>
          <Entry>
            <Values>
              <Entry>
                <Value0>35495</Value0>
                <Value1>0</Value1>
              </Entry>
            </Values>
            <Value0>147456</Value0>
            <Value1>65536</Value1>
          </Entry>
          <Entry>
            <Values />
            <Value0>147458</Value0>
            <Value1>196608</Value1>
          </Entry>
          <Entry>
            <Values>
              <Entry>
                <Value0>35496</Value0>
                <Value1>0</Value1>
              </Entry>
            </Values>
            <Value0>147456</Value0>
            <Value1>262144</Value1>
          </Entry>
          <Entry>
            <Values />
            <Value0>147458</Value0>
            <Value1>327680</Value1>
          </Entry>
        </Unknown>
        <Dialogs>
          <Dialog>小早川</Dialog>
          <Dialog>...This is weird. I was with
my boyfriend and I was happy
and all, but...</Dialog>
          <Dialog>○○○○○○○○</Dialog>
          <Dialog>I'll ask you out again.</Dialog>
          <Dialog>Okay. Sorry for being
sentimental. Bye-bye.</Dialog>
          <Dialog>Don't worry. I'll see you
later. Bye.</Dialog>
        </Dialogs>
      </SDL2>
    </Entry>
    <Entry Unknown0="4232609960" Unknown1="4181416362">
      <SDL2 Key="525194365">
        <Unknown>
          <Entry>
            <Values>
              <Entry>
                <Value0>35497</Value0>
                <Value1>0</Value1>
              </Entry>
              <Entry>
                <Value0>35498</Value0>
                <Value1>1000</Value1>
              </Entry>
            </Values>
            <Value0>147456</Value0>
            <Value1>65536</Value1>
          </Entry>
          <Entry>
            <Values />
            <Value0>147458</Value0>
            <Value1>196608</Value1>
          </Entry>
        </Unknown>
        <Dialogs>
          <Dialog>小早川</Dialog>
          <Dialog>Thanks for walking me home.</Dialog>
          <Dialog>○○○○○○○○</Dialog>
          <Dialog>Ah, see you later.</Dialog>
        </Dialogs>
      </SDL2>
    </Entry>
    <Entry Unknown0="3053654894" Unknown1="3050250085">
      <SDL2 Key="525194365">
        <Unknown>
          <Entry>
            <Values>
              <Entry>
                <Value0>35499</Value0>
                <Value1>0</Value1>
              </Entry>
              <Entry>
                <Value0>35500</Value0>
                <Value1>800</Value1>
              </Entry>
            </Values>
            <Value0>147456</Value0>
            <Value1>65536</Value1>
          </Entry>
          <Entry>
            <Values />
            <Value0>147458</Value0>
            <Value1>196608</Value1>
          </Entry>
        </Unknown>
        <Dialogs>
          <Dialog>小早川</Dialog>
          <Dialog>Then I have to go. Thanks...</Dialog>
          <Dialog>○○○○○○○○</Dialog>
          <Dialog>Ah, bye.</Dialog>
        </Dialogs>
      </SDL2>
    </Entry>
    <Entry Unknown0="1939008809" Unknown1="1117182708">
      <SDL2 Key="525194365">
        <Unknown>
          <Entry>
            <Values>
              <Entry>
                <Value0>35501</Value0>
                <Value1>0</Value1>
              </Entry>
              <Entry>
                <Value0>35502</Value0>
                <Value1>800</Value1>
              </Entry>
            </Values>
            <Value0>147456</Value0>
            <Value1>65536</Value1>
          </Entry>
          <Entry>
            <Values />
            <Value0>147458</Value0>
            <Value1>196608</Value1>
          </Entry>
        </Unknown>
        <Dialogs>
          <Dialog>小早川</Dialog>
          <Dialog>I have to go now. See you
later.</Dialog>
          <Dialog>○○○○○○○○</Dialog>
          <Dialog>Ah, see you later.</Dialog>
        </Dialogs>
      </SDL2>
    </Entry>
    <Entry Unknown0="207130808" Unknown1="139225530">
      <SDL2 Key="1333598921">
        <Unknown>
          <Entry>
            <Values>
              <Entry>
                <Value0>35503</Value0>
                <Value1>0</Value1>
              </Entry>
              <Entry>
                <Value0>35504</Value0>
                <Value1>1000</Value1>
              </Entry>
            </Values>
            <Value0>147456</Value0>
            <Value1>65536</Value1>
          </Entry>
          <Entry>
            <Values />
            <Value0>147458</Value0>
            <Value1>196608</Value1>
          </Entry>
        </Unknown>
        <Dialogs>
          <Dialog>小早川</Dialog>
          <Dialog>Then I have to go... Bye-bye.</Dialog>
          <Dialog>○○○○○○○○</Dialog>
          <Dialog>Ah, see you later.</Dialog>
        </Dialogs>
      </SDL2>
    </Entry>
    <Entry Unknown0="3323143038" Unknown1="3319410549">
      <SDL2 Key="1333598921">
        <Unknown>
          <Entry>
            <Values>
              <Entry>
                <Value0>35505</Value0>
                <Value1>0</Value1>
              </Entry>
            </Values>
            <Value0>147456</Value0>
            <Value1>65536</Value1>
          </Entry>
          <Entry>
            <Values />
            <Value0>147458</Value0>
            <Value1>196608</Value1>
          </Entry>
        </Unknown>
        <Dialogs>
          <Dialog>小早川</Dialog>
          <Dialog>Now, bye.</Dialog>
          <Dialog>○○○○○○○○</Dialog>
          <Dialog>Ah, see you later.</Dialog>
        </Dialogs>
      </SDL2>
    </Entry>
    <Entry Unknown0="2208496953" Unknown1="1369827844">
      <SDL2 Key="1333598921">
        <Unknown>
          <Entry>
            <Values />
            <Value0>147456</Value0>
            <Value1>65536</Value1>
          </Entry>
          <Entry>
            <Values>
              <Entry>
                <Value0>35506</Value0>
                <Value1>0</Value1>
              </Entry>
            </Values>
            <Value0>147458</Value0>
            <Value1>196608</Value1>
          </Entry>
        </Unknown>
        <Dialogs>
          <Dialog>○○○○○○○○</Dialog>
          <Dialog>I'll see you later.</Dialog>
          <Dialog>小早川</Dialog>
          <Dialog>...Bye.</Dialog>
        </Dialogs>
      </SDL2>
    </Entry>
    <Entry Unknown0="476618952" Unknown1="459110858">
      <SDL2 Key="1333598921">
        <Unknown>
          <Entry>
            <Values />
            <Value0>147456</Value0>
            <Value1>65536</Value1>
          </Entry>
          <Entry>
            <Values>
              <Entry>
                <Value0>35507</Value0>
                <Value1>0</Value1>
              </Entry>
            </Values>
            <Value0>147458</Value0>
            <Value1>196608</Value1>
          </Entry>
        </Unknown>
        <Dialogs>
          <Dialog>○○○○○○○○</Dialog>
          <Dialog>Then see you later.</Dialog>
          <Dialog>小早川</Dialog>
          <Dialog>Um...</Dialog>
        </Dialogs>
      </SDL2>
    </Entry>
    <Entry Unknown0="3592631182" Unknown1="3605872517">
      <SDL2 Key="1333598921">
        <Unknown>
          <Entry>
            <Values />
            <Value0>147456</Value0>
            <Value1>65536</Value1>
          </Entry>
          <Entry>
            <Values>
              <Entry>
                <Value0>35508</Value0>
                <Value1>0</Value1>
              </Entry>
            </Values>
            <Value0>147458</Value0>
            <Value1>196608</Value1>
          </Entry>
        </Unknown>
        <Dialogs>
          <Dialog>○○○○○○○○</Dialog>
          <Dialog>Then see you later.</Dialog>
          <Dialog>小早川</Dialog>
          <Dialog>Um... See you.</Dialog>
        </Dialogs>
      </SDL2>
    </Entry>
    <Entry Unknown0="2477919561" Unknown1="1638988308">
      <SDL2 Key="1333598921">
        <Unknown>
          <Entry>
            <Values />
            <Value0>147456</Value0>
            <Value1>65536</Value1>
          </Entry>
          <Entry>
            <Values>
              <Entry>
                <Value0>35509</Value0>
                <Value1>0</Value1>
              </Entry>
            </Values>
            <Value0>147458</Value0>
            <Value1>196608</Value1>
          </Entry>
        </Unknown>
        <Dialogs>
          <Dialog>○○○○○○○○</Dialog>
          <Dialog>Then see you later.</Dialog>
          <Dialog>小早川</Dialog>
          <Dialog>Bye.</Dialog>
        </Dialogs>
      </SDL2>
    </Entry>
    <Entry Unknown0="746107096" Unknown1="594446810">
      <SDL2 Key="1333598921">
        <Unknown>
          <Entry>
            <Values>
              <Entry>
                <Value0>35510</Value0>
                <Value1>0</Value1>
              </Entry>
            </Values>
            <Value0>147456</Value0>
            <Value1>65536</Value1>
          </Entry>
          <Entry>
            <Values />
            <Value0>147458</Value0>
            <Value1>196608</Value1>
          </Entry>
        </Unknown>
        <Dialogs>
          <Dialog>小早川</Dialog>
          <Dialog>Bye-bye.</Dialog>
          <Dialog>○○○○○○○○</Dialog>
          <Dialog>Ah, bye-bye.</Dialog>
        </Dialogs>
      </SDL2>
    </Entry>
    <Entry Unknown0="3862119326" Unknown1="4009512853">
      <SDL2 Key="1333598921">
        <Unknown>
          <Entry>
            <Values>
              <Entry>
                <Value0>35511</Value0>
                <Value1>0</Value1>
              </Entry>
            </Values>
            <Value0>147456</Value0>
            <Value1>65536</Value1>
          </Entry>
          <Entry>
            <Values />
            <Value0>147458</Value0>
            <Value1>196608</Value1>
          </Entry>
        </Unknown>
        <Dialogs>
          <Dialog>小早川</Dialog>
          <Dialog>See you later！</Dialog>
          <Dialog>○○○○○○○○</Dialog>
          <Dialog>Ah, see you！</Dialog>
        </Dialogs>
      </SDL2>
    </Entry>
    <Entry Unknown0="2747407705" Unknown1="2043087396">
      <SDL2 Key="1333598921">
        <Unknown>
          <Entry>
            <Values>
              <Entry>
                <Value0>35512</Value0>
                <Value1>0</Value1>
              </Entry>
            </Values>
            <Value0>147456</Value0>
            <Value1>65536</Value1>
          </Entry>
          <Entry>
            <Values />
            <Value0>147458</Value0>
            <Value1>196608</Value1>
          </Entry>
        </Unknown>
        <Dialogs>
          <Dialog>小早川</Dialog>
          <Dialog>Go home carefully, okay？</Dialog>
          <Dialog>○○○○○○○○</Dialog>
          <Dialog>Ah, you too！</Dialog>
        </Dialogs>
      </SDL2>
    </Entry>
    <Entry Unknown0="1015595240" Unknown1="863738346">
      <SDL2 Key="1333598921">
        <Unknown>
          <Entry>
            <Values>
              <Entry>
                <Value0>35513</Value0>
                <Value1>0</Value1>
              </Entry>
            </Values>
            <Value0>147456</Value0>
            <Value1>65536</Value1>
          </Entry>
          <Entry>
            <Values />
            <Value0>147458</Value0>
            <Value1>196608</Value1>
          </Entry>
        </Unknown>
        <Dialogs>
          <Dialog>小早川</Dialog>
          <Dialog>Well, bye-bye.</Dialog>
          <Dialog>○○○○○○○○</Dialog>
          <Dialog>Ah, bye-bye.</Dialog>
        </Dialogs>
      </SDL2>
    </Entry>
    <Entry Unknown0="4131607470" Unknown1="4279197605">
      <SDL2 Key="1333598921">
        <Unknown>
          <Entry>
            <Values />
            <Value0>147456</Value0>
            <Value1>65536</Value1>
          </Entry>
          <Entry>
            <Values>
              <Entry>
                <Value0>35514</Value0>
                <Value1>0</Value1>
              </Entry>
            </Values>
            <Value0>147458</Value0>
            <Value1>196608</Value1>
          </Entry>
        </Unknown>
        <Dialogs>
          <Dialog>○○○○○○○○</Dialog>
          <Dialog>What's wrong？</Dialog>
          <Dialog>小早川</Dialog>
          <Dialog>...I think I forget something.</Dialog>
        </Dialogs>
      </SDL2>
    </Entry>
    <Entry Unknown0="3016895849" Unknown1="2295732788">
      <SDL2 Key="1333598921">
        <Unknown>
          <Entry>
            <Values />
            <Value0>147456</Value0>
            <Value1>65536</Value1>
          </Entry>
          <Entry>
            <Values>
              <Entry>
                <Value0>35515</Value0>
                <Value1>0</Value1>
              </Entry>
            </Values>
            <Value0>147458</Value0>
            <Value1>196608</Value1>
          </Entry>
        </Unknown>
        <Dialogs>
          <Dialog>○○○○○○○○</Dialog>
          <Dialog>What's the matter？</Dialog>
          <Dialog>小早川</Dialog>
          <Dialog>Idiot... You want Rinko to say
it？</Dialog>
        </Dialogs>
      </SDL2>
    </Entry>
    <Entry Unknown0="1285083384" Unknown1="1116514810">
      <SDL2 Key="1333598921">
        <Unknown>
          <Entry>
            <Values />
            <Value0>147456</Value0>
            <Value1>65536</Value1>
          </Entry>
          <Entry>
            <Values>
              <Entry>
                <Value0>35516</Value0>
                <Value1>0</Value1>
              </Entry>
            </Values>
            <Value0>147458</Value0>
            <Value1>196608</Value1>
          </Entry>
        </Unknown>
        <Dialogs>
          <Dialog>○○○○○○○○</Dialog>
          <Dialog>What's wrong？</Dialog>
          <Dialog>小早川</Dialog>
          <Dialog>...I don't want us to part
now.</Dialog>
        </Dialogs>
      </SDL2>
    </Entry>
    <Entry Unknown0="106128318" Unknown1="270495669">
      <SDL2 Key="4182674847">
        <Unknown>
          <Entry>
            <Values />
            <Value0>147456</Value0>
            <Value1>65536</Value1>
          </Entry>
          <Entry>
            <Values>
              <Entry>
                <Value0>35517</Value0>
                <Value1>0</Value1>
              </Entry>
            </Values>
            <Value0>147458</Value0>
            <Value1>196608</Value1>
          </Entry>
        </Unknown>
        <Dialogs>
          <Dialog>○○○○○○○○</Dialog>
          <Dialog>You don't forget anything
else, do you？</Dialog>
          <Dialog>小早川</Dialog>
          <Dialog>...It's okay. My boyfriend
already gave me what I forgot.</Dialog>
        </Dialogs>
      </SDL2>
    </Entry>
    <Entry Unknown0="3286383993" Unknown1="2280008260">
      <SDL2 Key="4182674847">
        <Unknown>
          <Entry>
            <Values />
            <Value0>147456</Value0>
            <Value1>65536</Value1>
          </Entry>
          <Entry>
            <Values>
              <Entry>
                <Value0>35518</Value0>
                <Value1>0</Value1>
              </Entry>
              <Entry>
                <Value0>35519</Value0>
                <Value1>1000</Value1>
              </Entry>
            </Values>
            <Value0>147458</Value0>
            <Value1>196608</Value1>
          </Entry>
        </Unknown>
        <Dialogs>
          <Dialog>○○○○○○○○</Dialog>
          <Dialog>Is this okay？</Dialog>
          <Dialog>小早川</Dialog>
          <Dialog>Yeah... But I might need this
again some time later.</Dialog>
        </Dialogs>
      </SDL2>
    </Entry>
    <Entry Unknown0="1554571272" Unknown1="1302116618">
      <SDL2 Key="4182674847">
        <Unknown>
          <Entry>
            <Values />
            <Value0>147456</Value0>
            <Value1>65536</Value1>
          </Entry>
          <Entry>
            <Values>
              <Entry>
                <Value0>35520</Value0>
                <Value1>0</Value1>
              </Entry>
              <Entry>
                <Value0>35521</Value0>
                <Value1>1000</Value1>
              </Entry>
            </Values>
            <Value0>147458</Value0>
            <Value1>196608</Value1>
          </Entry>
        </Unknown>
        <Dialogs>
          <Dialog>○○○○○○○○</Dialog>
          <Dialog>Do you still feel lonely？</Dialog>
          <Dialog>小早川</Dialog>
          <Dialog>I'm okay now. Sorry for being
selfish.</Dialog>
        </Dialogs>
      </SDL2>
    </Entry>
    <Entry Unknown0="375616462" Unknown1="19890117">
      <SDL2 Key="4182674847">
        <Unknown>
          <Entry>
            <Values />
            <Value0>147456</Value0>
            <Value1>65536</Value1>
          </Entry>
          <Entry>
            <Values>
              <Entry>
                <Value0>35522</Value0>
                <Value1>0</Value1>
              </Entry>
            </Values>
            <Value0>147458</Value0>
            <Value1>196608</Value1>
          </Entry>
        </Unknown>
        <Dialogs>
          <Dialog>○○○○○○○○</Dialog>
          <Dialog>You don't forget anything
else, do you？</Dialog>
          <Dialog>小早川</Dialog>
          <Dialog>...Let me see.</Dialog>
        </Dialogs>
      </SDL2>
    </Entry>
    <Entry Unknown0="3555872137" Unknown1="3069590100">
      <SDL2 Key="4182674847">
        <Unknown>
          <Entry>
            <Values />
            <Value0>147456</Value0>
            <Value1>65536</Value1>
          </Entry>
          <Entry>
            <Values>
              <Entry>
                <Value0>35523</Value0>
                <Value1>0</Value1>
              </Entry>
            </Values>
            <Value0>147458</Value0>
            <Value1>196608</Value1>
          </Entry>
        </Unknown>
        <Dialogs>
          <Dialog>○○○○○○○○</Dialog>
          <Dialog>I guess this is it.</Dialog>
          <Dialog>小早川</Dialog>
          <Dialog>Yeah. I'd expect something
like this next time too...</Dialog>
        </Dialogs>
      </SDL2>
    </Entry>
    <Entry Unknown0="1824059416" Unknown1="2091698458">
      <SDL2 Key="4182674847">
        <Unknown>
          <Entry>
            <Values />
            <Value0>147456</Value0>
            <Value1>65536</Value1>
          </Entry>
          <Entry>
            <Values>
              <Entry>
                <Value0>35524</Value0>
                <Value1>0</Value1>
              </Entry>
              <Entry>
                <Value0>35525</Value0>
                <Value1>800</Value1>
              </Entry>
            </Values>
            <Value0>147458</Value0>
            <Value1>196608</Value1>
          </Entry>
        </Unknown>
        <Dialogs>
          <Dialog>○○○○○○○○</Dialog>
          <Dialog>Do you still feel lonely？</Dialog>
          <Dialog>小早川</Dialog>
          <Dialog>I do. But... I'll try to bear
with it.</Dialog>
        </Dialogs>
      </SDL2>
    </Entry>
  </Entries>
</DBIN2>