<?xml version="1.0" encoding="utf-8"?>
<DBIN2 xmlns:xsi="http://www.w3.org/2001/XMLSchema-instance" xmlns:xsd="http://www.w3.org/2001/XMLSchema" Key="2947837330" Unknown="19">
  <Entries>
    <Entry Unknown0="3542072455" Unknown1="3462018685">
      <SDL2 Key="635576133">
        <Unknown>
          <Entry>
            <Values>
              <Entry>
                <Value0>35663</Value0>
                <Value1>0</Value1>
              </Entry>
              <Entry>
                <Value0>35664</Value0>
                <Value1>800</Value1>
              </Entry>
            </Values>
            <Value0>147456</Value0>
            <Value1>65536</Value1>
          </Entry>
          <Entry>
            <Values>
              <Entry>
                <Value0>35665</Value0>
                <Value1>0</Value1>
              </Entry>
            </Values>
            <Value0>147456</Value0>
            <Value1>131072</Value1>
          </Entry>
          <Entry>
            <Values>
              <Entry>
                <Value0>35666</Value0>
                <Value1>0</Value1>
              </Entry>
            </Values>
            <Value0>147456</Value0>
            <Value1>196608</Value1>
          </Entry>
          <Entry>
            <Values>
              <Entry>
                <Value0>35667</Value0>
                <Value1>0</Value1>
              </Entry>
            </Values>
            <Value0>147456</Value0>
            <Value1>262144</Value1>
          </Entry>
          <Entry>
            <Values>
              <Entry>
                <Value0>35668</Value0>
                <Value1>0</Value1>
              </Entry>
              <Entry>
                <Value0>35669</Value0>
                <Value1>1000</Value1>
              </Entry>
            </Values>
            <Value0>147456</Value0>
            <Value1>327680</Value1>
          </Entry>
        </Unknown>
        <Dialogs>
          <Dialog>小早川</Dialog>
          <Dialog>Hmm？ What's wrong？</Dialog>
          <Dialog>Hey！ Hello？</Dialog>
          <Dialog>...Wait. What is going on
here？</Dialog>
          <Dialog>If you don't tell me, I'll get
angry.</Dialog>
          <Dialog>Okay... I'll go home now. Bye.</Dialog>
        </Dialogs>
      </SDL2>
    </Entry>
    <Entry Unknown0="2165826105" Unknown1="3332630645">
      <SDL2 Key="635576133">
        <Unknown>
          <Entry>
            <Values>
              <Entry>
                <Value0>35670</Value0>
                <Value1>0</Value1>
              </Entry>
            </Values>
            <Value0>147456</Value0>
            <Value1>65536</Value1>
          </Entry>
          <Entry>
            <Values>
              <Entry>
                <Value0>35671</Value0>
                <Value1>0</Value1>
              </Entry>
            </Values>
            <Value0>147456</Value0>
            <Value1>131072</Value1>
          </Entry>
          <Entry>
            <Values>
              <Entry>
                <Value0>35672</Value0>
                <Value1>0</Value1>
              </Entry>
            </Values>
            <Value0>147456</Value0>
            <Value1>196608</Value1>
          </Entry>
          <Entry>
            <Values>
              <Entry>
                <Value0>35673</Value0>
                <Value1>0</Value1>
              </Entry>
            </Values>
            <Value0>147456</Value0>
            <Value1>262144</Value1>
          </Entry>
          <Entry>
            <Values>
              <Entry>
                <Value0>35674</Value0>
                <Value1>0</Value1>
              </Entry>
            </Values>
            <Value0>147456</Value0>
            <Value1>327680</Value1>
          </Entry>
        </Unknown>
        <Dialogs>
          <Dialog>小早川</Dialog>
          <Dialog>Hmm...？ What？</Dialog>
          <Dialog>Are you ignoring me？</Dialog>
          <Dialog>So？ You are ignoring me.</Dialog>
          <Dialog>I'm going home.</Dialog>
          <Dialog>I'm really going home！</Dialog>
        </Dialogs>
      </SDL2>
    </Entry>
    <Entry Unknown0="2304619569" Unknown1="206627003">
      <SDL2 Key="3718546219">
        <Unknown>
          <Entry>
            <Values>
              <Entry>
                <Value0>35675</Value0>
                <Value1>0</Value1>
              </Entry>
            </Values>
            <Value0>147456</Value0>
            <Value1>65536</Value1>
          </Entry>
          <Entry>
            <Values>
              <Entry>
                <Value0>35676</Value0>
                <Value1>0</Value1>
              </Entry>
            </Values>
            <Value0>147456</Value0>
            <Value1>131072</Value1>
          </Entry>
          <Entry>
            <Values>
              <Entry>
                <Value0>35677</Value0>
                <Value1>0</Value1>
              </Entry>
            </Values>
            <Value0>147456</Value0>
            <Value1>196608</Value1>
          </Entry>
          <Entry>
            <Values>
              <Entry>
                <Value0>35678</Value0>
                <Value1>0</Value1>
              </Entry>
            </Values>
            <Value0>147456</Value0>
            <Value1>262144</Value1>
          </Entry>
          <Entry>
            <Values>
              <Entry>
                <Value0>35679</Value0>
                <Value1>0</Value1>
              </Entry>
            </Values>
            <Value0>147456</Value0>
            <Value1>327680</Value1>
          </Entry>
        </Unknown>
        <Dialogs>
          <Dialog>小早川</Dialog>
          <Dialog>Hmm？ Why did you become quiet
all of a sudden？</Dialog>
          <Dialog>Hey... I said "Hey."</Dialog>
          <Dialog>Did Rinko say something that
hurt you？</Dialog>
          <Dialog>...Hey, say something.</Dialog>
          <Dialog>...Enough. I'm leaving.</Dialog>
        </Dialogs>
      </SDL2>
    </Entry>
    <Entry Unknown0="3272576119" Unknown1="3209307757">
      <SDL2 Key="501528951">
        <Unknown>
          <Entry>
            <Values>
              <Entry>
                <Value0>35680</Value0>
                <Value1>0</Value1>
              </Entry>
            </Values>
            <Value0>147456</Value0>
            <Value1>65536</Value1>
          </Entry>
          <Entry>
            <Values>
              <Entry>
                <Value0>35681</Value0>
                <Value1>0</Value1>
              </Entry>
            </Values>
            <Value0>147456</Value0>
            <Value1>131072</Value1>
          </Entry>
          <Entry>
            <Values>
              <Entry>
                <Value0>35682</Value0>
                <Value1>0</Value1>
              </Entry>
            </Values>
            <Value0>147456</Value0>
            <Value1>196608</Value1>
          </Entry>
          <Entry>
            <Values>
              <Entry>
                <Value0>35683</Value0>
                <Value1>0</Value1>
              </Entry>
            </Values>
            <Value0>147456</Value0>
            <Value1>262144</Value1>
          </Entry>
          <Entry>
            <Values>
              <Entry>
                <Value0>35684</Value0>
                <Value1>0</Value1>
              </Entry>
            </Values>
            <Value0>147456</Value0>
            <Value1>327680</Value1>
          </Entry>
        </Unknown>
        <Dialogs>
          <Dialog>小早川</Dialog>
          <Dialog>What happened？ You've been
quiet.</Dialog>
          <Dialog>...Are you sleep-walking？ So
skillful. Hmm...</Dialog>
          <Dialog>Shall Rinko wear a costume
with cat's ears~？</Dialog>
          <Dialog>Are you listening！？</Dialog>
          <Dialog>If you aren't in the mood for
this... I'm going home.</Dialog>
        </Dialogs>
      </SDL2>
    </Entry>
    <Entry Unknown0="1896346153" Unknown1="3079919717">
      <SDL2 Key="501528951">
        <Unknown>
          <Entry>
            <Values>
              <Entry>
                <Value0>35685</Value0>
                <Value1>0</Value1>
              </Entry>
            </Values>
            <Value0>147456</Value0>
            <Value1>65536</Value1>
          </Entry>
          <Entry>
            <Values>
              <Entry>
                <Value0>35686</Value0>
                <Value1>0</Value1>
              </Entry>
            </Values>
            <Value0>147456</Value0>
            <Value1>131072</Value1>
          </Entry>
          <Entry>
            <Values>
              <Entry>
                <Value0>35687</Value0>
                <Value1>0</Value1>
              </Entry>
            </Values>
            <Value0>147456</Value0>
            <Value1>196608</Value1>
          </Entry>
          <Entry>
            <Values>
              <Entry>
                <Value0>35688</Value0>
                <Value1>0</Value1>
              </Entry>
            </Values>
            <Value0>147456</Value0>
            <Value1>262144</Value1>
          </Entry>
          <Entry>
            <Values>
              <Entry>
                <Value0>35689</Value0>
                <Value1>0</Value1>
              </Entry>
            </Values>
            <Value0>147456</Value0>
            <Value1>327680</Value1>
          </Entry>
        </Unknown>
        <Dialogs>
          <Dialog>小早川</Dialog>
          <Dialog>Hmm...？ What's wrong？ You've
been quiet.</Dialog>
          <Dialog>Hey！ Are you listening！？
Hello！</Dialog>
          <Dialog>Then Rinko will sing a cat's
song.</Dialog>
          <Dialog>Meow, meow, meow. Meow, meow,
meow~♪</Dialog>
          <Dialog>...Enough for the service. I'm
leaving...</Dialog>
        </Dialogs>
      </SDL2>
    </Entry>
    <Entry Unknown0="2035123233" Unknown1="4248883371">
      <SDL2 Key="501528951">
        <Unknown>
          <Entry>
            <Values>
              <Entry>
                <Value0>35690</Value0>
                <Value1>0</Value1>
              </Entry>
            </Values>
            <Value0>147456</Value0>
            <Value1>65536</Value1>
          </Entry>
          <Entry>
            <Values>
              <Entry>
                <Value0>35691</Value0>
                <Value1>0</Value1>
              </Entry>
            </Values>
            <Value0>147456</Value0>
            <Value1>131072</Value1>
          </Entry>
          <Entry>
            <Values>
              <Entry>
                <Value0>35692</Value0>
                <Value1>0</Value1>
              </Entry>
            </Values>
            <Value0>147456</Value0>
            <Value1>196608</Value1>
          </Entry>
          <Entry>
            <Values>
              <Entry>
                <Value0>35693</Value0>
                <Value1>0</Value1>
              </Entry>
              <Entry>
                <Value0>35694</Value0>
                <Value1>667</Value1>
              </Entry>
            </Values>
            <Value0>147456</Value0>
            <Value1>262144</Value1>
          </Entry>
          <Entry>
            <Values>
              <Entry>
                <Value0>35695</Value0>
                <Value1>0</Value1>
              </Entry>
            </Values>
            <Value0>147456</Value0>
            <Value1>327680</Value1>
          </Entry>
        </Unknown>
        <Dialogs>
          <Dialog>小早川</Dialog>
          <Dialog>What's wrong？ You're so
quiet.</Dialog>
          <Dialog>Hey, don't ignore Rinko like
this.</Dialog>
          <Dialog>Rinko is getting lonely.</Dialog>
          <Dialog>Hey, meow, meow. This is Rinko
the Kitten.</Dialog>
          <Dialog>...This is enough. I'm
leaving.</Dialog>
        </Dialogs>
      </SDL2>
    </Entry>
    <Entry Unknown0="3019873383" Unknown1="2889487965">
      <SDL2 Key="501528951">
        <Unknown>
          <Entry>
            <Values>
              <Entry>
                <Value0>35696</Value0>
                <Value1>0</Value1>
              </Entry>
            </Values>
            <Value0>147456</Value0>
            <Value1>65536</Value1>
          </Entry>
          <Entry>
            <Values>
              <Entry>
                <Value0>35697</Value0>
                <Value1>0</Value1>
              </Entry>
            </Values>
            <Value0>147456</Value0>
            <Value1>131072</Value1>
          </Entry>
          <Entry>
            <Values>
              <Entry>
                <Value0>35698</Value0>
                <Value1>0</Value1>
              </Entry>
            </Values>
            <Value0>147456</Value0>
            <Value1>196608</Value1>
          </Entry>
          <Entry>
            <Values>
              <Entry>
                <Value0>35699</Value0>
                <Value1>0</Value1>
              </Entry>
            </Values>
            <Value0>147456</Value0>
            <Value1>262144</Value1>
          </Entry>
          <Entry>
            <Values>
              <Entry>
                <Value0>35700</Value0>
                <Value1>0</Value1>
              </Entry>
            </Values>
            <Value0>147456</Value0>
            <Value1>327680</Value1>
          </Entry>
        </Unknown>
        <Dialogs>
          <Dialog>小早川</Dialog>
          <Dialog>Hmm...？ What？</Dialog>
          <Dialog>Hey！</Dialog>
          <Dialog>Can you say something...？</Dialog>
          <Dialog>...You don't want to talk to
Rinko？</Dialog>
          <Dialog>I'm going home...</Dialog>
        </Dialogs>
      </SDL2>
    </Entry>
    <Entry Unknown0="1643627033" Unknown1="2760099925">
      <SDL2 Key="1025830866">
        <Unknown>
          <Entry>
            <Values>
              <Entry>
                <Value0>35701</Value0>
                <Value1>0</Value1>
              </Entry>
              <Entry>
                <Value0>35702</Value0>
                <Value1>1000</Value1>
              </Entry>
            </Values>
            <Value0>147456</Value0>
            <Value1>65536</Value1>
          </Entry>
          <Entry>
            <Values>
              <Entry>
                <Value0>35703</Value0>
                <Value1>0</Value1>
              </Entry>
            </Values>
            <Value0>147456</Value0>
            <Value1>131072</Value1>
          </Entry>
          <Entry>
            <Values>
              <Entry>
                <Value0>35704</Value0>
                <Value1>0</Value1>
              </Entry>
            </Values>
            <Value0>147456</Value0>
            <Value1>196608</Value1>
          </Entry>
          <Entry>
            <Values />
            <Value0>147456</Value0>
            <Value1>262144</Value1>
          </Entry>
          <Entry>
            <Values>
              <Entry>
                <Value0>35705</Value0>
                <Value1>0</Value1>
              </Entry>
              <Entry>
                <Value0>35706</Value0>
                <Value1>1067</Value1>
              </Entry>
            </Values>
            <Value0>147456</Value0>
            <Value1>327680</Value1>
          </Entry>
        </Unknown>
        <Dialogs>
          <Dialog>小早川</Dialog>
          <Dialog>...Hey. What's wrong with
you？</Dialog>
          <Dialog>If you don't speak, I'll go
home.</Dialog>
          <Dialog>I'm really going home...</Dialog>
          <Dialog>......</Dialog>
          <Dialog>Enough... Bye.</Dialog>
        </Dialogs>
      </SDL2>
    </Entry>
    <Entry Unknown0="1765643281" Unknown1="3996172443">
      <SDL2 Key="1025830866">
        <Unknown>
          <Entry>
            <Values>
              <Entry>
                <Value0>35707</Value0>
                <Value1>0</Value1>
              </Entry>
            </Values>
            <Value0>147456</Value0>
            <Value1>65536</Value1>
          </Entry>
          <Entry>
            <Values>
              <Entry>
                <Value0>35708</Value0>
                <Value1>0</Value1>
              </Entry>
            </Values>
            <Value0>147456</Value0>
            <Value1>131072</Value1>
          </Entry>
          <Entry>
            <Values>
              <Entry>
                <Value0>35709</Value0>
                <Value1>0</Value1>
              </Entry>
            </Values>
            <Value0>147456</Value0>
            <Value1>196608</Value1>
          </Entry>
          <Entry>
            <Values>
              <Entry>
                <Value0>35710</Value0>
                <Value1>0</Value1>
              </Entry>
            </Values>
            <Value0>147456</Value0>
            <Value1>262144</Value1>
          </Entry>
          <Entry>
            <Values>
              <Entry>
                <Value0>35711</Value0>
                <Value1>0</Value1>
              </Entry>
            </Values>
            <Value0>147456</Value0>
            <Value1>327680</Value1>
          </Entry>
        </Unknown>
        <Dialogs>
          <Dialog>小早川</Dialog>
          <Dialog>...What's wrong with you？</Dialog>
          <Dialog>Hey... What happened？</Dialog>
          <Dialog>Hey, say something...</Dialog>
          <Dialog>Do you hate Rinko？</Dialog>
          <Dialog>Well... Rinko is leaving
now...</Dialog>
        </Dialogs>
      </SDL2>
    </Entry>
    <Entry Unknown0="2750377047" Unknown1="2485782093">
      <SDL2 Key="1025830866">
        <Unknown>
          <Entry>
            <Values>
              <Entry>
                <Value0>35712</Value0>
                <Value1>0</Value1>
              </Entry>
            </Values>
            <Value0>147456</Value0>
            <Value1>65536</Value1>
          </Entry>
          <Entry>
            <Values />
            <Value0>147458</Value0>
            <Value1>196608</Value1>
          </Entry>
          <Entry>
            <Values>
              <Entry>
                <Value0>35713</Value0>
                <Value1>0</Value1>
              </Entry>
            </Values>
            <Value0>147456</Value0>
            <Value1>262144</Value1>
          </Entry>
          <Entry>
            <Values />
            <Value0>147458</Value0>
            <Value1>327680</Value1>
          </Entry>
          <Entry>
            <Values>
              <Entry>
                <Value0>35714</Value0>
                <Value1>0</Value1>
              </Entry>
            </Values>
            <Value0>147456</Value0>
            <Value1>393216</Value1>
          </Entry>
        </Unknown>
        <Dialogs>
          <Dialog>小早川</Dialog>
          <Dialog>Enough already. I got it.</Dialog>
          <Dialog>○○○○○○○○</Dialog>
          <Dialog>Eh...？</Dialog>
          <Dialog>Today is the worst. I'll mend
my feelings, then let's date
again someday.</Dialog>
          <Dialog>No, wait...</Dialog>
          <Dialog>Bye-bye.</Dialog>
        </Dialogs>
      </SDL2>
    </Entry>
    <Entry Unknown0="1374147081" Unknown1="2624829509">
      <SDL2 Key="1025830866">
        <Unknown>
          <Entry>
            <Values>
              <Entry>
                <Value0>35715</Value0>
                <Value1>0</Value1>
              </Entry>
            </Values>
            <Value0>147456</Value0>
            <Value1>65536</Value1>
          </Entry>
          <Entry>
            <Values />
            <Value0>147458</Value0>
            <Value1>196608</Value1>
          </Entry>
          <Entry>
            <Values>
              <Entry>
                <Value0>35716</Value0>
                <Value1>0</Value1>
              </Entry>
            </Values>
            <Value0>147456</Value0>
            <Value1>262144</Value1>
          </Entry>
          <Entry>
            <Values />
            <Value0>147458</Value0>
            <Value1>327680</Value1>
          </Entry>
          <Entry>
            <Values>
              <Entry>
                <Value0>35717</Value0>
                <Value1>0</Value1>
              </Entry>
            </Values>
            <Value0>147456</Value0>
            <Value1>393216</Value1>
          </Entry>
        </Unknown>
        <Dialogs>
          <Dialog>小早川</Dialog>
          <Dialog>Boring.</Dialog>
          <Dialog>○○○○○○○○</Dialog>
          <Dialog>I-Is that so...？</Dialog>
          <Dialog>You're just trying to make
Rinko mad, aren't you？</Dialog>
          <Dialog>Sorry...</Dialog>
          <Dialog>It's over already.</Dialog>
        </Dialogs>
      </SDL2>
    </Entry>
    <Entry Unknown0="1496146945" Unknown1="3592466571">
      <SDL2 Key="1025830866">
        <Unknown>
          <Entry>
            <Values>
              <Entry>
                <Value0>35718</Value0>
                <Value1>0</Value1>
              </Entry>
            </Values>
            <Value0>147456</Value0>
            <Value1>65536</Value1>
          </Entry>
          <Entry>
            <Values />
            <Value0>147458</Value0>
            <Value1>196608</Value1>
          </Entry>
          <Entry>
            <Values>
              <Entry>
                <Value0>35719</Value0>
                <Value1>0</Value1>
              </Entry>
            </Values>
            <Value0>147456</Value0>
            <Value1>262144</Value1>
          </Entry>
          <Entry>
            <Values />
            <Value0>147458</Value0>
            <Value1>327680</Value1>
          </Entry>
          <Entry>
            <Values>
              <Entry>
                <Value0>35720</Value0>
                <Value1>0</Value1>
              </Entry>
            </Values>
            <Value0>147456</Value0>
            <Value1>393216</Value1>
          </Entry>
        </Unknown>
        <Dialogs>
          <Dialog>小早川</Dialog>
          <Dialog>Today's date isn't very fun...</Dialog>
          <Dialog>○○○○○○○○</Dialog>
          <Dialog>R-Really？</Dialog>
          <Dialog>You're not thinking about
Rinko at all, are you？</Dialog>
          <Dialog>It's not like that...</Dialog>
          <Dialog>Haa... Today is just a waste！
Rinko will go home！</Dialog>
        </Dialogs>
      </SDL2>
    </Entry>
    <Entry Unknown0="2480897095" Unknown1="2233136701">
      <SDL2 Key="1025830866">
        <Unknown>
          <Entry>
            <Values>
              <Entry>
                <Value0>35721</Value0>
                <Value1>0</Value1>
              </Entry>
            </Values>
            <Value0>147456</Value0>
            <Value1>65536</Value1>
          </Entry>
          <Entry>
            <Values />
            <Value0>147458</Value0>
            <Value1>196608</Value1>
          </Entry>
          <Entry>
            <Values>
              <Entry>
                <Value0>35722</Value0>
                <Value1>0</Value1>
              </Entry>
            </Values>
            <Value0>147456</Value0>
            <Value1>262144</Value1>
          </Entry>
          <Entry>
            <Values>
              <Entry>
                <Value0>35723</Value0>
                <Value1>0</Value1>
              </Entry>
            </Values>
            <Value0>147456</Value0>
            <Value1>327680</Value1>
          </Entry>
          <Entry>
            <Values />
            <Value0>147458</Value0>
            <Value1>393216</Value1>
          </Entry>
        </Unknown>
        <Dialogs>
          <Dialog>小早川</Dialog>
          <Dialog>Ahahaha.</Dialog>
          <Dialog>○○○○○○○○</Dialog>
          <Dialog>W-What happened？</Dialog>
          <Dialog>Why don't you try laughing it
out？ It's just so boring.</Dialog>
          <Dialog>Yeah, it's a relief to laugh
in the end of it all. Now
Rinko's going home.</Dialog>
          <Dialog>Eh？ Wait！</Dialog>
        </Dialogs>
      </SDL2>
    </Entry>
    <Entry Unknown0="1104651001" Unknown1="2372118581">
      <SDL2 Key="1025830866">
        <Unknown>
          <Entry>
            <Values>
              <Entry>
                <Value0>35724</Value0>
                <Value1>0</Value1>
              </Entry>
            </Values>
            <Value0>147456</Value0>
            <Value1>65536</Value1>
          </Entry>
          <Entry>
            <Values />
            <Value0>147458</Value0>
            <Value1>196608</Value1>
          </Entry>
          <Entry>
            <Values>
              <Entry>
                <Value0>35725</Value0>
                <Value1>0</Value1>
              </Entry>
              <Entry>
                <Value0>35726</Value0>
                <Value1>1000</Value1>
              </Entry>
            </Values>
            <Value0>147456</Value0>
            <Value1>262144</Value1>
          </Entry>
          <Entry>
            <Values />
            <Value0>147458</Value0>
            <Value1>327680</Value1>
          </Entry>
          <Entry>
            <Values>
              <Entry>
                <Value0>35727</Value0>
                <Value1>0</Value1>
              </Entry>
            </Values>
            <Value0>147456</Value0>
            <Value1>393216</Value1>
          </Entry>
        </Unknown>
        <Dialogs>
          <Dialog>小早川</Dialog>
          <Dialog>Enough... This is my limit.</Dialog>
          <Dialog>○○○○○○○○</Dialog>
          <Dialog>Eh...？</Dialog>
          <Dialog>I've been with you until now.
I'm good to go if I have to
participate in a patience
contest！</Dialog>
          <Dialog>W-Well...</Dialog>
          <Dialog>I'm going home. Bye！</Dialog>
        </Dialogs>
      </SDL2>
    </Entry>
    <Entry Unknown0="1226667249" Unknown1="3339755643">
      <SDL2 Key="1025830866">
        <Unknown>
          <Entry>
            <Values>
              <Entry>
                <Value0>35728</Value0>
                <Value1>0</Value1>
              </Entry>
            </Values>
            <Value0>147456</Value0>
            <Value1>65536</Value1>
          </Entry>
          <Entry>
            <Values />
            <Value0>147458</Value0>
            <Value1>196608</Value1>
          </Entry>
          <Entry>
            <Values>
              <Entry>
                <Value0>35729</Value0>
                <Value1>0</Value1>
              </Entry>
            </Values>
            <Value0>147456</Value0>
            <Value1>262144</Value1>
          </Entry>
          <Entry>
            <Values>
              <Entry>
                <Value0>35730</Value0>
                <Value1>0</Value1>
              </Entry>
            </Values>
            <Value0>147456</Value0>
            <Value1>327680</Value1>
          </Entry>
          <Entry>
            <Values />
            <Value0>147458</Value0>
            <Value1>393216</Value1>
          </Entry>
        </Unknown>
        <Dialogs>
          <Dialog>小早川</Dialog>
          <Dialog>...This isn't fun.</Dialog>
          <Dialog>○○○○○○○○</Dialog>
          <Dialog>Today's date is not fun？</Dialog>
          <Dialog>Now Rinko doesn't care
anymore！</Dialog>
          <Dialog>Stupid stupid stupid！ I'm
going home！</Dialog>
          <Dialog>Wait！ I have a good reason
for this！ Please listen！</Dialog>
        </Dialogs>
      </SDL2>
    </Entry>
    <Entry Unknown0="2211400759" Unknown1="1913316909">
      <SDL2 Key="937780136">
        <Unknown>
          <Entry>
            <Values>
              <Entry>
                <Value0>35731</Value0>
                <Value1>0</Value1>
              </Entry>
            </Values>
            <Value0>147456</Value0>
            <Value1>65536</Value1>
          </Entry>
          <Entry>
            <Values />
            <Value0>147458</Value0>
            <Value1>196608</Value1>
          </Entry>
          <Entry>
            <Values>
              <Entry>
                <Value0>35732</Value0>
                <Value1>0</Value1>
              </Entry>
            </Values>
            <Value0>147456</Value0>
            <Value1>262144</Value1>
          </Entry>
          <Entry>
            <Values />
            <Value0>147458</Value0>
            <Value1>327680</Value1>
          </Entry>
          <Entry>
            <Values>
              <Entry>
                <Value0>35733</Value0>
                <Value1>0</Value1>
              </Entry>
            </Values>
            <Value0>147456</Value0>
            <Value1>393216</Value1>
          </Entry>
        </Unknown>
        <Dialogs>
          <Dialog>小早川</Dialog>
          <Dialog>...I'm going home.</Dialog>
          <Dialog>○○○○○○○○</Dialog>
          <Dialog>Eeeeh？？</Dialog>
          <Dialog>We both shouldn't keep forcing
ourselves to be together...</Dialog>
          <Dialog>H-Hey... Wait...</Dialog>
          <Dialog>No. I'll go home by myself.</Dialog>
        </Dialogs>
      </SDL2>
    </Entry>
    <Entry Unknown0="835171049" Unknown1="2052298789">
      <SDL2 Key="937780136">
        <Unknown>
          <Entry>
            <Values>
              <Entry>
                <Value0>35734</Value0>
                <Value1>0</Value1>
              </Entry>
            </Values>
            <Value0>147456</Value0>
            <Value1>65536</Value1>
          </Entry>
          <Entry>
            <Values />
            <Value0>147458</Value0>
            <Value1>196608</Value1>
          </Entry>
          <Entry>
            <Values>
              <Entry>
                <Value0>35735</Value0>
                <Value1>0</Value1>
              </Entry>
              <Entry>
                <Value0>35736</Value0>
                <Value1>1067</Value1>
              </Entry>
            </Values>
            <Value0>147456</Value0>
            <Value1>262144</Value1>
          </Entry>
          <Entry>
            <Values />
            <Value0>147458</Value0>
            <Value1>327680</Value1>
          </Entry>
          <Entry>
            <Values>
              <Entry>
                <Value0>35737</Value0>
                <Value1>0</Value1>
              </Entry>
            </Values>
            <Value0>147456</Value0>
            <Value1>393216</Value1>
          </Entry>
        </Unknown>
        <Dialogs>
          <Dialog>小早川</Dialog>
          <Dialog>Can you explain this？</Dialog>
          <Dialog>○○○○○○○○</Dialog>
          <Dialog>Eh？ Explain what...？</Dialog>
          <Dialog>Are we possibly not a good
match？ I don't really
understand why I feel this
way...</Dialog>
          <Dialog>H-Hey！</Dialog>
          <Dialog>...I'm going home.</Dialog>
        </Dialogs>
      </SDL2>
    </Entry>
    <Entry Unknown0="957170913" Unknown1="2952826987">
      <SDL2 Key="937780136">
        <Unknown>
          <Entry>
            <Values>
              <Entry>
                <Value0>35738</Value0>
                <Value1>0</Value1>
              </Entry>
            </Values>
            <Value0>147456</Value0>
            <Value1>65536</Value1>
          </Entry>
          <Entry>
            <Values />
            <Value0>147458</Value0>
            <Value1>196608</Value1>
          </Entry>
          <Entry>
            <Values>
              <Entry>
                <Value0>35739</Value0>
                <Value1>0</Value1>
              </Entry>
            </Values>
            <Value0>147456</Value0>
            <Value1>262144</Value1>
          </Entry>
          <Entry>
            <Values />
            <Value0>147458</Value0>
            <Value1>327680</Value1>
          </Entry>
          <Entry>
            <Values>
              <Entry>
                <Value0>35740</Value0>
                <Value1>0</Value1>
              </Entry>
            </Values>
            <Value0>147456</Value0>
            <Value1>393216</Value1>
          </Entry>
        </Unknown>
        <Dialogs>
          <Dialog>小早川</Dialog>
          <Dialog>...Is being with Rinko not
fun？</Dialog>
          <Dialog>○○○○○○○○</Dialog>
          <Dialog>It's not like that.</Dialog>
          <Dialog>Liar. You didn't smile at all
today.</Dialog>
          <Dialog>That's...</Dialog>
          <Dialog>That's why, Rinko is going
home.</Dialog>
        </Dialogs>
      </SDL2>
    </Entry>
    <Entry Unknown0="1941920820" Unknown1="3875264029">
      <SDL2 Key="937780136">
        <Unknown />
        <Dialogs />
      </SDL2>
    </Entry>
  </Entries>
</DBIN2>