<?xml version="1.0" encoding="utf-8"?>
<DBIN2 xmlns:xsi="http://www.w3.org/2001/XMLSchema-instance" xmlns:xsd="http://www.w3.org/2001/XMLSchema" Key="3744681556" Unknown="33">
  <Entries>
    <Entry Unknown0="2727254152" Unknown1="1835820876">
      <SDL2 Key="3354483773">
        <Unknown>
          <Entry>
            <Values />
            <Value0>147456</Value0>
            <Value1>65536</Value1>
          </Entry>
          <Entry>
            <Values>
              <Entry>
                <Value0>36036</Value0>
                <Value1>0</Value1>
              </Entry>
            </Values>
            <Value0>147458</Value0>
            <Value1>196608</Value1>
          </Entry>
          <Entry>
            <Values />
            <Value0>147456</Value0>
            <Value1>262144</Value1>
          </Entry>
          <Entry>
            <Values>
              <Entry>
                <Value0>36037</Value0>
                <Value1>0</Value1>
              </Entry>
            </Values>
            <Value0>147458</Value0>
            <Value1>327680</Value1>
          </Entry>
          <Entry>
            <Values />
            <Value0>147456</Value0>
            <Value1>393216</Value1>
          </Entry>
          <Entry>
            <Values>
              <Entry>
                <Value0>36038</Value0>
                <Value1>0</Value1>
              </Entry>
            </Values>
            <Value0>147458</Value0>
            <Value1>458752</Value1>
          </Entry>
          <Entry>
            <Values />
            <Value0>147456</Value0>
            <Value1>524288</Value1>
          </Entry>
          <Entry>
            <Values>
              <Entry>
                <Value0>36039</Value0>
                <Value1>0</Value1>
              </Entry>
            </Values>
            <Value0>147458</Value0>
            <Value1>589824</Value1>
          </Entry>
          <Entry>
            <Values />
            <Value0>147456</Value0>
            <Value1>655360</Value1>
          </Entry>
          <Entry>
            <Values>
              <Entry>
                <Value0>36040</Value0>
                <Value1>0</Value1>
              </Entry>
            </Values>
            <Value0>147458</Value0>
            <Value1>720896</Value1>
          </Entry>
        </Unknown>
        <Dialogs>
          <Dialog>○○○○○○○○</Dialog>
          <Dialog>▲小早川＊▲.</Dialog>
          <Dialog>小早川</Dialog>
          <Dialog>Ah...</Dialog>
          <Dialog>What's up？ Why did you come
here alone？</Dialog>
          <Dialog>Well, I was just thinking that
I should try reading a book
somewhere I don't usually go.</Dialog>
          <Dialog>I see. Meeting you
unexpectedly like this somehow
makes me happy.</Dialog>
          <Dialog>...Stop saying embarrassing
thing like that.</Dialog>
          <Dialog>Why？</Dialog>
          <Dialog>No particular reason. I'll go
home now.</Dialog>
          <Dialog>I see. Then see you.</Dialog>
          <Dialog>Okay... See you later.</Dialog>
        </Dialogs>
      </SDL2>
    </Entry>
    <Entry Unknown0="3806983624" Unknown1="3385042855">
      <SDL2 Key="3878782105">
        <Unknown>
          <Entry>
            <Values />
            <Value0>147456</Value0>
            <Value1>65536</Value1>
          </Entry>
          <Entry>
            <Values>
              <Entry>
                <Value0>36041</Value0>
                <Value1>0</Value1>
              </Entry>
            </Values>
            <Value0>147458</Value0>
            <Value1>196608</Value1>
          </Entry>
          <Entry>
            <Values />
            <Value0>147456</Value0>
            <Value1>262144</Value1>
          </Entry>
          <Entry>
            <Values>
              <Entry>
                <Value0>36042</Value0>
                <Value1>0</Value1>
              </Entry>
            </Values>
            <Value0>147458</Value0>
            <Value1>327680</Value1>
          </Entry>
          <Entry>
            <Values />
            <Value0>147456</Value0>
            <Value1>393216</Value1>
          </Entry>
          <Entry>
            <Values>
              <Entry>
                <Value0>36043</Value0>
                <Value1>0</Value1>
              </Entry>
            </Values>
            <Value0>147458</Value0>
            <Value1>458752</Value1>
          </Entry>
        </Unknown>
        <Dialogs>
          <Dialog>○○○○○○○○</Dialog>
          <Dialog>We meet again. Are you reading
a book？</Dialog>
          <Dialog>小早川</Dialog>
          <Dialog>Yeah... How about you？</Dialog>
          <Dialog>I'm just strolling idly.</Dialog>
          <Dialog>I see. Hmm...</Dialog>
          <Dialog>I think I'm interrupting your
reading time. I'll see you
later.</Dialog>
          <Dialog>...Okay.</Dialog>
        </Dialogs>
      </SDL2>
    </Entry>
    <Entry Unknown0="1329476899" Unknown1="520291068">
      <SDL2 Key="3878782105">
        <Unknown>
          <Entry>
            <Values>
              <Entry>
                <Value0>4294901761</Value0>
                <Value1>0</Value1>
              </Entry>
            </Values>
            <Value0>147456</Value0>
            <Value1>65536</Value1>
          </Entry>
          <Entry>
            <Values />
            <Value0>147458</Value0>
            <Value1>196608</Value1>
          </Entry>
          <Entry>
            <Values>
              <Entry>
                <Value0>36044</Value0>
                <Value1>0</Value1>
              </Entry>
            </Values>
            <Value0>147456</Value0>
            <Value1>262144</Value1>
          </Entry>
          <Entry>
            <Values />
            <Value0>147458</Value0>
            <Value1>327680</Value1>
          </Entry>
          <Entry>
            <Values>
              <Entry>
                <Value0>36045</Value0>
                <Value1>0</Value1>
              </Entry>
              <Entry>
                <Value0>36046</Value0>
                <Value1>1000</Value1>
              </Entry>
            </Values>
            <Value0>147456</Value0>
            <Value1>393216</Value1>
          </Entry>
        </Unknown>
        <Dialogs>
          <Dialog>小早川</Dialog>
          <Dialog>▲主人公＊▲.</Dialog>
          <Dialog>○○○○○○○○</Dialog>
          <Dialog>Oh,
▲小早川＊▲.
We meet here a lot.</Dialog>
          <Dialog>Because it's close to my
place. And don't you have
anywhere else to go？</Dialog>
          <Dialog>This is such a common spot.
And it's worth coming because
I can see
▲小早川＊▲
here quite often.</Dialog>
          <Dialog>You don't have to wait until
we meet by chance like this.
We can meet any time, you
idiot.</Dialog>
        </Dialogs>
      </SDL2>
    </Entry>
    <Entry Unknown0="2457757816" Unknown1="1465800508">
      <SDL2 Key="3878782105">
        <Unknown>
          <Entry>
            <Values>
              <Entry>
                <Value0>36047</Value0>
                <Value1>0</Value1>
              </Entry>
            </Values>
            <Value0>147456</Value0>
            <Value1>65536</Value1>
          </Entry>
          <Entry>
            <Values />
            <Value0>147458</Value0>
            <Value1>196608</Value1>
          </Entry>
          <Entry>
            <Values>
              <Entry>
                <Value0>36048</Value0>
                <Value1>0</Value1>
              </Entry>
            </Values>
            <Value0>147456</Value0>
            <Value1>262144</Value1>
          </Entry>
          <Entry>
            <Values />
            <Value0>147458</Value0>
            <Value1>327680</Value1>
          </Entry>
          <Entry>
            <Values>
              <Entry>
                <Value0>36049</Value0>
                <Value1>0</Value1>
              </Entry>
            </Values>
            <Value0>147456</Value0>
            <Value1>393216</Value1>
          </Entry>
          <Entry>
            <Values />
            <Value0>147458</Value0>
            <Value1>458752</Value1>
          </Entry>
          <Entry>
            <Values>
              <Entry>
                <Value0>36050</Value0>
                <Value1>0</Value1>
              </Entry>
            </Values>
            <Value0>147456</Value0>
            <Value1>524288</Value1>
          </Entry>
          <Entry>
            <Values />
            <Value0>147458</Value0>
            <Value1>589824</Value1>
          </Entry>
          <Entry>
            <Values>
              <Entry>
                <Value0>36051</Value0>
                <Value1>0</Value1>
              </Entry>
            </Values>
            <Value0>147456</Value0>
            <Value1>655360</Value1>
          </Entry>
        </Unknown>
        <Dialogs>
          <Dialog>小早川</Dialog>
          <Dialog>Eh？ Why！？</Dialog>
          <Dialog>○○○○○○○○</Dialog>
          <Dialog>Yo, what a coincidence.
▲小早川＊▲,
are you here to watch a
movie？</Dialog>
          <Dialog>Yeah, that's right... How
about you？ Are you here by
yourself？</Dialog>
          <Dialog>Yeah, I'm alone. Huh？ I think
▲小早川＊▲
doesn't like to watch movies
though... This is
unexpected...</Dialog>
          <Dialog>T-That's not the case. This
movie is based on my favorite
book. That's why...</Dialog>
          <Dialog>I see. If you invited me, I
could've come with you.</Dialog>
          <Dialog>But... The original book is
quite extreme... I don't think
you'll understand this
movie...</Dialog>
          <Dialog>I don't mind though.</Dialog>
          <Dialog>There are movies that I like
to watch alone, okay？ I'm
going now.</Dialog>
        </Dialogs>
      </SDL2>
    </Entry>
    <Entry Unknown0="3537487288" Unknown1="3014760343">
      <SDL2 Key="3878782105">
        <Unknown>
          <Entry>
            <Values>
              <Entry>
                <Value0>36052</Value0>
                <Value1>0</Value1>
              </Entry>
            </Values>
            <Value0>147456</Value0>
            <Value1>65536</Value1>
          </Entry>
          <Entry>
            <Values />
            <Value0>147458</Value0>
            <Value1>196608</Value1>
          </Entry>
          <Entry>
            <Values>
              <Entry>
                <Value0>36053</Value0>
                <Value1>0</Value1>
              </Entry>
            </Values>
            <Value0>147456</Value0>
            <Value1>262144</Value1>
          </Entry>
          <Entry>
            <Values />
            <Value0>147458</Value0>
            <Value1>327680</Value1>
          </Entry>
        </Unknown>
        <Dialogs>
          <Dialog>小早川</Dialog>
          <Dialog>Ah, again！？</Dialog>
          <Dialog>○○○○○○○○</Dialog>
          <Dialog>▲小早川＊▲.
Is there a movie based on your
favorite book again？</Dialog>
          <Dialog>W-Well, there are many of them
lately... ...Bye.</Dialog>
          <Dialog>(But the theater she just came
out was showing a romantic
movie, eh？)</Dialog>
        </Dialogs>
      </SDL2>
    </Entry>
    <Entry Unknown0="1059980563" Unknown1="32633580">
      <SDL2 Key="3878782105">
        <Unknown>
          <Entry>
            <Values />
            <Value0>147456</Value0>
            <Value1>65536</Value1>
          </Entry>
          <Entry>
            <Values>
              <Entry>
                <Value0>36054</Value0>
                <Value1>0</Value1>
              </Entry>
            </Values>
            <Value0>147458</Value0>
            <Value1>196608</Value1>
          </Entry>
          <Entry>
            <Values />
            <Value0>147456</Value0>
            <Value1>262144</Value1>
          </Entry>
          <Entry>
            <Values>
              <Entry>
                <Value0>36055</Value0>
                <Value1>0</Value1>
              </Entry>
            </Values>
            <Value0>147458</Value0>
            <Value1>327680</Value1>
          </Entry>
          <Entry>
            <Values />
            <Value0>147456</Value0>
            <Value1>393216</Value1>
          </Entry>
          <Entry>
            <Values>
              <Entry>
                <Value0>36056</Value0>
                <Value1>0</Value1>
              </Entry>
            </Values>
            <Value0>147458</Value0>
            <Value1>458752</Value1>
          </Entry>
        </Unknown>
        <Dialogs>
          <Dialog>○○○○○○○○</Dialog>
          <Dialog>We meet again. You watch
movies quiet often, huh？</Dialog>
          <Dialog>小早川</Dialog>
          <Dialog>Hmm. Well, occasionally.</Dialog>
          <Dialog>What kinds of movies do you
watch？</Dialog>
          <Dialog>Well, I'm quite into romantic
movies. Hehe, is that odd？</Dialog>
          <Dialog>Not at all.</Dialog>
          <Dialog>Really？ That's good... Okay,
I'll get going now.</Dialog>
        </Dialogs>
      </SDL2>
    </Entry>
    <Entry Unknown0="2188277864" Unknown1="1498302252">
      <SDL2 Key="2952001391">
        <Unknown>
          <Entry>
            <Values>
              <Entry>
                <Value0>36057</Value0>
                <Value1>0</Value1>
              </Entry>
            </Values>
            <Value0>147456</Value0>
            <Value1>65536</Value1>
          </Entry>
          <Entry>
            <Values />
            <Value0>147458</Value0>
            <Value1>196608</Value1>
          </Entry>
          <Entry>
            <Values>
              <Entry>
                <Value0>36058</Value0>
                <Value1>0</Value1>
              </Entry>
            </Values>
            <Value0>147456</Value0>
            <Value1>262144</Value1>
          </Entry>
          <Entry>
            <Values />
            <Value0>147458</Value0>
            <Value1>327680</Value1>
          </Entry>
          <Entry>
            <Values>
              <Entry>
                <Value0>36059</Value0>
                <Value1>0</Value1>
              </Entry>
              <Entry>
                <Value0>36060</Value0>
                <Value1>800</Value1>
              </Entry>
            </Values>
            <Value0>147456</Value0>
            <Value1>393216</Value1>
          </Entry>
          <Entry>
            <Values />
            <Value0>147458</Value0>
            <Value1>458752</Value1>
          </Entry>
          <Entry>
            <Values>
              <Entry>
                <Value0>36061</Value0>
                <Value1>0</Value1>
              </Entry>
            </Values>
            <Value0>147456</Value0>
            <Value1>524288</Value1>
          </Entry>
          <Entry>
            <Values>
              <Entry>
                <Value0>36062</Value0>
                <Value1>0</Value1>
              </Entry>
            </Values>
            <Value0>147456</Value0>
            <Value1>589824</Value1>
          </Entry>
          <Entry>
            <Values />
            <Value0>147458</Value0>
            <Value1>655360</Value1>
          </Entry>
          <Entry>
            <Values>
              <Entry>
                <Value0>36063</Value0>
                <Value1>0</Value1>
              </Entry>
              <Entry>
                <Value0>36064</Value0>
                <Value1>1200</Value1>
              </Entry>
            </Values>
            <Value0>147456</Value0>
            <Value1>720896</Value1>
          </Entry>
        </Unknown>
        <Dialogs>
          <Dialog>小早川</Dialog>
          <Dialog>Eh？ Why are you here？</Dialog>
          <Dialog>○○○○○○○○</Dialog>
          <Dialog>What？ Isn't that
▲小早川＊▲？</Dialog>
          <Dialog>Do you come to this place,
too？</Dialog>
          <Dialog>That's my line. I think you
hate exercising.</Dialog>
          <Dialog>I hate it... But lately, I
think I should start working
out.</Dialog>
          <Dialog>Are you on a diet？</Dialog>
          <Dialog>Hehe, sorry, but I don't think
I need to do that.</Dialog>
          <Dialog>I just feel like I lack
physical strength, especially
when I'm playing with my
little brother.</Dialog>
          <Dialog>Yeah, kids are usually very
energetic.</Dialog>
          <Dialog>That's why I plan to build
some strength. I also aim to
improve my kicking power, too.</Dialog>
        </Dialogs>
      </SDL2>
    </Entry>
    <Entry Unknown0="3268007336" Unknown1="3181479815">
      <SDL2 Key="2952001391">
        <Unknown>
          <Entry>
            <Values>
              <Entry>
                <Value0>4294901761</Value0>
                <Value1>0</Value1>
              </Entry>
            </Values>
            <Value0>147456</Value0>
            <Value1>65536</Value1>
          </Entry>
          <Entry>
            <Values />
            <Value0>147458</Value0>
            <Value1>196608</Value1>
          </Entry>
          <Entry>
            <Values>
              <Entry>
                <Value0>36065</Value0>
                <Value1>0</Value1>
              </Entry>
            </Values>
            <Value0>147456</Value0>
            <Value1>262144</Value1>
          </Entry>
          <Entry>
            <Values />
            <Value0>147458</Value0>
            <Value1>327680</Value1>
          </Entry>
          <Entry>
            <Values>
              <Entry>
                <Value0>36066</Value0>
                <Value1>0</Value1>
              </Entry>
              <Entry>
                <Value0>36067</Value0>
                <Value1>800</Value1>
              </Entry>
            </Values>
            <Value0>147456</Value0>
            <Value1>393216</Value1>
          </Entry>
          <Entry>
            <Values />
            <Value0>147458</Value0>
            <Value1>458752</Value1>
          </Entry>
        </Unknown>
        <Dialogs>
          <Dialog>小早川</Dialog>
          <Dialog>▲主人公＊▲.</Dialog>
          <Dialog>○○○○○○○○</Dialog>
          <Dialog>We meet again, huh？ Are you
still trying to build your
strength？ You really work
hard.</Dialog>
          <Dialog>Yeah, whenever I play with my
brother, I'm always the one
who gives up first.</Dialog>
          <Dialog>I see. Your little brother is
very energetic, huh？</Dialog>
          <Dialog>Yeah. He looks so cute, but
he's really a boy. You should
follow his example.</Dialog>
          <Dialog>I'll think about that. Bye
now.</Dialog>
        </Dialogs>
      </SDL2>
    </Entry>
    <Entry Unknown0="790500611" Unknown1="3957449436">
      <SDL2 Key="2952001391">
        <Unknown>
          <Entry>
            <Values />
            <Value0>147456</Value0>
            <Value1>65536</Value1>
          </Entry>
          <Entry>
            <Values>
              <Entry>
                <Value0>36068</Value0>
                <Value1>0</Value1>
              </Entry>
            </Values>
            <Value0>147458</Value0>
            <Value1>196608</Value1>
          </Entry>
          <Entry>
            <Values />
            <Value0>147456</Value0>
            <Value1>262144</Value1>
          </Entry>
          <Entry>
            <Values>
              <Entry>
                <Value0>36069</Value0>
                <Value1>0</Value1>
              </Entry>
            </Values>
            <Value0>147458</Value0>
            <Value1>327680</Value1>
          </Entry>
          <Entry>
            <Values />
            <Value0>147456</Value0>
            <Value1>393216</Value1>
          </Entry>
        </Unknown>
        <Dialogs>
          <Dialog>○○○○○○○○</Dialog>
          <Dialog>▲小早川＊▲.
You're here again.</Dialog>
          <Dialog>小早川</Dialog>
          <Dialog>Yeah, I'm a regular member
here already.</Dialog>
          <Dialog>I see. It's good to exercise
regularly.</Dialog>
          <Dialog>Thanks to this place, now I'm
having more fun playing with
my little brother. Hehe.</Dialog>
          <Dialog>(You've really worked hard,
▲小早川＊▲.)</Dialog>
        </Dialogs>
      </SDL2>
    </Entry>
    <Entry Unknown0="1918781528" Unknown1="591345436">
      <SDL2 Key="2952001391">
        <Unknown>
          <Entry>
            <Values>
              <Entry>
                <Value0>36070</Value0>
                <Value1>0</Value1>
              </Entry>
            </Values>
            <Value0>147456</Value0>
            <Value1>65536</Value1>
          </Entry>
          <Entry>
            <Values />
            <Value0>147458</Value0>
            <Value1>196608</Value1>
          </Entry>
          <Entry>
            <Values>
              <Entry>
                <Value0>36071</Value0>
                <Value1>0</Value1>
              </Entry>
              <Entry>
                <Value0>36072</Value0>
                <Value1>1000</Value1>
              </Entry>
            </Values>
            <Value0>147456</Value0>
            <Value1>262144</Value1>
          </Entry>
          <Entry>
            <Values />
            <Value0>147458</Value0>
            <Value1>327680</Value1>
          </Entry>
          <Entry>
            <Values>
              <Entry>
                <Value0>36073</Value0>
                <Value1>0</Value1>
              </Entry>
            </Values>
            <Value0>147456</Value0>
            <Value1>393216</Value1>
          </Entry>
          <Entry>
            <Values />
            <Value0>147458</Value0>
            <Value1>458752</Value1>
          </Entry>
          <Entry>
            <Values />
            <Value0>147458</Value0>
            <Value1>524288</Value1>
          </Entry>
          <Entry>
            <Values />
            <Value0>147458</Value0>
            <Value1>589824</Value1>
          </Entry>
          <Entry>
            <Values>
              <Entry>
                <Value0>36074</Value0>
                <Value1>0</Value1>
              </Entry>
            </Values>
            <Value0>147456</Value0>
            <Value1>655360</Value1>
          </Entry>
          <Entry>
            <Values />
            <Value0>147458</Value0>
            <Value1>720896</Value1>
          </Entry>
        </Unknown>
        <Dialogs>
          <Dialog>小早川</Dialog>
          <Dialog>Eh？ Are you here to shop？</Dialog>
          <Dialog>○○○○○○○○</Dialog>
          <Dialog>▲小早川＊▲.
What a coincidence？</Dialog>
          <Dialog>I've just finished my shopping
and am about to go home. And
you？ Are you having too much
free time and just loafing
around？</Dialog>
          <Dialog>No. Although I look like this,
I'm actually a busy person.</Dialog>
          <Dialog>Really？</Dialog>
          <Dialog>Yeah, I was busy window
shopping...</Dialog>
          <Dialog>Also, I was watching people
walking around...</Dialog>
          <Dialog>Then I was reading some
magazines at the bookstore...</Dialog>
          <Dialog>Sounds like a very busy
schedule. I shouldn't bother
you then. I'm leaving.</Dialog>
          <Dialog>Okay...</Dialog>
        </Dialogs>
      </SDL2>
    </Entry>
    <Entry Unknown0="2998511000" Unknown1="2274391927">
      <SDL2 Key="3509730762">
        <Unknown>
          <Entry>
            <Values>
              <Entry>
                <Value0>4294901761</Value0>
                <Value1>0</Value1>
              </Entry>
              <Entry>
                <Value0>36075</Value0>
                <Value1>500</Value1>
              </Entry>
            </Values>
            <Value0>147456</Value0>
            <Value1>65536</Value1>
          </Entry>
          <Entry>
            <Values />
            <Value0>147458</Value0>
            <Value1>196608</Value1>
          </Entry>
          <Entry>
            <Values>
              <Entry>
                <Value0>36076</Value0>
                <Value1>0</Value1>
              </Entry>
            </Values>
            <Value0>147456</Value0>
            <Value1>262144</Value1>
          </Entry>
          <Entry>
            <Values />
            <Value0>147458</Value0>
            <Value1>327680</Value1>
          </Entry>
          <Entry>
            <Values>
              <Entry>
                <Value0>36077</Value0>
                <Value1>0</Value1>
              </Entry>
            </Values>
            <Value0>147456</Value0>
            <Value1>393216</Value1>
          </Entry>
          <Entry>
            <Values />
            <Value0>147458</Value0>
            <Value1>458752</Value1>
          </Entry>
        </Unknown>
        <Dialogs>
          <Dialog>小早川</Dialog>
          <Dialog>▲主人公＊▲.
We meet again. You have too
much free time, huh？</Dialog>
          <Dialog>○○○○○○○○</Dialog>
          <Dialog>I'm not that free.</Dialog>
          <Dialog>Then tell me. What have you
been busy doing today？</Dialog>
          <Dialog>What if I say I'm here to be a
bodyguard for my girlfriend？</Dialog>
          <Dialog>Sounds good enough. Bye.</Dialog>
          <Dialog>Sounds good enough, eh！？</Dialog>
        </Dialogs>
      </SDL2>
    </Entry>
    <Entry Unknown0="521070067" Unknown1="3453014732">
      <SDL2 Key="3509730762">
        <Unknown>
          <Entry>
            <Values />
            <Value0>147456</Value0>
            <Value1>65536</Value1>
          </Entry>
          <Entry>
            <Values>
              <Entry>
                <Value0>36078</Value0>
                <Value1>0</Value1>
              </Entry>
            </Values>
            <Value0>147458</Value0>
            <Value1>196608</Value1>
          </Entry>
          <Entry>
            <Values />
            <Value0>147456</Value0>
            <Value1>262144</Value1>
          </Entry>
          <Entry>
            <Values>
              <Entry>
                <Value0>36079</Value0>
                <Value1>0</Value1>
              </Entry>
            </Values>
            <Value0>147458</Value0>
            <Value1>327680</Value1>
          </Entry>
          <Entry>
            <Values />
            <Value0>147456</Value0>
            <Value1>393216</Value1>
          </Entry>
        </Unknown>
        <Dialogs>
          <Dialog>○○○○○○○○</Dialog>
          <Dialog>Oh, isn't that
▲小早川＊▲？
We meet here a lot.</Dialog>
          <Dialog>小早川</Dialog>
          <Dialog>Well, yeah. It's difficult to
be a girl, you know？</Dialog>
          <Dialog>Oh, difficult, huh...</Dialog>
          <Dialog>...Somehow, I feel so annoyed.</Dialog>
          <Dialog>(Why...？)</Dialog>
        </Dialogs>
      </SDL2>
    </Entry>
    <Entry Unknown0="1649301576" Unknown1="86976268">
      <SDL2 Key="3509730762">
        <Unknown>
          <Entry>
            <Values />
            <Value0>147456</Value0>
            <Value1>65536</Value1>
          </Entry>
          <Entry>
            <Values>
              <Entry>
                <Value0>36080</Value0>
                <Value1>0</Value1>
              </Entry>
            </Values>
            <Value0>147458</Value0>
            <Value1>196608</Value1>
          </Entry>
          <Entry>
            <Values />
            <Value0>147456</Value0>
            <Value1>262144</Value1>
          </Entry>
          <Entry>
            <Values>
              <Entry>
                <Value0>36081</Value0>
                <Value1>0</Value1>
              </Entry>
            </Values>
            <Value0>147458</Value0>
            <Value1>327680</Value1>
          </Entry>
          <Entry>
            <Values />
            <Value0>147456</Value0>
            <Value1>393216</Value1>
          </Entry>
          <Entry>
            <Values>
              <Entry>
                <Value0>36082</Value0>
                <Value1>0</Value1>
              </Entry>
            </Values>
            <Value0>147458</Value0>
            <Value1>458752</Value1>
          </Entry>
          <Entry>
            <Values />
            <Value0>147456</Value0>
            <Value1>524288</Value1>
          </Entry>
          <Entry>
            <Values>
              <Entry>
                <Value0>36083</Value0>
                <Value1>0</Value1>
              </Entry>
            </Values>
            <Value0>147458</Value0>
            <Value1>589824</Value1>
          </Entry>
          <Entry>
            <Values />
            <Value0>147456</Value0>
            <Value1>655360</Value1>
          </Entry>
          <Entry>
            <Values>
              <Entry>
                <Value0>36084</Value0>
                <Value1>0</Value1>
              </Entry>
            </Values>
            <Value0>147458</Value0>
            <Value1>720896</Value1>
          </Entry>
          <Entry>
            <Values />
            <Value0>147456</Value0>
            <Value1>786432</Value1>
          </Entry>
        </Unknown>
        <Dialogs>
          <Dialog>○○○○○○○○</Dialog>
          <Dialog>▲小早川＊▲.</Dialog>
          <Dialog>小早川</Dialog>
          <Dialog>Eh？ What are you doing here？</Dialog>
          <Dialog>I should ask you. Do you like
this kind of event,
▲小早川＊▲？</Dialog>
          <Dialog>It's not really what I like,
but I just try various things
out.</Dialog>
          <Dialog>Um, I see. It's good to try
different things while you're
still young.</Dialog>
          <Dialog>What is that？ You sound like
a teacher.</Dialog>
          <Dialog>But for such an event with so
many people like this, don't
you hate it？</Dialog>
          <Dialog>Hiya！</Dialog>
          <Dialog>Whoa！</Dialog>
          <Dialog>Make way. I can't walk.</Dialog>
          <Dialog>(That was dangerous...)</Dialog>
        </Dialogs>
      </SDL2>
    </Entry>
    <Entry Unknown0="2729031048" Unknown1="2709546855">
      <SDL2 Key="3509730762">
        <Unknown>
          <Entry>
            <Values>
              <Entry>
                <Value0>36085</Value0>
                <Value1>0</Value1>
              </Entry>
            </Values>
            <Value0>147456</Value0>
            <Value1>65536</Value1>
          </Entry>
          <Entry>
            <Values />
            <Value0>147458</Value0>
            <Value1>196608</Value1>
          </Entry>
          <Entry>
            <Values>
              <Entry>
                <Value0>36086</Value0>
                <Value1>0</Value1>
              </Entry>
            </Values>
            <Value0>147456</Value0>
            <Value1>262144</Value1>
          </Entry>
          <Entry>
            <Values />
            <Value0>147458</Value0>
            <Value1>327680</Value1>
          </Entry>
          <Entry>
            <Values>
              <Entry>
                <Value0>36087</Value0>
                <Value1>0</Value1>
              </Entry>
            </Values>
            <Value0>147456</Value0>
            <Value1>393216</Value1>
          </Entry>
        </Unknown>
        <Dialogs>
          <Dialog>小早川</Dialog>
          <Dialog>Ah, you again.</Dialog>
          <Dialog>○○○○○○○○</Dialog>
          <Dialog>What's with us？ We could've
been on a date if we kept
running into each other like
this.</Dialog>
          <Dialog>Well, we don't really have to
be on a date. We can chat like
this.</Dialog>
          <Dialog>Well, that's true.</Dialog>
          <Dialog>Going on dates and clinging on
to each other. For me, that's
not cool.</Dialog>
        </Dialogs>
      </SDL2>
    </Entry>
    <Entry Unknown0="268367331" Unknown1="4156605116">
      <SDL2 Key="3509730762">
        <Unknown>
          <Entry>
            <Values>
              <Entry>
                <Value0>4294901761</Value0>
                <Value1>0</Value1>
              </Entry>
            </Values>
            <Value0>147456</Value0>
            <Value1>65536</Value1>
          </Entry>
          <Entry>
            <Values />
            <Value0>147458</Value0>
            <Value1>196608</Value1>
          </Entry>
          <Entry>
            <Values>
              <Entry>
                <Value0>36088</Value0>
                <Value1>0</Value1>
              </Entry>
            </Values>
            <Value0>147456</Value0>
            <Value1>262144</Value1>
          </Entry>
          <Entry>
            <Values />
            <Value0>147458</Value0>
            <Value1>327680</Value1>
          </Entry>
          <Entry>
            <Values>
              <Entry>
                <Value0>36089</Value0>
                <Value1>0</Value1>
              </Entry>
            </Values>
            <Value0>147456</Value0>
            <Value1>393216</Value1>
          </Entry>
          <Entry>
            <Values />
            <Value0>147458</Value0>
            <Value1>458752</Value1>
          </Entry>
          <Entry>
            <Values>
              <Entry>
                <Value0>36090</Value0>
                <Value1>0</Value1>
              </Entry>
            </Values>
            <Value0>147456</Value0>
            <Value1>524288</Value1>
          </Entry>
        </Unknown>
        <Dialogs>
          <Dialog>小早川</Dialog>
          <Dialog>▲主人公＊▲.</Dialog>
          <Dialog>○○○○○○○○</Dialog>
          <Dialog>▲小早川＊▲！？</Dialog>
          <Dialog>I keep running into you here.
Do you like this event that
much？</Dialog>
          <Dialog>That's what I want to ask you,
▲小早川＊▲.
I think you don't like this
kind of thing.</Dialog>
          <Dialog>Why not？ I can change my
mind.</Dialog>
          <Dialog>Well, if I count how many
times we've met here by
chance...</Dialog>
          <Dialog>The reason I'm here often is
because of you！</Dialog>
        </Dialogs>
      </SDL2>
    </Entry>
    <Entry Unknown0="1379805240" Unknown1="790370300">
      <SDL2 Key="3509730762">
        <Unknown>
          <Entry>
            <Values>
              <Entry>
                <Value0>36091</Value0>
                <Value1>0</Value1>
              </Entry>
            </Values>
            <Value0>147456</Value0>
            <Value1>65536</Value1>
          </Entry>
          <Entry>
            <Values />
            <Value0>147458</Value0>
            <Value1>196608</Value1>
          </Entry>
          <Entry>
            <Values>
              <Entry>
                <Value0>36092</Value0>
                <Value1>0</Value1>
              </Entry>
            </Values>
            <Value0>147456</Value0>
            <Value1>262144</Value1>
          </Entry>
          <Entry>
            <Values />
            <Value0>147458</Value0>
            <Value1>327680</Value1>
          </Entry>
          <Entry>
            <Values>
              <Entry>
                <Value0>36093</Value0>
                <Value1>0</Value1>
              </Entry>
            </Values>
            <Value0>147456</Value0>
            <Value1>393216</Value1>
          </Entry>
          <Entry>
            <Values />
            <Value0>147458</Value0>
            <Value1>458752</Value1>
          </Entry>
          <Entry>
            <Values>
              <Entry>
                <Value0>36094</Value0>
                <Value1>0</Value1>
              </Entry>
            </Values>
            <Value0>147456</Value0>
            <Value1>524288</Value1>
          </Entry>
          <Entry>
            <Values />
            <Value0>147458</Value0>
            <Value1>589824</Value1>
          </Entry>
          <Entry>
            <Values>
              <Entry>
                <Value0>36095</Value0>
                <Value1>0</Value1>
              </Entry>
            </Values>
            <Value0>147456</Value0>
            <Value1>655360</Value1>
          </Entry>
          <Entry>
            <Values />
            <Value0>147458</Value0>
            <Value1>720896</Value1>
          </Entry>
          <Entry>
            <Values>
              <Entry>
                <Value0>36096</Value0>
                <Value1>0</Value1>
              </Entry>
              <Entry>
                <Value0>36097</Value0>
                <Value1>800</Value1>
              </Entry>
            </Values>
            <Value0>147456</Value0>
            <Value1>786432</Value1>
          </Entry>
        </Unknown>
        <Dialogs>
          <Dialog>小早川</Dialog>
          <Dialog>Ah, what a rare chance.</Dialog>
          <Dialog>○○○○○○○○</Dialog>
          <Dialog>▲小早川＊▲.
Are you playing by yourself？</Dialog>
          <Dialog>Well, yeah.</Dialog>
          <Dialog>Hmm？ You play that fighting
game again？</Dialog>
          <Dialog>Yeah, I always play this one.</Dialog>
          <Dialog>You're very good at it...</Dialog>
          <Dialog>Really？ Isn't it natural？</Dialog>
          <Dialog>Look at how many people you've
beaten.</Dialog>
          <Dialog>You wanna try it？ Rinko can
play with you.</Dialog>
          <Dialog>I think I'll pass.</Dialog>
          <Dialog>What！？ You don't want to
lose to your girlfriend
because you think it's
embarrassing, huh？ Isn't that
sexism？</Dialog>
        </Dialogs>
      </SDL2>
    </Entry>
    <Entry Unknown0="2459534712" Unknown1="1265850199">
      <SDL2 Key="3509730762">
        <Unknown>
          <Entry>
            <Values />
            <Value0>147456</Value0>
            <Value1>65536</Value1>
          </Entry>
          <Entry>
            <Values />
            <Value0>147456</Value0>
            <Value1>131072</Value1>
          </Entry>
          <Entry>
            <Values>
              <Entry>
                <Value0>36098</Value0>
                <Value1>0</Value1>
              </Entry>
            </Values>
            <Value0>147459</Value0>
            <Value1>262144</Value1>
          </Entry>
          <Entry>
            <Values />
            <Value0>147456</Value0>
            <Value1>327680</Value1>
          </Entry>
          <Entry>
            <Values>
              <Entry>
                <Value0>36099</Value0>
                <Value1>0</Value1>
              </Entry>
            </Values>
            <Value0>147459</Value0>
            <Value1>393216</Value1>
          </Entry>
        </Unknown>
        <Dialogs>
          <Dialog>○○○○○○○○</Dialog>
          <Dialog>(Ah, I lost. The other party
has had a winning streak. I
can't win.)</Dialog>
          <Dialog>Ah！ My opponent！ Isn't that
▲小早川＊▲！？</Dialog>
          <Dialog>小早川</Dialog>
          <Dialog>I was thinking that you might
see through my movements. You
still don't understand you
girlfriend.</Dialog>
          <Dialog>How could I see it through
your gaming habit...？</Dialog>
          <Dialog>You still lack of training.
There are more for you to
study.</Dialog>
        </Dialogs>
      </SDL2>
    </Entry>
    <Entry Unknown0="4293838291" Unknown1="4189303468">
      <SDL2 Key="2314510737">
        <Unknown>
          <Entry>
            <Values />
            <Value0>147456</Value0>
            <Value1>65536</Value1>
          </Entry>
          <Entry>
            <Values>
              <Entry>
                <Value0>36100</Value0>
                <Value1>0</Value1>
              </Entry>
            </Values>
            <Value0>147458</Value0>
            <Value1>196608</Value1>
          </Entry>
          <Entry>
            <Values />
            <Value0>147456</Value0>
            <Value1>262144</Value1>
          </Entry>
          <Entry>
            <Values>
              <Entry>
                <Value0>36101</Value0>
                <Value1>0</Value1>
              </Entry>
            </Values>
            <Value0>147458</Value0>
            <Value1>327680</Value1>
          </Entry>
          <Entry>
            <Values />
            <Value0>147456</Value0>
            <Value1>393216</Value1>
          </Entry>
          <Entry>
            <Values>
              <Entry>
                <Value0>36102</Value0>
                <Value1>0</Value1>
              </Entry>
            </Values>
            <Value0>147458</Value0>
            <Value1>458752</Value1>
          </Entry>
        </Unknown>
        <Dialogs>
          <Dialog>○○○○○○○○</Dialog>
          <Dialog>I thought it was impossible,
but it's really you, huh？</Dialog>
          <Dialog>小早川</Dialog>
          <Dialog>Ah！</Dialog>
          <Dialog>Playing that fighting game
again？</Dialog>
          <Dialog>Yeah. Is this bad？ I always
enjoy playing games alone. Do
you feel bored？</Dialog>
          <Dialog>No, you like it like this,
don't you？</Dialog>
          <Dialog>Yeah. Well... Next time I win
a present, I'll give it to
you.</Dialog>
        </Dialogs>
      </SDL2>
    </Entry>
    <Entry Unknown0="1110325288" Unknown1="823068652">
      <SDL2 Key="2314510737">
        <Unknown>
          <Entry>
            <Values>
              <Entry>
                <Value0>4294901761</Value0>
                <Value1>0</Value1>
              </Entry>
            </Values>
            <Value0>147456</Value0>
            <Value1>65536</Value1>
          </Entry>
          <Entry>
            <Values />
            <Value0>147458</Value0>
            <Value1>196608</Value1>
          </Entry>
          <Entry>
            <Values>
              <Entry>
                <Value0>36103</Value0>
                <Value1>0</Value1>
              </Entry>
            </Values>
            <Value0>147456</Value0>
            <Value1>262144</Value1>
          </Entry>
          <Entry>
            <Values />
            <Value0>147458</Value0>
            <Value1>327680</Value1>
          </Entry>
          <Entry>
            <Values>
              <Entry>
                <Value0>36104</Value0>
                <Value1>0</Value1>
              </Entry>
            </Values>
            <Value0>147456</Value0>
            <Value1>393216</Value1>
          </Entry>
          <Entry>
            <Values />
            <Value0>147458</Value0>
            <Value1>458752</Value1>
          </Entry>
          <Entry>
            <Values>
              <Entry>
                <Value0>36105</Value0>
                <Value1>0</Value1>
              </Entry>
            </Values>
            <Value0>147456</Value0>
            <Value1>524288</Value1>
          </Entry>
          <Entry>
            <Values>
              <Entry>
                <Value0>36106</Value0>
                <Value1>0</Value1>
              </Entry>
            </Values>
            <Value0>147456</Value0>
            <Value1>589824</Value1>
          </Entry>
          <Entry>
            <Values />
            <Value0>147458</Value0>
            <Value1>655360</Value1>
          </Entry>
          <Entry>
            <Values>
              <Entry>
                <Value0>36107</Value0>
                <Value1>0</Value1>
              </Entry>
            </Values>
            <Value0>147456</Value0>
            <Value1>720896</Value1>
          </Entry>
        </Unknown>
        <Dialogs>
          <Dialog>小早川</Dialog>
          <Dialog>▲主人公＊▲.</Dialog>
          <Dialog>○○○○○○○○</Dialog>
          <Dialog>▲小早川＊▲.
It's rare for us to meet here.</Dialog>
          <Dialog>Are you here to shop？</Dialog>
          <Dialog>Well, something like that.
You, too？</Dialog>
          <Dialog>Yeah. I came here to check out
some portable music players.</Dialog>
          <Dialog>Hmm？ You want a new one？</Dialog>
          <Dialog>Not really. The one I have now
is good enough.</Dialog>
          <Dialog>I just like to look around
this kind of shop for audio
and video gadgets. Anyway, I
don't know much about them
though.</Dialog>
          <Dialog>Hmm？ Most girls aren't quite
good at something like this
though.</Dialog>
          <Dialog>Don't put me together with
"most girls"！</Dialog>
        </Dialogs>
      </SDL2>
    </Entry>
    <Entry Unknown0="2190054760" Unknown1="1432373063">
      <SDL2 Key="2314510737">
        <Unknown>
          <Entry>
            <Values />
            <Value0>147456</Value0>
            <Value1>65536</Value1>
          </Entry>
          <Entry>
            <Values>
              <Entry>
                <Value0>36108</Value0>
                <Value1>0</Value1>
              </Entry>
            </Values>
            <Value0>147458</Value0>
            <Value1>196608</Value1>
          </Entry>
          <Entry>
            <Values />
            <Value0>147456</Value0>
            <Value1>262144</Value1>
          </Entry>
          <Entry>
            <Values>
              <Entry>
                <Value0>36109</Value0>
                <Value1>0</Value1>
              </Entry>
            </Values>
            <Value0>147458</Value0>
            <Value1>327680</Value1>
          </Entry>
          <Entry>
            <Values />
            <Value0>147456</Value0>
            <Value1>393216</Value1>
          </Entry>
          <Entry>
            <Values>
              <Entry>
                <Value0>36110</Value0>
                <Value1>0</Value1>
              </Entry>
            </Values>
            <Value0>147458</Value0>
            <Value1>458752</Value1>
          </Entry>
        </Unknown>
        <Dialogs>
          <Dialog>○○○○○○○○</Dialog>
          <Dialog>▲小早川＊▲.</Dialog>
          <Dialog>小早川</Dialog>
          <Dialog>Ah...</Dialog>
          <Dialog>What？ Why are you staring at
those appliances？ Are you
trying to train yourself to be
a good housewife？</Dialog>
          <Dialog>No, I'm not！</Dialog>
          <Dialog>Ouch！</Dialog>
          <Dialog>I just think that I should
help my mom a little bit. Bye.</Dialog>
        </Dialogs>
      </SDL2>
    </Entry>
    <Entry Unknown0="4024358339" Unknown1="2208342684">
      <SDL2 Key="2314510737">
        <Unknown>
          <Entry>
            <Values>
              <Entry>
                <Value0>36111</Value0>
                <Value1>0</Value1>
              </Entry>
            </Values>
            <Value0>147456</Value0>
            <Value1>65536</Value1>
          </Entry>
          <Entry>
            <Values />
            <Value0>147458</Value0>
            <Value1>196608</Value1>
          </Entry>
          <Entry>
            <Values>
              <Entry>
                <Value0>36112</Value0>
                <Value1>0</Value1>
              </Entry>
            </Values>
            <Value0>147456</Value0>
            <Value1>262144</Value1>
          </Entry>
          <Entry>
            <Values>
              <Entry>
                <Value0>36113</Value0>
                <Value1>0</Value1>
              </Entry>
              <Entry>
                <Value0>36114</Value0>
                <Value1>1000</Value1>
              </Entry>
            </Values>
            <Value0>147456</Value0>
            <Value1>327680</Value1>
          </Entry>
          <Entry>
            <Values />
            <Value0>147458</Value0>
            <Value1>393216</Value1>
          </Entry>
        </Unknown>
        <Dialogs>
          <Dialog>小早川</Dialog>
          <Dialog>Ah, you're here again.</Dialog>
          <Dialog>○○○○○○○○</Dialog>
          <Dialog>Don't say it like I'm always
hanging around here. By the
way,
▲小早川＊▲,
what are you doing here？</Dialog>
          <Dialog>I have some business here.</Dialog>
          <Dialog>I brought some CDs from home
to test on the audio players
here. Anyway, I don't plan to
buy any.</Dialog>
          <Dialog>(So, you're just killing some
time, then.)</Dialog>
        </Dialogs>
      </SDL2>
    </Entry>
    <Entry Unknown0="840828952" Unknown1="3153917916">
      <SDL2 Key="3107248124">
        <Unknown>
          <Entry>
            <Values />
            <Value0>147456</Value0>
            <Value1>65536</Value1>
          </Entry>
          <Entry>
            <Values>
              <Entry>
                <Value0>36115</Value0>
                <Value1>0</Value1>
              </Entry>
            </Values>
            <Value0>147458</Value0>
            <Value1>196608</Value1>
          </Entry>
          <Entry>
            <Values />
            <Value0>147456</Value0>
            <Value1>262144</Value1>
          </Entry>
          <Entry>
            <Values>
              <Entry>
                <Value0>36116</Value0>
                <Value1>0</Value1>
              </Entry>
            </Values>
            <Value0>147458</Value0>
            <Value1>327680</Value1>
          </Entry>
          <Entry>
            <Values />
            <Value0>147456</Value0>
            <Value1>393216</Value1>
          </Entry>
          <Entry>
            <Values>
              <Entry>
                <Value0>36117</Value0>
                <Value1>0</Value1>
              </Entry>
            </Values>
            <Value0>147458</Value0>
            <Value1>458752</Value1>
          </Entry>
          <Entry>
            <Values />
            <Value0>147456</Value0>
            <Value1>524288</Value1>
          </Entry>
          <Entry>
            <Values>
              <Entry>
                <Value0>36118</Value0>
                <Value1>0</Value1>
              </Entry>
            </Values>
            <Value0>147458</Value0>
            <Value1>589824</Value1>
          </Entry>
          <Entry>
            <Values />
            <Value0>147456</Value0>
            <Value1>655360</Value1>
          </Entry>
          <Entry>
            <Values>
              <Entry>
                <Value0>36119</Value0>
                <Value1>0</Value1>
              </Entry>
            </Values>
            <Value0>147458</Value0>
            <Value1>720896</Value1>
          </Entry>
          <Entry>
            <Values />
            <Value0>147456</Value0>
            <Value1>786432</Value1>
          </Entry>
          <Entry>
            <Values>
              <Entry>
                <Value0>36120</Value0>
                <Value1>0</Value1>
              </Entry>
            </Values>
            <Value0>147458</Value0>
            <Value1>851968</Value1>
          </Entry>
        </Unknown>
        <Dialogs>
          <Dialog>○○○○○○○○</Dialog>
          <Dialog>Ah...
▲小早川＊▲.</Dialog>
          <Dialog>小早川</Dialog>
          <Dialog>Ah...</Dialog>
          <Dialog>What a coincidence. Anyway,
I'd say that I'm not surprised
anymore to see you here
▲小早川＊▲.</Dialog>
          <Dialog>Don't go stereotyping people.
Also, stop predicting where
we'll run into each other！</Dialog>
          <Dialog>Anyway, what's up？ Are you
here to buy some CDs？</Dialog>
          <Dialog>Well, yeah.</Dialog>
          <Dialog>Do you have enough pocket
money？</Dialog>
          <Dialog>Are you my dad or what！？</Dialog>
          <Dialog>Did you brush your teeth
today？</Dialog>
          <Dialog>Are you my mom or what！？</Dialog>
          <Dialog>No matter what happens, you
must be strong.</Dialog>
          <Dialog>Hey, what are you trying to be
this time...？</Dialog>
        </Dialogs>
      </SDL2>
    </Entry>
    <Entry Unknown0="1920558424" Unknown1="525547319">
      <SDL2 Key="3107248124">
        <Unknown>
          <Entry>
            <Values />
            <Value0>147456</Value0>
            <Value1>65536</Value1>
          </Entry>
          <Entry>
            <Values>
              <Entry>
                <Value0>36121</Value0>
                <Value1>0</Value1>
              </Entry>
            </Values>
            <Value0>147458</Value0>
            <Value1>196608</Value1>
          </Entry>
          <Entry>
            <Values />
            <Value0>147456</Value0>
            <Value1>262144</Value1>
          </Entry>
          <Entry>
            <Values>
              <Entry>
                <Value0>36122</Value0>
                <Value1>0</Value1>
              </Entry>
            </Values>
            <Value0>147458</Value0>
            <Value1>327680</Value1>
          </Entry>
          <Entry>
            <Values />
            <Value0>147456</Value0>
            <Value1>393216</Value1>
          </Entry>
          <Entry>
            <Values>
              <Entry>
                <Value0>36123</Value0>
                <Value1>0</Value1>
              </Entry>
              <Entry>
                <Value0>36124</Value0>
                <Value1>1200</Value1>
              </Entry>
            </Values>
            <Value0>147458</Value0>
            <Value1>458752</Value1>
          </Entry>
        </Unknown>
        <Dialogs>
          <Dialog>○○○○○○○○</Dialog>
          <Dialog>▲小早川＊▲.
You're here again.</Dialog>
          <Dialog>小早川</Dialog>
          <Dialog>It's not like I'm always here
though.</Dialog>
          <Dialog>Are you here to shop？</Dialog>
          <Dialog>I'm just looking around. I
think it's fun enough that
way. Wanna join me？</Dialog>
          <Dialog>I'm going home. There isn't
anything for me to enjoy here.</Dialog>
          <Dialog>Okay, you don't have to enjoy
what Rinko likes. Just
understand Rinko is enough.</Dialog>
        </Dialogs>
      </SDL2>
    </Entry>
    <Entry Unknown0="3754862003" Unknown1="3851653772">
      <SDL2 Key="3107248124">
        <Unknown>
          <Entry>
            <Values />
            <Value0>147456</Value0>
            <Value1>65536</Value1>
          </Entry>
          <Entry>
            <Values>
              <Entry>
                <Value0>4294901761</Value0>
                <Value1>0</Value1>
              </Entry>
              <Entry>
                <Value0>36125</Value0>
                <Value1>500</Value1>
              </Entry>
            </Values>
            <Value0>147458</Value0>
            <Value1>196608</Value1>
          </Entry>
          <Entry>
            <Values />
            <Value0>147456</Value0>
            <Value1>262144</Value1>
          </Entry>
          <Entry>
            <Values>
              <Entry>
                <Value0>36126</Value0>
                <Value1>0</Value1>
              </Entry>
            </Values>
            <Value0>147458</Value0>
            <Value1>327680</Value1>
          </Entry>
          <Entry>
            <Values />
            <Value0>147456</Value0>
            <Value1>393216</Value1>
          </Entry>
          <Entry>
            <Values />
            <Value0>147456</Value0>
            <Value1>458752</Value1>
          </Entry>
        </Unknown>
        <Dialogs>
          <Dialog>○○○○○○○○</Dialog>
          <Dialog>▲小早川＊▲.
We meet again. Are you
shopping？</Dialog>
          <Dialog>小早川</Dialog>
          <Dialog>▲主人公＊▲.
I'm just checking out some new
songs.</Dialog>
          <Dialog>Hmm？ How long have you been
here？</Dialog>
          <Dialog>Well, about an hour, I guess.</Dialog>
          <Dialog>That long？ Don't cause
trouble to the store, okay？</Dialog>
          <Dialog>You aren't listening to me,
huh？</Dialog>
        </Dialogs>
      </SDL2>
    </Entry>
    <Entry Unknown0="571349000" Unknown1="3186550732">
      <SDL2 Key="3107248124">
        <Unknown>
          <Entry>
            <Values>
              <Entry>
                <Value0>36127</Value0>
                <Value1>0</Value1>
              </Entry>
            </Values>
            <Value0>147456</Value0>
            <Value1>65536</Value1>
          </Entry>
          <Entry>
            <Values />
            <Value0>147458</Value0>
            <Value1>196608</Value1>
          </Entry>
          <Entry>
            <Values>
              <Entry>
                <Value0>36128</Value0>
                <Value1>0</Value1>
              </Entry>
            </Values>
            <Value0>147456</Value0>
            <Value1>262144</Value1>
          </Entry>
          <Entry>
            <Values />
            <Value0>147458</Value0>
            <Value1>327680</Value1>
          </Entry>
          <Entry>
            <Values>
              <Entry>
                <Value0>36129</Value0>
                <Value1>0</Value1>
              </Entry>
              <Entry>
                <Value0>36130</Value0>
                <Value1>800</Value1>
              </Entry>
            </Values>
            <Value0>147456</Value0>
            <Value1>393216</Value1>
          </Entry>
          <Entry>
            <Values />
            <Value0>147458</Value0>
            <Value1>458752</Value1>
          </Entry>
          <Entry>
            <Values>
              <Entry>
                <Value0>36131</Value0>
                <Value1>0</Value1>
              </Entry>
            </Values>
            <Value0>147456</Value0>
            <Value1>524288</Value1>
          </Entry>
          <Entry>
            <Values />
            <Value0>147458</Value0>
            <Value1>589824</Value1>
          </Entry>
          <Entry>
            <Values>
              <Entry>
                <Value0>36132</Value0>
                <Value1>0</Value1>
              </Entry>
            </Values>
            <Value0>147456</Value0>
            <Value1>655360</Value1>
          </Entry>
        </Unknown>
        <Dialogs>
          <Dialog>小早川</Dialog>
          <Dialog>Eh...？ Why are you here？</Dialog>
          <Dialog>○○○○○○○○</Dialog>
          <Dialog>▲小早川＊▲.
What a coincidence.</Dialog>
          <Dialog>That's my line. Do you like
this store？</Dialog>
          <Dialog>That's exactly the same thing
I want to ask you.</Dialog>
          <Dialog>I'm here to buy a present for
my little brother... But I
really have no idea. I'm not
good at this.</Dialog>
          <Dialog>The age gap is quite big, but
if you have something on your
mind, I can help you look for
it.</Dialog>
          <Dialog>Anything related to "Super
Robot Volvavin" would be fine.</Dialog>
          <Dialog>All right. Excuse me, I need
help here！</Dialog>
          <Dialog>I don't think that counts as
helping me though.</Dialog>
        </Dialogs>
      </SDL2>
    </Entry>
    <Entry Unknown0="1651078472" Unknown1="423700263">
      <SDL2 Key="3278223497">
        <Unknown>
          <Entry>
            <Values />
            <Value0>147456</Value0>
            <Value1>65536</Value1>
          </Entry>
          <Entry>
            <Values>
              <Entry>
                <Value0>36133</Value0>
                <Value1>0</Value1>
              </Entry>
            </Values>
            <Value0>147458</Value0>
            <Value1>196608</Value1>
          </Entry>
          <Entry>
            <Values />
            <Value0>147456</Value0>
            <Value1>262144</Value1>
          </Entry>
          <Entry>
            <Values>
              <Entry>
                <Value0>36134</Value0>
                <Value1>0</Value1>
              </Entry>
            </Values>
            <Value0>147458</Value0>
            <Value1>327680</Value1>
          </Entry>
          <Entry>
            <Values />
            <Value0>147456</Value0>
            <Value1>393216</Value1>
          </Entry>
          <Entry>
            <Values>
              <Entry>
                <Value0>36135</Value0>
                <Value1>0</Value1>
              </Entry>
            </Values>
            <Value0>147458</Value0>
            <Value1>458752</Value1>
          </Entry>
        </Unknown>
        <Dialogs>
          <Dialog>○○○○○○○○</Dialog>
          <Dialog>▲小早川＊▲.
Are you looking for something
for your brother？</Dialog>
          <Dialog>小早川</Dialog>
          <Dialog>Ah, yeah... He wants a
different item this time.</Dialog>
          <Dialog>You spoiled him.</Dialog>
          <Dialog>Urgh... Just this time.</Dialog>
          <Dialog>Are you sure？</Dialog>
          <Dialog>My brother is just so cute. I
can't help it.</Dialog>
        </Dialogs>
      </SDL2>
    </Entry>
    <Entry Unknown0="3485382051" Unknown1="3481371260">
      <SDL2 Key="3278223497">
        <Unknown>
          <Entry>
            <Values />
            <Value0>147456</Value0>
            <Value1>65536</Value1>
          </Entry>
          <Entry>
            <Values>
              <Entry>
                <Value0>36136</Value0>
                <Value1>0</Value1>
              </Entry>
            </Values>
            <Value0>147458</Value0>
            <Value1>196608</Value1>
          </Entry>
          <Entry>
            <Values />
            <Value0>147456</Value0>
            <Value1>262144</Value1>
          </Entry>
          <Entry>
            <Values>
              <Entry>
                <Value0>36137</Value0>
                <Value1>0</Value1>
              </Entry>
            </Values>
            <Value0>147458</Value0>
            <Value1>327680</Value1>
          </Entry>
          <Entry>
            <Values />
            <Value0>147456</Value0>
            <Value1>393216</Value1>
          </Entry>
          <Entry>
            <Values>
              <Entry>
                <Value0>36138</Value0>
                <Value1>0</Value1>
              </Entry>
            </Values>
            <Value0>147458</Value0>
            <Value1>458752</Value1>
          </Entry>
          <Entry>
            <Values />
            <Value0>147456</Value0>
            <Value1>524288</Value1>
          </Entry>
        </Unknown>
        <Dialogs>
          <Dialog>○○○○○○○○</Dialog>
          <Dialog>Ah,
▲小早川＊▲.
Are you here to shop again？</Dialog>
          <Dialog>小早川</Dialog>
          <Dialog>How should I say this...？</Dialog>
          <Dialog>？</Dialog>
          <Dialog>Why are you always here, all
the time？</Dialog>
          <Dialog>That's...</Dialog>
          <Dialog>Hmm...？</Dialog>
          <Dialog>B-Bye now！</Dialog>
        </Dialogs>
      </SDL2>
    </Entry>
    <Entry Unknown0="318695672" Unknown1="2279462844">
      <SDL2 Key="3047637575">
        <Unknown>
          <Entry>
            <Values>
              <Entry>
                <Value0>36139</Value0>
                <Value1>0</Value1>
              </Entry>
            </Values>
            <Value0>147456</Value0>
            <Value1>65536</Value1>
          </Entry>
          <Entry>
            <Values />
            <Value0>147458</Value0>
            <Value1>196608</Value1>
          </Entry>
          <Entry>
            <Values />
            <Value0>147458</Value0>
            <Value1>262144</Value1>
          </Entry>
          <Entry>
            <Values>
              <Entry>
                <Value0>36140</Value0>
                <Value1>0</Value1>
              </Entry>
            </Values>
            <Value0>147456</Value0>
            <Value1>327680</Value1>
          </Entry>
          <Entry>
            <Values />
            <Value0>147458</Value0>
            <Value1>393216</Value1>
          </Entry>
          <Entry>
            <Values>
              <Entry>
                <Value0>36141</Value0>
                <Value1>0</Value1>
              </Entry>
            </Values>
            <Value0>147456</Value0>
            <Value1>458752</Value1>
          </Entry>
          <Entry>
            <Values />
            <Value0>147458</Value0>
            <Value1>524288</Value1>
          </Entry>
          <Entry>
            <Values>
              <Entry>
                <Value0>36142</Value0>
                <Value1>0</Value1>
              </Entry>
            </Values>
            <Value0>147456</Value0>
            <Value1>589824</Value1>
          </Entry>
          <Entry>
            <Values />
            <Value0>147458</Value0>
            <Value1>655360</Value1>
          </Entry>
          <Entry>
            <Values>
              <Entry>
                <Value0>36143</Value0>
                <Value1>0</Value1>
              </Entry>
            </Values>
            <Value0>147456</Value0>
            <Value1>720896</Value1>
          </Entry>
          <Entry>
            <Values />
            <Value0>147458</Value0>
            <Value1>786432</Value1>
          </Entry>
        </Unknown>
        <Dialogs>
          <Dialog>小早川</Dialog>
          <Dialog>What are you doing here？</Dialog>
          <Dialog>○○○○○○○○</Dialog>
          <Dialog>Whoa！
▲小早川＊▲！？
No, I was just passing by...！</Dialog>
          <Dialog>And what is
▲小早川＊▲
doing here！？</Dialog>
          <Dialog>There's a maniac record store
in this building. So I just
visited.</Dialog>
          <Dialog>Is that so？ I see...</Dialog>
          <Dialog>And, how about you？</Dialog>
          <Dialog>Um, my dentist's office is in
this building. I'm on my way
to visit him.</Dialog>
          <Dialog>Huh？ You got cavities？</Dialog>
          <Dialog>Yeah, right. And I also come
for my regular checkup.</Dialog>
          <Dialog>You even took a train to visit
a dentist？</Dialog>
          <Dialog>Y-Yeah. It has to be this
dentist！ Bye now！</Dialog>
        </Dialogs>
      </SDL2>
    </Entry>
    <Entry Unknown0="1381582136" Unknown1="1664227095">
      <SDL2 Key="2104079661">
        <Unknown>
          <Entry>
            <Values>
              <Entry>
                <Value0>36144</Value0>
                <Value1>0</Value1>
              </Entry>
            </Values>
            <Value0>147456</Value0>
            <Value1>65536</Value1>
          </Entry>
          <Entry>
            <Values />
            <Value0>147458</Value0>
            <Value1>196608</Value1>
          </Entry>
          <Entry>
            <Values>
              <Entry>
                <Value0>36145</Value0>
                <Value1>0</Value1>
              </Entry>
            </Values>
            <Value0>147456</Value0>
            <Value1>262144</Value1>
          </Entry>
          <Entry>
            <Values />
            <Value0>147458</Value0>
            <Value1>327680</Value1>
          </Entry>
          <Entry>
            <Values>
              <Entry>
                <Value0>36146</Value0>
                <Value1>0</Value1>
              </Entry>
            </Values>
            <Value0>147456</Value0>
            <Value1>393216</Value1>
          </Entry>
          <Entry>
            <Values />
            <Value0>147458</Value0>
            <Value1>458752</Value1>
          </Entry>
        </Unknown>
        <Dialogs>
          <Dialog>小早川</Dialog>
          <Dialog>You're here again...</Dialog>
          <Dialog>○○○○○○○○</Dialog>
          <Dialog>Oh,
▲小早川＊▲！？</Dialog>
          <Dialog>Do you have anything you want
to tell Rinko？</Dialog>
          <Dialog>T-There's a shortcut here that
leads to many places. It's so
convenient！</Dialog>
          <Dialog>Huh？ So, you're actually just
passing by？</Dialog>
          <Dialog>Of course！ I have to hurry
now.</Dialog>
        </Dialogs>
      </SDL2>
    </Entry>
    <Entry Unknown0="3215885715" Unknown1="3513938540">
      <SDL2 Key="2104079661">
        <Unknown>
          <Entry>
            <Values>
              <Entry>
                <Value0>4294901761</Value0>
                <Value1>0</Value1>
              </Entry>
            </Values>
            <Value0>147456</Value0>
            <Value1>65536</Value1>
          </Entry>
          <Entry>
            <Values />
            <Value0>147458</Value0>
            <Value1>196608</Value1>
          </Entry>
          <Entry>
            <Values>
              <Entry>
                <Value0>36147</Value0>
                <Value1>0</Value1>
              </Entry>
            </Values>
            <Value0>147456</Value0>
            <Value1>262144</Value1>
          </Entry>
          <Entry>
            <Values />
            <Value0>147458</Value0>
            <Value1>327680</Value1>
          </Entry>
          <Entry>
            <Values>
              <Entry>
                <Value0>36148</Value0>
                <Value1>0</Value1>
              </Entry>
            </Values>
            <Value0>147456</Value0>
            <Value1>393216</Value1>
          </Entry>
        </Unknown>
        <Dialogs>
          <Dialog>小早川</Dialog>
          <Dialog>▲主人公＊▲.</Dialog>
          <Dialog>○○○○○○○○</Dialog>
          <Dialog>Whoa！</Dialog>
          <Dialog>Can I ask a question？</Dialog>
          <Dialog>Sorry, you can't. I'm in a
hurry！</Dialog>
          <Dialog>Are you running away！？</Dialog>
        </Dialogs>
      </SDL2>
    </Entry>
    <Entry Unknown0="49215720" Unknown1="2848769964">
      <SDL2 Key="2104079661">
        <Unknown>
          <Entry>
            <Values>
              <Entry>
                <Value0>4294901761</Value0>
                <Value1>0</Value1>
              </Entry>
            </Values>
            <Value0>147456</Value0>
            <Value1>65536</Value1>
          </Entry>
          <Entry>
            <Values />
            <Value0>147458</Value0>
            <Value1>196608</Value1>
          </Entry>
          <Entry>
            <Values />
            <Value0>147458</Value0>
            <Value1>262144</Value1>
          </Entry>
          <Entry>
            <Values>
              <Entry>
                <Value0>39922</Value0>
                <Value1>0</Value1>
              </Entry>
            </Values>
            <Value0>147456</Value0>
            <Value1>327680</Value1>
          </Entry>
          <Entry>
            <Values />
            <Value0>147458</Value0>
            <Value1>393216</Value1>
          </Entry>
          <Entry>
            <Values>
              <Entry>
                <Value0>33550</Value0>
                <Value1>0</Value1>
              </Entry>
            </Values>
            <Value0>147456</Value0>
            <Value1>458752</Value1>
          </Entry>
          <Entry>
            <Values />
            <Value0>147458</Value0>
            <Value1>524288</Value1>
          </Entry>
          <Entry>
            <Values>
              <Entry>
                <Value0>35714</Value0>
                <Value1>0</Value1>
              </Entry>
            </Values>
            <Value0>147456</Value0>
            <Value1>589824</Value1>
          </Entry>
        </Unknown>
        <Dialogs>
          <Dialog>小早川</Dialog>
          <Dialog>▲主人公＊▲.</Dialog>
          <Dialog>○○○○○○○○</Dialog>
          <Dialog>？</Dialog>
          <Dialog>▲小早川＊▲.
Are you taking a walk？</Dialog>
          <Dialog>Yeah, a little bit.</Dialog>
          <Dialog>Oh, I'd better go.</Dialog>
          <Dialog>Hmm...</Dialog>
          <Dialog>Bye.</Dialog>
          <Dialog>Bye-bye.</Dialog>
        </Dialogs>
      </SDL2>
    </Entry>
    <Entry Unknown0="1112102184" Unknown1="1277167367">
      <SDL2 Key="2645159032">
        <Unknown>
          <Entry>
            <Values>
              <Entry>
                <Value0>4294901761</Value0>
                <Value1>0</Value1>
              </Entry>
            </Values>
            <Value0>147456</Value0>
            <Value1>65536</Value1>
          </Entry>
          <Entry>
            <Values />
            <Value0>147458</Value0>
            <Value1>196608</Value1>
          </Entry>
          <Entry>
            <Values />
            <Value0>147458</Value0>
            <Value1>262144</Value1>
          </Entry>
          <Entry>
            <Values>
              <Entry>
                <Value0>39924</Value0>
                <Value1>0</Value1>
              </Entry>
            </Values>
            <Value0>147456</Value0>
            <Value1>327680</Value1>
          </Entry>
          <Entry>
            <Values />
            <Value0>147458</Value0>
            <Value1>393216</Value1>
          </Entry>
          <Entry>
            <Values>
              <Entry>
                <Value0>40080</Value0>
                <Value1>0</Value1>
              </Entry>
            </Values>
            <Value0>147456</Value0>
            <Value1>458752</Value1>
          </Entry>
          <Entry>
            <Values />
            <Value0>147458</Value0>
            <Value1>524288</Value1>
          </Entry>
          <Entry>
            <Values>
              <Entry>
                <Value0>35502</Value0>
                <Value1>0</Value1>
              </Entry>
            </Values>
            <Value0>147456</Value0>
            <Value1>589824</Value1>
          </Entry>
        </Unknown>
        <Dialogs>
          <Dialog>小早川</Dialog>
          <Dialog>▲主人公＊▲.</Dialog>
          <Dialog>○○○○○○○○</Dialog>
          <Dialog>？</Dialog>
          <Dialog>Yo,
▲小早川＊▲.</Dialog>
          <Dialog>I knew it was you when I saw
you from afar.</Dialog>
          <Dialog>Oh, I'd better go.</Dialog>
          <Dialog>Really？</Dialog>
          <Dialog>Bye.</Dialog>
          <Dialog>See you later.</Dialog>
        </Dialogs>
      </SDL2>
    </Entry>
    <Entry Unknown0="2946405763" Unknown1="425812572">
      <SDL2 Key="2645159032">
        <Unknown>
          <Entry>
            <Values>
              <Entry>
                <Value0>4294901761</Value0>
                <Value1>0</Value1>
              </Entry>
            </Values>
            <Value0>147456</Value0>
            <Value1>65536</Value1>
          </Entry>
          <Entry>
            <Values />
            <Value0>147458</Value0>
            <Value1>196608</Value1>
          </Entry>
          <Entry>
            <Values>
              <Entry>
                <Value0>39927</Value0>
                <Value1>0</Value1>
              </Entry>
            </Values>
            <Value0>147456</Value0>
            <Value1>262144</Value1>
          </Entry>
          <Entry>
            <Values />
            <Value0>147458</Value0>
            <Value1>327680</Value1>
          </Entry>
          <Entry>
            <Values>
              <Entry>
                <Value0>37279</Value0>
                <Value1>0</Value1>
              </Entry>
            </Values>
            <Value0>147456</Value0>
            <Value1>393216</Value1>
          </Entry>
          <Entry>
            <Values />
            <Value0>147458</Value0>
            <Value1>458752</Value1>
          </Entry>
          <Entry>
            <Values>
              <Entry>
                <Value0>35510</Value0>
                <Value1>0</Value1>
              </Entry>
            </Values>
            <Value0>147456</Value0>
            <Value1>524288</Value1>
          </Entry>
        </Unknown>
        <Dialogs>
          <Dialog>小早川</Dialog>
          <Dialog>▲主人公＊▲.</Dialog>
          <Dialog>○○○○○○○○</Dialog>
          <Dialog>▲小早川＊▲.
What is it？</Dialog>
          <Dialog>Hehe. I saw you from afar.</Dialog>
          <Dialog>Oh, I'd better go.</Dialog>
          <Dialog>Okay. I know.</Dialog>
          <Dialog>Bye.</Dialog>
          <Dialog>Bye-bye.</Dialog>
        </Dialogs>
      </SDL2>
    </Entry>
  </Entries>
</DBIN2>