<?xml version="1.0" encoding="utf-8"?>
<DBIN2 xmlns:xsi="http://www.w3.org/2001/XMLSchema-instance" xmlns:xsd="http://www.w3.org/2001/XMLSchema" Key="4286540181" Unknown="24">
  <Entries>
    <Entry Unknown0="1870304611" Unknown1="2039374456">
      <SDL2 Key="700044435">
        <Unknown>
          <Entry>
            <Values>
              <Entry>
                <Value0>36548</Value0>
                <Value1>0</Value1>
              </Entry>
            </Values>
            <Value0>147456</Value0>
            <Value1>65536</Value1>
          </Entry>
          <Entry>
            <Values />
            <Value0>147458</Value0>
            <Value1>196608</Value1>
          </Entry>
          <Entry>
            <Values>
              <Entry>
                <Value0>36549</Value0>
                <Value1>0</Value1>
              </Entry>
            </Values>
            <Value0>147456</Value0>
            <Value1>262144</Value1>
          </Entry>
          <Entry>
            <Values />
            <Value0>147458</Value0>
            <Value1>327680</Value1>
          </Entry>
          <Entry>
            <Values>
              <Entry>
                <Value0>36550</Value0>
                <Value1>0</Value1>
              </Entry>
            </Values>
            <Value0>147456</Value0>
            <Value1>393216</Value1>
          </Entry>
          <Entry>
            <Values />
            <Value0>147458</Value0>
            <Value1>458752</Value1>
          </Entry>
          <Entry>
            <Values>
              <Entry>
                <Value0>36551</Value0>
                <Value1>0</Value1>
              </Entry>
            </Values>
            <Value0>147456</Value0>
            <Value1>524288</Value1>
          </Entry>
          <Entry>
            <Values />
            <Value0>147458</Value0>
            <Value1>589824</Value1>
          </Entry>
          <Entry>
            <Values>
              <Entry>
                <Value0>36552</Value0>
                <Value1>0</Value1>
              </Entry>
            </Values>
            <Value0>147456</Value0>
            <Value1>655360</Value1>
          </Entry>
          <Entry>
            <Values />
            <Value0>147458</Value0>
            <Value1>720896</Value1>
          </Entry>
          <Entry>
            <Values>
              <Entry>
                <Value0>36553</Value0>
                <Value1>0</Value1>
              </Entry>
            </Values>
            <Value0>147456</Value0>
            <Value1>786432</Value1>
          </Entry>
        </Unknown>
        <Dialogs>
          <Dialog>小早川</Dialog>
          <Dialog>Have you gotten used to
working as a library committee
member？</Dialog>
          <Dialog>○○○○○○○○</Dialog>
          <Dialog>Well, I think I'm still trying
to get things to work out.</Dialog>
          <Dialog>Yeah. You seem pretty serious
about it, which surprises me.</Dialog>
          <Dialog>Saying that it surprises you
sounds a little rude.</Dialog>
          <Dialog>Well, I've wanted to ask you
this for a while. Why did you
join the library committee？</Dialog>
          <Dialog>Umm... And how about you,
▲小早川＊▲？
Because you like books, huh？</Dialog>
          <Dialog>Not really. It's just... In
the past, I didn't like to go
home. That's why.</Dialog>
          <Dialog>I see. But you're still doing
committee work, right？</Dialog>
          <Dialog>That's... because...
currently, I... ...You know.</Dialog>
          <Dialog>？</Dialog>
          <Dialog>I said "you know" so you
should know it... You wanna be
kicked？</Dialog>
        </Dialogs>
      </SDL2>
    </Entry>
    <Entry Unknown0="2122990708" Unknown1="2287825800">
      <SDL2 Key="700044435">
        <Unknown>
          <Entry>
            <Values>
              <Entry>
                <Value0>36554</Value0>
                <Value1>0</Value1>
              </Entry>
            </Values>
            <Value0>147456</Value0>
            <Value1>65536</Value1>
          </Entry>
          <Entry>
            <Values />
            <Value0>147458</Value0>
            <Value1>196608</Value1>
          </Entry>
          <Entry>
            <Values>
              <Entry>
                <Value0>36555</Value0>
                <Value1>0</Value1>
              </Entry>
            </Values>
            <Value0>147456</Value0>
            <Value1>262144</Value1>
          </Entry>
          <Entry>
            <Values />
            <Value0>147458</Value0>
            <Value1>327680</Value1>
          </Entry>
          <Entry>
            <Values>
              <Entry>
                <Value0>36556</Value0>
                <Value1>0</Value1>
              </Entry>
            </Values>
            <Value0>147456</Value0>
            <Value1>393216</Value1>
          </Entry>
          <Entry>
            <Values />
            <Value0>147458</Value0>
            <Value1>458752</Value1>
          </Entry>
          <Entry>
            <Values>
              <Entry>
                <Value0>36557</Value0>
                <Value1>0</Value1>
              </Entry>
            </Values>
            <Value0>147456</Value0>
            <Value1>524288</Value1>
          </Entry>
          <Entry>
            <Values />
            <Value0>147458</Value0>
            <Value1>589824</Value1>
          </Entry>
          <Entry>
            <Values>
              <Entry>
                <Value0>36558</Value0>
                <Value1>0</Value1>
              </Entry>
            </Values>
            <Value0>147456</Value0>
            <Value1>655360</Value1>
          </Entry>
          <Entry>
            <Values />
            <Value0>147458</Value0>
            <Value1>720896</Value1>
          </Entry>
          <Entry>
            <Values>
              <Entry>
                <Value0>36559</Value0>
                <Value1>0</Value1>
              </Entry>
            </Values>
            <Value0>147456</Value0>
            <Value1>786432</Value1>
          </Entry>
          <Entry>
            <Values />
            <Value0>147458</Value0>
            <Value1>851968</Value1>
          </Entry>
        </Unknown>
        <Dialogs>
          <Dialog>小早川</Dialog>
          <Dialog>Hey, I also asked others why
they've become library
committees.</Dialog>
          <Dialog>○○○○○○○○</Dialog>
          <Dialog>...You're still dwelling on
it, huh？</Dialog>
          <Dialog>Sort of. But I found someone
with a very strong motivation.</Dialog>
          <Dialog>A strong motivation？</Dialog>
          <Dialog>He joined the library
committee because he planned
to read all the books in the
library.</Dialog>
          <Dialog>All the books！？ That's
amazing...</Dialog>
          <Dialog>Really amazing. He also read
Japanese dictionaries and
English-Japanese dictionaries.
Even Rinko is amazed by that.</Dialog>
          <Dialog>Eh...？ Don't ever think about
finding some indecent vocabs
from the dictionary yourself！</Dialog>
          <Dialog>Who'd do that...？</Dialog>
          <Dialog>Sorry... Well, it's what us
guys like to play！</Dialog>
          <Dialog>You mean "perverted" guys,
don't you？</Dialog>
          <Dialog>I'm sorry...</Dialog>
        </Dialogs>
      </SDL2>
    </Entry>
    <Entry Unknown0="2388227460" Unknown1="1382974295">
      <SDL2 Key="1541937917">
        <Unknown>
          <Entry>
            <Values>
              <Entry>
                <Value0>36560</Value0>
                <Value1>0</Value1>
              </Entry>
            </Values>
            <Value0>147456</Value0>
            <Value1>65536</Value1>
          </Entry>
          <Entry>
            <Values />
            <Value0>147458</Value0>
            <Value1>196608</Value1>
          </Entry>
          <Entry>
            <Values>
              <Entry>
                <Value0>36561</Value0>
                <Value1>0</Value1>
              </Entry>
            </Values>
            <Value0>147456</Value0>
            <Value1>262144</Value1>
          </Entry>
          <Entry>
            <Values>
              <Entry>
                <Value0>36562</Value0>
                <Value1>0</Value1>
              </Entry>
            </Values>
            <Value0>147456</Value0>
            <Value1>327680</Value1>
          </Entry>
          <Entry>
            <Values />
            <Value0>147458</Value0>
            <Value1>393216</Value1>
          </Entry>
          <Entry>
            <Values>
              <Entry>
                <Value0>36563</Value0>
                <Value1>0</Value1>
              </Entry>
            </Values>
            <Value0>147456</Value0>
            <Value1>458752</Value1>
          </Entry>
          <Entry>
            <Values />
            <Value0>147458</Value0>
            <Value1>524288</Value1>
          </Entry>
          <Entry>
            <Values>
              <Entry>
                <Value0>36564</Value0>
                <Value1>0</Value1>
              </Entry>
            </Values>
            <Value0>147456</Value0>
            <Value1>589824</Value1>
          </Entry>
          <Entry>
            <Values />
            <Value0>147458</Value0>
            <Value1>655360</Value1>
          </Entry>
          <Entry>
            <Values>
              <Entry>
                <Value0>36565</Value0>
                <Value1>0</Value1>
              </Entry>
            </Values>
            <Value0>147456</Value0>
            <Value1>720896</Value1>
          </Entry>
          <Entry>
            <Values />
            <Value0>147458</Value0>
            <Value1>786432</Value1>
          </Entry>
        </Unknown>
        <Dialogs>
          <Dialog>小早川</Dialog>
          <Dialog>We have a survey box in the
library, right？</Dialog>
          <Dialog>○○○○○○○○</Dialog>
          <Dialog>...Ah, we had one. So, what
about it？</Dialog>
          <Dialog>There's this upperclassman
who's in charge of writing the
library newsletter.</Dialog>
          <Dialog>She wanted to write something
based on the survey, but it
seems like no one submitted
anything.</Dialog>
          <Dialog>Well, I've never seen anyone
putting any comments in it.</Dialog>
          <Dialog>That's why she asked Rinko and
the other first year students
to submit some comments.</Dialog>
          <Dialog>Which means those would be
fake comments, right？ Will
she be able to write an
article from that？</Dialog>
          <Dialog>Anyway, I've submitted some
suggestions.</Dialog>
          <Dialog>What did you write？</Dialog>
          <Dialog>I asked that the library
should have "The Complete
Guide to Cheating" book
available.</Dialog>
          <Dialog>(What kind of book is
that...？)</Dialog>
        </Dialogs>
      </SDL2>
    </Entry>
    <Entry Unknown0="1600808275" Unknown1="1652445800">
      <SDL2 Key="1541937917">
        <Unknown>
          <Entry>
            <Values />
            <Value0>147456</Value0>
            <Value1>65536</Value1>
          </Entry>
          <Entry>
            <Values>
              <Entry>
                <Value0>36566</Value0>
                <Value1>0</Value1>
              </Entry>
            </Values>
            <Value0>147458</Value0>
            <Value1>196608</Value1>
          </Entry>
          <Entry>
            <Values />
            <Value0>147456</Value0>
            <Value1>262144</Value1>
          </Entry>
          <Entry>
            <Values>
              <Entry>
                <Value0>36567</Value0>
                <Value1>0</Value1>
              </Entry>
            </Values>
            <Value0>147458</Value0>
            <Value1>327680</Value1>
          </Entry>
          <Entry>
            <Values />
            <Value0>147456</Value0>
            <Value1>393216</Value1>
          </Entry>
          <Entry>
            <Values>
              <Entry>
                <Value0>36568</Value0>
                <Value1>0</Value1>
              </Entry>
            </Values>
            <Value0>147458</Value0>
            <Value1>458752</Value1>
          </Entry>
          <Entry>
            <Values />
            <Value0>147456</Value0>
            <Value1>524288</Value1>
          </Entry>
          <Entry>
            <Values>
              <Entry>
                <Value0>36569</Value0>
                <Value1>0</Value1>
              </Entry>
            </Values>
            <Value0>147458</Value0>
            <Value1>589824</Value1>
          </Entry>
          <Entry>
            <Values>
              <Entry>
                <Value0>36570</Value0>
                <Value1>0</Value1>
              </Entry>
            </Values>
            <Value0>147458</Value0>
            <Value1>655360</Value1>
          </Entry>
          <Entry>
            <Values />
            <Value0>147456</Value0>
            <Value1>720896</Value1>
          </Entry>
          <Entry>
            <Values>
              <Entry>
                <Value0>36571</Value0>
                <Value1>0</Value1>
              </Entry>
            </Values>
            <Value0>147458</Value0>
            <Value1>786432</Value1>
          </Entry>
          <Entry>
            <Values />
            <Value0>147456</Value0>
            <Value1>851968</Value1>
          </Entry>
        </Unknown>
        <Dialogs>
          <Dialog>○○○○○○○○</Dialog>
          <Dialog>By the way, did fake comments
plan for the survey box go
well？</Dialog>
          <Dialog>小早川</Dialog>
          <Dialog>The upperclassman who was in
charge of writing the
newsletter got scolded by the
teacher.</Dialog>
          <Dialog>Was the fake comments plan
exposed？</Dialog>
          <Dialog>No, no. It was because of
Rinko's suggestion.</Dialog>
          <Dialog>There's no way a school's
library would have "The
Complete Guide to Cheating"
book available...</Dialog>
          <Dialog>I submitted it as a joke. Who
would have known she'd
actually use it...</Dialog>
          <Dialog>That was really bad...</Dialog>
          <Dialog>Anyway, next is your turn to
write the comments.</Dialog>
          <Dialog>Have you thought about it？</Dialog>
          <Dialog>Well... How about "Please make
more private reading rooms"？
We can use them when we want
to nap, too.</Dialog>
          <Dialog>In that case, just go home and
sleep.</Dialog>
          <Dialog>Okay...</Dialog>
        </Dialogs>
      </SDL2>
    </Entry>
    <Entry Unknown0="1853510756" Unknown1="1833788280">
      <SDL2 Key="2066231641">
        <Unknown>
          <Entry>
            <Values>
              <Entry>
                <Value0>36572</Value0>
                <Value1>0</Value1>
              </Entry>
            </Values>
            <Value0>147456</Value0>
            <Value1>65536</Value1>
          </Entry>
          <Entry>
            <Values />
            <Value0>147458</Value0>
            <Value1>196608</Value1>
          </Entry>
          <Entry>
            <Values>
              <Entry>
                <Value0>36573</Value0>
                <Value1>0</Value1>
              </Entry>
            </Values>
            <Value0>147456</Value0>
            <Value1>262144</Value1>
          </Entry>
          <Entry>
            <Values />
            <Value0>147458</Value0>
            <Value1>327680</Value1>
          </Entry>
          <Entry>
            <Values>
              <Entry>
                <Value0>36574</Value0>
                <Value1>0</Value1>
              </Entry>
            </Values>
            <Value0>147456</Value0>
            <Value1>393216</Value1>
          </Entry>
          <Entry>
            <Values>
              <Entry>
                <Value0>36575</Value0>
                <Value1>0</Value1>
              </Entry>
            </Values>
            <Value0>147456</Value0>
            <Value1>458752</Value1>
          </Entry>
          <Entry>
            <Values />
            <Value0>147458</Value0>
            <Value1>524288</Value1>
          </Entry>
          <Entry>
            <Values>
              <Entry>
                <Value0>36576</Value0>
                <Value1>0</Value1>
              </Entry>
            </Values>
            <Value0>147456</Value0>
            <Value1>589824</Value1>
          </Entry>
          <Entry>
            <Values />
            <Value0>147458</Value0>
            <Value1>655360</Value1>
          </Entry>
          <Entry>
            <Values>
              <Entry>
                <Value0>36577</Value0>
                <Value1>0</Value1>
              </Entry>
            </Values>
            <Value0>147456</Value0>
            <Value1>720896</Value1>
          </Entry>
          <Entry>
            <Values />
            <Value0>147458</Value0>
            <Value1>786432</Value1>
          </Entry>
          <Entry>
            <Values>
              <Entry>
                <Value0>36578</Value0>
                <Value1>0</Value1>
              </Entry>
            </Values>
            <Value0>147456</Value0>
            <Value1>851968</Value1>
          </Entry>
          <Entry>
            <Values />
            <Value0>147458</Value0>
            <Value1>917504</Value1>
          </Entry>
        </Unknown>
        <Dialogs>
          <Dialog>小早川</Dialog>
          <Dialog>By the way, the library
committee will be holding a
reading marathon.</Dialog>
          <Dialog>○○○○○○○○</Dialog>
          <Dialog>Reading marathon？</Dialog>
          <Dialog>They'll find who can read the
most books within a limited
time.</Dialog>
          <Dialog>That's such a weird contest.</Dialog>
          <Dialog>They compete by the number...
Don't you think the books'
contents are more important？</Dialog>
          <Dialog>Instead of a marathon, it'd be
fun to have reading long jump,
reading pole vault jump, or
reading hammer throwing.</Dialog>
          <Dialog>How could people do that！？</Dialog>
          <Dialog>Don't think that it's none of
your business. All the
committee members have to
participate in this.</Dialog>
          <Dialog>Really？</Dialog>
          <Dialog>It's good for you to start
reading, isn't it？</Dialog>
          <Dialog>I might not look like it, but
I actually read a lot of
books, such as...</Dialog>
          <Dialog>Comic books don't count, you
know？</Dialog>
          <Dialog>Yeah...</Dialog>
        </Dialogs>
      </SDL2>
    </Entry>
    <Entry Unknown0="2118731124" Unknown1="1566470983">
      <SDL2 Key="2066231641">
        <Unknown>
          <Entry>
            <Values>
              <Entry>
                <Value0>36579</Value0>
                <Value1>0</Value1>
              </Entry>
            </Values>
            <Value0>147456</Value0>
            <Value1>65536</Value1>
          </Entry>
          <Entry>
            <Values />
            <Value0>147458</Value0>
            <Value1>196608</Value1>
          </Entry>
          <Entry>
            <Values>
              <Entry>
                <Value0>36580</Value0>
                <Value1>0</Value1>
              </Entry>
            </Values>
            <Value0>147456</Value0>
            <Value1>262144</Value1>
          </Entry>
          <Entry>
            <Values />
            <Value0>147458</Value0>
            <Value1>327680</Value1>
          </Entry>
          <Entry>
            <Values>
              <Entry>
                <Value0>36581</Value0>
                <Value1>0</Value1>
              </Entry>
            </Values>
            <Value0>147456</Value0>
            <Value1>393216</Value1>
          </Entry>
          <Entry>
            <Values />
            <Value0>147458</Value0>
            <Value1>458752</Value1>
          </Entry>
          <Entry>
            <Values>
              <Entry>
                <Value0>36582</Value0>
                <Value1>0</Value1>
              </Entry>
            </Values>
            <Value0>147456</Value0>
            <Value1>524288</Value1>
          </Entry>
          <Entry>
            <Values />
            <Value0>147458</Value0>
            <Value1>589824</Value1>
          </Entry>
          <Entry>
            <Values>
              <Entry>
                <Value0>36583</Value0>
                <Value1>0</Value1>
              </Entry>
              <Entry>
                <Value0>36584</Value0>
                <Value1>1000</Value1>
              </Entry>
            </Values>
            <Value0>147456</Value0>
            <Value1>655360</Value1>
          </Entry>
          <Entry>
            <Values />
            <Value0>147458</Value0>
            <Value1>720896</Value1>
          </Entry>
          <Entry>
            <Values>
              <Entry>
                <Value0>36585</Value0>
                <Value1>0</Value1>
              </Entry>
            </Values>
            <Value0>147456</Value0>
            <Value1>786432</Value1>
          </Entry>
          <Entry>
            <Values />
            <Value0>147458</Value0>
            <Value1>851968</Value1>
          </Entry>
        </Unknown>
        <Dialogs>
          <Dialog>小早川</Dialog>
          <Dialog>The reading marathon has
started. Have you started
reading something？</Dialog>
          <Dialog>○○○○○○○○</Dialog>
          <Dialog>Yeah！ I've already read about
20 pages...</Dialog>
          <Dialog>So, you haven't really read
anything, huh？ Rinko is stuck
at the third book now.</Dialog>
          <Dialog>I see... You really read
something, huh？</Dialog>
          <Dialog>I used to have lots of time to
read, but I don't have that
much time anymore.</Dialog>
          <Dialog>Why？</Dialog>
          <Dialog>I have to spend time with you,
right？</Dialog>
          <Dialog>I see... Right！ We can read
books during our dates. We can
also exchange each other's
favorite books to read.</Dialog>
          <Dialog>I'll pass. It'd be a waste to
read books when I can be
together with you.</Dialog>
          <Dialog>▲小早川＊▲...</Dialog>
          <Dialog>Don't smile like that！</Dialog>
          <Dialog>(I'm not smiling！)</Dialog>
        </Dialogs>
      </SDL2>
    </Entry>
    <Entry Unknown0="1331328323" Unknown1="1198408280">
      <SDL2 Key="2066231641">
        <Unknown>
          <Entry>
            <Values>
              <Entry>
                <Value0>36586</Value0>
                <Value1>0</Value1>
              </Entry>
            </Values>
            <Value0>147456</Value0>
            <Value1>65536</Value1>
          </Entry>
          <Entry>
            <Values />
            <Value0>147458</Value0>
            <Value1>196608</Value1>
          </Entry>
          <Entry>
            <Values>
              <Entry>
                <Value0>36587</Value0>
                <Value1>0</Value1>
              </Entry>
            </Values>
            <Value0>147456</Value0>
            <Value1>262144</Value1>
          </Entry>
          <Entry>
            <Values />
            <Value0>147458</Value0>
            <Value1>327680</Value1>
          </Entry>
          <Entry>
            <Values>
              <Entry>
                <Value0>36588</Value0>
                <Value1>0</Value1>
              </Entry>
            </Values>
            <Value0>147456</Value0>
            <Value1>393216</Value1>
          </Entry>
          <Entry>
            <Values />
            <Value0>147458</Value0>
            <Value1>458752</Value1>
          </Entry>
          <Entry>
            <Values />
            <Value0>147458</Value0>
            <Value1>524288</Value1>
          </Entry>
          <Entry>
            <Values>
              <Entry>
                <Value0>36589</Value0>
                <Value1>0</Value1>
              </Entry>
            </Values>
            <Value0>147456</Value0>
            <Value1>589824</Value1>
          </Entry>
          <Entry>
            <Values>
              <Entry>
                <Value0>36590</Value0>
                <Value1>0</Value1>
              </Entry>
            </Values>
            <Value0>147456</Value0>
            <Value1>655360</Value1>
          </Entry>
          <Entry>
            <Values>
              <Entry>
                <Value0>36591</Value0>
                <Value1>0</Value1>
              </Entry>
            </Values>
            <Value0>147456</Value0>
            <Value1>720896</Value1>
          </Entry>
          <Entry>
            <Values />
            <Value0>147458</Value0>
            <Value1>786432</Value1>
          </Entry>
        </Unknown>
        <Dialogs>
          <Dialog>小早川</Dialog>
          <Dialog>About the library's survey
box.</Dialog>
          <Dialog>○○○○○○○○</Dialog>
          <Dialog>Yeah？</Dialog>
          <Dialog>There are some fools that
requested the library to buy
comic books.</Dialog>
          <Dialog>Comic books？ I think that's a
good idea.</Dialog>
          <Dialog>No. We shouldn't be too
lenient to allow such things.</Dialog>
          <Dialog>Comic books aren't bad at all.
There are many famous people
who succeeded in their careers
with influence of comic books.</Dialog>
          <Dialog>Like, Jankees' Ichitaro. He
read "The Left-Handed League"
and now he had become a pro
baseball player.</Dialog>
          <Dialog>Rinko also reads a comic
series called "NENE！"</Dialog>
          <Dialog>But it's bad to have a lot of
people come to the library to
read them. A library is
supposed to be a quiet
place...</Dialog>
          <Dialog>At any rate, Rinko will not
compromise with this idea.
It'll be total objection.</Dialog>
          <Dialog>(Should I go along with her or
not...？)</Dialog>
        </Dialogs>
      </SDL2>
    </Entry>
    <Entry Unknown0="1584014420" Unknown1="1983730536">
      <SDL2 Key="2066231641">
        <Unknown>
          <Entry>
            <Values />
            <Value0>147456</Value0>
            <Value1>65536</Value1>
          </Entry>
          <Entry>
            <Values>
              <Entry>
                <Value0>36592</Value0>
                <Value1>0</Value1>
              </Entry>
            </Values>
            <Value0>147458</Value0>
            <Value1>196608</Value1>
          </Entry>
          <Entry>
            <Values />
            <Value0>147456</Value0>
            <Value1>262144</Value1>
          </Entry>
          <Entry>
            <Values>
              <Entry>
                <Value0>36593</Value0>
                <Value1>0</Value1>
              </Entry>
            </Values>
            <Value0>147458</Value0>
            <Value1>327680</Value1>
          </Entry>
          <Entry>
            <Values>
              <Entry>
                <Value0>36594</Value0>
                <Value1>0</Value1>
              </Entry>
            </Values>
            <Value0>147458</Value0>
            <Value1>393216</Value1>
          </Entry>
          <Entry>
            <Values />
            <Value0>147456</Value0>
            <Value1>458752</Value1>
          </Entry>
          <Entry>
            <Values>
              <Entry>
                <Value0>36595</Value0>
                <Value1>0</Value1>
              </Entry>
            </Values>
            <Value0>147458</Value0>
            <Value1>524288</Value1>
          </Entry>
          <Entry>
            <Values />
            <Value0>147456</Value0>
            <Value1>589824</Value1>
          </Entry>
          <Entry>
            <Values>
              <Entry>
                <Value0>36596</Value0>
                <Value1>0</Value1>
              </Entry>
            </Values>
            <Value0>147458</Value0>
            <Value1>655360</Value1>
          </Entry>
          <Entry>
            <Values>
              <Entry>
                <Value0>36597</Value0>
                <Value1>0</Value1>
              </Entry>
            </Values>
            <Value0>147458</Value0>
            <Value1>720896</Value1>
          </Entry>
          <Entry>
            <Values />
            <Value0>147456</Value0>
            <Value1>786432</Value1>
          </Entry>
        </Unknown>
        <Dialogs>
          <Dialog>○○○○○○○○</Dialog>
          <Dialog>In the end, it seems like the
library agreed to buy comic
books anyway.</Dialog>
          <Dialog>小早川</Dialog>
          <Dialog>Yeah. Maybe many people
requested for them.</Dialog>
          <Dialog>It's already decided, so you
can't do anything with it.</Dialog>
          <Dialog>Maybe.</Dialog>
          <Dialog>Anyway, I made a purchase list
and submitted it to the
teacher today.</Dialog>
          <Dialog>Huh？ What did the teacher
say？</Dialog>
          <Dialog>The teacher praised me that
the list was very appropriate
for high school students.</Dialog>
          <Dialog>Comic books that are
appropriate to high school
students？</Dialog>
          <Dialog>"An introduction to the lay
judge system through comic
book" and "The story of
Tokugawa Ieyasu in 26 Complete
Volumes."</Dialog>
          <Dialog>This way, I can keep peace in
the library.</Dialog>
          <Dialog>(I can't say that she lost in
this case...)</Dialog>
        </Dialogs>
      </SDL2>
    </Entry>
    <Entry Unknown0="1849251172" Unknown1="273572663">
      <SDL2 Key="871019583">
        <Unknown>
          <Entry>
            <Values>
              <Entry>
                <Value0>36598</Value0>
                <Value1>0</Value1>
              </Entry>
            </Values>
            <Value0>147456</Value0>
            <Value1>65536</Value1>
          </Entry>
          <Entry>
            <Values />
            <Value0>147458</Value0>
            <Value1>196608</Value1>
          </Entry>
          <Entry>
            <Values>
              <Entry>
                <Value0>36599</Value0>
                <Value1>0</Value1>
              </Entry>
            </Values>
            <Value0>147456</Value0>
            <Value1>262144</Value1>
          </Entry>
          <Entry>
            <Values />
            <Value0>147458</Value0>
            <Value1>327680</Value1>
          </Entry>
          <Entry>
            <Values>
              <Entry>
                <Value0>36600</Value0>
                <Value1>0</Value1>
              </Entry>
            </Values>
            <Value0>147456</Value0>
            <Value1>393216</Value1>
          </Entry>
          <Entry>
            <Values />
            <Value0>147458</Value0>
            <Value1>458752</Value1>
          </Entry>
          <Entry>
            <Values>
              <Entry>
                <Value0>36601</Value0>
                <Value1>0</Value1>
              </Entry>
            </Values>
            <Value0>147456</Value0>
            <Value1>524288</Value1>
          </Entry>
          <Entry>
            <Values />
            <Value0>147458</Value0>
            <Value1>589824</Value1>
          </Entry>
          <Entry>
            <Values>
              <Entry>
                <Value0>36602</Value0>
                <Value1>0</Value1>
              </Entry>
            </Values>
            <Value0>147456</Value0>
            <Value1>655360</Value1>
          </Entry>
          <Entry>
            <Values />
            <Value0>147458</Value0>
            <Value1>720896</Value1>
          </Entry>
        </Unknown>
        <Dialogs>
          <Dialog>小早川</Dialog>
          <Dialog>Did you choose a book to write
a review？</Dialog>
          <Dialog>○○○○○○○○</Dialog>
          <Dialog>Is something the matter？</Dialog>
          <Dialog>It was announced during the
committee meeting, right？
That we have to submit our
review for the contest.</Dialog>
          <Dialog>Ah, is that so...？ This is
troublesome. I'll have to look
for a book.</Dialog>
          <Dialog>How about you let Rinko choose
one for you？</Dialog>
          <Dialog>Is that okay？</Dialog>
          <Dialog>It's what a girlfriend can do.</Dialog>
          <Dialog>You save me.</Dialog>
          <Dialog>It's gonna be a thick book~ So
be prepared for it！</Dialog>
          <Dialog>(I think I'd rather choose it
myself...)</Dialog>
        </Dialogs>
      </SDL2>
    </Entry>
    <Entry Unknown0="1061831987" Unknown1="1616785992">
      <SDL2 Key="871019583">
        <Unknown>
          <Entry>
            <Values>
              <Entry>
                <Value0>36603</Value0>
                <Value1>0</Value1>
              </Entry>
            </Values>
            <Value0>147456</Value0>
            <Value1>65536</Value1>
          </Entry>
          <Entry>
            <Values />
            <Value0>147458</Value0>
            <Value1>196608</Value1>
          </Entry>
          <Entry>
            <Values>
              <Entry>
                <Value0>36604</Value0>
                <Value1>0</Value1>
              </Entry>
            </Values>
            <Value0>147456</Value0>
            <Value1>262144</Value1>
          </Entry>
          <Entry>
            <Values>
              <Entry>
                <Value0>36605</Value0>
                <Value1>0</Value1>
              </Entry>
            </Values>
            <Value0>147456</Value0>
            <Value1>327680</Value1>
          </Entry>
          <Entry>
            <Values />
            <Value0>147458</Value0>
            <Value1>393216</Value1>
          </Entry>
          <Entry>
            <Values>
              <Entry>
                <Value0>36606</Value0>
                <Value1>0</Value1>
              </Entry>
            </Values>
            <Value0>147456</Value0>
            <Value1>458752</Value1>
          </Entry>
          <Entry>
            <Values />
            <Value0>147458</Value0>
            <Value1>524288</Value1>
          </Entry>
          <Entry>
            <Values>
              <Entry>
                <Value0>36607</Value0>
                <Value1>0</Value1>
              </Entry>
            </Values>
            <Value0>147456</Value0>
            <Value1>589824</Value1>
          </Entry>
          <Entry>
            <Values />
            <Value0>147458</Value0>
            <Value1>655360</Value1>
          </Entry>
        </Unknown>
        <Dialogs>
          <Dialog>小早川</Dialog>
          <Dialog>No one from our school won the
book review contest, huh？</Dialog>
          <Dialog>○○○○○○○○</Dialog>
          <Dialog>Well, it's a national contest,
so that's difficult.</Dialog>
          <Dialog>You also tried your best. This
is regrettable.</Dialog>
          <Dialog>But it took you so long to
finish reading a book, huh？</Dialog>
          <Dialog>That's because
▲小早川＊▲
chose a very thick book for
me...</Dialog>
          <Dialog>But... But, it was as fun as
what Rinko told you, right？</Dialog>
          <Dialog>Yeah. It was a genre I've
never read before. It was
fresh and interesting！</Dialog>
          <Dialog>Well, I'll pick another book
for you later. It'll be thick
enough to be used as a weapon.</Dialog>
          <Dialog>(That sounds dangerous
somehow...)</Dialog>
        </Dialogs>
      </SDL2>
    </Entry>
    <Entry Unknown0="1314534468" Unknown1="1798128472">
      <SDL2 Key="1663687306">
        <Unknown>
          <Entry>
            <Values />
            <Value0>147456</Value0>
            <Value1>65536</Value1>
          </Entry>
          <Entry>
            <Values>
              <Entry>
                <Value0>36608</Value0>
                <Value1>0</Value1>
              </Entry>
            </Values>
            <Value0>147458</Value0>
            <Value1>196608</Value1>
          </Entry>
          <Entry>
            <Values />
            <Value0>147456</Value0>
            <Value1>262144</Value1>
          </Entry>
          <Entry>
            <Values>
              <Entry>
                <Value0>36609</Value0>
                <Value1>0</Value1>
              </Entry>
            </Values>
            <Value0>147458</Value0>
            <Value1>327680</Value1>
          </Entry>
          <Entry>
            <Values />
            <Value0>147456</Value0>
            <Value1>393216</Value1>
          </Entry>
          <Entry>
            <Values>
              <Entry>
                <Value0>36610</Value0>
                <Value1>0</Value1>
              </Entry>
            </Values>
            <Value0>147458</Value0>
            <Value1>458752</Value1>
          </Entry>
          <Entry>
            <Values />
            <Value0>147456</Value0>
            <Value1>524288</Value1>
          </Entry>
          <Entry>
            <Values>
              <Entry>
                <Value0>36611</Value0>
                <Value1>0</Value1>
              </Entry>
            </Values>
            <Value0>147458</Value0>
            <Value1>589824</Value1>
          </Entry>
          <Entry>
            <Values />
            <Value0>147456</Value0>
            <Value1>655360</Value1>
          </Entry>
          <Entry>
            <Values>
              <Entry>
                <Value0>36612</Value0>
                <Value1>0</Value1>
              </Entry>
            </Values>
            <Value0>147458</Value0>
            <Value1>720896</Value1>
          </Entry>
        </Unknown>
        <Dialogs>
          <Dialog>○○○○○○○○</Dialog>
          <Dialog>Have you heard about a ghost
in the library？</Dialog>
          <Dialog>小早川</Dialog>
          <Dialog>What？ No. I don't really
care, but I'll listen if you
wanna talk about it.</Dialog>
          <Dialog>A girl with braids in a school
uniform was crying in front of
the innermost bookshelf in the
library at night...</Dialog>
          <Dialog>Eh...？</Dialog>
          <Dialog>That's the one
▲小早川＊▲
was cleaning earlier, right？</Dialog>
          <Dialog>A-Are you an idiot！？ There's
no such thing as ghost！</Dialog>
          <Dialog>So, you don't believe it？</Dialog>
          <Dialog>Of course I don't. You're
prohibited to talk about
ghosts in front of me from now
on.</Dialog>
          <Dialog>But don't you feel like
proving whether it's true？</Dialog>
          <Dialog>I don't. Are you a kid or
what！？</Dialog>
        </Dialogs>
      </SDL2>
    </Entry>
    <Entry Unknown0="1579754836" Unknown1="457069351">
      <SDL2 Key="1663687306">
        <Unknown>
          <Entry>
            <Values />
            <Value0>147456</Value0>
            <Value1>65536</Value1>
          </Entry>
          <Entry>
            <Values>
              <Entry>
                <Value0>36613</Value0>
                <Value1>0</Value1>
              </Entry>
            </Values>
            <Value0>147458</Value0>
            <Value1>196608</Value1>
          </Entry>
          <Entry>
            <Values />
            <Value0>147456</Value0>
            <Value1>262144</Value1>
          </Entry>
          <Entry>
            <Values>
              <Entry>
                <Value0>36614</Value0>
                <Value1>0</Value1>
              </Entry>
            </Values>
            <Value0>147458</Value0>
            <Value1>327680</Value1>
          </Entry>
          <Entry>
            <Values />
            <Value0>147456</Value0>
            <Value1>393216</Value1>
          </Entry>
          <Entry>
            <Values>
              <Entry>
                <Value0>36615</Value0>
                <Value1>0</Value1>
              </Entry>
            </Values>
            <Value0>147458</Value0>
            <Value1>458752</Value1>
          </Entry>
          <Entry>
            <Values />
            <Value0>147456</Value0>
            <Value1>524288</Value1>
          </Entry>
          <Entry>
            <Values>
              <Entry>
                <Value0>36616</Value0>
                <Value1>0</Value1>
              </Entry>
            </Values>
            <Value0>147458</Value0>
            <Value1>589824</Value1>
          </Entry>
          <Entry>
            <Values>
              <Entry>
                <Value0>36617</Value0>
                <Value1>0</Value1>
              </Entry>
            </Values>
            <Value0>147458</Value0>
            <Value1>655360</Value1>
          </Entry>
          <Entry>
            <Values />
            <Value0>147456</Value0>
            <Value1>720896</Value1>
          </Entry>
          <Entry>
            <Values>
              <Entry>
                <Value0>36618</Value0>
                <Value1>0</Value1>
              </Entry>
            </Values>
            <Value0>147458</Value0>
            <Value1>786432</Value1>
          </Entry>
        </Unknown>
        <Dialogs>
          <Dialog>○○○○○○○○</Dialog>
          <Dialog>About the ghost in the
library.</Dialog>
          <Dialog>小早川</Dialog>
          <Dialog>I told you that you can't talk
about this story. Why did you
bring it up？</Dialog>
          <Dialog>Now, now. It was just a lie.</Dialog>
          <Dialog>...Hmm？ That's reasonable.
Because ghosts don't exist.</Dialog>
          <Dialog>t was just some rumor made up
by one of the library
committee members.</Dialog>
          <Dialog>I still doubt why people fell
for rumors like that.</Dialog>
          <Dialog>Now you can have a peace of
mind when you go inside the
library, right？</Dialog>
          <Dialog>I don't care. The reason I
didn't go there wasn't because
I was scared.</Dialog>
          <Dialog>I didn't go because I didn't
have any business there.</Dialog>
          <Dialog>Okay.
▲小早川＊▲
doesn't believe in these kinds
of rumors at all.</Dialog>
          <Dialog>Of course！</Dialog>
        </Dialogs>
      </SDL2>
    </Entry>
    <Entry Unknown0="792352035" Unknown1="89006648">
      <SDL2 Key="1663687306">
        <Unknown>
          <Entry>
            <Values>
              <Entry>
                <Value0>36619</Value0>
                <Value1>0</Value1>
              </Entry>
            </Values>
            <Value0>147456</Value0>
            <Value1>65536</Value1>
          </Entry>
          <Entry>
            <Values />
            <Value0>147458</Value0>
            <Value1>196608</Value1>
          </Entry>
          <Entry>
            <Values>
              <Entry>
                <Value0>36620</Value0>
                <Value1>0</Value1>
              </Entry>
            </Values>
            <Value0>147456</Value0>
            <Value1>262144</Value1>
          </Entry>
          <Entry>
            <Values />
            <Value0>147458</Value0>
            <Value1>327680</Value1>
          </Entry>
          <Entry>
            <Values>
              <Entry>
                <Value0>36621</Value0>
                <Value1>0</Value1>
              </Entry>
            </Values>
            <Value0>147456</Value0>
            <Value1>393216</Value1>
          </Entry>
          <Entry>
            <Values />
            <Value0>147458</Value0>
            <Value1>458752</Value1>
          </Entry>
          <Entry>
            <Values>
              <Entry>
                <Value0>36622</Value0>
                <Value1>0</Value1>
              </Entry>
            </Values>
            <Value0>147456</Value0>
            <Value1>524288</Value1>
          </Entry>
          <Entry>
            <Values />
            <Value0>147458</Value0>
            <Value1>589824</Value1>
          </Entry>
          <Entry>
            <Values>
              <Entry>
                <Value0>36623</Value0>
                <Value1>0</Value1>
              </Entry>
            </Values>
            <Value0>147456</Value0>
            <Value1>655360</Value1>
          </Entry>
          <Entry>
            <Values>
              <Entry>
                <Value0>36624</Value0>
                <Value1>0</Value1>
              </Entry>
            </Values>
            <Value0>147456</Value0>
            <Value1>720896</Value1>
          </Entry>
          <Entry>
            <Values />
            <Value0>147458</Value0>
            <Value1>786432</Value1>
          </Entry>
        </Unknown>
        <Dialogs>
          <Dialog>小早川</Dialog>
          <Dialog>About the survey box.</Dialog>
          <Dialog>○○○○○○○○</Dialog>
          <Dialog>Ah, are there any new
requests？</Dialog>
          <Dialog>Someone requested that our
library should have CDs and
DVDs to borrow too, because
other libraries have them.</Dialog>
          <Dialog>Huh？ Do libraries have such
things too？</Dialog>
          <Dialog>There are some recordings of
traditional performances and
some classic stuff... I don't
really know much.</Dialog>
          <Dialog>If that's the case, I might
want to use this service too.</Dialog>
          <Dialog>I'd suggested for God. Mt's or
Killer Bambies' new releases
too.</Dialog>
          <Dialog>They are
▲小早川＊▲'s
favorite artists, right...？</Dialog>
          <Dialog>It'd be nice. It's called side
benefit.</Dialog>
          <Dialog>Ah！ If they have all DVDs of
Super Transformer Volvavin, I
can borrow them for my
brother.</Dialog>
          <Dialog>I don't think they'll ever
have that...</Dialog>
        </Dialogs>
      </SDL2>
    </Entry>
    <Entry Unknown0="1045038132" Unknown1="1948070728">
      <SDL2 Key="1663687306">
        <Unknown>
          <Entry>
            <Values>
              <Entry>
                <Value0>36625</Value0>
                <Value1>0</Value1>
              </Entry>
            </Values>
            <Value0>147456</Value0>
            <Value1>65536</Value1>
          </Entry>
          <Entry>
            <Values />
            <Value0>147458</Value0>
            <Value1>196608</Value1>
          </Entry>
          <Entry>
            <Values>
              <Entry>
                <Value0>36626</Value0>
                <Value1>0</Value1>
              </Entry>
            </Values>
            <Value0>147456</Value0>
            <Value1>262144</Value1>
          </Entry>
          <Entry>
            <Values />
            <Value0>147458</Value0>
            <Value1>327680</Value1>
          </Entry>
          <Entry>
            <Values>
              <Entry>
                <Value0>36627</Value0>
                <Value1>0</Value1>
              </Entry>
              <Entry>
                <Value0>36628</Value0>
                <Value1>1200</Value1>
              </Entry>
            </Values>
            <Value0>147456</Value0>
            <Value1>393216</Value1>
          </Entry>
          <Entry>
            <Values />
            <Value0>147458</Value0>
            <Value1>458752</Value1>
          </Entry>
          <Entry>
            <Values>
              <Entry>
                <Value0>36629</Value0>
                <Value1>0</Value1>
              </Entry>
            </Values>
            <Value0>147456</Value0>
            <Value1>524288</Value1>
          </Entry>
          <Entry>
            <Values />
            <Value0>147458</Value0>
            <Value1>589824</Value1>
          </Entry>
          <Entry>
            <Values>
              <Entry>
                <Value0>36630</Value0>
                <Value1>0</Value1>
              </Entry>
              <Entry>
                <Value0>36631</Value0>
                <Value1>1000</Value1>
              </Entry>
            </Values>
            <Value0>147456</Value0>
            <Value1>655360</Value1>
          </Entry>
          <Entry>
            <Values />
            <Value0>147458</Value0>
            <Value1>720896</Value1>
          </Entry>
        </Unknown>
        <Dialogs>
          <Dialog>小早川</Dialog>
          <Dialog>About having CDs and DVDs in
our library's collections...</Dialog>
          <Dialog>○○○○○○○○</Dialog>
          <Dialog>Ah... How did it go then？</Dialog>
          <Dialog>Still pending... I was told
that they'd need some
audio/video equipment for that
and it'd cost money.</Dialog>
          <Dialog>If they gave you that reason,
it's probably a rejection.</Dialog>
          <Dialog>I think so. To think about it,
books are very economical
media. I just wish for a
bigger collection of books.</Dialog>
          <Dialog>I think it's fine as it is
now...</Dialog>
          <Dialog>Right！ Let's submit comments
to the survey box requesting
for more books.</Dialog>
          <Dialog>Do you think our library room
has enough space for more
books？</Dialog>
          <Dialog>We can dispose worthless
books. And if we still don't
have enough room, we can
confiscate the art preparation
room, right？</Dialog>
          <Dialog>(Confiscate...？ Since when
does our library committee
have that kind of authority？)</Dialog>
        </Dialogs>
      </SDL2>
    </Entry>
    <Entry Unknown0="1310274884" Unknown1="1580090135">
      <SDL2 Key="468413777">
        <Unknown>
          <Entry>
            <Values>
              <Entry>
                <Value0>36632</Value0>
                <Value1>0</Value1>
              </Entry>
            </Values>
            <Value0>147456</Value0>
            <Value1>65536</Value1>
          </Entry>
          <Entry>
            <Values />
            <Value0>147458</Value0>
            <Value1>196608</Value1>
          </Entry>
          <Entry>
            <Values>
              <Entry>
                <Value0>36633</Value0>
                <Value1>0</Value1>
              </Entry>
            </Values>
            <Value0>147456</Value0>
            <Value1>262144</Value1>
          </Entry>
          <Entry>
            <Values />
            <Value0>147458</Value0>
            <Value1>327680</Value1>
          </Entry>
          <Entry>
            <Values>
              <Entry>
                <Value0>36634</Value0>
                <Value1>0</Value1>
              </Entry>
            </Values>
            <Value0>147456</Value0>
            <Value1>393216</Value1>
          </Entry>
          <Entry>
            <Values />
            <Value0>147458</Value0>
            <Value1>458752</Value1>
          </Entry>
          <Entry>
            <Values>
              <Entry>
                <Value0>36635</Value0>
                <Value1>0</Value1>
              </Entry>
            </Values>
            <Value0>147456</Value0>
            <Value1>524288</Value1>
          </Entry>
          <Entry>
            <Values />
            <Value0>147458</Value0>
            <Value1>589824</Value1>
          </Entry>
          <Entry>
            <Values>
              <Entry>
                <Value0>36636</Value0>
                <Value1>0</Value1>
              </Entry>
            </Values>
            <Value0>147456</Value0>
            <Value1>655360</Value1>
          </Entry>
          <Entry>
            <Values />
            <Value0>147458</Value0>
            <Value1>720896</Value1>
          </Entry>
        </Unknown>
        <Dialogs>
          <Dialog>小早川</Dialog>
          <Dialog>Hey, have you heard？ We'll
have more books in the
library！</Dialog>
          <Dialog>○○○○○○○○</Dialog>
          <Dialog>Really？</Dialog>
          <Dialog>An alumnus has donated a lot
of books to our library！</Dialog>
          <Dialog>It's worth the effort that
▲小早川＊▲
and I kept submitting
requests, huh...？</Dialog>
          <Dialog>So, this might be the answer
to our demands, right？</Dialog>
          <Dialog>I think so.</Dialog>
          <Dialog>How many more books will we
have？ We might have to clear
some bookshelves...</Dialog>
          <Dialog>Can we fit them in the
shelves...？</Dialog>
          <Dialog>That's our job！ I'm expecting
my boyfriend to work hard on
that！</Dialog>
          <Dialog>(She looks so happy, so I
think I can do it for her...)</Dialog>
        </Dialogs>
      </SDL2>
    </Entry>
    <Entry Unknown0="522855699" Unknown1="1849561640">
      <SDL2 Key="468413777">
        <Unknown>
          <Entry>
            <Values>
              <Entry>
                <Value0>36637</Value0>
                <Value1>0</Value1>
              </Entry>
            </Values>
            <Value0>147456</Value0>
            <Value1>65536</Value1>
          </Entry>
          <Entry>
            <Values />
            <Value0>147458</Value0>
            <Value1>196608</Value1>
          </Entry>
          <Entry>
            <Values>
              <Entry>
                <Value0>36638</Value0>
                <Value1>0</Value1>
              </Entry>
            </Values>
            <Value0>147456</Value0>
            <Value1>262144</Value1>
          </Entry>
          <Entry>
            <Values />
            <Value0>147458</Value0>
            <Value1>327680</Value1>
          </Entry>
          <Entry>
            <Values>
              <Entry>
                <Value0>36639</Value0>
                <Value1>0</Value1>
              </Entry>
              <Entry>
                <Value0>36640</Value0>
                <Value1>800</Value1>
              </Entry>
            </Values>
            <Value0>147456</Value0>
            <Value1>393216</Value1>
          </Entry>
          <Entry>
            <Values />
            <Value0>147458</Value0>
            <Value1>458752</Value1>
          </Entry>
          <Entry>
            <Values>
              <Entry>
                <Value0>36641</Value0>
                <Value1>0</Value1>
              </Entry>
            </Values>
            <Value0>147456</Value0>
            <Value1>524288</Value1>
          </Entry>
          <Entry>
            <Values />
            <Value0>147458</Value0>
            <Value1>589824</Value1>
          </Entry>
        </Unknown>
        <Dialogs>
          <Dialog>小早川</Dialog>
          <Dialog>We've cleaned the bookshelves
in the library.</Dialog>
          <Dialog>○○○○○○○○</Dialog>
          <Dialog>I didn't expect we'd have that
many books coming...</Dialog>
          <Dialog>Well, there were two
truckloads of books.</Dialog>
          <Dialog>Why did that alumnus donate
the books to us...？</Dialog>
          <Dialog>I heard he's a writer, so he
bought a lot of books for his
writing materials.</Dialog>
          <Dialog>So those are books that he
doesn't use anymore. Anyway,
there are a lot.</Dialog>
          <Dialog>Truth is stranger than
fiction...</Dialog>
          <Dialog>(I wonder whether writing
materials for a writer would
be fun for high school
students to read.)</Dialog>
        </Dialogs>
      </SDL2>
    </Entry>
    <Entry Unknown0="775558180" Unknown1="1762468664">
      <SDL2 Key="468413777">
        <Unknown>
          <Entry>
            <Values>
              <Entry>
                <Value0>36642</Value0>
                <Value1>0</Value1>
              </Entry>
            </Values>
            <Value0>147456</Value0>
            <Value1>65536</Value1>
          </Entry>
          <Entry>
            <Values />
            <Value0>147458</Value0>
            <Value1>196608</Value1>
          </Entry>
          <Entry>
            <Values>
              <Entry>
                <Value0>36643</Value0>
                <Value1>0</Value1>
              </Entry>
            </Values>
            <Value0>147456</Value0>
            <Value1>262144</Value1>
          </Entry>
          <Entry>
            <Values />
            <Value0>147458</Value0>
            <Value1>327680</Value1>
          </Entry>
          <Entry>
            <Values>
              <Entry>
                <Value0>36644</Value0>
                <Value1>0</Value1>
              </Entry>
            </Values>
            <Value0>147456</Value0>
            <Value1>393216</Value1>
          </Entry>
          <Entry>
            <Values />
            <Value0>147458</Value0>
            <Value1>458752</Value1>
          </Entry>
          <Entry>
            <Values>
              <Entry>
                <Value0>36645</Value0>
                <Value1>0</Value1>
              </Entry>
            </Values>
            <Value0>147456</Value0>
            <Value1>524288</Value1>
          </Entry>
          <Entry>
            <Values />
            <Value0>147458</Value0>
            <Value1>589824</Value1>
          </Entry>
          <Entry>
            <Values>
              <Entry>
                <Value0>36646</Value0>
                <Value1>0</Value1>
              </Entry>
            </Values>
            <Value0>147456</Value0>
            <Value1>655360</Value1>
          </Entry>
          <Entry>
            <Values />
            <Value0>147458</Value0>
            <Value1>720896</Value1>
          </Entry>
          <Entry>
            <Values>
              <Entry>
                <Value0>36647</Value0>
                <Value1>0</Value1>
              </Entry>
            </Values>
            <Value0>147456</Value0>
            <Value1>786432</Value1>
          </Entry>
          <Entry>
            <Values />
            <Value0>147458</Value0>
            <Value1>851968</Value1>
          </Entry>
        </Unknown>
        <Dialogs>
          <Dialog>小早川</Dialog>
          <Dialog>Urgh... What should I do...？</Dialog>
          <Dialog>○○○○○○○○</Dialog>
          <Dialog>What's wrong？</Dialog>
          <Dialog>It's Rinko's turn to write the
library newsletter.</Dialog>
          <Dialog>Is that so？ But you can just
write it the usual way.</Dialog>
          <Dialog>Well... The usual part has
already been decided. But, for
book recommendation...</Dialog>
          <Dialog>Are you not good at writing
that part？</Dialog>
          <Dialog>I don't want people to think
that I recommend a weird or
uninteresting book...</Dialog>
          <Dialog>Have you decided on the book
yet？</Dialog>
          <Dialog>Well, it's Rinko's favorite
book.</Dialog>
          <Dialog>If it's your favorite book,
you can just relax and write
it. I'll be looking forward to
read it.</Dialog>
          <Dialog>You don't have to read it！</Dialog>
          <Dialog>(▲小早川＊▲'s
favorite book, huh...？)</Dialog>
        </Dialogs>
      </SDL2>
    </Entry>
    <Entry Unknown0="1040778548" Unknown1="1495151367">
      <SDL2 Key="468413777">
        <Unknown>
          <Entry>
            <Values />
            <Value0>147456</Value0>
            <Value1>65536</Value1>
          </Entry>
          <Entry>
            <Values>
              <Entry>
                <Value0>36648</Value0>
                <Value1>0</Value1>
              </Entry>
            </Values>
            <Value0>147458</Value0>
            <Value1>196608</Value1>
          </Entry>
          <Entry>
            <Values />
            <Value0>147456</Value0>
            <Value1>262144</Value1>
          </Entry>
          <Entry>
            <Values>
              <Entry>
                <Value0>36649</Value0>
                <Value1>0</Value1>
              </Entry>
            </Values>
            <Value0>147458</Value0>
            <Value1>327680</Value1>
          </Entry>
          <Entry>
            <Values />
            <Value0>147456</Value0>
            <Value1>393216</Value1>
          </Entry>
          <Entry>
            <Values>
              <Entry>
                <Value0>36650</Value0>
                <Value1>0</Value1>
              </Entry>
            </Values>
            <Value0>147458</Value0>
            <Value1>458752</Value1>
          </Entry>
          <Entry>
            <Values />
            <Value0>147456</Value0>
            <Value1>524288</Value1>
          </Entry>
          <Entry>
            <Values>
              <Entry>
                <Value0>36651</Value0>
                <Value1>0</Value1>
              </Entry>
            </Values>
            <Value0>147458</Value0>
            <Value1>589824</Value1>
          </Entry>
          <Entry>
            <Values />
            <Value0>147456</Value0>
            <Value1>655360</Value1>
          </Entry>
          <Entry>
            <Values>
              <Entry>
                <Value0>36652</Value0>
                <Value1>0</Value1>
              </Entry>
            </Values>
            <Value0>147458</Value0>
            <Value1>720896</Value1>
          </Entry>
          <Entry>
            <Values />
            <Value0>147456</Value0>
            <Value1>786432</Value1>
          </Entry>
        </Unknown>
        <Dialogs>
          <Dialog>○○○○○○○○</Dialog>
          <Dialog>The recent library newsletter
is very nice.</Dialog>
          <Dialog>小早川</Dialog>
          <Dialog>Did you read it？ I told you
to not read it though.</Dialog>
          <Dialog>Sorry, sorry. But I've already
borrowed the book you
recommended.</Dialog>
          <Dialog>Ah... You borrowed it.</Dialog>
          <Dialog>But it's unexpected that
▲小早川＊▲
likes to read that kind of
book.</Dialog>
          <Dialog>Why is that？ You mean it's
unexpected for Rinko to read a
romance novel？</Dialog>
          <Dialog>I didn't mean that, but I
think that kind of book is for
very girlish girls...</Dialog>
          <Dialog>Ah, really？ So you mean Rinko
isn't girlish？</Dialog>
          <Dialog>...Are you girlish？</Dialog>
          <Dialog>You're driving me crazy！</Dialog>
          <Dialog>Ouch！</Dialog>
        </Dialogs>
      </SDL2>
    </Entry>
    <Entry Unknown0="253375747" Unknown1="1127088664">
      <SDL2 Key="1294697915">
        <Unknown>
          <Entry>
            <Values>
              <Entry>
                <Value0>36653</Value0>
                <Value1>0</Value1>
              </Entry>
            </Values>
            <Value0>147456</Value0>
            <Value1>65536</Value1>
          </Entry>
          <Entry>
            <Values />
            <Value0>147458</Value0>
            <Value1>196608</Value1>
          </Entry>
          <Entry>
            <Values>
              <Entry>
                <Value0>36654</Value0>
                <Value1>0</Value1>
              </Entry>
            </Values>
            <Value0>147456</Value0>
            <Value1>262144</Value1>
          </Entry>
          <Entry>
            <Values />
            <Value0>147458</Value0>
            <Value1>327680</Value1>
          </Entry>
          <Entry>
            <Values>
              <Entry>
                <Value0>36655</Value0>
                <Value1>0</Value1>
              </Entry>
            </Values>
            <Value0>147456</Value0>
            <Value1>393216</Value1>
          </Entry>
          <Entry>
            <Values />
            <Value0>147458</Value0>
            <Value1>458752</Value1>
          </Entry>
          <Entry>
            <Values>
              <Entry>
                <Value0>36656</Value0>
                <Value1>0</Value1>
              </Entry>
              <Entry>
                <Value0>36657</Value0>
                <Value1>467</Value1>
              </Entry>
            </Values>
            <Value0>147456</Value0>
            <Value1>524288</Value1>
          </Entry>
          <Entry>
            <Values />
            <Value0>147458</Value0>
            <Value1>589824</Value1>
          </Entry>
        </Unknown>
        <Dialogs>
          <Dialog>小早川</Dialog>
          <Dialog>About the survey box.</Dialog>
          <Dialog>○○○○○○○○</Dialog>
          <Dialog>Again？ Now a lot of people
are using it, huh？</Dialog>
          <Dialog>Someone wrote "Please tell me
the name and class of the girl
who always sits by the window
every weekend."</Dialog>
          <Dialog>How can we know！？</Dialog>
          <Dialog>Hey, I didn't ask you.</Dialog>
          <Dialog>If she borrows some books, we
can try to ask her name then.</Dialog>
          <Dialog>She won't tell you. I think
I'll help this guy find the
name of the girl by the
window.</Dialog>
          <Dialog>Now you call her "the girl by
the window," huh...？</Dialog>
        </Dialogs>
      </SDL2>
    </Entry>
    <Entry Unknown0="506127380" Unknown1="1929188136">
      <SDL2 Key="2104146711">
        <Unknown>
          <Entry>
            <Values />
            <Value0>147456</Value0>
            <Value1>65536</Value1>
          </Entry>
          <Entry>
            <Values>
              <Entry>
                <Value0>36658</Value0>
                <Value1>0</Value1>
              </Entry>
            </Values>
            <Value0>147458</Value0>
            <Value1>196608</Value1>
          </Entry>
          <Entry>
            <Values />
            <Value0>147456</Value0>
            <Value1>262144</Value1>
          </Entry>
          <Entry>
            <Values>
              <Entry>
                <Value0>36659</Value0>
                <Value1>0</Value1>
              </Entry>
            </Values>
            <Value0>147458</Value0>
            <Value1>327680</Value1>
          </Entry>
          <Entry>
            <Values />
            <Value0>147456</Value0>
            <Value1>393216</Value1>
          </Entry>
          <Entry>
            <Values>
              <Entry>
                <Value0>36660</Value0>
                <Value1>0</Value1>
              </Entry>
            </Values>
            <Value0>147458</Value0>
            <Value1>458752</Value1>
          </Entry>
          <Entry>
            <Values />
            <Value0>147456</Value0>
            <Value1>524288</Value1>
          </Entry>
          <Entry>
            <Values>
              <Entry>
                <Value0>36661</Value0>
                <Value1>0</Value1>
              </Entry>
            </Values>
            <Value0>147458</Value0>
            <Value1>589824</Value1>
          </Entry>
          <Entry>
            <Values />
            <Value0>147456</Value0>
            <Value1>655360</Value1>
          </Entry>
          <Entry>
            <Values>
              <Entry>
                <Value0>36662</Value0>
                <Value1>0</Value1>
              </Entry>
            </Values>
            <Value0>147458</Value0>
            <Value1>720896</Value1>
          </Entry>
        </Unknown>
        <Dialogs>
          <Dialog>○○○○○○○○</Dialog>
          <Dialog>By the way, how's it going
with the girl by the window？</Dialog>
          <Dialog>小早川</Dialog>
          <Dialog>What？ You like to gossip
about others？</Dialog>
          <Dialog>Not really. I'm just
interested in how things go.</Dialog>
          <Dialog>I think everything goes well.
They went to ride a swan boat
at the lake together last
Sunday.</Dialog>
          <Dialog>That swan-shaped boat, you
mean？ So we now have "the
girl by the window" and "the
boy in the swan boat"...</Dialog>
          <Dialog>Anyway, he asked me if there
are any nice date courses.</Dialog>
          <Dialog>▲小早川＊▲
was asked？</Dialog>
          <Dialog>He caught me in the library
sometimes, so I just have to
help him...</Dialog>
          <Dialog>Well, to be able to live up to
his expectation, we'll have to
survey the date courses for
him.</Dialog>
          <Dialog>...Well, okay then. I'll tag
along with you.</Dialog>
        </Dialogs>
      </SDL2>
    </Entry>
    <Entry Unknown0="788075812" Unknown1="2618172407">
      <SDL2 Key="2104146711">
        <Unknown>
          <Entry>
            <Values>
              <Entry>
                <Value0>36663</Value0>
                <Value1>0</Value1>
              </Entry>
            </Values>
            <Value0>147456</Value0>
            <Value1>65536</Value1>
          </Entry>
          <Entry>
            <Values />
            <Value0>147458</Value0>
            <Value1>196608</Value1>
          </Entry>
          <Entry>
            <Values>
              <Entry>
                <Value0>36664</Value0>
                <Value1>0</Value1>
              </Entry>
            </Values>
            <Value0>147456</Value0>
            <Value1>262144</Value1>
          </Entry>
          <Entry>
            <Values />
            <Value0>147458</Value0>
            <Value1>327680</Value1>
          </Entry>
          <Entry>
            <Values>
              <Entry>
                <Value0>36665</Value0>
                <Value1>0</Value1>
              </Entry>
            </Values>
            <Value0>147456</Value0>
            <Value1>393216</Value1>
          </Entry>
          <Entry>
            <Values />
            <Value0>147458</Value0>
            <Value1>458752</Value1>
          </Entry>
          <Entry>
            <Values>
              <Entry>
                <Value0>36666</Value0>
                <Value1>0</Value1>
              </Entry>
            </Values>
            <Value0>147456</Value0>
            <Value1>524288</Value1>
          </Entry>
          <Entry>
            <Values />
            <Value0>147458</Value0>
            <Value1>589824</Value1>
          </Entry>
          <Entry>
            <Values>
              <Entry>
                <Value0>36667</Value0>
                <Value1>0</Value1>
              </Entry>
            </Values>
            <Value0>147456</Value0>
            <Value1>655360</Value1>
          </Entry>
          <Entry>
            <Values />
            <Value0>147458</Value0>
            <Value1>720896</Value1>
          </Entry>
        </Unknown>
        <Dialogs>
          <Dialog>小早川</Dialog>
          <Dialog>Lately, the library's rules
for book lending have changed,
right？</Dialog>
          <Dialog>○○○○○○○○</Dialog>
          <Dialog>Yeah, earlier, we could only
borrow five books at a time.
Now we can borrow ten.</Dialog>
          <Dialog>It must be because we have
more collection of books,
right？</Dialog>
          <Dialog>Maybe. But it's gonna be
hectic to control...</Dialog>
          <Dialog>But as a book lover myself, I
think this makes everyone
happy.</Dialog>
          <Dialog>Why？</Dialog>
          <Dialog>Because we can borrow a lot of
books at a time！</Dialog>
          <Dialog>And what's so nice about
that...？</Dialog>
          <Dialog>Ah, yeah！ Now I can borrow
the whole series of "The Lord
of the Earrings"！</Dialog>
          <Dialog>(How many books are there in
the series...？)</Dialog>
        </Dialogs>
      </SDL2>
    </Entry>
    <Entry Unknown0="4278846963" Unknown1="1813967368">
      <SDL2 Key="2104146711">
        <Unknown>
          <Entry>
            <Values>
              <Entry>
                <Value0>36668</Value0>
                <Value1>0</Value1>
              </Entry>
            </Values>
            <Value0>147456</Value0>
            <Value1>65536</Value1>
          </Entry>
          <Entry>
            <Values />
            <Value0>147458</Value0>
            <Value1>196608</Value1>
          </Entry>
          <Entry>
            <Values>
              <Entry>
                <Value0>36669</Value0>
                <Value1>0</Value1>
              </Entry>
            </Values>
            <Value0>147456</Value0>
            <Value1>262144</Value1>
          </Entry>
          <Entry>
            <Values />
            <Value0>147458</Value0>
            <Value1>327680</Value1>
          </Entry>
          <Entry>
            <Values>
              <Entry>
                <Value0>36670</Value0>
                <Value1>0</Value1>
              </Entry>
            </Values>
            <Value0>147456</Value0>
            <Value1>393216</Value1>
          </Entry>
          <Entry>
            <Values>
              <Entry>
                <Value0>36671</Value0>
                <Value1>0</Value1>
              </Entry>
            </Values>
            <Value0>147456</Value0>
            <Value1>458752</Value1>
          </Entry>
          <Entry>
            <Values />
            <Value0>147458</Value0>
            <Value1>524288</Value1>
          </Entry>
          <Entry>
            <Values>
              <Entry>
                <Value0>36672</Value0>
                <Value1>0</Value1>
              </Entry>
            </Values>
            <Value0>147456</Value0>
            <Value1>589824</Value1>
          </Entry>
          <Entry>
            <Values>
              <Entry>
                <Value0>36673</Value0>
                <Value1>0</Value1>
              </Entry>
            </Values>
            <Value0>147456</Value0>
            <Value1>655360</Value1>
          </Entry>
          <Entry>
            <Values />
            <Value0>147458</Value0>
            <Value1>720896</Value1>
          </Entry>
        </Unknown>
        <Dialogs>
          <Dialog>小早川</Dialog>
          <Dialog>I got lots of stuff today...</Dialog>
          <Dialog>○○○○○○○○</Dialog>
          <Dialog>Yeah... You really borrowed a
lot of books.</Dialog>
          <Dialog>Well, since we're allowed to
borrow more now, I just
couldn't help it...</Dialog>
          <Dialog>So you borrowed the whole
series？ You could've borrowed
one book at a time...</Dialog>
          <Dialog>But it comes in a series！</Dialog>
          <Dialog>If I read to some critical
point and I don't know what's
going on next, I won't be able
to sleep！</Dialog>
          <Dialog>But if you keep reading, you
won't have time to sleep
anyway.</Dialog>
          <Dialog>Now, now. Just stop
complaining！</Dialog>
          <Dialog>Hey, I want to hurry home and
start reading them. Can you
walk faster？</Dialog>
          <Dialog>(But I'm the one carrying your
books...)</Dialog>
        </Dialogs>
      </SDL2>
    </Entry>
    <Entry Unknown0="236647428" Unknown1="2012021528">
      <SDL2 Key="2104146711">
        <Unknown>
          <Entry>
            <Values>
              <Entry>
                <Value0>36674</Value0>
                <Value1>0</Value1>
              </Entry>
            </Values>
            <Value0>147456</Value0>
            <Value1>65536</Value1>
          </Entry>
          <Entry>
            <Values />
            <Value0>147458</Value0>
            <Value1>196608</Value1>
          </Entry>
          <Entry>
            <Values>
              <Entry>
                <Value0>36675</Value0>
                <Value1>0</Value1>
              </Entry>
            </Values>
            <Value0>147456</Value0>
            <Value1>262144</Value1>
          </Entry>
          <Entry>
            <Values />
            <Value0>147458</Value0>
            <Value1>327680</Value1>
          </Entry>
          <Entry>
            <Values>
              <Entry>
                <Value0>36676</Value0>
                <Value1>0</Value1>
              </Entry>
            </Values>
            <Value0>147456</Value0>
            <Value1>393216</Value1>
          </Entry>
          <Entry>
            <Values />
            <Value0>147458</Value0>
            <Value1>458752</Value1>
          </Entry>
          <Entry>
            <Values>
              <Entry>
                <Value0>36677</Value0>
                <Value1>0</Value1>
              </Entry>
            </Values>
            <Value0>147456</Value0>
            <Value1>524288</Value1>
          </Entry>
          <Entry>
            <Values />
            <Value0>147458</Value0>
            <Value1>589824</Value1>
          </Entry>
          <Entry>
            <Values>
              <Entry>
                <Value0>36678</Value0>
                <Value1>0</Value1>
              </Entry>
            </Values>
            <Value0>147456</Value0>
            <Value1>655360</Value1>
          </Entry>
          <Entry>
            <Values />
            <Value0>147458</Value0>
            <Value1>720896</Value1>
          </Entry>
        </Unknown>
        <Dialogs>
          <Dialog>小早川</Dialog>
          <Dialog>Did you know that our school
records how many books the
students borrow during their 3
years of high school？</Dialog>
          <Dialog>○○○○○○○○</Dialog>
          <Dialog>No, I didn't know that. Do
they keep such records？</Dialog>
          <Dialog>Yeah, I just found out
recently. Someone borrowed
1,680 books.</Dialog>
          <Dialog>Hmm, there are 365 days per
year... It's more than one
book a day, eh？</Dialog>
          <Dialog>It's amazing. Maybe Rinko
should try to break this
record.</Dialog>
          <Dialog>No, no. It's impossible.</Dialog>
          <Dialog>Or you can try to break the
record yourself.</Dialog>
          <Dialog>That's even more impossible.</Dialog>
          <Dialog>Hmm, we should do something
about it.</Dialog>
          <Dialog>(I think you used to say that
it's not about the quantity
when it comes to books.)</Dialog>
        </Dialogs>
      </SDL2>
    </Entry>
    <Entry Unknown0="518645012" Unknown1="2281575399">
      <SDL2 Key="623656685">
        <Unknown>
          <Entry>
            <Values>
              <Entry>
                <Value0>36679</Value0>
                <Value1>0</Value1>
              </Entry>
            </Values>
            <Value0>147456</Value0>
            <Value1>65536</Value1>
          </Entry>
          <Entry>
            <Values />
            <Value0>147458</Value0>
            <Value1>196608</Value1>
          </Entry>
          <Entry>
            <Values>
              <Entry>
                <Value0>36680</Value0>
                <Value1>0</Value1>
              </Entry>
            </Values>
            <Value0>147456</Value0>
            <Value1>262144</Value1>
          </Entry>
          <Entry>
            <Values />
            <Value0>147458</Value0>
            <Value1>327680</Value1>
          </Entry>
          <Entry>
            <Values>
              <Entry>
                <Value0>36681</Value0>
                <Value1>0</Value1>
              </Entry>
            </Values>
            <Value0>147456</Value0>
            <Value1>393216</Value1>
          </Entry>
          <Entry>
            <Values />
            <Value0>147458</Value0>
            <Value1>458752</Value1>
          </Entry>
          <Entry>
            <Values>
              <Entry>
                <Value0>36682</Value0>
                <Value1>0</Value1>
              </Entry>
            </Values>
            <Value0>147456</Value0>
            <Value1>524288</Value1>
          </Entry>
          <Entry>
            <Values />
            <Value0>147458</Value0>
            <Value1>589824</Value1>
          </Entry>
          <Entry>
            <Values>
              <Entry>
                <Value0>36683</Value0>
                <Value1>0</Value1>
              </Entry>
              <Entry>
                <Value0>36684</Value0>
                <Value1>1000</Value1>
              </Entry>
            </Values>
            <Value0>147456</Value0>
            <Value1>655360</Value1>
          </Entry>
        </Unknown>
        <Dialogs>
          <Dialog>小早川</Dialog>
          <Dialog>I'm sleepy...</Dialog>
          <Dialog>○○○○○○○○</Dialog>
          <Dialog>Hey, hey. Are you okay？
What's wrong with you？</Dialog>
          <Dialog>I read books the whole night
last night and when I realized
it, it was already dawn.</Dialog>
          <Dialog>Are the books that
interesting？</Dialog>
          <Dialog>No, I just picked some random
books to read. I only need to
break the record.</Dialog>
          <Dialog>Ah, for the 3-year library
record, huh...？ But don't
overdo it.</Dialog>
          <Dialog>Okay. It's not fun to read
like this. Maybe I should
stop.</Dialog>
          <Dialog>You should. And if my
girlfriend got too absorbed
with books, I'd feel bored.</Dialog>
          <Dialog>...Okay. I'll obey you this
time. I don't want my
boyfriend to feel lonely.</Dialog>
        </Dialogs>
      </SDL2>
    </Entry>
  </Entries>
</DBIN2>