<?xml version="1.0" encoding="utf-8"?>
<DBIN2 xmlns:xsi="http://www.w3.org/2001/XMLSchema-instance" xmlns:xsd="http://www.w3.org/2001/XMLSchema" Key="1033517465" Unknown="35">
  <Entries>
    <Entry Unknown0="1640701095" Unknown1="138732613">
      <SDL2 Key="623656685">
        <Unknown>
          <Entry>
            <Values />
            <Value0>147456</Value0>
            <Value1>65536</Value1>
          </Entry>
          <Entry>
            <Values>
              <Entry>
                <Value0>36685</Value0>
                <Value1>0</Value1>
              </Entry>
            </Values>
            <Value0>147458</Value0>
            <Value1>196608</Value1>
          </Entry>
          <Entry>
            <Values />
            <Value0>147456</Value0>
            <Value1>262144</Value1>
          </Entry>
          <Entry>
            <Values>
              <Entry>
                <Value0>36686</Value0>
                <Value1>0</Value1>
              </Entry>
            </Values>
            <Value0>147458</Value0>
            <Value1>327680</Value1>
          </Entry>
          <Entry>
            <Values />
            <Value0>147456</Value0>
            <Value1>393216</Value1>
          </Entry>
          <Entry>
            <Values>
              <Entry>
                <Value0>36687</Value0>
                <Value1>0</Value1>
              </Entry>
              <Entry>
                <Value0>36688</Value0>
                <Value1>500</Value1>
              </Entry>
            </Values>
            <Value0>147458</Value0>
            <Value1>458752</Value1>
          </Entry>
          <Entry>
            <Values />
            <Value0>147456</Value0>
            <Value1>524288</Value1>
          </Entry>
          <Entry>
            <Values>
              <Entry>
                <Value0>36689</Value0>
                <Value1>0</Value1>
              </Entry>
              <Entry>
                <Value0>36690</Value0>
                <Value1>500</Value1>
              </Entry>
            </Values>
            <Value0>147458</Value0>
            <Value1>589824</Value1>
          </Entry>
          <Entry>
            <Values />
            <Value0>147456</Value0>
            <Value1>655360</Value1>
          </Entry>
        </Unknown>
        <Dialogs>
          <Dialog>○○○○○○○○</Dialog>
          <Dialog>Hah... It's really good to be
able to relax on New Year's.</Dialog>
          <Dialog>小早川</Dialog>
          <Dialog>Hehe... How about your New
Year resolution？</Dialog>
          <Dialog>Hmm... I'll think about it
leisurely.</Dialog>
          <Dialog>Then you can have the same
resolution as Rinko's, okay？</Dialog>
          <Dialog>The same？ What's your
resolution then？</Dialog>
          <Dialog>That's... I can't tell anyone
about it.</Dialog>
          <Dialog>？ Then I won't even know what
I should aim for.</Dialog>
          <Dialog>It's fine！ You don't have to
know！ ...You're such an
idiot！</Dialog>
          <Dialog>(What's with her...？)</Dialog>
        </Dialogs>
      </SDL2>
    </Entry>
    <Entry Unknown0="4147692345" Unknown1="1947563698">
      <SDL2 Key="1433167176">
        <Unknown>
          <Entry>
            <Values />
            <Value0>147456</Value0>
            <Value1>65536</Value1>
          </Entry>
          <Entry>
            <Values>
              <Entry>
                <Value0>36691</Value0>
                <Value1>0</Value1>
              </Entry>
            </Values>
            <Value0>147458</Value0>
            <Value1>196608</Value1>
          </Entry>
          <Entry>
            <Values />
            <Value0>147456</Value0>
            <Value1>262144</Value1>
          </Entry>
          <Entry>
            <Values>
              <Entry>
                <Value0>36692</Value0>
                <Value1>0</Value1>
              </Entry>
              <Entry>
                <Value0>36693</Value0>
                <Value1>500</Value1>
              </Entry>
            </Values>
            <Value0>147458</Value0>
            <Value1>327680</Value1>
          </Entry>
          <Entry>
            <Values />
            <Value0>147456</Value0>
            <Value1>393216</Value1>
          </Entry>
          <Entry>
            <Values>
              <Entry>
                <Value0>36694</Value0>
                <Value1>0</Value1>
              </Entry>
              <Entry>
                <Value0>36695</Value0>
                <Value1>500</Value1>
              </Entry>
            </Values>
            <Value0>147458</Value0>
            <Value1>458752</Value1>
          </Entry>
          <Entry>
            <Values />
            <Value0>147456</Value0>
            <Value1>524288</Value1>
          </Entry>
        </Unknown>
        <Dialogs>
          <Dialog>○○○○○○○○</Dialog>
          <Dialog>February reminds me of
Setsubun.</Dialog>
          <Dialog>小早川</Dialog>
          <Dialog>I see... I wonder if we'll be
scattering beans during this
festival. I have a little
brother now.</Dialog>
          <Dialog>Ah, that's right. It must be
tough for you to take the
demon role.</Dialog>
          <Dialog>My dad will play the demon.
Why would you say that Rinko
has to be the demon？</Dialog>
          <Dialog>Why is that？ You give me that
kind of impression, I guess...</Dialog>
          <Dialog>Go away, you demon！ Hiya！</Dialog>
          <Dialog>Ouch！！</Dialog>
        </Dialogs>
      </SDL2>
    </Entry>
    <Entry Unknown0="1644786086" Unknown1="1151787907">
      <SDL2 Key="1433167176">
        <Unknown>
          <Entry>
            <Values />
            <Value0>147456</Value0>
            <Value1>65536</Value1>
          </Entry>
          <Entry>
            <Values>
              <Entry>
                <Value0>36696</Value0>
                <Value1>0</Value1>
              </Entry>
            </Values>
            <Value0>147458</Value0>
            <Value1>196608</Value1>
          </Entry>
          <Entry>
            <Values />
            <Value0>147456</Value0>
            <Value1>262144</Value1>
          </Entry>
          <Entry>
            <Values>
              <Entry>
                <Value0>36697</Value0>
                <Value1>0</Value1>
              </Entry>
              <Entry>
                <Value0>36698</Value0>
                <Value1>500</Value1>
              </Entry>
            </Values>
            <Value0>147458</Value0>
            <Value1>327680</Value1>
          </Entry>
          <Entry>
            <Values />
            <Value0>147456</Value0>
            <Value1>393216</Value1>
          </Entry>
          <Entry>
            <Values>
              <Entry>
                <Value0>36699</Value0>
                <Value1>0</Value1>
              </Entry>
              <Entry>
                <Value0>36700</Value0>
                <Value1>500</Value1>
              </Entry>
            </Values>
            <Value0>147458</Value0>
            <Value1>458752</Value1>
          </Entry>
          <Entry>
            <Values />
            <Value0>147456</Value0>
            <Value1>524288</Value1>
          </Entry>
          <Entry>
            <Values />
            <Value0>147456</Value0>
            <Value1>589824</Value1>
          </Entry>
        </Unknown>
        <Dialogs>
          <Dialog>○○○○○○○○</Dialog>
          <Dialog>It's almost that time of year
again, huh？</Dialog>
          <Dialog>小早川</Dialog>
          <Dialog>What？</Dialog>
          <Dialog>Come on！ There have been a
lot of new chocolate
commercials lately. It's that
time of year▼</Dialog>
          <Dialog>That's all about marketing,
you know？ Why do we have to
follow them？ We can have it
our own way.</Dialog>
          <Dialog>I see. I still prefer homemade
chocolate anyway...</Dialog>
          <Dialog>Eh？ ...But I think it's not
bad that we support those
commercial campaigns. Yeah.</Dialog>
          <Dialog>(In other words, you're bad at
making homemade chocolate,
huh...？)</Dialog>
          <Dialog>The most important thing is
the feeling.</Dialog>
        </Dialogs>
      </SDL2>
    </Entry>
    <Entry Unknown0="832294007" Unknown1="3658920981">
      <SDL2 Key="1433167176">
        <Unknown>
          <Entry>
            <Values />
            <Value0>147456</Value0>
            <Value1>65536</Value1>
          </Entry>
          <Entry>
            <Values>
              <Entry>
                <Value0>36701</Value0>
                <Value1>0</Value1>
              </Entry>
            </Values>
            <Value0>147458</Value0>
            <Value1>196608</Value1>
          </Entry>
          <Entry>
            <Values />
            <Value0>147456</Value0>
            <Value1>262144</Value1>
          </Entry>
          <Entry>
            <Values>
              <Entry>
                <Value0>36702</Value0>
                <Value1>0</Value1>
              </Entry>
            </Values>
            <Value0>147458</Value0>
            <Value1>327680</Value1>
          </Entry>
          <Entry>
            <Values />
            <Value0>147456</Value0>
            <Value1>393216</Value1>
          </Entry>
          <Entry>
            <Values>
              <Entry>
                <Value0>36703</Value0>
                <Value1>0</Value1>
              </Entry>
            </Values>
            <Value0>147458</Value0>
            <Value1>458752</Value1>
          </Entry>
          <Entry>
            <Values />
            <Value0>147456</Value0>
            <Value1>524288</Value1>
          </Entry>
          <Entry>
            <Values>
              <Entry>
                <Value0>36704</Value0>
                <Value1>0</Value1>
              </Entry>
            </Values>
            <Value0>147458</Value0>
            <Value1>589824</Value1>
          </Entry>
          <Entry>
            <Values />
            <Value0>147456</Value0>
            <Value1>655360</Value1>
          </Entry>
        </Unknown>
        <Dialogs>
          <Dialog>○○○○○○○○</Dialog>
          <Dialog>Say, it's almost that time of
year again, huh？</Dialog>
          <Dialog>小早川</Dialog>
          <Dialog>No matter what, you still
prefer homemade chocolate,
right？</Dialog>
          <Dialog>Eh！？ Ah... If you're bad at
cooking, you don't have to
overdo it...</Dialog>
          <Dialog>Who said I'm bad at
cooking！？ Did I say it？</Dialog>
          <Dialog>No, you didn't.</Dialog>
          <Dialog>If you think the feeling is
most important, then I'll just
buy it.</Dialog>
          <Dialog>Yeah, yeah. The feeling is
more important.</Dialog>
          <Dialog>But you still prefer the
homemade one, don't you！？</Dialog>
          <Dialog>(What can I say to please
her...？)</Dialog>
        </Dialogs>
      </SDL2>
    </Entry>
    <Entry Unknown0="3339236105" Unknown1="1206273666">
      <SDL2 Key="1433167176">
        <Unknown>
          <Entry>
            <Values />
            <Value0>147456</Value0>
            <Value1>65536</Value1>
          </Entry>
          <Entry>
            <Values>
              <Entry>
                <Value0>36705</Value0>
                <Value1>0</Value1>
              </Entry>
            </Values>
            <Value0>147458</Value0>
            <Value1>196608</Value1>
          </Entry>
          <Entry>
            <Values />
            <Value0>147456</Value0>
            <Value1>262144</Value1>
          </Entry>
          <Entry>
            <Values>
              <Entry>
                <Value0>36706</Value0>
                <Value1>0</Value1>
              </Entry>
              <Entry>
                <Value0>36707</Value0>
                <Value1>500</Value1>
              </Entry>
            </Values>
            <Value0>147458</Value0>
            <Value1>327680</Value1>
          </Entry>
          <Entry>
            <Values />
            <Value0>147456</Value0>
            <Value1>393216</Value1>
          </Entry>
          <Entry>
            <Values>
              <Entry>
                <Value0>36708</Value0>
                <Value1>0</Value1>
              </Entry>
            </Values>
            <Value0>147458</Value0>
            <Value1>458752</Value1>
          </Entry>
          <Entry>
            <Values />
            <Value0>147456</Value0>
            <Value1>524288</Value1>
          </Entry>
          <Entry>
            <Values>
              <Entry>
                <Value0>36709</Value0>
                <Value1>0</Value1>
              </Entry>
            </Values>
            <Value0>147458</Value0>
            <Value1>589824</Value1>
          </Entry>
          <Entry>
            <Values />
            <Value0>147456</Value0>
            <Value1>655360</Value1>
          </Entry>
        </Unknown>
        <Dialogs>
          <Dialog>○○○○○○○○</Dialog>
          <Dialog>Say, it's almost that time of
year again, huh？</Dialog>
          <Dialog>小早川</Dialog>
          <Dialog>Well... What is it again？</Dialog>
          <Dialog>Hey！ It's February 14th.</Dialog>
          <Dialog>Yeah, right. Well, will you be
disappointed if I don't give
you homemade chocolate？</Dialog>
          <Dialog>Eh？ Well, maybe a little bit.</Dialog>
          <Dialog>But you might also be
disappointed with my homemade
chocolate, you know.</Dialog>
          <Dialog>I don't think so. The most
important thing is your
feeling.</Dialog>
          <Dialog>Are you sure？ Can you swear？</Dialog>
          <Dialog>(Somehow, I'm starting to
become worried about this...)</Dialog>
        </Dialogs>
      </SDL2>
    </Entry>
    <Entry Unknown0="853090678" Unknown1="360166227">
      <SDL2 Key="489543726">
        <Unknown>
          <Entry>
            <Values />
            <Value0>147456</Value0>
            <Value1>65536</Value1>
          </Entry>
          <Entry>
            <Values>
              <Entry>
                <Value0>36710</Value0>
                <Value1>0</Value1>
              </Entry>
            </Values>
            <Value0>147458</Value0>
            <Value1>196608</Value1>
          </Entry>
          <Entry>
            <Values />
            <Value0>147456</Value0>
            <Value1>262144</Value1>
          </Entry>
          <Entry>
            <Values>
              <Entry>
                <Value0>36711</Value0>
                <Value1>0</Value1>
              </Entry>
              <Entry>
                <Value0>36712</Value0>
                <Value1>500</Value1>
              </Entry>
            </Values>
            <Value0>147458</Value0>
            <Value1>327680</Value1>
          </Entry>
          <Entry>
            <Values />
            <Value0>147456</Value0>
            <Value1>393216</Value1>
          </Entry>
        </Unknown>
        <Dialogs>
          <Dialog>○○○○○○○○</Dialog>
          <Dialog>It's almost Hinamatsuri. Does
your family set up doll
decorations,
▲小早川＊▲？</Dialog>
          <Dialog>小早川</Dialog>
          <Dialog>Speaking of which, they used
to... until around the time I
was in grade school.</Dialog>
          <Dialog>Yeah. Usually, people only do
that if they have small kids
at home... Huh？</Dialog>
          <Dialog>Rinko's dolls... It seems so
pitiful to be put away. Maybe
it's time to put them on
decoration again.</Dialog>
          <Dialog>(▲小早川＊▲
is so gentle when it comes to
something like this.)</Dialog>
        </Dialogs>
      </SDL2>
    </Entry>
    <Entry Unknown0="23837767" Unknown1="2900722917">
      <SDL2 Key="489543726">
        <Unknown>
          <Entry>
            <Values />
            <Value0>147456</Value0>
            <Value1>65536</Value1>
          </Entry>
          <Entry>
            <Values>
              <Entry>
                <Value0>36713</Value0>
                <Value1>0</Value1>
              </Entry>
            </Values>
            <Value0>147458</Value0>
            <Value1>196608</Value1>
          </Entry>
          <Entry>
            <Values />
            <Value0>147456</Value0>
            <Value1>262144</Value1>
          </Entry>
          <Entry>
            <Values>
              <Entry>
                <Value0>36714</Value0>
                <Value1>0</Value1>
              </Entry>
            </Values>
            <Value0>147458</Value0>
            <Value1>327680</Value1>
          </Entry>
          <Entry>
            <Values />
            <Value0>147456</Value0>
            <Value1>393216</Value1>
          </Entry>
          <Entry>
            <Values>
              <Entry>
                <Value0>36715</Value0>
                <Value1>0</Value1>
              </Entry>
            </Values>
            <Value0>147458</Value0>
            <Value1>458752</Value1>
          </Entry>
          <Entry>
            <Values />
            <Value0>147456</Value0>
            <Value1>524288</Value1>
          </Entry>
        </Unknown>
        <Dialogs>
          <Dialog>○○○○○○○○</Dialog>
          <Dialog>It's getting close...</Dialog>
          <Dialog>小早川</Dialog>
          <Dialog>March 14th, you mean？</Dialog>
          <Dialog>Well, yeah.</Dialog>
          <Dialog>Rinko tried pretty hard last
month, right？</Dialog>
          <Dialog>Well...</Dialog>
          <Dialog>It's okay. The most important
thing is the feeling. The
feeling▼</Dialog>
          <Dialog>(I think she's really looking
forward to it... What should I
do？)</Dialog>
        </Dialogs>
      </SDL2>
    </Entry>
    <Entry Unknown0="2547540953" Unknown1="297211474">
      <SDL2 Key="489543726">
        <Unknown>
          <Entry>
            <Values />
            <Value0>147456</Value0>
            <Value1>65536</Value1>
          </Entry>
          <Entry>
            <Values>
              <Entry>
                <Value0>36716</Value0>
                <Value1>0</Value1>
              </Entry>
            </Values>
            <Value0>147458</Value0>
            <Value1>196608</Value1>
          </Entry>
          <Entry>
            <Values />
            <Value0>147456</Value0>
            <Value1>262144</Value1>
          </Entry>
          <Entry>
            <Values>
              <Entry>
                <Value0>36717</Value0>
                <Value1>0</Value1>
              </Entry>
              <Entry>
                <Value0>36718</Value0>
                <Value1>500</Value1>
              </Entry>
            </Values>
            <Value0>147458</Value0>
            <Value1>327680</Value1>
          </Entry>
          <Entry>
            <Values />
            <Value0>147456</Value0>
            <Value1>393216</Value1>
          </Entry>
          <Entry>
            <Values>
              <Entry>
                <Value0>36719</Value0>
                <Value1>0</Value1>
              </Entry>
            </Values>
            <Value0>147458</Value0>
            <Value1>458752</Value1>
          </Entry>
          <Entry>
            <Values />
            <Value0>147456</Value0>
            <Value1>524288</Value1>
          </Entry>
        </Unknown>
        <Dialogs>
          <Dialog>○○○○○○○○</Dialog>
          <Dialog>It's been almost a month since
Valentine's Day.</Dialog>
          <Dialog>小早川</Dialog>
          <Dialog>You wanted to say that the
most important thing is the
feeling？</Dialog>
          <Dialog>...Eh？ Yeah！ The most
important thing is to let you
know my feelings！</Dialog>
          <Dialog>Yeah, but it would be bad if I
couldn't understand your
feelings, right？</Dialog>
          <Dialog>W-Well, that's right.
Hahaha...</Dialog>
          <Dialog>Hehehe...</Dialog>
          <Dialog>(I think she's really looking
forward to it... What should I
do？)</Dialog>
        </Dialogs>
      </SDL2>
    </Entry>
    <Entry Unknown0="44634438" Unknown1="3796140835">
      <SDL2 Key="489543726">
        <Unknown>
          <Entry>
            <Values />
            <Value0>147456</Value0>
            <Value1>65536</Value1>
          </Entry>
          <Entry>
            <Values>
              <Entry>
                <Value0>36720</Value0>
                <Value1>0</Value1>
              </Entry>
            </Values>
            <Value0>147458</Value0>
            <Value1>196608</Value1>
          </Entry>
          <Entry>
            <Values />
            <Value0>147456</Value0>
            <Value1>262144</Value1>
          </Entry>
          <Entry>
            <Values>
              <Entry>
                <Value0>36721</Value0>
                <Value1>0</Value1>
              </Entry>
              <Entry>
                <Value0>36722</Value0>
                <Value1>500</Value1>
              </Entry>
            </Values>
            <Value0>147458</Value0>
            <Value1>327680</Value1>
          </Entry>
          <Entry>
            <Values />
            <Value0>147456</Value0>
            <Value1>393216</Value1>
          </Entry>
          <Entry>
            <Values>
              <Entry>
                <Value0>36723</Value0>
                <Value1>0</Value1>
              </Entry>
              <Entry>
                <Value0>36724</Value0>
                <Value1>500</Value1>
              </Entry>
            </Values>
            <Value0>147458</Value0>
            <Value1>458752</Value1>
          </Entry>
          <Entry>
            <Values />
            <Value0>147456</Value0>
            <Value1>524288</Value1>
          </Entry>
          <Entry>
            <Values>
              <Entry>
                <Value0>36725</Value0>
                <Value1>0</Value1>
              </Entry>
            </Values>
            <Value0>147458</Value0>
            <Value1>589824</Value1>
          </Entry>
          <Entry>
            <Values />
            <Value0>147456</Value0>
            <Value1>655360</Value1>
          </Entry>
        </Unknown>
        <Dialogs>
          <Dialog>○○○○○○○○</Dialog>
          <Dialog>By the way, it's been almost a
month since Valentine's Day.</Dialog>
          <Dialog>小早川</Dialog>
          <Dialog>White Day is coming up▼</Dialog>
          <Dialog>Yeah, that's true.</Dialog>
          <Dialog>I tried my best with my
homemade chocolate, right？</Dialog>
          <Dialog>Yeah, that's right.</Dialog>
          <Dialog>It's okay！ I won't ask you to
do any handmade gift for me.
Well, something that lasts
long would be fine.</Dialog>
          <Dialog>I see！ Yeah, nice idea.
Something that lasts long！</Dialog>
          <Dialog>Yeah. Like, forever▼</Dialog>
          <Dialog>(I hope she isn't expecting a
diamond or something like
that...)</Dialog>
        </Dialogs>
      </SDL2>
    </Entry>
    <Entry Unknown0="3510332439" Unknown1="2108970165">
      <SDL2 Key="489543726">
        <Unknown>
          <Entry>
            <Values />
            <Value0>147456</Value0>
            <Value1>65536</Value1>
          </Entry>
          <Entry>
            <Values>
              <Entry>
                <Value0>36726</Value0>
                <Value1>0</Value1>
              </Entry>
            </Values>
            <Value0>147458</Value0>
            <Value1>196608</Value1>
          </Entry>
          <Entry>
            <Values />
            <Value0>147456</Value0>
            <Value1>262144</Value1>
          </Entry>
          <Entry>
            <Values>
              <Entry>
                <Value0>36727</Value0>
                <Value1>0</Value1>
              </Entry>
              <Entry>
                <Value0>36728</Value0>
                <Value1>500</Value1>
              </Entry>
            </Values>
            <Value0>147458</Value0>
            <Value1>327680</Value1>
          </Entry>
          <Entry>
            <Values />
            <Value0>147456</Value0>
            <Value1>393216</Value1>
          </Entry>
          <Entry>
            <Values>
              <Entry>
                <Value0>36729</Value0>
                <Value1>0</Value1>
              </Entry>
            </Values>
            <Value0>147458</Value0>
            <Value1>458752</Value1>
          </Entry>
          <Entry>
            <Values />
            <Value0>147456</Value0>
            <Value1>524288</Value1>
          </Entry>
          <Entry>
            <Values>
              <Entry>
                <Value0>36730</Value0>
                <Value1>0</Value1>
              </Entry>
            </Values>
            <Value0>147458</Value0>
            <Value1>589824</Value1>
          </Entry>
          <Entry>
            <Values />
            <Value0>147456</Value0>
            <Value1>655360</Value1>
          </Entry>
        </Unknown>
        <Dialogs>
          <Dialog>○○○○○○○○</Dialog>
          <Dialog>It's the cherry blossoms
season again.</Dialog>
          <Dialog>小早川</Dialog>
          <Dialog>Did you just become
sentimental？</Dialog>
          <Dialog>Sort of. How about you,
▲小早川＊▲？
You don't feel sentimental？</Dialog>
          <Dialog>It's not like I don't feel
it... But speaking of cherry
blossoms, there's that...</Dialog>
          <Dialog>That...？</Dialog>
          <Dialog>That dark, shaggy thing...</Dialog>
          <Dialog>Ah, hairy caterpillar...？</Dialog>
          <Dialog>Aaaah！ Noooo！ Don't say its
name！ Now I'm picturing it！</Dialog>
          <Dialog>(▲小早川＊▲
doesn't like hairy
caterpillars then... Somehow
this is unexpected.)</Dialog>
        </Dialogs>
      </SDL2>
    </Entry>
    <Entry Unknown0="1739084713" Unknown1="3817203234">
      <SDL2 Key="1064115834">
        <Unknown>
          <Entry>
            <Values />
            <Value0>147456</Value0>
            <Value1>65536</Value1>
          </Entry>
          <Entry>
            <Values>
              <Entry>
                <Value0>36731</Value0>
                <Value1>0</Value1>
              </Entry>
              <Entry>
                <Value0>36732</Value0>
                <Value1>500</Value1>
              </Entry>
            </Values>
            <Value0>147458</Value0>
            <Value1>196608</Value1>
          </Entry>
          <Entry>
            <Values />
            <Value0>147456</Value0>
            <Value1>262144</Value1>
          </Entry>
          <Entry>
            <Values>
              <Entry>
                <Value0>36733</Value0>
                <Value1>0</Value1>
              </Entry>
            </Values>
            <Value0>147458</Value0>
            <Value1>327680</Value1>
          </Entry>
          <Entry>
            <Values />
            <Value0>147456</Value0>
            <Value1>393216</Value1>
          </Entry>
        </Unknown>
        <Dialogs>
          <Dialog>○○○○○○○○</Dialog>
          <Dialog>It's almost the golden week.
▲小早川＊▲,
do you have any places you
want to go to？</Dialog>
          <Dialog>小早川</Dialog>
          <Dialog>Hmm... Rinko wants to go to
some places far away. The
mountains would be great.</Dialog>
          <Dialog>That's nice！ We probably
can't go now, but maybe we can
go for an overnight trip
sometime later.</Dialog>
          <Dialog>Pervert...</Dialog>
          <Dialog>No... C-Can't I just dream
about it！？</Dialog>
        </Dialogs>
      </SDL2>
    </Entry>
    <Entry Unknown0="3531194646" Unknown1="2971096051">
      <SDL2 Key="1064115834">
        <Unknown>
          <Entry>
            <Values />
            <Value0>147456</Value0>
            <Value1>65536</Value1>
          </Entry>
          <Entry>
            <Values>
              <Entry>
                <Value0>36734</Value0>
                <Value1>0</Value1>
              </Entry>
            </Values>
            <Value0>147458</Value0>
            <Value1>196608</Value1>
          </Entry>
          <Entry>
            <Values />
            <Value0>147456</Value0>
            <Value1>262144</Value1>
          </Entry>
          <Entry>
            <Values>
              <Entry>
                <Value0>36735</Value0>
                <Value1>0</Value1>
              </Entry>
              <Entry>
                <Value0>36736</Value0>
                <Value1>500</Value1>
              </Entry>
            </Values>
            <Value0>147458</Value0>
            <Value1>327680</Value1>
          </Entry>
          <Entry>
            <Values />
            <Value0>147456</Value0>
            <Value1>393216</Value1>
          </Entry>
          <Entry>
            <Values>
              <Entry>
                <Value0>36737</Value0>
                <Value1>0</Value1>
              </Entry>
            </Values>
            <Value0>147458</Value0>
            <Value1>458752</Value1>
          </Entry>
          <Entry>
            <Values />
            <Value0>147456</Value0>
            <Value1>524288</Value1>
          </Entry>
        </Unknown>
        <Dialogs>
          <Dialog>○○○○○○○○</Dialog>
          <Dialog>It's almost the sports
festival.
▲小早川＊▲,
will you participate in any
event？</Dialog>
          <Dialog>小早川</Dialog>
          <Dialog>No. Actually, I plan to skip
school on that day.</Dialog>
          <Dialog>Hey, hey... I think you should
participate.</Dialog>
          <Dialog>No. No matter which event I
join, I'll always lose.</Dialog>
          <Dialog>But that will become one page
in your youth memories,
right？</Dialog>
          <Dialog>In Rinko's book, such a
disgraceful page shouldn't
exist.</Dialog>
          <Dialog>(...So she just doesn't want
to lose, huh？)</Dialog>
        </Dialogs>
      </SDL2>
    </Entry>
    <Entry Unknown0="2701876455" Unknown1="1082401925">
      <SDL2 Key="1872578245">
        <Unknown>
          <Entry>
            <Values />
            <Value0>147456</Value0>
            <Value1>65536</Value1>
          </Entry>
          <Entry>
            <Values>
              <Entry>
                <Value0>36738</Value0>
                <Value1>0</Value1>
              </Entry>
              <Entry>
                <Value0>36739</Value0>
                <Value1>500</Value1>
              </Entry>
              <Entry>
                <Value0>36740</Value0>
                <Value1>500</Value1>
              </Entry>
            </Values>
            <Value0>147458</Value0>
            <Value1>196608</Value1>
          </Entry>
          <Entry>
            <Values />
            <Value0>147456</Value0>
            <Value1>262144</Value1>
          </Entry>
          <Entry>
            <Values />
            <Value0>147458</Value0>
            <Value1>327680</Value1>
          </Entry>
          <Entry>
            <Values />
            <Value0>147456</Value0>
            <Value1>393216</Value1>
          </Entry>
          <Entry>
            <Values>
              <Entry>
                <Value0>36741</Value0>
                <Value1>0</Value1>
              </Entry>
            </Values>
            <Value0>147458</Value0>
            <Value1>458752</Value1>
          </Entry>
          <Entry>
            <Values />
            <Value0>147456</Value0>
            <Value1>524288</Value1>
          </Entry>
          <Entry>
            <Values>
              <Entry>
                <Value0>36742</Value0>
                <Value1>0</Value1>
              </Entry>
            </Values>
            <Value0>147458</Value0>
            <Value1>589824</Value1>
          </Entry>
          <Entry>
            <Values />
            <Value0>147456</Value0>
            <Value1>655360</Value1>
          </Entry>
        </Unknown>
        <Dialogs>
          <Dialog>○○○○○○○○</Dialog>
          <Dialog>By the way, we'll have to
change our uniform soon.</Dialog>
          <Dialog>小早川</Dialog>
          <Dialog>Yeah, that's great. I like the
summer uniform better. I'm not
good with the heat...</Dialog>
          <Dialog>Yeah, the summer uniform suits
▲小早川＊▲
better.</Dialog>
          <Dialog>......</Dialog>
          <Dialog>？</Dialog>
          <Dialog>Don't look at me...</Dialog>
          <Dialog>Why？</Dialog>
          <Dialog>Because... you have those
perverted eyes.</Dialog>
          <Dialog>N-No, I'm not thinking about
anything perverted！ Really.</Dialog>
        </Dialogs>
      </SDL2>
    </Entry>
    <Entry Unknown0="930612089" Unknown1="3159734002">
      <SDL2 Key="1872578245">
        <Unknown>
          <Entry>
            <Values>
              <Entry>
                <Value0>36743</Value0>
                <Value1>0</Value1>
              </Entry>
            </Values>
            <Value0>147456</Value0>
            <Value1>65536</Value1>
          </Entry>
          <Entry>
            <Values />
            <Value0>147458</Value0>
            <Value1>196608</Value1>
          </Entry>
          <Entry>
            <Values>
              <Entry>
                <Value0>36744</Value0>
                <Value1>0</Value1>
              </Entry>
            </Values>
            <Value0>147456</Value0>
            <Value1>262144</Value1>
          </Entry>
          <Entry>
            <Values />
            <Value0>147458</Value0>
            <Value1>327680</Value1>
          </Entry>
          <Entry>
            <Values>
              <Entry>
                <Value0>36745</Value0>
                <Value1>0</Value1>
              </Entry>
              <Entry>
                <Value0>36746</Value0>
                <Value1>500</Value1>
              </Entry>
              <Entry>
                <Value0>36747</Value0>
                <Value1>500</Value1>
              </Entry>
            </Values>
            <Value0>147456</Value0>
            <Value1>393216</Value1>
          </Entry>
          <Entry>
            <Values />
            <Value0>147458</Value0>
            <Value1>458752</Value1>
          </Entry>
          <Entry>
            <Values>
              <Entry>
                <Value0>36748</Value0>
                <Value1>0</Value1>
              </Entry>
              <Entry>
                <Value0>36749</Value0>
                <Value1>500</Value1>
              </Entry>
            </Values>
            <Value0>147456</Value0>
            <Value1>524288</Value1>
          </Entry>
          <Entry>
            <Values />
            <Value0>147458</Value0>
            <Value1>589824</Value1>
          </Entry>
          <Entry>
            <Values>
              <Entry>
                <Value0>36750</Value0>
                <Value1>0</Value1>
              </Entry>
            </Values>
            <Value0>147456</Value0>
            <Value1>655360</Value1>
          </Entry>
        </Unknown>
        <Dialogs>
          <Dialog>小早川</Dialog>
          <Dialog>It's July already...？ Do you
think the sky will be clear on
Tanabata？</Dialog>
          <Dialog>○○○○○○○○</Dialog>
          <Dialog>Tanabata？ I don't know...</Dialog>
          <Dialog>You don't know？ What an
irresponsible answer... Yes or
no？</Dialog>
          <Dialog>My answer doesn't matter,
right？ By the way, why did
you ask me？</Dialog>
          <Dialog>Why？ If it rains, Orihime and
Hikoboshi won't be able to see
each other. They can only meet
once a year.</Dialog>
          <Dialog>Oh my... Actually,
▲小早川＊▲
is so girlish, huh？</Dialog>
          <Dialog>N-No...！ Everyone in Japan is
concerned about this！</Dialog>
          <Dialog>Not everyone！ Only the girls.</Dialog>
          <Dialog>Shut up！</Dialog>
        </Dialogs>
      </SDL2>
    </Entry>
    <Entry Unknown0="2722738662" Unknown1="2363958211">
      <SDL2 Key="1872578245">
        <Unknown>
          <Entry>
            <Values />
            <Value0>147456</Value0>
            <Value1>65536</Value1>
          </Entry>
          <Entry>
            <Values>
              <Entry>
                <Value0>36751</Value0>
                <Value1>0</Value1>
              </Entry>
            </Values>
            <Value0>147458</Value0>
            <Value1>196608</Value1>
          </Entry>
          <Entry>
            <Values />
            <Value0>147456</Value0>
            <Value1>262144</Value1>
          </Entry>
          <Entry>
            <Values>
              <Entry>
                <Value0>36752</Value0>
                <Value1>0</Value1>
              </Entry>
            </Values>
            <Value0>147458</Value0>
            <Value1>327680</Value1>
          </Entry>
          <Entry>
            <Values />
            <Value0>147456</Value0>
            <Value1>393216</Value1>
          </Entry>
          <Entry>
            <Values>
              <Entry>
                <Value0>36753</Value0>
                <Value1>0</Value1>
              </Entry>
            </Values>
            <Value0>147458</Value0>
            <Value1>458752</Value1>
          </Entry>
          <Entry>
            <Values />
            <Value0>147456</Value0>
            <Value1>524288</Value1>
          </Entry>
          <Entry>
            <Values>
              <Entry>
                <Value0>36754</Value0>
                <Value1>0</Value1>
              </Entry>
            </Values>
            <Value0>147458</Value0>
            <Value1>589824</Value1>
          </Entry>
          <Entry>
            <Values />
            <Value0>147456</Value0>
            <Value1>655360</Value1>
          </Entry>
          <Entry>
            <Values>
              <Entry>
                <Value0>36755</Value0>
                <Value1>0</Value1>
              </Entry>
            </Values>
            <Value0>147458</Value0>
            <Value1>720896</Value1>
          </Entry>
          <Entry>
            <Values />
            <Value0>147456</Value0>
            <Value1>786432</Value1>
          </Entry>
          <Entry>
            <Values>
              <Entry>
                <Value0>36756</Value0>
                <Value1>0</Value1>
              </Entry>
              <Entry>
                <Value0>36757</Value0>
                <Value1>500</Value1>
              </Entry>
            </Values>
            <Value0>147458</Value0>
            <Value1>851968</Value1>
          </Entry>
          <Entry>
            <Values />
            <Value0>147456</Value0>
            <Value1>917504</Value1>
          </Entry>
        </Unknown>
        <Dialogs>
          <Dialog>○○○○○○○○</Dialog>
          <Dialog>Ah！ Can't summer break come
any sooner！？</Dialog>
          <Dialog>小早川</Dialog>
          <Dialog>Hah... It's good to be kids.
They're so energetic.</Dialog>
          <Dialog>What's with you...？ Ah,
right. You don't like the
heat, right？</Dialog>
          <Dialog>What if I don't like it？</Dialog>
          <Dialog>Come on... There are a lot of
fun things to do, right？</Dialog>
          <Dialog>Like what？</Dialog>
          <Dialog>Sea bathing.</Dialog>
          <Dialog>I hate swimsuits and it's hot.</Dialog>
          <Dialog>Mountain hiking.</Dialog>
          <Dialog>Insects will bite me and it's
hot.</Dialog>
          <Dialog>Then... Wait a moment.</Dialog>
          <Dialog>Look！ Summer is bad. Summer
is a bad season. That's all！</Dialog>
          <Dialog>(Seems like I'll have a hard
time asking her out in
summer...)</Dialog>
        </Dialogs>
      </SDL2>
    </Entry>
    <Entry Unknown0="1910181047" Unknown1="324334677">
      <SDL2 Key="798071096">
        <Unknown>
          <Entry>
            <Values />
            <Value0>147456</Value0>
            <Value1>65536</Value1>
          </Entry>
          <Entry>
            <Values>
              <Entry>
                <Value0>36758</Value0>
                <Value1>0</Value1>
              </Entry>
            </Values>
            <Value0>147458</Value0>
            <Value1>196608</Value1>
          </Entry>
          <Entry>
            <Values />
            <Value0>147456</Value0>
            <Value1>262144</Value1>
          </Entry>
          <Entry>
            <Values>
              <Entry>
                <Value0>36759</Value0>
                <Value1>0</Value1>
              </Entry>
            </Values>
            <Value0>147458</Value0>
            <Value1>327680</Value1>
          </Entry>
          <Entry>
            <Values />
            <Value0>147456</Value0>
            <Value1>393216</Value1>
          </Entry>
          <Entry>
            <Values>
              <Entry>
                <Value0>36760</Value0>
                <Value1>0</Value1>
              </Entry>
            </Values>
            <Value0>147458</Value0>
            <Value1>458752</Value1>
          </Entry>
          <Entry>
            <Values />
            <Value0>147456</Value0>
            <Value1>524288</Value1>
          </Entry>
          <Entry>
            <Values>
              <Entry>
                <Value0>36761</Value0>
                <Value1>0</Value1>
              </Entry>
            </Values>
            <Value0>147458</Value0>
            <Value1>589824</Value1>
          </Entry>
          <Entry>
            <Values />
            <Value0>147456</Value0>
            <Value1>655360</Value1>
          </Entry>
          <Entry>
            <Values>
              <Entry>
                <Value0>36762</Value0>
                <Value1>0</Value1>
              </Entry>
            </Values>
            <Value0>147458</Value0>
            <Value1>720896</Value1>
          </Entry>
          <Entry>
            <Values />
            <Value0>147456</Value0>
            <Value1>786432</Value1>
          </Entry>
          <Entry>
            <Values>
              <Entry>
                <Value0>36763</Value0>
                <Value1>0</Value1>
              </Entry>
            </Values>
            <Value0>147458</Value0>
            <Value1>851968</Value1>
          </Entry>
          <Entry>
            <Values />
            <Value0>147456</Value0>
            <Value1>917504</Value1>
          </Entry>
        </Unknown>
        <Dialogs>
          <Dialog>○○○○○○○○</Dialog>
          <Dialog>It's sea bathing season soon.</Dialog>
          <Dialog>小早川</Dialog>
          <Dialog>Well, that's for small
children.</Dialog>
          <Dialog>You don't like it, huh？ Why？</Dialog>
          <Dialog>Because I have to wear a
swimsuit if I want to swim,
right...？</Dialog>
          <Dialog>Isn't that good？ Wearing a
swimsuit.</Dialog>
          <Dialog>That's just for those stupid
kids who want to show off！</Dialog>
          <Dialog>Don't be unreasonable...
▲小早川＊▲
would look good in a swimsuit.</Dialog>
          <Dialog>You're lying. I know.</Dialog>
          <Dialog>You will absolutely look good.
I can guarantee that.</Dialog>
          <Dialog>Really？</Dialog>
          <Dialog>Really！ I really want to see
▲小早川＊▲
in a swimsuit.</Dialog>
          <Dialog>...You look like a pervert.
So, no.</Dialog>
          <Dialog>(Hah, this is difficult！)</Dialog>
        </Dialogs>
      </SDL2>
    </Entry>
    <Entry Unknown0="122221385" Unknown1="2300937922">
      <SDL2 Key="429015913">
        <Unknown>
          <Entry>
            <Values />
            <Value0>147456</Value0>
            <Value1>65536</Value1>
          </Entry>
          <Entry>
            <Values>
              <Entry>
                <Value0>36764</Value0>
                <Value1>0</Value1>
              </Entry>
            </Values>
            <Value0>147458</Value0>
            <Value1>196608</Value1>
          </Entry>
          <Entry>
            <Values />
            <Value0>147456</Value0>
            <Value1>262144</Value1>
          </Entry>
          <Entry>
            <Values>
              <Entry>
                <Value0>36765</Value0>
                <Value1>0</Value1>
              </Entry>
              <Entry>
                <Value0>36766</Value0>
                <Value1>500</Value1>
              </Entry>
            </Values>
            <Value0>147458</Value0>
            <Value1>327680</Value1>
          </Entry>
          <Entry>
            <Values />
            <Value0>147456</Value0>
            <Value1>393216</Value1>
          </Entry>
          <Entry>
            <Values>
              <Entry>
                <Value0>36767</Value0>
                <Value1>0</Value1>
              </Entry>
            </Values>
            <Value0>147458</Value0>
            <Value1>458752</Value1>
          </Entry>
          <Entry>
            <Values />
            <Value0>147456</Value0>
            <Value1>524288</Value1>
          </Entry>
          <Entry>
            <Values>
              <Entry>
                <Value0>36768</Value0>
                <Value1>0</Value1>
              </Entry>
              <Entry>
                <Value0>36769</Value0>
                <Value1>500</Value1>
              </Entry>
            </Values>
            <Value0>147458</Value0>
            <Value1>589824</Value1>
          </Entry>
          <Entry>
            <Values />
            <Value0>147456</Value0>
            <Value1>655360</Value1>
          </Entry>
        </Unknown>
        <Dialogs>
          <Dialog>○○○○○○○○</Dialog>
          <Dialog>The fireworks season is coming
soon... Speaking of fireworks,
we can't forget about yukatas,
right？</Dialog>
          <Dialog>小早川</Dialog>
          <Dialog>If you want to see me in a
yukata, just say so.</Dialog>
          <Dialog>Yeah！ And... will you wear
it？</Dialog>
          <Dialog>Let me tell you this. It's so
hot in a yukata and it's very
troublesome to put it on.</Dialog>
          <Dialog>I see. But I still want to see
▲小早川＊▲
in a yukata.</Dialog>
          <Dialog>Then ask me in a cute way.</Dialog>
          <Dialog>Teehee！ Please wear a
yukata▼</Dialog>
          <Dialog>I'll think about it.
...Somehow, that was
disgustingly cute.</Dialog>
          <Dialog>(So, which is it...？ Anyway,
I'm looking forward to see her
in a yukata！)</Dialog>
        </Dialogs>
      </SDL2>
    </Entry>
    <Entry Unknown0="1914266038" Unknown1="1538782099">
      <SDL2 Key="429015913">
        <Unknown>
          <Entry>
            <Values />
            <Value0>147456</Value0>
            <Value1>65536</Value1>
          </Entry>
          <Entry>
            <Values>
              <Entry>
                <Value0>36770</Value0>
                <Value1>0</Value1>
              </Entry>
            </Values>
            <Value0>147458</Value0>
            <Value1>196608</Value1>
          </Entry>
          <Entry>
            <Values />
            <Value0>147456</Value0>
            <Value1>262144</Value1>
          </Entry>
          <Entry>
            <Values>
              <Entry>
                <Value0>36771</Value0>
                <Value1>0</Value1>
              </Entry>
              <Entry>
                <Value0>36772</Value0>
                <Value1>500</Value1>
              </Entry>
              <Entry>
                <Value0>36773</Value0>
                <Value1>500</Value1>
              </Entry>
            </Values>
            <Value0>147458</Value0>
            <Value1>327680</Value1>
          </Entry>
          <Entry>
            <Values />
            <Value0>147456</Value0>
            <Value1>393216</Value1>
          </Entry>
          <Entry>
            <Values>
              <Entry>
                <Value0>36774</Value0>
                <Value1>0</Value1>
              </Entry>
              <Entry>
                <Value0>36775</Value0>
                <Value1>500</Value1>
              </Entry>
            </Values>
            <Value0>147458</Value0>
            <Value1>458752</Value1>
          </Entry>
          <Entry>
            <Values />
            <Value0>147456</Value0>
            <Value1>524288</Value1>
          </Entry>
        </Unknown>
        <Dialogs>
          <Dialog>○○○○○○○○</Dialog>
          <Dialog>Hah... Summer almost ends.</Dialog>
          <Dialog>小早川</Dialog>
          <Dialog>Isn't it good？ It's getting
cooler▼</Dialog>
          <Dialog>▲小早川＊▲
really hates summer, huh？ I
wonder if we still have
anything left undone.</Dialog>
          <Dialog>No, none at all. Rinko will be
with you in fall and winter,
too. So don't feel down,
okay？</Dialog>
          <Dialog>But after summer ends, we'll
have to go to school.</Dialog>
          <Dialog>Can you stop talking about
that？ Hah...</Dialog>
          <Dialog>(Hah...)</Dialog>
        </Dialogs>
      </SDL2>
    </Entry>
    <Entry Unknown0="1101790343" Unknown1="3861169189">
      <SDL2 Key="429015913">
        <Unknown>
          <Entry>
            <Values>
              <Entry>
                <Value0>36776</Value0>
                <Value1>0</Value1>
              </Entry>
            </Values>
            <Value0>147456</Value0>
            <Value1>65536</Value1>
          </Entry>
          <Entry>
            <Values />
            <Value0>147458</Value0>
            <Value1>196608</Value1>
          </Entry>
          <Entry>
            <Values>
              <Entry>
                <Value0>36777</Value0>
                <Value1>0</Value1>
              </Entry>
            </Values>
            <Value0>147456</Value0>
            <Value1>262144</Value1>
          </Entry>
          <Entry>
            <Values />
            <Value0>147458</Value0>
            <Value1>327680</Value1>
          </Entry>
          <Entry>
            <Values>
              <Entry>
                <Value0>36778</Value0>
                <Value1>0</Value1>
              </Entry>
            </Values>
            <Value0>147456</Value0>
            <Value1>393216</Value1>
          </Entry>
          <Entry>
            <Values />
            <Value0>147458</Value0>
            <Value1>458752</Value1>
          </Entry>
          <Entry>
            <Values>
              <Entry>
                <Value0>36779</Value0>
                <Value1>0</Value1>
              </Entry>
              <Entry>
                <Value0>36780</Value0>
                <Value1>500</Value1>
              </Entry>
            </Values>
            <Value0>147456</Value0>
            <Value1>524288</Value1>
          </Entry>
        </Unknown>
        <Dialogs>
          <Dialog>小早川</Dialog>
          <Dialog>Hey, it's almost the harvest
moon, right？</Dialog>
          <Dialog>○○○○○○○○</Dialog>
          <Dialog>Yeah, I think so.</Dialog>
          <Dialog>It feels strange to look at
the moon.</Dialog>
          <Dialog>Strange？</Dialog>
          <Dialog>It looks too beautiful to be
real, but in reality, humans
have already walked on the
moon.</Dialog>
          <Dialog>I agree with you...
▲小早川＊▲,
so you like the moon？</Dialog>
          <Dialog>Yeah, I like it. I wonder if
the sky will be clear enough
for the moon to come out this
year.</Dialog>
        </Dialogs>
      </SDL2>
    </Entry>
    <Entry Unknown0="3608716057" Unknown1="1526027922">
      <SDL2 Key="429015913">
        <Unknown>
          <Entry>
            <Values />
            <Value0>147456</Value0>
            <Value1>65536</Value1>
          </Entry>
          <Entry>
            <Values>
              <Entry>
                <Value0>36781</Value0>
                <Value1>0</Value1>
              </Entry>
            </Values>
            <Value0>147458</Value0>
            <Value1>196608</Value1>
          </Entry>
          <Entry>
            <Values />
            <Value0>147456</Value0>
            <Value1>262144</Value1>
          </Entry>
          <Entry>
            <Values>
              <Entry>
                <Value0>36782</Value0>
                <Value1>0</Value1>
              </Entry>
              <Entry>
                <Value0>36783</Value0>
                <Value1>500</Value1>
              </Entry>
              <Entry>
                <Value0>36784</Value0>
                <Value1>500</Value1>
              </Entry>
            </Values>
            <Value0>147458</Value0>
            <Value1>327680</Value1>
          </Entry>
          <Entry>
            <Values />
            <Value0>147456</Value0>
            <Value1>393216</Value1>
          </Entry>
          <Entry>
            <Values>
              <Entry>
                <Value0>36785</Value0>
                <Value1>0</Value1>
              </Entry>
            </Values>
            <Value0>147458</Value0>
            <Value1>458752</Value1>
          </Entry>
          <Entry>
            <Values />
            <Value0>147456</Value0>
            <Value1>524288</Value1>
          </Entry>
          <Entry>
            <Values>
              <Entry>
                <Value0>36786</Value0>
                <Value1>0</Value1>
              </Entry>
              <Entry>
                <Value0>36787</Value0>
                <Value1>500</Value1>
              </Entry>
            </Values>
            <Value0>147458</Value0>
            <Value1>589824</Value1>
          </Entry>
          <Entry>
            <Values />
            <Value0>147456</Value0>
            <Value1>655360</Value1>
          </Entry>
        </Unknown>
        <Dialogs>
          <Dialog>○○○○○○○○</Dialog>
          <Dialog>By the way, we have to change
our uniforms soon.</Dialog>
          <Dialog>小早川</Dialog>
          <Dialog>Yeah, although the weather is
still warm...</Dialog>
          <Dialog>Right,
▲小早川＊▲
prefers the summer uniform,
right？</Dialog>
          <Dialog>It's much easier for the guys.
You just put on a jacket and
you're all done. This is
sexual discrimination！</Dialog>
          <Dialog>Now, now！ Anyway, it feels
nice to see you in a winter
uniform,
▲小早川＊▲.</Dialog>
          <Dialog>Really？</Dialog>
          <Dialog>Really.</Dialog>
          <Dialog>Maybe I should bear with it
since my boyfriend has a
uniform fetish.</Dialog>
          <Dialog>Fetish...？ Hey...</Dialog>
        </Dialogs>
      </SDL2>
    </Entry>
    <Entry Unknown0="1122587014" Unknown1="914867043">
      <SDL2 Key="3818122651">
        <Unknown>
          <Entry>
            <Values />
            <Value0>147456</Value0>
            <Value1>65536</Value1>
          </Entry>
          <Entry>
            <Values>
              <Entry>
                <Value0>36788</Value0>
                <Value1>0</Value1>
              </Entry>
            </Values>
            <Value0>147458</Value0>
            <Value1>196608</Value1>
          </Entry>
          <Entry>
            <Values />
            <Value0>147456</Value0>
            <Value1>262144</Value1>
          </Entry>
          <Entry>
            <Values>
              <Entry>
                <Value0>36789</Value0>
                <Value1>0</Value1>
              </Entry>
            </Values>
            <Value0>147458</Value0>
            <Value1>327680</Value1>
          </Entry>
          <Entry>
            <Values />
            <Value0>147456</Value0>
            <Value1>393216</Value1>
          </Entry>
          <Entry>
            <Values>
              <Entry>
                <Value0>36790</Value0>
                <Value1>0</Value1>
              </Entry>
            </Values>
            <Value0>147458</Value0>
            <Value1>458752</Value1>
          </Entry>
          <Entry>
            <Values />
            <Value0>147456</Value0>
            <Value1>524288</Value1>
          </Entry>
          <Entry>
            <Values>
              <Entry>
                <Value0>36791</Value0>
                <Value1>0</Value1>
              </Entry>
              <Entry>
                <Value0>36792</Value0>
                <Value1>500</Value1>
              </Entry>
            </Values>
            <Value0>147458</Value0>
            <Value1>589824</Value1>
          </Entry>
          <Entry>
            <Values />
            <Value0>147456</Value0>
            <Value1>655360</Value1>
          </Entry>
        </Unknown>
        <Dialogs>
          <Dialog>○○○○○○○○</Dialog>
          <Dialog>It's almost time for the
culture festival. Is your
class holding an event,
▲小早川＊▲？</Dialog>
          <Dialog>小早川</Dialog>
          <Dialog>We're discussing it.</Dialog>
          <Dialog>Still discussing it？ But time
is almost running out.</Dialog>
          <Dialog>The students in my class
aren't united. They all want
to do their own thing.</Dialog>
          <Dialog>I see.
▲小早川＊▲,
what do you want to do then？</Dialog>
          <Dialog>Rinko is a minimalist.</Dialog>
          <Dialog>Mini... what？</Dialog>
          <Dialog>I just want to do things in
moderation, like play CDs in a
classroom and make it a
discotheque.</Dialog>
          <Dialog>(That's too boring. Come
on...)</Dialog>
        </Dialogs>
      </SDL2>
    </Entry>
    <Entry Unknown0="293317719" Unknown1="2851378421">
      <SDL2 Key="3818122651">
        <Unknown>
          <Entry>
            <Values />
            <Value0>147456</Value0>
            <Value1>65536</Value1>
          </Entry>
          <Entry>
            <Values>
              <Entry>
                <Value0>36793</Value0>
                <Value1>0</Value1>
              </Entry>
            </Values>
            <Value0>147458</Value0>
            <Value1>196608</Value1>
          </Entry>
          <Entry>
            <Values />
            <Value0>147456</Value0>
            <Value1>262144</Value1>
          </Entry>
          <Entry>
            <Values>
              <Entry>
                <Value0>36794</Value0>
                <Value1>0</Value1>
              </Entry>
              <Entry>
                <Value0>36795</Value0>
                <Value1>500</Value1>
              </Entry>
            </Values>
            <Value0>147458</Value0>
            <Value1>327680</Value1>
          </Entry>
          <Entry>
            <Values />
            <Value0>147456</Value0>
            <Value1>393216</Value1>
          </Entry>
          <Entry>
            <Values>
              <Entry>
                <Value0>36796</Value0>
                <Value1>0</Value1>
              </Entry>
              <Entry>
                <Value0>36797</Value0>
                <Value1>500</Value1>
              </Entry>
              <Entry>
                <Value0>36798</Value0>
                <Value1>500</Value1>
              </Entry>
            </Values>
            <Value0>147458</Value0>
            <Value1>458752</Value1>
          </Entry>
          <Entry>
            <Values />
            <Value0>147456</Value0>
            <Value1>524288</Value1>
          </Entry>
        </Unknown>
        <Dialogs>
          <Dialog>○○○○○○○○</Dialog>
          <Dialog>Skiing season is coming up.</Dialog>
          <Dialog>小早川</Dialog>
          <Dialog>Yes！</Dialog>
          <Dialog>Yes？
▲小早川＊▲.</Dialog>
          <Dialog>I'm very good at both skiing
and snowboarding！ I've been
practicing them since I was a
kid.</Dialog>
          <Dialog>Then you're looking forward to
it, huh？</Dialog>
          <Dialog>Right！ Curving Turn！ Yay！！</Dialog>
          <Dialog>Ouch！！ Wasn't that a kick？</Dialog>
        </Dialogs>
      </SDL2>
    </Entry>
    <Entry Unknown0="2817037289" Unknown1="935601762">
      <SDL2 Key="599991542">
        <Unknown>
          <Entry>
            <Values />
            <Value0>147456</Value0>
            <Value1>65536</Value1>
          </Entry>
          <Entry>
            <Values>
              <Entry>
                <Value0>36799</Value0>
                <Value1>0</Value1>
              </Entry>
            </Values>
            <Value0>147458</Value0>
            <Value1>196608</Value1>
          </Entry>
          <Entry>
            <Values />
            <Value0>147456</Value0>
            <Value1>262144</Value1>
          </Entry>
          <Entry>
            <Values>
              <Entry>
                <Value0>36800</Value0>
                <Value1>0</Value1>
              </Entry>
            </Values>
            <Value0>147458</Value0>
            <Value1>327680</Value1>
          </Entry>
          <Entry>
            <Values>
              <Entry>
                <Value0>36801</Value0>
                <Value1>0</Value1>
              </Entry>
            </Values>
            <Value0>147458</Value0>
            <Value1>393216</Value1>
          </Entry>
          <Entry>
            <Values />
            <Value0>147456</Value0>
            <Value1>458752</Value1>
          </Entry>
          <Entry>
            <Values>
              <Entry>
                <Value0>36802</Value0>
                <Value1>0</Value1>
              </Entry>
            </Values>
            <Value0>147458</Value0>
            <Value1>524288</Value1>
          </Entry>
          <Entry>
            <Values />
            <Value0>147456</Value0>
            <Value1>589824</Value1>
          </Entry>
        </Unknown>
        <Dialogs>
          <Dialog>○○○○○○○○</Dialog>
          <Dialog>Christmas is coming soon...</Dialog>
          <Dialog>小早川</Dialog>
          <Dialog>We can see the decorations all
over the town.</Dialog>
          <Dialog>Yeah, even people who hate
Christmas would still feel the
atmosphere.</Dialog>
          <Dialog>In the past, I used to feel
irritated seeing couples
enjoying the season, but...</Dialog>
          <Dialog>This year, it will be others
who will feel irritated seeing
us.</Dialog>
          <Dialog>Yeah, that's right.</Dialog>
          <Dialog>Hehe...</Dialog>
          <Dialog>(I'll have to make this year's
Christmas a nice one for her.)</Dialog>
        </Dialogs>
      </SDL2>
    </Entry>
    <Entry Unknown0="314114390" Unknown1="3830813491">
      <SDL2 Key="599991542">
        <Unknown>
          <Entry>
            <Values />
            <Value0>147456</Value0>
            <Value1>65536</Value1>
          </Entry>
          <Entry>
            <Values>
              <Entry>
                <Value0>36803</Value0>
                <Value1>0</Value1>
              </Entry>
            </Values>
            <Value0>147458</Value0>
            <Value1>196608</Value1>
          </Entry>
          <Entry>
            <Values />
            <Value0>147456</Value0>
            <Value1>262144</Value1>
          </Entry>
          <Entry>
            <Values>
              <Entry>
                <Value0>36804</Value0>
                <Value1>0</Value1>
              </Entry>
              <Entry>
                <Value0>36805</Value0>
                <Value1>500</Value1>
              </Entry>
            </Values>
            <Value0>147458</Value0>
            <Value1>327680</Value1>
          </Entry>
          <Entry>
            <Values />
            <Value0>147456</Value0>
            <Value1>393216</Value1>
          </Entry>
          <Entry>
            <Values>
              <Entry>
                <Value0>36806</Value0>
                <Value1>0</Value1>
              </Entry>
              <Entry>
                <Value0>36807</Value0>
                <Value1>500</Value1>
              </Entry>
            </Values>
            <Value0>147458</Value0>
            <Value1>458752</Value1>
          </Entry>
          <Entry>
            <Values />
            <Value0>147456</Value0>
            <Value1>524288</Value1>
          </Entry>
        </Unknown>
        <Dialogs>
          <Dialog>○○○○○○○○</Dialog>
          <Dialog>Christmas is coming soon...</Dialog>
          <Dialog>小早川</Dialog>
          <Dialog>What's so fun about
Christmas？</Dialog>
          <Dialog>▲小早川＊▲,
don't you have fun？</Dialog>
          <Dialog>I'm too old to believe in
Santa Claus. I used to, until
I was in grade school, I
think.</Dialog>
          <Dialog>I see.</Dialog>
          <Dialog>But... Now that I'm growing
up, I start to be looking
forward to it again. I wonder
why.</Dialog>
          <Dialog>(I'll have to make this year's
Christmas a nice one for her.)</Dialog>
        </Dialogs>
      </SDL2>
    </Entry>
    <Entry Unknown0="3779828775" Unknown1="2596758725">
      <SDL2 Key="1140021842">
        <Unknown>
          <Entry>
            <Values />
            <Value0>147456</Value0>
            <Value1>65536</Value1>
          </Entry>
          <Entry>
            <Values>
              <Entry>
                <Value0>36808</Value0>
                <Value1>0</Value1>
              </Entry>
            </Values>
            <Value0>147458</Value0>
            <Value1>196608</Value1>
          </Entry>
          <Entry>
            <Values />
            <Value0>147456</Value0>
            <Value1>262144</Value1>
          </Entry>
          <Entry>
            <Values>
              <Entry>
                <Value0>36809</Value0>
                <Value1>0</Value1>
              </Entry>
              <Entry>
                <Value0>36810</Value0>
                <Value1>500</Value1>
              </Entry>
            </Values>
            <Value0>147458</Value0>
            <Value1>327680</Value1>
          </Entry>
          <Entry>
            <Values>
              <Entry>
                <Value0>36811</Value0>
                <Value1>0</Value1>
              </Entry>
              <Entry>
                <Value0>36812</Value0>
                <Value1>500</Value1>
              </Entry>
            </Values>
            <Value0>147458</Value0>
            <Value1>393216</Value1>
          </Entry>
          <Entry>
            <Values />
            <Value0>147456</Value0>
            <Value1>458752</Value1>
          </Entry>
        </Unknown>
        <Dialogs>
          <Dialog>○○○○○○○○</Dialog>
          <Dialog>Christmas is coming soon...</Dialog>
          <Dialog>小早川</Dialog>
          <Dialog>Yeah, that's right...</Dialog>
          <Dialog>▲小早川＊▲,
will you have a party at
home？</Dialog>
          <Dialog>Maybe. We'll have dinner at
home or something. But...</Dialog>
          <Dialog>I already told them that I'd
go out with my friend and I'd
probably be home late.</Dialog>
          <Dialog>(I'll have to make this year's
Christmas a nice one for her.)</Dialog>
        </Dialogs>
      </SDL2>
    </Entry>
    <Entry Unknown0="2008564665" Unknown1="3868587570">
      <SDL2 Key="4223978808">
        <Unknown>
          <Entry>
            <Values />
            <Value0>147456</Value0>
            <Value1>65536</Value1>
          </Entry>
          <Entry>
            <Values>
              <Entry>
                <Value0>36813</Value0>
                <Value1>0</Value1>
              </Entry>
            </Values>
            <Value0>147458</Value0>
            <Value1>196608</Value1>
          </Entry>
          <Entry>
            <Values />
            <Value0>147456</Value0>
            <Value1>262144</Value1>
          </Entry>
          <Entry>
            <Values>
              <Entry>
                <Value0>36814</Value0>
                <Value1>0</Value1>
              </Entry>
              <Entry>
                <Value0>36815</Value0>
                <Value1>500</Value1>
              </Entry>
            </Values>
            <Value0>147458</Value0>
            <Value1>327680</Value1>
          </Entry>
          <Entry>
            <Values />
            <Value0>65542</Value0>
            <Value1>65543</Value1>
          </Entry>
          <Entry>
            <Values />
            <Value0>65543</Value0>
            <Value1>65544</Value1>
          </Entry>
          <Entry>
            <Values />
            <Value0>65544</Value0>
            <Value1>147456</Value1>
          </Entry>
          <Entry>
            <Values />
            <Value0>147456</Value0>
            <Value1>589824</Value1>
          </Entry>
          <Entry>
            <Values>
              <Entry>
                <Value0>36816</Value0>
                <Value1>0</Value1>
              </Entry>
              <Entry>
                <Value0>36817</Value0>
                <Value1>500</Value1>
              </Entry>
            </Values>
            <Value0>147458</Value0>
            <Value1>655360</Value1>
          </Entry>
          <Entry>
            <Values />
            <Value0>147456</Value0>
            <Value1>720896</Value1>
          </Entry>
          <Entry>
            <Values>
              <Entry>
                <Value0>36818</Value0>
                <Value1>0</Value1>
              </Entry>
              <Entry>
                <Value0>36819</Value0>
                <Value1>500</Value1>
              </Entry>
            </Values>
            <Value0>147458</Value0>
            <Value1>786432</Value1>
          </Entry>
          <Entry>
            <Values />
            <Value0>147456</Value0>
            <Value1>851968</Value1>
          </Entry>
          <Entry>
            <Values />
            <Value0>147456</Value0>
            <Value1>917504</Value1>
          </Entry>
          <Entry>
            <Values>
              <Entry>
                <Value0>36820</Value0>
                <Value1>0</Value1>
              </Entry>
              <Entry>
                <Value0>36821</Value0>
                <Value1>500</Value1>
              </Entry>
            </Values>
            <Value0>147458</Value0>
            <Value1>983040</Value1>
          </Entry>
          <Entry>
            <Values />
            <Value0>147456</Value0>
            <Value1>1048576</Value1>
          </Entry>
          <Entry>
            <Values>
              <Entry>
                <Value0>36822</Value0>
                <Value1>0</Value1>
              </Entry>
            </Values>
            <Value0>147458</Value0>
            <Value1>1114112</Value1>
          </Entry>
          <Entry>
            <Values>
              <Entry>
                <Value0>36823</Value0>
                <Value1>0</Value1>
              </Entry>
            </Values>
            <Value0>147458</Value0>
            <Value1>1179648</Value1>
          </Entry>
          <Entry>
            <Values />
            <Value0>147456</Value0>
            <Value1>1245184</Value1>
          </Entry>
          <Entry>
            <Values />
            <Value0>147456</Value0>
            <Value1>1310720</Value1>
          </Entry>
          <Entry>
            <Values>
              <Entry>
                <Value0>36824</Value0>
                <Value1>0</Value1>
              </Entry>
              <Entry>
                <Value0>36825</Value0>
                <Value1>500</Value1>
              </Entry>
            </Values>
            <Value0>147458</Value0>
            <Value1>1376256</Value1>
          </Entry>
          <Entry>
            <Values />
            <Value0>147456</Value0>
            <Value1>1441792</Value1>
          </Entry>
          <Entry>
            <Values>
              <Entry>
                <Value0>36826</Value0>
                <Value1>0</Value1>
              </Entry>
            </Values>
            <Value0>147458</Value0>
            <Value1>1507328</Value1>
          </Entry>
          <Entry>
            <Values />
            <Value0>147456</Value0>
            <Value1>1572864</Value1>
          </Entry>
          <Entry>
            <Values />
            <Value0>147456</Value0>
            <Value1>1638400</Value1>
          </Entry>
        </Unknown>
        <Dialogs>
          <Dialog>○○○○○○○○</Dialog>
          <Dialog>It's almost the end of the
year... A lot of things
happened this year, huh？</Dialog>
          <Dialog>小早川</Dialog>
          <Dialog>Yeah... A lot of things.</Dialog>
          <Dialog>▲小早川＊▲.
What was the most memorable
thing for you？</Dialog>
          <Dialog>What was it？ Well, it's...
You know it, right？</Dialog>
          <Dialog>Our first date？</Dialog>
          <Dialog>Our first kiss？</Dialog>
          <Dialog>What is it？</Dialog>
          <Dialog>It must be our first date,
right？ It became the big news
of the year.</Dialog>
          <Dialog>Yeah... I had never imagined
that I'd be dating someone.
This is mysterious.</Dialog>
          <Dialog>...Mysterious？</Dialog>
          <Dialog>Yeah. We were strangers from
different places and suddenly
we are together like this,
right？</Dialog>
          <Dialog>(Yeah... I agree.)</Dialog>
          <Dialog>It must be... our first kiss,
right？</Dialog>
          <Dialog>Yeah... That's right. My heart
was throbbing but I felt so
happy. That was the first time
in my life.</Dialog>
          <Dialog>Yeah... Me, too.</Dialog>
          <Dialog>Just thinking about it makes
my heart throb...</Dialog>
          <Dialog>I think this feeling won't be
gone for the rest of my life.</Dialog>
          <Dialog>(I'll also remember it for the
rest of my life.)</Dialog>
          <Dialog>Huh？ What is it？</Dialog>
          <Dialog>It's... Hey, geez. You knew
it▼</Dialog>
          <Dialog>Well... What was it？</Dialog>
          <Dialog>Take this and you should
know！</Dialog>
          <Dialog>Ouch！</Dialog>
          <Dialog>(I still don't know...)</Dialog>
        </Dialogs>
      </SDL2>
    </Entry>
    <Entry Unknown0="3800690982" Unknown1="3525796611">
      <SDL2 Key="4223978808">
        <Unknown>
          <Entry>
            <Values />
            <Value0>147456</Value0>
            <Value1>65536</Value1>
          </Entry>
          <Entry>
            <Values>
              <Entry>
                <Value0>36827</Value0>
                <Value1>0</Value1>
              </Entry>
              <Entry>
                <Value0>36828</Value0>
                <Value1>500</Value1>
              </Entry>
            </Values>
            <Value0>147458</Value0>
            <Value1>196608</Value1>
          </Entry>
          <Entry>
            <Values />
            <Value0>147456</Value0>
            <Value1>262144</Value1>
          </Entry>
          <Entry>
            <Values>
              <Entry>
                <Value0>36829</Value0>
                <Value1>0</Value1>
              </Entry>
              <Entry>
                <Value0>36830</Value0>
                <Value1>500</Value1>
              </Entry>
            </Values>
            <Value0>147458</Value0>
            <Value1>327680</Value1>
          </Entry>
          <Entry>
            <Values />
            <Value0>147456</Value0>
            <Value1>393216</Value1>
          </Entry>
          <Entry>
            <Values>
              <Entry>
                <Value0>36831</Value0>
                <Value1>0</Value1>
              </Entry>
            </Values>
            <Value0>147458</Value0>
            <Value1>458752</Value1>
          </Entry>
          <Entry>
            <Values />
            <Value0>147456</Value0>
            <Value1>524288</Value1>
          </Entry>
          <Entry>
            <Values>
              <Entry>
                <Value0>36832</Value0>
                <Value1>0</Value1>
              </Entry>
              <Entry>
                <Value0>36833</Value0>
                <Value1>500</Value1>
              </Entry>
            </Values>
            <Value0>147458</Value0>
            <Value1>589824</Value1>
          </Entry>
          <Entry>
            <Values />
            <Value0>147456</Value0>
            <Value1>655360</Value1>
          </Entry>
        </Unknown>
        <Dialogs>
          <Dialog>○○○○○○○○</Dialog>
          <Dialog>It's the end of the year. Many
things have happened, eh？</Dialog>
          <Dialog>小早川</Dialog>
          <Dialog>Yeah... Hey.</Dialog>
          <Dialog>Huh？</Dialog>
          <Dialog>If we can also be together
like this next year, it'd be
nice...</Dialog>
          <Dialog>Yeah, that'd be nice.</Dialog>
          <Dialog>And the year after that, too.</Dialog>
          <Dialog>Yeah.</Dialog>
          <Dialog>And years after that, we'll
always be together, right？</Dialog>
          <Dialog>(Yeah, that'd be nice.)</Dialog>
        </Dialogs>
      </SDL2>
    </Entry>
    <Entry Unknown0="2971356407" Unknown1="2039755925">
      <SDL2 Key="3543921795">
        <Unknown>
          <Entry>
            <Values />
            <Value0>147456</Value0>
            <Value1>65536</Value1>
          </Entry>
          <Entry>
            <Values>
              <Entry>
                <Value0>36834</Value0>
                <Value1>0</Value1>
              </Entry>
            </Values>
            <Value0>147458</Value0>
            <Value1>196608</Value1>
          </Entry>
          <Entry>
            <Values />
            <Value0>147456</Value0>
            <Value1>262144</Value1>
          </Entry>
          <Entry>
            <Values>
              <Entry>
                <Value0>36835</Value0>
                <Value1>0</Value1>
              </Entry>
            </Values>
            <Value0>147458</Value0>
            <Value1>327680</Value1>
          </Entry>
          <Entry>
            <Values />
            <Value0>147456</Value0>
            <Value1>393216</Value1>
          </Entry>
          <Entry>
            <Values>
              <Entry>
                <Value0>36836</Value0>
                <Value1>0</Value1>
              </Entry>
              <Entry>
                <Value0>36837</Value0>
                <Value1>500</Value1>
              </Entry>
            </Values>
            <Value0>147458</Value0>
            <Value1>458752</Value1>
          </Entry>
          <Entry>
            <Values />
            <Value0>147456</Value0>
            <Value1>524288</Value1>
          </Entry>
          <Entry>
            <Values />
            <Value0>147456</Value0>
            <Value1>589824</Value1>
          </Entry>
        </Unknown>
        <Dialogs>
          <Dialog>○○○○○○○○</Dialog>
          <Dialog>It's almost spring.</Dialog>
          <Dialog>小早川</Dialog>
          <Dialog>In spring, on the trees and on
the roads, there will be a lot
of them...</Dialog>
          <Dialog>You mean... Ah, the hairy
caterpillars...</Dialog>
          <Dialog>No！</Dialog>
          <Dialog>！！</Dialog>
          <Dialog>Don't say the name out loud...
They'll appear.</Dialog>
          <Dialog>No, I don't think so...</Dialog>
          <Dialog>(▲小早川＊▲
really hates hairy
caterpillar, huh？)</Dialog>
        </Dialogs>
      </SDL2>
    </Entry>
    <Entry Unknown0="1200108425" Unknown1="3882206722">
      <SDL2 Key="3543921795">
        <Unknown>
          <Entry>
            <Values />
            <Value0>147456</Value0>
            <Value1>65536</Value1>
          </Entry>
          <Entry>
            <Values>
              <Entry>
                <Value0>36838</Value0>
                <Value1>0</Value1>
              </Entry>
            </Values>
            <Value0>147458</Value0>
            <Value1>196608</Value1>
          </Entry>
          <Entry>
            <Values />
            <Value0>147456</Value0>
            <Value1>262144</Value1>
          </Entry>
          <Entry>
            <Values>
              <Entry>
                <Value0>36839</Value0>
                <Value1>0</Value1>
              </Entry>
              <Entry>
                <Value0>36840</Value0>
                <Value1>500</Value1>
              </Entry>
            </Values>
            <Value0>147458</Value0>
            <Value1>327680</Value1>
          </Entry>
          <Entry>
            <Values />
            <Value0>147456</Value0>
            <Value1>393216</Value1>
          </Entry>
          <Entry>
            <Values>
              <Entry>
                <Value0>36841</Value0>
                <Value1>0</Value1>
              </Entry>
              <Entry>
                <Value0>36842</Value0>
                <Value1>500</Value1>
              </Entry>
            </Values>
            <Value0>147458</Value0>
            <Value1>458752</Value1>
          </Entry>
          <Entry>
            <Values />
            <Value0>147456</Value0>
            <Value1>524288</Value1>
          </Entry>
          <Entry>
            <Values>
              <Entry>
                <Value0>36843</Value0>
                <Value1>0</Value1>
              </Entry>
              <Entry>
                <Value0>36844</Value0>
                <Value1>500</Value1>
              </Entry>
              <Entry>
                <Value0>36845</Value0>
                <Value1>500</Value1>
              </Entry>
            </Values>
            <Value0>147458</Value0>
            <Value1>589824</Value1>
          </Entry>
          <Entry>
            <Values />
            <Value0>147456</Value0>
            <Value1>655360</Value1>
          </Entry>
        </Unknown>
        <Dialogs>
          <Dialog>○○○○○○○○</Dialog>
          <Dialog>Hah... Spring is really nice.
I feel relaxed.</Dialog>
          <Dialog>小早川</Dialog>
          <Dialog>"The spring sea keeps rising
and falling, and rising and
falling, all day long."</Dialog>
          <Dialog>？</Dialog>
          <Dialog>It's Matsuo Basho's haiku. He
described the spring sea and
the weather as "rising and
falling."</Dialog>
          <Dialog>As we could expect from an Edo
period poet. It's great！
...Anyway, what about the "all
day long" part？</Dialog>
          <Dialog>Well, it's like no matter how
everything else goes, the sea
will keep moving continuously,
right？</Dialog>
          <Dialog>Thus, rising and falling all
day long, huh？</Dialog>
          <Dialog>And if we keep playing and
playing all day long and don't
study, we'll be weeping and
weeping all day long, too.</Dialog>
          <Dialog>(That's true...)</Dialog>
        </Dialogs>
      </SDL2>
    </Entry>
    <Entry Unknown0="2992218614" Unknown1="3052876755">
      <SDL2 Key="3543921795">
        <Unknown>
          <Entry>
            <Values />
            <Value0>147456</Value0>
            <Value1>65536</Value1>
          </Entry>
          <Entry>
            <Values>
              <Entry>
                <Value0>36846</Value0>
                <Value1>0</Value1>
              </Entry>
            </Values>
            <Value0>147458</Value0>
            <Value1>196608</Value1>
          </Entry>
          <Entry>
            <Values />
            <Value0>147456</Value0>
            <Value1>262144</Value1>
          </Entry>
          <Entry>
            <Values>
              <Entry>
                <Value0>36847</Value0>
                <Value1>0</Value1>
              </Entry>
            </Values>
            <Value0>147458</Value0>
            <Value1>327680</Value1>
          </Entry>
          <Entry>
            <Values />
            <Value0>147456</Value0>
            <Value1>393216</Value1>
          </Entry>
          <Entry>
            <Values>
              <Entry>
                <Value0>36848</Value0>
                <Value1>0</Value1>
              </Entry>
              <Entry>
                <Value0>36849</Value0>
                <Value1>500</Value1>
              </Entry>
            </Values>
            <Value0>147458</Value0>
            <Value1>458752</Value1>
          </Entry>
          <Entry>
            <Values />
            <Value0>147456</Value0>
            <Value1>524288</Value1>
          </Entry>
          <Entry>
            <Values>
              <Entry>
                <Value0>36850</Value0>
                <Value1>0</Value1>
              </Entry>
              <Entry>
                <Value0>36851</Value0>
                <Value1>500</Value1>
              </Entry>
              <Entry>
                <Value0>36852</Value0>
                <Value1>500</Value1>
              </Entry>
            </Values>
            <Value0>147458</Value0>
            <Value1>589824</Value1>
          </Entry>
          <Entry>
            <Values />
            <Value0>147456</Value0>
            <Value1>655360</Value1>
          </Entry>
          <Entry>
            <Values>
              <Entry>
                <Value0>36853</Value0>
                <Value1>0</Value1>
              </Entry>
            </Values>
            <Value0>147458</Value0>
            <Value1>720896</Value1>
          </Entry>
        </Unknown>
        <Dialogs>
          <Dialog>○○○○○○○○</Dialog>
          <Dialog>By the way, the days are
getting longer. I think summer
is coming soon.</Dialog>
          <Dialog>小早川</Dialog>
          <Dialog>Hah... Summer again...？</Dialog>
          <Dialog>▲小早川＊▲,
you hate summer, huh？</Dialog>
          <Dialog>I hate it. I hate everything
about it.</Dialog>
          <Dialog>At least there should be
something that you like about
it, right？</Dialog>
          <Dialog>Hmm... Ah, potato chips！</Dialog>
          <Dialog>I think it's the same in every
season.</Dialog>
          <Dialog>You just don't know. Potato
chips made from fresh potatoes
contain abundant Vitamin C.
It's for limited time only.</Dialog>
          <Dialog>So, that's what
▲小早川＊▲
is looking forward to in the
summer...？</Dialog>
          <Dialog>......</Dialog>
        </Dialogs>
      </SDL2>
    </Entry>
    <Entry Unknown0="2179677383" Unknown1="207881317">
      <SDL2 Key="3586553689">
        <Unknown>
          <Entry>
            <Values />
            <Value0>147456</Value0>
            <Value1>65536</Value1>
          </Entry>
          <Entry>
            <Values>
              <Entry>
                <Value0>36854</Value0>
                <Value1>0</Value1>
              </Entry>
            </Values>
            <Value0>147458</Value0>
            <Value1>196608</Value1>
          </Entry>
          <Entry>
            <Values />
            <Value0>147456</Value0>
            <Value1>262144</Value1>
          </Entry>
          <Entry>
            <Values>
              <Entry>
                <Value0>36855</Value0>
                <Value1>0</Value1>
              </Entry>
            </Values>
            <Value0>147458</Value0>
            <Value1>327680</Value1>
          </Entry>
          <Entry>
            <Values />
            <Value0>147456</Value0>
            <Value1>393216</Value1>
          </Entry>
          <Entry>
            <Values>
              <Entry>
                <Value0>36856</Value0>
                <Value1>0</Value1>
              </Entry>
              <Entry>
                <Value0>36857</Value0>
                <Value1>500</Value1>
              </Entry>
            </Values>
            <Value0>147458</Value0>
            <Value1>458752</Value1>
          </Entry>
          <Entry>
            <Values />
            <Value0>147456</Value0>
            <Value1>524288</Value1>
          </Entry>
        </Unknown>
        <Dialogs>
          <Dialog>○○○○○○○○</Dialog>
          <Dialog>It's really hot. This is what
summer is all about.</Dialog>
          <Dialog>小早川</Dialog>
          <Dialog>I want it to end soon...</Dialog>
          <Dialog>▲小早川＊▲
really hates summer, huh？</Dialog>
          <Dialog>I'm not very tall, so I'm
closer to the ground and
feeling more heat.</Dialog>
          <Dialog>I don't think that's the case.</Dialog>
          <Dialog>It really is. Ah！ Summer, go
away！</Dialog>
          <Dialog>(She hates it so much that she
becomes unreasonable...)</Dialog>
        </Dialogs>
      </SDL2>
    </Entry>
    <Entry Unknown0="391701337" Unknown1="2956302034">
      <SDL2 Key="3586553689">
        <Unknown>
          <Entry>
            <Values />
            <Value0>147456</Value0>
            <Value1>65536</Value1>
          </Entry>
          <Entry>
            <Values>
              <Entry>
                <Value0>36858</Value0>
                <Value1>0</Value1>
              </Entry>
              <Entry>
                <Value0>36859</Value0>
                <Value1>500</Value1>
              </Entry>
            </Values>
            <Value0>147458</Value0>
            <Value1>196608</Value1>
          </Entry>
          <Entry>
            <Values />
            <Value0>147456</Value0>
            <Value1>262144</Value1>
          </Entry>
          <Entry>
            <Values>
              <Entry>
                <Value0>36860</Value0>
                <Value1>0</Value1>
              </Entry>
              <Entry>
                <Value0>36861</Value0>
                <Value1>500</Value1>
              </Entry>
            </Values>
            <Value0>147458</Value0>
            <Value1>327680</Value1>
          </Entry>
          <Entry>
            <Values />
            <Value0>147456</Value0>
            <Value1>393216</Value1>
          </Entry>
          <Entry>
            <Values>
              <Entry>
                <Value0>36862</Value0>
                <Value1>0</Value1>
              </Entry>
            </Values>
            <Value0>147458</Value0>
            <Value1>458752</Value1>
          </Entry>
          <Entry>
            <Values />
            <Value0>147456</Value0>
            <Value1>524288</Value1>
          </Entry>
          <Entry>
            <Values>
              <Entry>
                <Value0>36863</Value0>
                <Value1>0</Value1>
              </Entry>
            </Values>
            <Value0>147458</Value0>
            <Value1>589824</Value1>
          </Entry>
        </Unknown>
        <Dialogs>
          <Dialog>○○○○○○○○</Dialog>
          <Dialog>The sky looks higher lately.</Dialog>
          <Dialog>小早川</Dialog>
          <Dialog>It's still hot but fall is
coming soon.</Dialog>
          <Dialog>What do you want to do in
fall？</Dialog>
          <Dialog>Well... Of course, I'll read
books.</Dialog>
          <Dialog>But you can read them all year
long, right？</Dialog>
          <Dialog>There will be more books
coming out in fall.</Dialog>
          <Dialog>Is that the reason？</Dialog>
          <Dialog>That is the reason.</Dialog>
        </Dialogs>
      </SDL2>
    </Entry>
    <Entry Unknown0="2183762374" Unknown1="1086784419">
      <SDL2 Key="368488117">
        <Unknown>
          <Entry>
            <Values />
            <Value0>147456</Value0>
            <Value1>65536</Value1>
          </Entry>
          <Entry>
            <Values>
              <Entry>
                <Value0>36864</Value0>
                <Value1>0</Value1>
              </Entry>
              <Entry>
                <Value0>36865</Value0>
                <Value1>500</Value1>
              </Entry>
            </Values>
            <Value0>147458</Value0>
            <Value1>196608</Value1>
          </Entry>
          <Entry>
            <Values />
            <Value0>147456</Value0>
            <Value1>262144</Value1>
          </Entry>
          <Entry>
            <Values>
              <Entry>
                <Value0>36866</Value0>
                <Value1>0</Value1>
              </Entry>
              <Entry>
                <Value0>36867</Value0>
                <Value1>500</Value1>
              </Entry>
            </Values>
            <Value0>147458</Value0>
            <Value1>327680</Value1>
          </Entry>
          <Entry>
            <Values />
            <Value0>147456</Value0>
            <Value1>393216</Value1>
          </Entry>
          <Entry>
            <Values>
              <Entry>
                <Value0>36868</Value0>
                <Value1>0</Value1>
              </Entry>
            </Values>
            <Value0>147458</Value0>
            <Value1>458752</Value1>
          </Entry>
          <Entry>
            <Values />
            <Value0>147456</Value0>
            <Value1>524288</Value1>
          </Entry>
          <Entry>
            <Values>
              <Entry>
                <Value0>36869</Value0>
                <Value1>0</Value1>
              </Entry>
            </Values>
            <Value0>147458</Value0>
            <Value1>589824</Value1>
          </Entry>
          <Entry>
            <Values />
            <Value0>147456</Value0>
            <Value1>655360</Value1>
          </Entry>
        </Unknown>
        <Dialogs>
          <Dialog>○○○○○○○○</Dialog>
          <Dialog>The days are getting shorter.
It's already fall, huh？</Dialog>
          <Dialog>小早川</Dialog>
          <Dialog>It's getting cooler, too. So,
it's absolutely fall now.</Dialog>
          <Dialog>It's good, right？ Since
▲小早川＊▲
enjoys reading books in fall.</Dialog>
          <Dialog>Yeah, I think I've been
reading too many books that
I'm lacking sleep.</Dialog>
          <Dialog>Really！？ How many books have
you read？</Dialog>
          <Dialog>For this week... I've already
read... 10 books.</Dialog>
          <Dialog>Ten books！？ When did you
read them？</Dialog>
          <Dialog>Before I went to bed, during
class break, and during class
as well.</Dialog>
          <Dialog>(▲小早川＊▲
always does things to the
extreme, huh...？)</Dialog>
        </Dialogs>
      </SDL2>
    </Entry>
    <Entry Unknown0="1371270295" Unknown1="3744781365">
      <SDL2 Key="368488117">
        <Unknown>
          <Entry>
            <Values />
            <Value0>147456</Value0>
            <Value1>65536</Value1>
          </Entry>
          <Entry>
            <Values>
              <Entry>
                <Value0>36870</Value0>
                <Value1>0</Value1>
              </Entry>
            </Values>
            <Value0>147458</Value0>
            <Value1>196608</Value1>
          </Entry>
          <Entry>
            <Values />
            <Value0>147456</Value0>
            <Value1>262144</Value1>
          </Entry>
          <Entry>
            <Values>
              <Entry>
                <Value0>36871</Value0>
                <Value1>0</Value1>
              </Entry>
            </Values>
            <Value0>147458</Value0>
            <Value1>327680</Value1>
          </Entry>
          <Entry>
            <Values />
            <Value0>147456</Value0>
            <Value1>393216</Value1>
          </Entry>
          <Entry>
            <Values>
              <Entry>
                <Value0>36872</Value0>
                <Value1>0</Value1>
              </Entry>
            </Values>
            <Value0>147458</Value0>
            <Value1>458752</Value1>
          </Entry>
        </Unknown>
        <Dialogs>
          <Dialog>○○○○○○○○</Dialog>
          <Dialog>It's getting cold. Winter is
coming soon.</Dialog>
          <Dialog>小早川</Dialog>
          <Dialog>During winter, when I go
outside in the morning, it
feels like my whole body
becomes tightened.</Dialog>
          <Dialog>Ah, in fact, when it's cold,
you'll automatically curl
yourself up. That'll make you
look smaller.</Dialog>
          <Dialog>Smaller？ ...Really？</Dialog>
          <Dialog>No, I'm not really sure...</Dialog>
          <Dialog>I'll have to try not to curl
my body then.</Dialog>
        </Dialogs>
      </SDL2>
    </Entry>
    <Entry Unknown0="3878212393" Unknown1="1292199586">
      <SDL2 Key="368488117">
        <Unknown>
          <Entry>
            <Values />
            <Value0>147456</Value0>
            <Value1>65536</Value1>
          </Entry>
          <Entry>
            <Values>
              <Entry>
                <Value0>36873</Value0>
                <Value1>0</Value1>
              </Entry>
            </Values>
            <Value0>147458</Value0>
            <Value1>196608</Value1>
          </Entry>
          <Entry>
            <Values />
            <Value0>147456</Value0>
            <Value1>262144</Value1>
          </Entry>
          <Entry>
            <Values>
              <Entry>
                <Value0>36874</Value0>
                <Value1>0</Value1>
              </Entry>
            </Values>
            <Value0>147458</Value0>
            <Value1>327680</Value1>
          </Entry>
          <Entry>
            <Values />
            <Value0>147456</Value0>
            <Value1>393216</Value1>
          </Entry>
        </Unknown>
        <Dialogs>
          <Dialog>○○○○○○○○</Dialog>
          <Dialog>It's the middle of winter now.
How long will these cold days
last？</Dialog>
          <Dialog>小早川</Dialog>
          <Dialog>Rinko likes it when it's cold.</Dialog>
          <Dialog>Well, kids always enjoy
winter...</Dialog>
          <Dialog>...It would hurt badly to be
kicked on a cold day.</Dialog>
          <Dialog>I'm sorry. And I'm against
violence...</Dialog>
        </Dialogs>
      </SDL2>
    </Entry>
  </Entries>
</DBIN2>