<?xml version="1.0" encoding="utf-8"?>
<DBIN2 xmlns:xsi="http://www.w3.org/2001/XMLSchema-instance" xmlns:xsd="http://www.w3.org/2001/XMLSchema" Key="4012085844" Unknown="28">
  <Entries>
    <Entry Unknown0="919532076" Unknown1="3185318828">
      <SDL2 Key="893764895">
        <Unknown>
          <Entry>
            <Values />
            <Value0>147456</Value0>
            <Value1>65536</Value1>
          </Entry>
          <Entry>
            <Values>
              <Entry>
                <Value0>36025</Value0>
                <Value1>0</Value1>
              </Entry>
            </Values>
            <Value0>147458</Value0>
            <Value1>196608</Value1>
          </Entry>
          <Entry>
            <Values />
            <Value0>147456</Value0>
            <Value1>262144</Value1>
          </Entry>
          <Entry>
            <Values>
              <Entry>
                <Value0>36875</Value0>
                <Value1>0</Value1>
              </Entry>
            </Values>
            <Value0>147458</Value0>
            <Value1>327680</Value1>
          </Entry>
          <Entry>
            <Values />
            <Value0>147456</Value0>
            <Value1>393216</Value1>
          </Entry>
          <Entry>
            <Values>
              <Entry>
                <Value0>36876</Value0>
                <Value1>0</Value1>
              </Entry>
            </Values>
            <Value0>147458</Value0>
            <Value1>458752</Value1>
          </Entry>
          <Entry>
            <Values />
            <Value0>147456</Value0>
            <Value1>524288</Value1>
          </Entry>
          <Entry>
            <Values>
              <Entry>
                <Value0>36877</Value0>
                <Value1>0</Value1>
              </Entry>
            </Values>
            <Value0>147458</Value0>
            <Value1>589824</Value1>
          </Entry>
          <Entry>
            <Values />
            <Value0>147456</Value0>
            <Value1>655360</Value1>
          </Entry>
          <Entry>
            <Values>
              <Entry>
                <Value0>36878</Value0>
                <Value1>0</Value1>
              </Entry>
              <Entry>
                <Value0>36879</Value0>
                <Value1>500</Value1>
              </Entry>
            </Values>
            <Value0>147458</Value0>
            <Value1>720896</Value1>
          </Entry>
          <Entry>
            <Values />
            <Value0>147456</Value0>
            <Value1>786432</Value1>
          </Entry>
          <Entry>
            <Values>
              <Entry>
                <Value0>36880</Value0>
                <Value1>0</Value1>
              </Entry>
            </Values>
            <Value0>147458</Value0>
            <Value1>851968</Value1>
          </Entry>
          <Entry>
            <Values />
            <Value0>147456</Value0>
            <Value1>917504</Value1>
          </Entry>
        </Unknown>
        <Dialogs>
          <Dialog>○○○○○○○○</Dialog>
          <Dialog>By the way...</Dialog>
          <Dialog>小早川</Dialog>
          <Dialog>Hmm？</Dialog>
          <Dialog>Well...
▲小早川＊▲.
What do you think about
kissing？</Dialog>
          <Dialog>！？ Why do you ask all of a
sudden...？</Dialog>
          <Dialog>No. Well, sometimes I just
wonder if I'm being pushy...</Dialog>
          <Dialog>...And？</Dialog>
          <Dialog>If I force you to do it, that
wouldn't be good...</Dialog>
          <Dialog>It's okay.</Dialog>
          <Dialog>Eh？</Dialog>
          <Dialog>For some certain thing, being
forced a little bit isn't
really too bad...</Dialog>
          <Dialog>Is that so...？ Well then...</Dialog>
          <Dialog>But this is too bad. Head
banging！</Dialog>
          <Dialog>(I have to be careful about
this...)</Dialog>
        </Dialogs>
      </SDL2>
    </Entry>
    <Entry Unknown0="1922681704" Unknown1="2294568823">
      <SDL2 Key="893764895">
        <Unknown>
          <Entry>
            <Values />
            <Value0>147456</Value0>
            <Value1>65536</Value1>
          </Entry>
          <Entry>
            <Values>
              <Entry>
                <Value0>36025</Value0>
                <Value1>0</Value1>
              </Entry>
            </Values>
            <Value0>147458</Value0>
            <Value1>196608</Value1>
          </Entry>
          <Entry>
            <Values />
            <Value0>147456</Value0>
            <Value1>262144</Value1>
          </Entry>
          <Entry>
            <Values>
              <Entry>
                <Value0>36882</Value0>
                <Value1>0</Value1>
              </Entry>
            </Values>
            <Value0>147458</Value0>
            <Value1>327680</Value1>
          </Entry>
          <Entry>
            <Values />
            <Value0>147456</Value0>
            <Value1>393216</Value1>
          </Entry>
          <Entry>
            <Values />
            <Value0>147458</Value0>
            <Value1>458752</Value1>
          </Entry>
          <Entry>
            <Values />
            <Value0>147456</Value0>
            <Value1>524288</Value1>
          </Entry>
          <Entry>
            <Values>
              <Entry>
                <Value0>36883</Value0>
                <Value1>0</Value1>
              </Entry>
              <Entry>
                <Value0>36884</Value0>
                <Value1>500</Value1>
              </Entry>
            </Values>
            <Value0>147458</Value0>
            <Value1>589824</Value1>
          </Entry>
          <Entry>
            <Values />
            <Value0>147456</Value0>
            <Value1>655360</Value1>
          </Entry>
          <Entry>
            <Values>
              <Entry>
                <Value0>36885</Value0>
                <Value1>0</Value1>
              </Entry>
            </Values>
            <Value0>147458</Value0>
            <Value1>720896</Value1>
          </Entry>
          <Entry>
            <Values>
              <Entry>
                <Value0>36886</Value0>
                <Value1>0</Value1>
              </Entry>
            </Values>
            <Value0>147458</Value0>
            <Value1>786432</Value1>
          </Entry>
          <Entry>
            <Values />
            <Value0>147456</Value0>
            <Value1>851968</Value1>
          </Entry>
          <Entry>
            <Values>
              <Entry>
                <Value0>36887</Value0>
                <Value1>0</Value1>
              </Entry>
            </Values>
            <Value0>147458</Value0>
            <Value1>917504</Value1>
          </Entry>
          <Entry>
            <Values />
            <Value0>147456</Value0>
            <Value1>983040</Value1>
          </Entry>
          <Entry>
            <Values />
            <Value0>147456</Value0>
            <Value1>1048576</Value1>
          </Entry>
        </Unknown>
        <Dialogs>
          <Dialog>○○○○○○○○</Dialog>
          <Dialog>By the way...</Dialog>
          <Dialog>小早川</Dialog>
          <Dialog>Hmm？</Dialog>
          <Dialog>Well...
▲小早川＊▲.
What do you think about
kissing？</Dialog>
          <Dialog>...What do I think？</Dialog>
          <Dialog>For example... Well... You
like it... Or you don't like
it...</Dialog>
          <Dialog>......</Dialog>
          <Dialog>Huh？ Hello？</Dialog>
          <Dialog>...I don't care much. When I
want to do it, I'll do it.</Dialog>
          <Dialog>Sometimes I'm afraid that you
might not like it when I kiss
you...</Dialog>
          <Dialog>But, that's... There are a lot
of factors to it, you know...</Dialog>
          <Dialog>But if it's obvious that you
care about Rinko, you can do
it anytime...</Dialog>
          <Dialog>Anytime... How about now？</Dialog>
          <Dialog>N-o！ Get away from me！</Dialog>
          <Dialog>Ouch！！</Dialog>
          <Dialog>(▲小早川＊▲...
It's so hard to please you...)</Dialog>
        </Dialogs>
      </SDL2>
    </Entry>
    <Entry Unknown0="1333923635" Unknown1="1895899744">
      <SDL2 Key="893764895">
        <Unknown>
          <Entry>
            <Values />
            <Value0>147456</Value0>
            <Value1>65536</Value1>
          </Entry>
          <Entry>
            <Values>
              <Entry>
                <Value0>36025</Value0>
                <Value1>0</Value1>
              </Entry>
            </Values>
            <Value0>147458</Value0>
            <Value1>196608</Value1>
          </Entry>
          <Entry>
            <Values />
            <Value0>147456</Value0>
            <Value1>262144</Value1>
          </Entry>
          <Entry>
            <Values>
              <Entry>
                <Value0>36888</Value0>
                <Value1>0</Value1>
              </Entry>
            </Values>
            <Value0>147458</Value0>
            <Value1>327680</Value1>
          </Entry>
          <Entry>
            <Values />
            <Value0>147456</Value0>
            <Value1>393216</Value1>
          </Entry>
          <Entry>
            <Values>
              <Entry>
                <Value0>36889</Value0>
                <Value1>0</Value1>
              </Entry>
            </Values>
            <Value0>147458</Value0>
            <Value1>458752</Value1>
          </Entry>
          <Entry>
            <Values />
            <Value0>147456</Value0>
            <Value1>524288</Value1>
          </Entry>
          <Entry>
            <Values>
              <Entry>
                <Value0>36890</Value0>
                <Value1>0</Value1>
              </Entry>
            </Values>
            <Value0>147458</Value0>
            <Value1>589824</Value1>
          </Entry>
          <Entry>
            <Values />
            <Value0>147456</Value0>
            <Value1>655360</Value1>
          </Entry>
        </Unknown>
        <Dialogs>
          <Dialog>○○○○○○○○</Dialog>
          <Dialog>By the way...</Dialog>
          <Dialog>小早川</Dialog>
          <Dialog>Hmm？</Dialog>
          <Dialog>Well...
▲小早川＊▲.
What do you think about
kissing？</Dialog>
          <Dialog>！？ Well... What's the
matter？</Dialog>
          <Dialog>It's... Sometimes I wonder
that I might force you.</Dialog>
          <Dialog>You didn't force me, but...
When you kiss me all of a
sudden, that scares me a
little bit.</Dialog>
          <Dialog>I see... Sorry.</Dialog>
          <Dialog>I also have to apologize to
you, okay？ I'll try not to be
scared.</Dialog>
          <Dialog>(▲小早川＊▲
is just so cute...)</Dialog>
        </Dialogs>
      </SDL2>
    </Entry>
    <Entry Unknown0="650035740" Unknown1="2915634076">
      <SDL2 Key="3992410342">
        <Unknown>
          <Entry>
            <Values />
            <Value0>147456</Value0>
            <Value1>65536</Value1>
          </Entry>
          <Entry>
            <Values>
              <Entry>
                <Value0>36025</Value0>
                <Value1>0</Value1>
              </Entry>
            </Values>
            <Value0>147458</Value0>
            <Value1>196608</Value1>
          </Entry>
          <Entry>
            <Values />
            <Value0>147456</Value0>
            <Value1>262144</Value1>
          </Entry>
          <Entry>
            <Values>
              <Entry>
                <Value0>36891</Value0>
                <Value1>0</Value1>
              </Entry>
            </Values>
            <Value0>147458</Value0>
            <Value1>327680</Value1>
          </Entry>
          <Entry>
            <Values />
            <Value0>147456</Value0>
            <Value1>393216</Value1>
          </Entry>
          <Entry>
            <Values>
              <Entry>
                <Value0>36892</Value0>
                <Value1>0</Value1>
              </Entry>
            </Values>
            <Value0>147458</Value0>
            <Value1>458752</Value1>
          </Entry>
          <Entry>
            <Values />
            <Value0>147456</Value0>
            <Value1>524288</Value1>
          </Entry>
          <Entry>
            <Values>
              <Entry>
                <Value0>36893</Value0>
                <Value1>0</Value1>
              </Entry>
              <Entry>
                <Value0>36894</Value0>
                <Value1>500</Value1>
              </Entry>
            </Values>
            <Value0>147458</Value0>
            <Value1>589824</Value1>
          </Entry>
          <Entry>
            <Values />
            <Value0>147456</Value0>
            <Value1>655360</Value1>
          </Entry>
          <Entry>
            <Values>
              <Entry>
                <Value0>36895</Value0>
                <Value1>0</Value1>
              </Entry>
            </Values>
            <Value0>147458</Value0>
            <Value1>720896</Value1>
          </Entry>
          <Entry>
            <Values />
            <Value0>147456</Value0>
            <Value1>786432</Value1>
          </Entry>
          <Entry>
            <Values>
              <Entry>
                <Value0>36896</Value0>
                <Value1>0</Value1>
              </Entry>
              <Entry>
                <Value0>36897</Value0>
                <Value1>500</Value1>
              </Entry>
            </Values>
            <Value0>147458</Value0>
            <Value1>851968</Value1>
          </Entry>
          <Entry>
            <Values />
            <Value0>147456</Value0>
            <Value1>917504</Value1>
          </Entry>
        </Unknown>
        <Dialogs>
          <Dialog>○○○○○○○○</Dialog>
          <Dialog>By the way...</Dialog>
          <Dialog>小早川</Dialog>
          <Dialog>Hmm？</Dialog>
          <Dialog>Well...
▲小早川＊▲.
What do you think about
kissing？</Dialog>
          <Dialog>What！？ What are you saying？
Are you an idiot...？</Dialog>
          <Dialog>W-Well, I just wonder.</Dialog>
          <Dialog>...Nothing in particular. It's
just normal, okay？</Dialog>
          <Dialog>Okay. Normal, huh...？
▲小早川＊▲
likes normal kisses then...</Dialog>
          <Dialog>No！ No！ How about you！？</Dialog>
          <Dialog>Me？ W-Well, since I'm older,
kissing is just something...
natural.</Dialog>
          <Dialog>So you've done it. Hmm...？</Dialog>
          <Dialog>Eh？
▲小早川＊▲？</Dialog>
          <Dialog>I don't even know that you're
such a pervert. ...Don't get
close to me.</Dialog>
          <Dialog>(Don't be unreasonable...)</Dialog>
        </Dialogs>
      </SDL2>
    </Entry>
    <Entry Unknown0="1653201752" Unknown1="2042054503">
      <SDL2 Key="3992410342">
        <Unknown>
          <Entry>
            <Values>
              <Entry>
                <Value0>4294901761</Value0>
                <Value1>0</Value1>
              </Entry>
              <Entry>
                <Value0>36026</Value0>
                <Value1>500</Value1>
              </Entry>
            </Values>
            <Value0>147456</Value0>
            <Value1>65536</Value1>
          </Entry>
          <Entry>
            <Values />
            <Value0>147458</Value0>
            <Value1>196608</Value1>
          </Entry>
          <Entry>
            <Values>
              <Entry>
                <Value0>36898</Value0>
                <Value1>0</Value1>
              </Entry>
            </Values>
            <Value0>147456</Value0>
            <Value1>262144</Value1>
          </Entry>
          <Entry>
            <Values />
            <Value0>147458</Value0>
            <Value1>327680</Value1>
          </Entry>
          <Entry>
            <Values>
              <Entry>
                <Value0>36899</Value0>
                <Value1>0</Value1>
              </Entry>
            </Values>
            <Value0>147456</Value0>
            <Value1>393216</Value1>
          </Entry>
          <Entry>
            <Values />
            <Value0>147458</Value0>
            <Value1>458752</Value1>
          </Entry>
          <Entry>
            <Values>
              <Entry>
                <Value0>36900</Value0>
                <Value1>0</Value1>
              </Entry>
            </Values>
            <Value0>147456</Value0>
            <Value1>524288</Value1>
          </Entry>
          <Entry>
            <Values />
            <Value0>147458</Value0>
            <Value1>589824</Value1>
          </Entry>
          <Entry>
            <Values>
              <Entry>
                <Value0>36901</Value0>
                <Value1>0</Value1>
              </Entry>
            </Values>
            <Value0>147456</Value0>
            <Value1>655360</Value1>
          </Entry>
          <Entry>
            <Values>
              <Entry>
                <Value0>36902</Value0>
                <Value1>0</Value1>
              </Entry>
              <Entry>
                <Value0>36903</Value0>
                <Value1>500</Value1>
              </Entry>
            </Values>
            <Value0>147456</Value0>
            <Value1>720896</Value1>
          </Entry>
          <Entry>
            <Values />
            <Value0>147458</Value0>
            <Value1>786432</Value1>
          </Entry>
          <Entry>
            <Values>
              <Entry>
                <Value0>36904</Value0>
                <Value1>0</Value1>
              </Entry>
            </Values>
            <Value0>147456</Value0>
            <Value1>851968</Value1>
          </Entry>
          <Entry>
            <Values />
            <Value0>147458</Value0>
            <Value1>917504</Value1>
          </Entry>
        </Unknown>
        <Dialogs>
          <Dialog>小早川</Dialog>
          <Dialog>▲主人公＊▲.
Hey... I have a question.</Dialog>
          <Dialog>○○○○○○○○</Dialog>
          <Dialog>Ah, okay.</Dialog>
          <Dialog>Well, why do you kiss
Rinko...？</Dialog>
          <Dialog>！？ W-Why...？ That's...</Dialog>
          <Dialog>That's what？</Dialog>
          <Dialog>...Because I love...</Dialog>
          <Dialog>Love to kiss？ Or love Rinko？</Dialog>
          <Dialog>Eh？ Ah, I love to kiss but
it's actually because the one
I'm kissing is
▲小早川＊▲.</Dialog>
          <Dialog>I see... Then I have another
question.</Dialog>
          <Dialog>What if... Well... What if
Rinko is the one to kiss you？
Would you feel bad...？</Dialog>
          <Dialog>I wouldn't feel bad... Eh？
Don't tell me you want to kiss
me... now？</Dialog>
          <Dialog>No！ ...Pervert.</Dialog>
          <Dialog>(But from what you say...)</Dialog>
        </Dialogs>
      </SDL2>
    </Entry>
    <Entry Unknown0="1064443683" Unknown1="1626346064">
      <SDL2 Key="3992410342">
        <Unknown>
          <Entry>
            <Values>
              <Entry>
                <Value0>4294901761</Value0>
                <Value1>0</Value1>
              </Entry>
              <Entry>
                <Value0>36026</Value0>
                <Value1>500</Value1>
              </Entry>
            </Values>
            <Value0>147456</Value0>
            <Value1>65536</Value1>
          </Entry>
          <Entry>
            <Values />
            <Value0>147458</Value0>
            <Value1>196608</Value1>
          </Entry>
          <Entry>
            <Values>
              <Entry>
                <Value0>36905</Value0>
                <Value1>0</Value1>
              </Entry>
            </Values>
            <Value0>147456</Value0>
            <Value1>262144</Value1>
          </Entry>
          <Entry>
            <Values />
            <Value0>147458</Value0>
            <Value1>327680</Value1>
          </Entry>
          <Entry>
            <Values>
              <Entry>
                <Value0>36906</Value0>
                <Value1>0</Value1>
              </Entry>
            </Values>
            <Value0>147456</Value0>
            <Value1>393216</Value1>
          </Entry>
          <Entry>
            <Values />
            <Value0>147458</Value0>
            <Value1>458752</Value1>
          </Entry>
          <Entry>
            <Values>
              <Entry>
                <Value0>36907</Value0>
                <Value1>0</Value1>
              </Entry>
              <Entry>
                <Value0>36908</Value0>
                <Value1>500</Value1>
              </Entry>
            </Values>
            <Value0>147456</Value0>
            <Value1>524288</Value1>
          </Entry>
          <Entry>
            <Values />
            <Value0>147458</Value0>
            <Value1>589824</Value1>
          </Entry>
          <Entry>
            <Values>
              <Entry>
                <Value0>36909</Value0>
                <Value1>0</Value1>
              </Entry>
            </Values>
            <Value0>147456</Value0>
            <Value1>655360</Value1>
          </Entry>
          <Entry>
            <Values />
            <Value0>147458</Value0>
            <Value1>720896</Value1>
          </Entry>
          <Entry>
            <Values />
            <Value0>147458</Value0>
            <Value1>786432</Value1>
          </Entry>
          <Entry>
            <Values>
              <Entry>
                <Value0>36910</Value0>
                <Value1>0</Value1>
              </Entry>
            </Values>
            <Value0>147456</Value0>
            <Value1>851968</Value1>
          </Entry>
          <Entry>
            <Values />
            <Value0>147458</Value0>
            <Value1>917504</Value1>
          </Entry>
        </Unknown>
        <Dialogs>
          <Dialog>小早川</Dialog>
          <Dialog>▲主人公＊▲.
Hey... I have a question.</Dialog>
          <Dialog>○○○○○○○○</Dialog>
          <Dialog>Ah, okay.</Dialog>
          <Dialog>Hey, when do you feel like
kissing Rinko？</Dialog>
          <Dialog>！？ Well, hmm... When I
suddenly think that you're
cute.</Dialog>
          <Dialog>It seems to be a pure libido
then.</Dialog>
          <Dialog>Libido？</Dialog>
          <Dialog>Whatever. Well, this is like a
1/10000 chance. Like 99.99%
it'd never happen.</Dialog>
          <Dialog>？</Dialog>
          <Dialog>What if... Rinko is the one to
kiss you？ Will you think of
Rinko as a bad girl？</Dialog>
          <Dialog>Eh...？ I won't！ Let's try...</Dialog>
          <Dialog>Ouch！！</Dialog>
          <Dialog>No.</Dialog>
          <Dialog>(When will that day come...？)</Dialog>
        </Dialogs>
      </SDL2>
    </Entry>
    <Entry Unknown0="380555788" Unknown1="2629761932">
      <SDL2 Key="759660097">
        <Unknown>
          <Entry>
            <Values>
              <Entry>
                <Value0>4294901761</Value0>
                <Value1>0</Value1>
              </Entry>
              <Entry>
                <Value0>36026</Value0>
                <Value1>500</Value1>
              </Entry>
            </Values>
            <Value0>147456</Value0>
            <Value1>65536</Value1>
          </Entry>
          <Entry>
            <Values />
            <Value0>147458</Value0>
            <Value1>196608</Value1>
          </Entry>
          <Entry>
            <Values>
              <Entry>
                <Value0>36911</Value0>
                <Value1>0</Value1>
              </Entry>
            </Values>
            <Value0>147456</Value0>
            <Value1>262144</Value1>
          </Entry>
          <Entry>
            <Values />
            <Value0>147458</Value0>
            <Value1>327680</Value1>
          </Entry>
          <Entry>
            <Values>
              <Entry>
                <Value0>36912</Value0>
                <Value1>0</Value1>
              </Entry>
            </Values>
            <Value0>147456</Value0>
            <Value1>393216</Value1>
          </Entry>
          <Entry>
            <Values />
            <Value0>147458</Value0>
            <Value1>458752</Value1>
          </Entry>
          <Entry>
            <Values>
              <Entry>
                <Value0>4294901761</Value0>
                <Value1>0</Value1>
              </Entry>
              <Entry>
                <Value0>36913</Value0>
                <Value1>500</Value1>
              </Entry>
            </Values>
            <Value0>147456</Value0>
            <Value1>524288</Value1>
          </Entry>
          <Entry>
            <Values />
            <Value0>147458</Value0>
            <Value1>589824</Value1>
          </Entry>
          <Entry>
            <Values>
              <Entry>
                <Value0>36914</Value0>
                <Value1>0</Value1>
              </Entry>
              <Entry>
                <Value0>36915</Value0>
                <Value1>500</Value1>
              </Entry>
            </Values>
            <Value0>147456</Value0>
            <Value1>655360</Value1>
          </Entry>
          <Entry>
            <Values />
            <Value0>147458</Value0>
            <Value1>720896</Value1>
          </Entry>
        </Unknown>
        <Dialogs>
          <Dialog>小早川</Dialog>
          <Dialog>▲主人公＊▲.
Hey... I have a question.</Dialog>
          <Dialog>○○○○○○○○</Dialog>
          <Dialog>Ah, okay.</Dialog>
          <Dialog>Well... When do you feel like
you want to kiss Rinko？</Dialog>
          <Dialog>！？ Well, hmm... There are
different situations...</Dialog>
          <Dialog>Rinko actually can tell, you
know？ When you're about to
kiss Rinko...</Dialog>
          <Dialog>(Eh！？ Really...？)</Dialog>
          <Dialog>▲主人公＊▲.
Well, can you tell when Rinko
wants to be kissed？</Dialog>
          <Dialog>Eh！？ That's... Well...</Dialog>
          <Dialog>You can't tell, right？
...Well, maybe I should make
it easier for you to
understand.</Dialog>
          <Dialog>(That's... What will you
do...？)</Dialog>
        </Dialogs>
      </SDL2>
    </Entry>
    <Entry Unknown0="1383705416" Unknown1="1789343575">
      <SDL2 Key="759660097">
        <Unknown>
          <Entry>
            <Values />
            <Value0>147456</Value0>
            <Value1>65536</Value1>
          </Entry>
          <Entry>
            <Values>
              <Entry>
                <Value0>36025</Value0>
                <Value1>0</Value1>
              </Entry>
            </Values>
            <Value0>147458</Value0>
            <Value1>196608</Value1>
          </Entry>
          <Entry>
            <Values />
            <Value0>147456</Value0>
            <Value1>262144</Value1>
          </Entry>
          <Entry>
            <Values>
              <Entry>
                <Value0>36916</Value0>
                <Value1>0</Value1>
              </Entry>
            </Values>
            <Value0>147458</Value0>
            <Value1>327680</Value1>
          </Entry>
          <Entry>
            <Values />
            <Value0>147456</Value0>
            <Value1>393216</Value1>
          </Entry>
          <Entry>
            <Values>
              <Entry>
                <Value0>36917</Value0>
                <Value1>0</Value1>
              </Entry>
              <Entry>
                <Value0>36918</Value0>
                <Value1>500</Value1>
              </Entry>
            </Values>
            <Value0>147458</Value0>
            <Value1>458752</Value1>
          </Entry>
          <Entry>
            <Values>
              <Entry>
                <Value0>4294901761</Value0>
                <Value1>0</Value1>
              </Entry>
            </Values>
            <Value0>147458</Value0>
            <Value1>524288</Value1>
          </Entry>
          <Entry>
            <Values>
              <Entry>
                <Value0>36919</Value0>
                <Value1>0</Value1>
              </Entry>
            </Values>
            <Value0>147458</Value0>
            <Value1>589824</Value1>
          </Entry>
          <Entry>
            <Values />
            <Value0>147456</Value0>
            <Value1>655360</Value1>
          </Entry>
          <Entry>
            <Values>
              <Entry>
                <Value0>36920</Value0>
                <Value1>0</Value1>
              </Entry>
              <Entry>
                <Value0>36921</Value0>
                <Value1>500</Value1>
              </Entry>
            </Values>
            <Value0>147458</Value0>
            <Value1>720896</Value1>
          </Entry>
          <Entry>
            <Values>
              <Entry>
                <Value0>36922</Value0>
                <Value1>0</Value1>
              </Entry>
            </Values>
            <Value0>147458</Value0>
            <Value1>786432</Value1>
          </Entry>
          <Entry>
            <Values />
            <Value0>147456</Value0>
            <Value1>851968</Value1>
          </Entry>
        </Unknown>
        <Dialogs>
          <Dialog>○○○○○○○○</Dialog>
          <Dialog>By the way...</Dialog>
          <Dialog>小早川</Dialog>
          <Dialog>Hmm？</Dialog>
          <Dialog>▲小早川＊▲.
What do you think about love？</Dialog>
          <Dialog>That's... Why do you ask such
an embarrassing question？ For
me, it's normal...</Dialog>
          <Dialog>Well... But it's good that we
discuss about this
occasionally, right？</Dialog>
          <Dialog>I don't really know. This is
my first time to be in love.
But....</Dialog>
          <Dialog>▲主人公＊▲.</Dialog>
          <Dialog>Are you happy to be with
Rinko？ Is your heart
throbbing？</Dialog>
          <Dialog>Yeah, always.</Dialog>
          <Dialog>Me, too. My heart always
throbs when we're together.
Sometimes it's scary.</Dialog>
          <Dialog>I still don't know anything
much, but that's how I feel.</Dialog>
          <Dialog>(▲小早川＊▲...)</Dialog>
        </Dialogs>
      </SDL2>
    </Entry>
    <Entry Unknown0="795012883" Unknown1="1407189568">
      <SDL2 Key="759660097">
        <Unknown>
          <Entry>
            <Values />
            <Value0>147456</Value0>
            <Value1>65536</Value1>
          </Entry>
          <Entry>
            <Values>
              <Entry>
                <Value0>36025</Value0>
                <Value1>0</Value1>
              </Entry>
            </Values>
            <Value0>147458</Value0>
            <Value1>196608</Value1>
          </Entry>
          <Entry>
            <Values />
            <Value0>147456</Value0>
            <Value1>262144</Value1>
          </Entry>
          <Entry>
            <Values>
              <Entry>
                <Value0>36923</Value0>
                <Value1>0</Value1>
              </Entry>
            </Values>
            <Value0>147458</Value0>
            <Value1>327680</Value1>
          </Entry>
          <Entry>
            <Values />
            <Value0>147456</Value0>
            <Value1>393216</Value1>
          </Entry>
          <Entry>
            <Values>
              <Entry>
                <Value0>36924</Value0>
                <Value1>0</Value1>
              </Entry>
            </Values>
            <Value0>147458</Value0>
            <Value1>458752</Value1>
          </Entry>
          <Entry>
            <Values />
            <Value0>147456</Value0>
            <Value1>524288</Value1>
          </Entry>
          <Entry>
            <Values>
              <Entry>
                <Value0>36925</Value0>
                <Value1>0</Value1>
              </Entry>
            </Values>
            <Value0>147458</Value0>
            <Value1>589824</Value1>
          </Entry>
          <Entry>
            <Values />
            <Value0>147456</Value0>
            <Value1>655360</Value1>
          </Entry>
          <Entry>
            <Values>
              <Entry>
                <Value0>36926</Value0>
                <Value1>0</Value1>
              </Entry>
              <Entry>
                <Value0>36927</Value0>
                <Value1>500</Value1>
              </Entry>
            </Values>
            <Value0>147458</Value0>
            <Value1>720896</Value1>
          </Entry>
          <Entry>
            <Values>
              <Entry>
                <Value0>36928</Value0>
                <Value1>0</Value1>
              </Entry>
            </Values>
            <Value0>147458</Value0>
            <Value1>786432</Value1>
          </Entry>
          <Entry>
            <Values />
            <Value0>147456</Value0>
            <Value1>851968</Value1>
          </Entry>
          <Entry>
            <Values />
            <Value0>147456</Value0>
            <Value1>917504</Value1>
          </Entry>
        </Unknown>
        <Dialogs>
          <Dialog>○○○○○○○○</Dialog>
          <Dialog>By the way...</Dialog>
          <Dialog>小早川</Dialog>
          <Dialog>Hmm？</Dialog>
          <Dialog>▲小早川＊▲.
What do you think about love？</Dialog>
          <Dialog>What？ What did you say？ Are
you an idiot？</Dialog>
          <Dialog>W-Well. This is important for
our relationship, right？</Dialog>
          <Dialog>Not really. It doesn't really
matter, does it？</Dialog>
          <Dialog>Even if our relationship
fails, it still doesn't matter
to you？</Dialog>
          <Dialog>Eh...？ No. I didn't mean it
that way.</Dialog>
          <Dialog>This is difficult...</Dialog>
          <Dialog>But it can't be helped.
Sometimes I even feel like I'm
not myself...</Dialog>
          <Dialog>So, it just can't be helped！
This is too troublesome！</Dialog>
          <Dialog>Ouch！！</Dialog>
          <Dialog>(▲小早川＊▲...)</Dialog>
        </Dialogs>
      </SDL2>
    </Entry>
    <Entry Unknown0="111059708" Unknown1="2410605436">
      <SDL2 Key="3623416359">
        <Unknown>
          <Entry>
            <Values />
            <Value0>147456</Value0>
            <Value1>65536</Value1>
          </Entry>
          <Entry>
            <Values>
              <Entry>
                <Value0>36025</Value0>
                <Value1>0</Value1>
              </Entry>
            </Values>
            <Value0>147458</Value0>
            <Value1>196608</Value1>
          </Entry>
          <Entry>
            <Values />
            <Value0>147456</Value0>
            <Value1>262144</Value1>
          </Entry>
          <Entry>
            <Values>
              <Entry>
                <Value0>36929</Value0>
                <Value1>0</Value1>
              </Entry>
            </Values>
            <Value0>147458</Value0>
            <Value1>327680</Value1>
          </Entry>
          <Entry>
            <Values />
            <Value0>147456</Value0>
            <Value1>393216</Value1>
          </Entry>
          <Entry>
            <Values>
              <Entry>
                <Value0>36930</Value0>
                <Value1>0</Value1>
              </Entry>
              <Entry>
                <Value0>36931</Value0>
                <Value1>500</Value1>
              </Entry>
            </Values>
            <Value0>147458</Value0>
            <Value1>458752</Value1>
          </Entry>
          <Entry>
            <Values />
            <Value0>147456</Value0>
            <Value1>524288</Value1>
          </Entry>
          <Entry>
            <Values>
              <Entry>
                <Value0>4294901761</Value0>
                <Value1>0</Value1>
              </Entry>
              <Entry>
                <Value0>36932</Value0>
                <Value1>500</Value1>
              </Entry>
            </Values>
            <Value0>147458</Value0>
            <Value1>589824</Value1>
          </Entry>
          <Entry>
            <Values />
            <Value0>147456</Value0>
            <Value1>655360</Value1>
          </Entry>
          <Entry>
            <Values>
              <Entry>
                <Value0>36933</Value0>
                <Value1>0</Value1>
              </Entry>
              <Entry>
                <Value0>36934</Value0>
                <Value1>500</Value1>
              </Entry>
            </Values>
            <Value0>147458</Value0>
            <Value1>720896</Value1>
          </Entry>
          <Entry>
            <Values />
            <Value0>147456</Value0>
            <Value1>786432</Value1>
          </Entry>
          <Entry>
            <Values>
              <Entry>
                <Value0>36935</Value0>
                <Value1>0</Value1>
              </Entry>
              <Entry>
                <Value0>36936</Value0>
                <Value1>500</Value1>
              </Entry>
            </Values>
            <Value0>147458</Value0>
            <Value1>851968</Value1>
          </Entry>
          <Entry>
            <Values />
            <Value0>147456</Value0>
            <Value1>917504</Value1>
          </Entry>
        </Unknown>
        <Dialogs>
          <Dialog>○○○○○○○○</Dialog>
          <Dialog>By the way...</Dialog>
          <Dialog>小早川</Dialog>
          <Dialog>Hmm？</Dialog>
          <Dialog>▲小早川＊▲.
What do you think about love？</Dialog>
          <Dialog>Eh？</Dialog>
          <Dialog>W-Well, this is a little
embarrassing, but it's
important to our relationship,
right？</Dialog>
          <Dialog>I see... But I don't really
know. It's my first time to be
someone's girlfriend.</Dialog>
          <Dialog>I see.</Dialog>
          <Dialog>▲主人公＊▲.
Do you love Rinko？</Dialog>
          <Dialog>Yeah, I love you.</Dialog>
          <Dialog>Rinko loves you too. Is it
okay that Rinko will ask you
this question again later？</Dialog>
          <Dialog>Of course.</Dialog>
          <Dialog>Thanks. For Rinko, this much
is already enough.</Dialog>
          <Dialog>(▲小早川＊▲...)</Dialog>
        </Dialogs>
      </SDL2>
    </Entry>
    <Entry Unknown0="1114225464" Unknown1="1519527751">
      <SDL2 Key="3623416359">
        <Unknown>
          <Entry>
            <Values />
            <Value0>147456</Value0>
            <Value1>65536</Value1>
          </Entry>
          <Entry>
            <Values>
              <Entry>
                <Value0>36025</Value0>
                <Value1>0</Value1>
              </Entry>
            </Values>
            <Value0>147458</Value0>
            <Value1>196608</Value1>
          </Entry>
          <Entry>
            <Values />
            <Value0>147456</Value0>
            <Value1>262144</Value1>
          </Entry>
          <Entry>
            <Values>
              <Entry>
                <Value0>36937</Value0>
                <Value1>0</Value1>
              </Entry>
            </Values>
            <Value0>147458</Value0>
            <Value1>327680</Value1>
          </Entry>
          <Entry>
            <Values />
            <Value0>147456</Value0>
            <Value1>393216</Value1>
          </Entry>
          <Entry>
            <Values>
              <Entry>
                <Value0>36938</Value0>
                <Value1>0</Value1>
              </Entry>
            </Values>
            <Value0>147458</Value0>
            <Value1>458752</Value1>
          </Entry>
          <Entry>
            <Values />
            <Value0>147456</Value0>
            <Value1>524288</Value1>
          </Entry>
          <Entry>
            <Values>
              <Entry>
                <Value0>36939</Value0>
                <Value1>0</Value1>
              </Entry>
            </Values>
            <Value0>147458</Value0>
            <Value1>589824</Value1>
          </Entry>
          <Entry>
            <Values />
            <Value0>147456</Value0>
            <Value1>655360</Value1>
          </Entry>
          <Entry>
            <Values>
              <Entry>
                <Value0>36940</Value0>
                <Value1>0</Value1>
              </Entry>
              <Entry>
                <Value0>36941</Value0>
                <Value1>500</Value1>
              </Entry>
            </Values>
            <Value0>147458</Value0>
            <Value1>720896</Value1>
          </Entry>
          <Entry>
            <Values />
            <Value0>147456</Value0>
            <Value1>786432</Value1>
          </Entry>
          <Entry>
            <Values>
              <Entry>
                <Value0>36942</Value0>
                <Value1>0</Value1>
              </Entry>
            </Values>
            <Value0>147458</Value0>
            <Value1>851968</Value1>
          </Entry>
          <Entry>
            <Values />
            <Value0>147456</Value0>
            <Value1>917504</Value1>
          </Entry>
          <Entry>
            <Values />
            <Value0>147458</Value0>
            <Value1>983040</Value1>
          </Entry>
          <Entry>
            <Values />
            <Value0>147456</Value0>
            <Value1>1048576</Value1>
          </Entry>
          <Entry>
            <Values>
              <Entry>
                <Value0>36943</Value0>
                <Value1>0</Value1>
              </Entry>
            </Values>
            <Value0>147458</Value0>
            <Value1>1114112</Value1>
          </Entry>
          <Entry>
            <Values />
            <Value0>147456</Value0>
            <Value1>1179648</Value1>
          </Entry>
        </Unknown>
        <Dialogs>
          <Dialog>○○○○○○○○</Dialog>
          <Dialog>By the way...</Dialog>
          <Dialog>小早川</Dialog>
          <Dialog>Hmm？</Dialog>
          <Dialog>▲小早川＊▲.
What would your ideal
situation be if someone
confessed his love to you？</Dialog>
          <Dialog>！？ What？ Are you playing
some dating simulation games？</Dialog>
          <Dialog>Well, since I'm a guy, I'm
concerned about it, you know？</Dialog>
          <Dialog>Hmm...</Dialog>
          <Dialog>Hey, what would your ideal
situation be？</Dialog>
          <Dialog>For me... Just something
normal.</Dialog>
          <Dialog>Normal...？ Hmm.</Dialog>
          <Dialog>Well, if he's handsome, smart
and mature, he'd meet my
requirements, and...</Dialog>
          <Dialog>▲小早川＊▲.
I love you.</Dialog>
          <Dialog>Eh...</Dialog>
          <Dialog>Ah, no. I wonder if it's
something like this.</Dialog>
          <Dialog>......</Dialog>
          <Dialog>▲小早川＊▲？</Dialog>
          <Dialog>Shut up！ Get away from me！</Dialog>
          <Dialog>(Why did she get mad？)</Dialog>
        </Dialogs>
      </SDL2>
    </Entry>
    <Entry Unknown0="525532931" Unknown1="1121186352">
      <SDL2 Key="4148705395">
        <Unknown>
          <Entry>
            <Values />
            <Value0>147456</Value0>
            <Value1>65536</Value1>
          </Entry>
          <Entry>
            <Values>
              <Entry>
                <Value0>36025</Value0>
                <Value1>0</Value1>
              </Entry>
            </Values>
            <Value0>147458</Value0>
            <Value1>196608</Value1>
          </Entry>
          <Entry>
            <Values />
            <Value0>147456</Value0>
            <Value1>262144</Value1>
          </Entry>
          <Entry>
            <Values>
              <Entry>
                <Value0>36944</Value0>
                <Value1>0</Value1>
              </Entry>
            </Values>
            <Value0>147458</Value0>
            <Value1>327680</Value1>
          </Entry>
          <Entry>
            <Values>
              <Entry>
                <Value0>36945</Value0>
                <Value1>0</Value1>
              </Entry>
              <Entry>
                <Value0>36946</Value0>
                <Value1>500</Value1>
              </Entry>
            </Values>
            <Value0>147458</Value0>
            <Value1>393216</Value1>
          </Entry>
          <Entry>
            <Values />
            <Value0>147456</Value0>
            <Value1>196608</Value1>
          </Entry>
          <Entry>
            <Values>
              <Entry>
                <Value0>4294901761</Value0>
                <Value1>0</Value1>
              </Entry>
              <Entry>
                <Value0>36947</Value0>
                <Value1>500</Value1>
              </Entry>
            </Values>
            <Value0>147458</Value0>
            <Value1>458752</Value1>
          </Entry>
          <Entry>
            <Values>
              <Entry>
                <Value0>36948</Value0>
                <Value1>0</Value1>
              </Entry>
            </Values>
            <Value0>147458</Value0>
            <Value1>524288</Value1>
          </Entry>
          <Entry>
            <Values>
              <Entry>
                <Value0>36949</Value0>
                <Value1>0</Value1>
              </Entry>
              <Entry>
                <Value0>36950</Value0>
                <Value1>500</Value1>
              </Entry>
            </Values>
            <Value0>147458</Value0>
            <Value1>589824</Value1>
          </Entry>
          <Entry>
            <Values />
            <Value0>147456</Value0>
            <Value1>655360</Value1>
          </Entry>
        </Unknown>
        <Dialogs>
          <Dialog>○○○○○○○○</Dialog>
          <Dialog>By the way...</Dialog>
          <Dialog>小早川</Dialog>
          <Dialog>Hmm？</Dialog>
          <Dialog>▲小早川＊▲.
What do you think about love？</Dialog>
          <Dialog>I was asked this question
before, so I've been thinking
about it.</Dialog>
          <Dialog>But, I really don't know. It's
just...</Dialog>
          <Dialog>▲主人公＊▲.
Rinko is in love now.</Dialog>
          <Dialog>The feeling is different from
what I read from books. It's
different from any feelings
I've ever had...</Dialog>
          <Dialog>It's something nobody has
taught me, but I knew it that
I was already in love. It's
just mysterious.</Dialog>
          <Dialog>(Yeah... That's true.)</Dialog>
        </Dialogs>
      </SDL2>
    </Entry>
    <Entry Unknown0="4136547052" Unknown1="2124405612">
      <SDL2 Key="4148705395">
        <Unknown>
          <Entry>
            <Values />
            <Value0>147456</Value0>
            <Value1>65536</Value1>
          </Entry>
          <Entry>
            <Values>
              <Entry>
                <Value0>36025</Value0>
                <Value1>0</Value1>
              </Entry>
            </Values>
            <Value0>147458</Value0>
            <Value1>196608</Value1>
          </Entry>
          <Entry>
            <Values />
            <Value0>147456</Value0>
            <Value1>262144</Value1>
          </Entry>
          <Entry>
            <Values>
              <Entry>
                <Value0>36951</Value0>
                <Value1>0</Value1>
              </Entry>
              <Entry>
                <Value0>36952</Value0>
                <Value1>500</Value1>
              </Entry>
            </Values>
            <Value0>147458</Value0>
            <Value1>327680</Value1>
          </Entry>
          <Entry>
            <Values>
              <Entry>
                <Value0>36953</Value0>
                <Value1>0</Value1>
              </Entry>
            </Values>
            <Value0>147458</Value0>
            <Value1>393216</Value1>
          </Entry>
          <Entry>
            <Values>
              <Entry>
                <Value0>4294901761</Value0>
                <Value1>0</Value1>
              </Entry>
              <Entry>
                <Value0>36954</Value0>
                <Value1>500</Value1>
              </Entry>
            </Values>
            <Value0>147458</Value0>
            <Value1>458752</Value1>
          </Entry>
          <Entry>
            <Values />
            <Value0>147456</Value0>
            <Value1>524288</Value1>
          </Entry>
          <Entry>
            <Values>
              <Entry>
                <Value0>36955</Value0>
                <Value1>0</Value1>
              </Entry>
              <Entry>
                <Value0>36956</Value0>
                <Value1>500</Value1>
              </Entry>
            </Values>
            <Value0>147458</Value0>
            <Value1>589824</Value1>
          </Entry>
          <Entry>
            <Values>
              <Entry>
                <Value0>36957</Value0>
                <Value1>0</Value1>
              </Entry>
            </Values>
            <Value0>147458</Value0>
            <Value1>655360</Value1>
          </Entry>
          <Entry>
            <Values>
              <Entry>
                <Value0>36958</Value0>
                <Value1>0</Value1>
              </Entry>
              <Entry>
                <Value0>36959</Value0>
                <Value1>500</Value1>
              </Entry>
            </Values>
            <Value0>147458</Value0>
            <Value1>720896</Value1>
          </Entry>
          <Entry>
            <Values />
            <Value0>147456</Value0>
            <Value1>786432</Value1>
          </Entry>
        </Unknown>
        <Dialogs>
          <Dialog>○○○○○○○○</Dialog>
          <Dialog>By the way...</Dialog>
          <Dialog>小早川</Dialog>
          <Dialog>Hmm？</Dialog>
          <Dialog>▲小早川＊▲.
What do you think about love？</Dialog>
          <Dialog>I was asked this question
before. That's why I've been
thinking about it.</Dialog>
          <Dialog>When I'm with you, I feel
embarrassed, happy and
nervous. And these feelings
are overwhelming.</Dialog>
          <Dialog>▲主人公＊▲.
But you're always so cool and
calm. You make Rinko feel like
an idiot.</Dialog>
          <Dialog>But I'm not calm. Not at all.</Dialog>
          <Dialog>I feel bad for being like that
when I'm with you... But I
feel even worse when I'm away
from you.</Dialog>
          <Dialog>I feel so lonely when I can't
see you...</Dialog>
          <Dialog>Sorry. Rinko is so troublesome
for you. Thank you for being
with Rinko.</Dialog>
          <Dialog>(▲小早川＊▲...)</Dialog>
        </Dialogs>
      </SDL2>
    </Entry>
    <Entry Unknown0="844729128" Unknown1="1267013431">
      <SDL2 Key="4148705395">
        <Unknown>
          <Entry>
            <Values />
            <Value0>147456</Value0>
            <Value1>65536</Value1>
          </Entry>
          <Entry>
            <Values>
              <Entry>
                <Value0>36025</Value0>
                <Value1>0</Value1>
              </Entry>
            </Values>
            <Value0>147458</Value0>
            <Value1>196608</Value1>
          </Entry>
          <Entry>
            <Values />
            <Value0>147456</Value0>
            <Value1>262144</Value1>
          </Entry>
          <Entry>
            <Values>
              <Entry>
                <Value0>36960</Value0>
                <Value1>0</Value1>
              </Entry>
              <Entry>
                <Value0>36961</Value0>
                <Value1>500</Value1>
              </Entry>
            </Values>
            <Value0>147458</Value0>
            <Value1>327680</Value1>
          </Entry>
          <Entry>
            <Values />
            <Value0>147456</Value0>
            <Value1>393216</Value1>
          </Entry>
          <Entry>
            <Values>
              <Entry>
                <Value0>36962</Value0>
                <Value1>0</Value1>
              </Entry>
              <Entry>
                <Value0>36963</Value0>
                <Value1>500</Value1>
              </Entry>
            </Values>
            <Value0>147458</Value0>
            <Value1>458752</Value1>
          </Entry>
          <Entry>
            <Values>
              <Entry>
                <Value0>4294901761</Value0>
                <Value1>0</Value1>
              </Entry>
              <Entry>
                <Value0>36964</Value0>
                <Value1>500</Value1>
              </Entry>
            </Values>
            <Value0>147458</Value0>
            <Value1>524288</Value1>
          </Entry>
          <Entry>
            <Values />
            <Value0>147456</Value0>
            <Value1>589824</Value1>
          </Entry>
          <Entry>
            <Values>
              <Entry>
                <Value0>36965</Value0>
                <Value1>0</Value1>
              </Entry>
            </Values>
            <Value0>147458</Value0>
            <Value1>655360</Value1>
          </Entry>
          <Entry>
            <Values>
              <Entry>
                <Value0>36966</Value0>
                <Value1>0</Value1>
              </Entry>
            </Values>
            <Value0>147458</Value0>
            <Value1>720896</Value1>
          </Entry>
          <Entry>
            <Values>
              <Entry>
                <Value0>36967</Value0>
                <Value1>0</Value1>
              </Entry>
              <Entry>
                <Value0>36968</Value0>
                <Value1>500</Value1>
              </Entry>
            </Values>
            <Value0>147458</Value0>
            <Value1>786432</Value1>
          </Entry>
          <Entry>
            <Values>
              <Entry>
                <Value0>36969</Value0>
                <Value1>0</Value1>
              </Entry>
            </Values>
            <Value0>147458</Value0>
            <Value1>851968</Value1>
          </Entry>
          <Entry>
            <Values />
            <Value0>147456</Value0>
            <Value1>917504</Value1>
          </Entry>
        </Unknown>
        <Dialogs>
          <Dialog>○○○○○○○○</Dialog>
          <Dialog>By the way...</Dialog>
          <Dialog>小早川</Dialog>
          <Dialog>Hmm？</Dialog>
          <Dialog>▲小早川＊▲.
What do you think about love？</Dialog>
          <Dialog>You've asked me this before,
right？ I've been thinking
about it and I finally
realized.</Dialog>
          <Dialog>You finally realized？</Dialog>
          <Dialog>Yeah. Realized that Rinko is
really in love.</Dialog>
          <Dialog>▲主人公＊▲.
Sometimes you say that you
love Rinko, right？</Dialog>
          <Dialog>Yeah.</Dialog>
          <Dialog>And I'm always happy to hear
that. It's like we've
confirmed our feelings.</Dialog>
          <Dialog>I always lack confidence. Soon
after that, I'll start to feel
insecure, and that's painful.</Dialog>
          <Dialog>But when you say you love me
again, I can feel something
warm inside my heart. I can
feel your love.</Dialog>
          <Dialog>That why it's obvious that
Rinko is in love with you.</Dialog>
          <Dialog>(▲小早川＊▲...)</Dialog>
        </Dialogs>
      </SDL2>
    </Entry>
    <Entry Unknown0="256036851" Unknown1="902029856">
      <SDL2 Key="930635725">
        <Unknown>
          <Entry>
            <Values />
            <Value0>147456</Value0>
            <Value1>65536</Value1>
          </Entry>
          <Entry>
            <Values>
              <Entry>
                <Value0>36025</Value0>
                <Value1>0</Value1>
              </Entry>
            </Values>
            <Value0>147458</Value0>
            <Value1>196608</Value1>
          </Entry>
          <Entry>
            <Values />
            <Value0>147456</Value0>
            <Value1>262144</Value1>
          </Entry>
          <Entry>
            <Values>
              <Entry>
                <Value0>36970</Value0>
                <Value1>0</Value1>
              </Entry>
            </Values>
            <Value0>147458</Value0>
            <Value1>327680</Value1>
          </Entry>
          <Entry>
            <Values />
            <Value0>147456</Value0>
            <Value1>393216</Value1>
          </Entry>
          <Entry>
            <Values>
              <Entry>
                <Value0>36971</Value0>
                <Value1>0</Value1>
              </Entry>
            </Values>
            <Value0>147458</Value0>
            <Value1>458752</Value1>
          </Entry>
          <Entry>
            <Values />
            <Value0>147456</Value0>
            <Value1>524288</Value1>
          </Entry>
          <Entry>
            <Values>
              <Entry>
                <Value0>36972</Value0>
                <Value1>0</Value1>
              </Entry>
            </Values>
            <Value0>147458</Value0>
            <Value1>589824</Value1>
          </Entry>
          <Entry>
            <Values />
            <Value0>147456</Value0>
            <Value1>655360</Value1>
          </Entry>
          <Entry>
            <Values>
              <Entry>
                <Value0>36973</Value0>
                <Value1>0</Value1>
              </Entry>
              <Entry>
                <Value0>36974</Value0>
                <Value1>500</Value1>
              </Entry>
            </Values>
            <Value0>147458</Value0>
            <Value1>720896</Value1>
          </Entry>
          <Entry>
            <Values />
            <Value0>147456</Value0>
            <Value1>786432</Value1>
          </Entry>
        </Unknown>
        <Dialogs>
          <Dialog>○○○○○○○○</Dialog>
          <Dialog>By the way...</Dialog>
          <Dialog>小早川</Dialog>
          <Dialog>Hmm？</Dialog>
          <Dialog>▲小早川＊▲.
When do you feel jealous？</Dialog>
          <Dialog>Jealous？ Of what？</Dialog>
          <Dialog>Well... Don't you feel jealous
at all？ We're dating, right？</Dialog>
          <Dialog>Why？</Dialog>
          <Dialog>For example, if I become
popular among girls...</Dialog>
          <Dialog>Are you popular？</Dialog>
          <Dialog>Well... I don't think so.</Dialog>
          <Dialog>Ask me again when you become
popular then.</Dialog>
          <Dialog>(Well... okay.)</Dialog>
        </Dialogs>
      </SDL2>
    </Entry>
    <Entry Unknown0="3867050716" Unknown1="1771031388">
      <SDL2 Key="930635725">
        <Unknown>
          <Entry>
            <Values />
            <Value0>147456</Value0>
            <Value1>65536</Value1>
          </Entry>
          <Entry>
            <Values>
              <Entry>
                <Value0>36025</Value0>
                <Value1>0</Value1>
              </Entry>
            </Values>
            <Value0>147458</Value0>
            <Value1>196608</Value1>
          </Entry>
          <Entry>
            <Values />
            <Value0>147456</Value0>
            <Value1>262144</Value1>
          </Entry>
          <Entry>
            <Values>
              <Entry>
                <Value0>36975</Value0>
                <Value1>0</Value1>
              </Entry>
            </Values>
            <Value0>147458</Value0>
            <Value1>327680</Value1>
          </Entry>
          <Entry>
            <Values />
            <Value0>147456</Value0>
            <Value1>393216</Value1>
          </Entry>
          <Entry>
            <Values>
              <Entry>
                <Value0>36976</Value0>
                <Value1>0</Value1>
              </Entry>
            </Values>
            <Value0>147458</Value0>
            <Value1>458752</Value1>
          </Entry>
          <Entry>
            <Values />
            <Value0>147456</Value0>
            <Value1>524288</Value1>
          </Entry>
          <Entry>
            <Values>
              <Entry>
                <Value0>36977</Value0>
                <Value1>0</Value1>
              </Entry>
              <Entry>
                <Value0>36978</Value0>
                <Value1>500</Value1>
              </Entry>
            </Values>
            <Value0>147458</Value0>
            <Value1>589824</Value1>
          </Entry>
          <Entry>
            <Values />
            <Value0>147456</Value0>
            <Value1>655360</Value1>
          </Entry>
        </Unknown>
        <Dialogs>
          <Dialog>○○○○○○○○</Dialog>
          <Dialog>By the way...</Dialog>
          <Dialog>小早川</Dialog>
          <Dialog>Hmm？</Dialog>
          <Dialog>▲小早川＊▲.
Do you think you're the
jealous type？</Dialog>
          <Dialog>Rinko？ You think Rinko is
jealous？</Dialog>
          <Dialog>Well, sometimes...</Dialog>
          <Dialog>Tsk... Since when did Rinko
ever get jealous？</Dialog>
          <Dialog>Since when...？ Well,
sometimes...</Dialog>
          <Dialog>Never is never！ Are you an
idiot？</Dialog>
          <Dialog>(...Is that so？)</Dialog>
        </Dialogs>
      </SDL2>
    </Entry>
    <Entry Unknown0="575249176" Unknown1="1014302503">
      <SDL2 Key="930635725">
        <Unknown>
          <Entry>
            <Values />
            <Value0>147456</Value0>
            <Value1>65536</Value1>
          </Entry>
          <Entry>
            <Values>
              <Entry>
                <Value0>36025</Value0>
                <Value1>0</Value1>
              </Entry>
            </Values>
            <Value0>147458</Value0>
            <Value1>196608</Value1>
          </Entry>
          <Entry>
            <Values />
            <Value0>147456</Value0>
            <Value1>262144</Value1>
          </Entry>
          <Entry>
            <Values>
              <Entry>
                <Value0>36979</Value0>
                <Value1>0</Value1>
              </Entry>
              <Entry>
                <Value0>36980</Value0>
                <Value1>500</Value1>
              </Entry>
            </Values>
            <Value0>147458</Value0>
            <Value1>327680</Value1>
          </Entry>
          <Entry>
            <Values />
            <Value0>147456</Value0>
            <Value1>393216</Value1>
          </Entry>
          <Entry>
            <Values>
              <Entry>
                <Value0>36981</Value0>
                <Value1>0</Value1>
              </Entry>
            </Values>
            <Value0>147458</Value0>
            <Value1>458752</Value1>
          </Entry>
          <Entry>
            <Values />
            <Value0>147456</Value0>
            <Value1>524288</Value1>
          </Entry>
          <Entry>
            <Values>
              <Entry>
                <Value0>36982</Value0>
                <Value1>0</Value1>
              </Entry>
            </Values>
            <Value0>147458</Value0>
            <Value1>589824</Value1>
          </Entry>
          <Entry>
            <Values />
            <Value0>147456</Value0>
            <Value1>655360</Value1>
          </Entry>
        </Unknown>
        <Dialogs>
          <Dialog>○○○○○○○○</Dialog>
          <Dialog>By the way...</Dialog>
          <Dialog>小早川</Dialog>
          <Dialog>Hmm？</Dialog>
          <Dialog>▲小早川＊▲.
Do you think you're the
jealous type？</Dialog>
          <Dialog>Jealous？ Rinko won't get
jealous, so you can rest
assured. Rinko trusts you.</Dialog>
          <Dialog>Trust me？</Dialog>
          <Dialog>Yeah. That you will only lay
your eyes on Rinko.</Dialog>
          <Dialog>▲小早川＊▲...</Dialog>
          <Dialog>Even though you sometimes
glance at some girls while
we're on our dates.</Dialog>
          <Dialog>(...I have to be careful.)</Dialog>
        </Dialogs>
      </SDL2>
    </Entry>
    <Entry Unknown0="4281524195" Unknown1="632738320">
      <SDL2 Key="3745108900">
        <Unknown>
          <Entry>
            <Values />
            <Value0>147456</Value0>
            <Value1>65536</Value1>
          </Entry>
          <Entry>
            <Values>
              <Entry>
                <Value0>36025</Value0>
                <Value1>0</Value1>
              </Entry>
            </Values>
            <Value0>147458</Value0>
            <Value1>196608</Value1>
          </Entry>
          <Entry>
            <Values />
            <Value0>147456</Value0>
            <Value1>262144</Value1>
          </Entry>
          <Entry>
            <Values>
              <Entry>
                <Value0>36983</Value0>
                <Value1>0</Value1>
              </Entry>
            </Values>
            <Value0>147458</Value0>
            <Value1>327680</Value1>
          </Entry>
          <Entry>
            <Values />
            <Value0>147456</Value0>
            <Value1>393216</Value1>
          </Entry>
          <Entry>
            <Values>
              <Entry>
                <Value0>36984</Value0>
                <Value1>0</Value1>
              </Entry>
              <Entry>
                <Value0>36985</Value0>
                <Value1>500</Value1>
              </Entry>
            </Values>
            <Value0>147458</Value0>
            <Value1>458752</Value1>
          </Entry>
          <Entry>
            <Values>
              <Entry>
                <Value0>36986</Value0>
                <Value1>0</Value1>
              </Entry>
            </Values>
            <Value0>147458</Value0>
            <Value1>524288</Value1>
          </Entry>
          <Entry>
            <Values />
            <Value0>147456</Value0>
            <Value1>589824</Value1>
          </Entry>
          <Entry>
            <Values>
              <Entry>
                <Value0>36988</Value0>
                <Value1>0</Value1>
              </Entry>
            </Values>
            <Value0>147458</Value0>
            <Value1>655360</Value1>
          </Entry>
          <Entry>
            <Values />
            <Value0>147456</Value0>
            <Value1>720896</Value1>
          </Entry>
          <Entry>
            <Values>
              <Entry>
                <Value0>36989</Value0>
                <Value1>0</Value1>
              </Entry>
              <Entry>
                <Value0>36990</Value0>
                <Value1>500</Value1>
              </Entry>
              <Entry>
                <Value0>36991</Value0>
                <Value1>500</Value1>
              </Entry>
            </Values>
            <Value0>147458</Value0>
            <Value1>786432</Value1>
          </Entry>
          <Entry>
            <Values />
            <Value0>147456</Value0>
            <Value1>851968</Value1>
          </Entry>
        </Unknown>
        <Dialogs>
          <Dialog>○○○○○○○○</Dialog>
          <Dialog>By the way...</Dialog>
          <Dialog>小早川</Dialog>
          <Dialog>Hmm？</Dialog>
          <Dialog>▲小早川＊▲.
Do you think you're the
jealous type？</Dialog>
          <Dialog>No way. Never.</Dialog>
          <Dialog>Really？ But girls usually get
jealous, right？</Dialog>
          <Dialog>Sort of. Some girls in my
class are like that.</Dialog>
          <Dialog>And they'd scream "No, no！
You have to look at me only！"
Something like that...</Dialog>
          <Dialog>Oh！ That was nice！ Do it
again！</Dialog>
          <Dialog>！！ ...No.</Dialog>
          <Dialog>It's okay. Do it again！</Dialog>
          <Dialog>N-o！！ Geez... You're an
idiot. Idiot！</Dialog>
          <Dialog>(You don't have to get that
mad at me...)</Dialog>
        </Dialogs>
      </SDL2>
    </Entry>
    <Entry Unknown0="3597570764" Unknown1="1484569420">
      <SDL2 Key="3745108900">
        <Unknown>
          <Entry>
            <Values />
            <Value0>147456</Value0>
            <Value1>65536</Value1>
          </Entry>
          <Entry>
            <Values>
              <Entry>
                <Value0>36025</Value0>
                <Value1>0</Value1>
              </Entry>
            </Values>
            <Value0>147458</Value0>
            <Value1>196608</Value1>
          </Entry>
          <Entry>
            <Values />
            <Value0>147456</Value0>
            <Value1>262144</Value1>
          </Entry>
          <Entry>
            <Values>
              <Entry>
                <Value0>36992</Value0>
                <Value1>0</Value1>
              </Entry>
            </Values>
            <Value0>147458</Value0>
            <Value1>327680</Value1>
          </Entry>
          <Entry>
            <Values />
            <Value0>147456</Value0>
            <Value1>393216</Value1>
          </Entry>
          <Entry>
            <Values>
              <Entry>
                <Value0>36993</Value0>
                <Value1>0</Value1>
              </Entry>
              <Entry>
                <Value0>36994</Value0>
                <Value1>500</Value1>
              </Entry>
            </Values>
            <Value0>147458</Value0>
            <Value1>458752</Value1>
          </Entry>
          <Entry>
            <Values>
              <Entry>
                <Value0>36995</Value0>
                <Value1>0</Value1>
              </Entry>
              <Entry>
                <Value0>36996</Value0>
                <Value1>500</Value1>
              </Entry>
            </Values>
            <Value0>147458</Value0>
            <Value1>524288</Value1>
          </Entry>
          <Entry>
            <Values />
            <Value0>147456</Value0>
            <Value1>589824</Value1>
          </Entry>
          <Entry>
            <Values>
              <Entry>
                <Value0>36997</Value0>
                <Value1>0</Value1>
              </Entry>
            </Values>
            <Value0>147458</Value0>
            <Value1>655360</Value1>
          </Entry>
          <Entry>
            <Values />
            <Value0>147456</Value0>
            <Value1>720896</Value1>
          </Entry>
        </Unknown>
        <Dialogs>
          <Dialog>○○○○○○○○</Dialog>
          <Dialog>By the way...</Dialog>
          <Dialog>小早川</Dialog>
          <Dialog>Hmm？</Dialog>
          <Dialog>▲小早川＊▲.
When do you feel jealous？</Dialog>
          <Dialog>Did we talk about this
before？</Dialog>
          <Dialog>Yeah, I guess we did.</Dialog>
          <Dialog>I might be very jealous, but I
don't know about that.</Dialog>
          <Dialog>I know that I usually don't
have confidence in myself.
That's why you should make me
feel more confident...</Dialog>
          <Dialog>What should I do then...？</Dialog>
          <Dialog>For that... You already knew
it.</Dialog>
          <Dialog>(▲小早川＊▲...)</Dialog>
        </Dialogs>
      </SDL2>
    </Entry>
    <Entry Unknown0="305752840" Unknown1="761591575">
      <SDL2 Key="528087551">
        <Unknown>
          <Entry>
            <Values />
            <Value0>147456</Value0>
            <Value1>65536</Value1>
          </Entry>
          <Entry>
            <Values>
              <Entry>
                <Value0>36025</Value0>
                <Value1>0</Value1>
              </Entry>
            </Values>
            <Value0>147458</Value0>
            <Value1>196608</Value1>
          </Entry>
          <Entry>
            <Values />
            <Value0>147456</Value0>
            <Value1>262144</Value1>
          </Entry>
          <Entry>
            <Values>
              <Entry>
                <Value0>36998</Value0>
                <Value1>0</Value1>
              </Entry>
              <Entry>
                <Value0>36999</Value0>
                <Value1>500</Value1>
              </Entry>
            </Values>
            <Value0>147458</Value0>
            <Value1>327680</Value1>
          </Entry>
          <Entry>
            <Values />
            <Value0>147456</Value0>
            <Value1>393216</Value1>
          </Entry>
          <Entry>
            <Values>
              <Entry>
                <Value0>37000</Value0>
                <Value1>0</Value1>
              </Entry>
            </Values>
            <Value0>147458</Value0>
            <Value1>458752</Value1>
          </Entry>
          <Entry>
            <Values />
            <Value0>147456</Value0>
            <Value1>524288</Value1>
          </Entry>
          <Entry>
            <Values>
              <Entry>
                <Value0>37001</Value0>
                <Value1>0</Value1>
              </Entry>
            </Values>
            <Value0>147458</Value0>
            <Value1>589824</Value1>
          </Entry>
          <Entry>
            <Values />
            <Value0>147456</Value0>
            <Value1>655360</Value1>
          </Entry>
          <Entry>
            <Values>
              <Entry>
                <Value0>37002</Value0>
                <Value1>0</Value1>
              </Entry>
            </Values>
            <Value0>147458</Value0>
            <Value1>720896</Value1>
          </Entry>
          <Entry>
            <Values />
            <Value0>147456</Value0>
            <Value1>786432</Value1>
          </Entry>
        </Unknown>
        <Dialogs>
          <Dialog>○○○○○○○○</Dialog>
          <Dialog>By the way...</Dialog>
          <Dialog>小早川</Dialog>
          <Dialog>Hmm？</Dialog>
          <Dialog>▲小早川＊▲.
Do you think you're the
jealous type？</Dialog>
          <Dialog>Again... Let me tell you. I'll
never get jealous. Never
ever！</Dialog>
          <Dialog>Then what if I fall in love
with another girl？</Dialog>
          <Dialog>...Eh？ You're kidding,
right？</Dialog>
          <Dialog>Eh！？ No, it was just for an
example！</Dialog>
          <Dialog>Even if it's just an example,
you're so cruel to say
something like that...</Dialog>
          <Dialog>Right. I'm really sorry...</Dialog>
          <Dialog>As a punishment, one month
from now, you're prohibited to
talk with any girl except
Rinko.</Dialog>
          <Dialog>(This is what's called
jealousy, right？)</Dialog>
        </Dialogs>
      </SDL2>
    </Entry>
    <Entry Unknown0="4012027859" Unknown1="346145280">
      <SDL2 Key="528087551">
        <Unknown>
          <Entry>
            <Values />
            <Value0>147456</Value0>
            <Value1>65536</Value1>
          </Entry>
          <Entry>
            <Values>
              <Entry>
                <Value0>36025</Value0>
                <Value1>0</Value1>
              </Entry>
            </Values>
            <Value0>147458</Value0>
            <Value1>196608</Value1>
          </Entry>
          <Entry>
            <Values />
            <Value0>147456</Value0>
            <Value1>262144</Value1>
          </Entry>
          <Entry>
            <Values>
              <Entry>
                <Value0>37003</Value0>
                <Value1>0</Value1>
              </Entry>
            </Values>
            <Value0>147458</Value0>
            <Value1>327680</Value1>
          </Entry>
          <Entry>
            <Values />
            <Value0>147456</Value0>
            <Value1>393216</Value1>
          </Entry>
          <Entry>
            <Values>
              <Entry>
                <Value0>37004</Value0>
                <Value1>0</Value1>
              </Entry>
              <Entry>
                <Value0>37005</Value0>
                <Value1>500</Value1>
              </Entry>
            </Values>
            <Value0>147458</Value0>
            <Value1>458752</Value1>
          </Entry>
          <Entry>
            <Values />
            <Value0>147456</Value0>
            <Value1>524288</Value1>
          </Entry>
          <Entry>
            <Values>
              <Entry>
                <Value0>37006</Value0>
                <Value1>0</Value1>
              </Entry>
            </Values>
            <Value0>147458</Value0>
            <Value1>589824</Value1>
          </Entry>
          <Entry>
            <Values />
            <Value0>147456</Value0>
            <Value1>655360</Value1>
          </Entry>
          <Entry>
            <Values>
              <Entry>
                <Value0>37007</Value0>
                <Value1>0</Value1>
              </Entry>
            </Values>
            <Value0>147458</Value0>
            <Value1>720896</Value1>
          </Entry>
          <Entry>
            <Values />
            <Value0>147456</Value0>
            <Value1>786432</Value1>
          </Entry>
        </Unknown>
        <Dialogs>
          <Dialog>○○○○○○○○</Dialog>
          <Dialog>By the way...</Dialog>
          <Dialog>小早川</Dialog>
          <Dialog>Hmm？</Dialog>
          <Dialog>▲小早川＊▲.
Do you think you're the
jealous type？</Dialog>
          <Dialog>We talked about this before,
right？</Dialog>
          <Dialog>Yeah, I think we did.</Dialog>
          <Dialog>Actually, there are times that
I can't take it. I'm not very
confident in myself, you know.</Dialog>
          <Dialog>You're not confident...</Dialog>
          <Dialog>So, when Rinko feels insecure,
you should come to Rinko...</Dialog>
          <Dialog>▲小早川＊▲...</Dialog>
          <Dialog>And say that you love Rinko.</Dialog>
          <Dialog>(That's it...？ Well, I'll
have to take this seriously.)</Dialog>
        </Dialogs>
      </SDL2>
    </Entry>
    <Entry Unknown0="3328074428" Unknown1="1265412924">
      <SDL2 Key="3376123094">
        <Unknown>
          <Entry>
            <Values />
            <Value0>147456</Value0>
            <Value1>65536</Value1>
          </Entry>
          <Entry>
            <Values>
              <Entry>
                <Value0>36025</Value0>
                <Value1>0</Value1>
              </Entry>
            </Values>
            <Value0>147458</Value0>
            <Value1>196608</Value1>
          </Entry>
          <Entry>
            <Values />
            <Value0>147456</Value0>
            <Value1>262144</Value1>
          </Entry>
          <Entry>
            <Values>
              <Entry>
                <Value0>37008</Value0>
                <Value1>0</Value1>
              </Entry>
            </Values>
            <Value0>147458</Value0>
            <Value1>327680</Value1>
          </Entry>
          <Entry>
            <Values />
            <Value0>147456</Value0>
            <Value1>393216</Value1>
          </Entry>
          <Entry>
            <Values>
              <Entry>
                <Value0>37009</Value0>
                <Value1>0</Value1>
              </Entry>
            </Values>
            <Value0>147458</Value0>
            <Value1>458752</Value1>
          </Entry>
          <Entry>
            <Values />
            <Value0>147456</Value0>
            <Value1>524288</Value1>
          </Entry>
          <Entry>
            <Values>
              <Entry>
                <Value0>37010</Value0>
                <Value1>0</Value1>
              </Entry>
              <Entry>
                <Value0>37011</Value0>
                <Value1>500</Value1>
              </Entry>
            </Values>
            <Value0>147458</Value0>
            <Value1>589824</Value1>
          </Entry>
          <Entry>
            <Values />
            <Value0>147456</Value0>
            <Value1>655360</Value1>
          </Entry>
          <Entry>
            <Values>
              <Entry>
                <Value0>37012</Value0>
                <Value1>0</Value1>
              </Entry>
            </Values>
            <Value0>147458</Value0>
            <Value1>720896</Value1>
          </Entry>
          <Entry>
            <Values />
            <Value0>147456</Value0>
            <Value1>786432</Value1>
          </Entry>
        </Unknown>
        <Dialogs>
          <Dialog>○○○○○○○○</Dialog>
          <Dialog>By the way...</Dialog>
          <Dialog>小早川</Dialog>
          <Dialog>Hmm？</Dialog>
          <Dialog>What do you think about
skinship？</Dialog>
          <Dialog>......</Dialog>
          <Dialog>Hey,
▲小早川＊▲~.</Dialog>
          <Dialog>...You suck at it.</Dialog>
          <Dialog>R-Really！？ ...Sorry.</Dialog>
          <Dialog>Can't you do it in a smarter
way？ Rinko is a girl, after
all.</Dialog>
          <Dialog>Got it. I'll hone my skills.</Dialog>
          <Dialog>That sounds kind of perverted.</Dialog>
          <Dialog>(What do you want me to do
then...？)</Dialog>
        </Dialogs>
      </SDL2>
    </Entry>
    <Entry Unknown0="36273144" Unknown1="508880647">
      <SDL2 Key="3376123094">
        <Unknown>
          <Entry>
            <Values />
            <Value0>147456</Value0>
            <Value1>65536</Value1>
          </Entry>
          <Entry>
            <Values>
              <Entry>
                <Value0>36025</Value0>
                <Value1>0</Value1>
              </Entry>
            </Values>
            <Value0>147458</Value0>
            <Value1>196608</Value1>
          </Entry>
          <Entry>
            <Values />
            <Value0>147456</Value0>
            <Value1>262144</Value1>
          </Entry>
          <Entry>
            <Values />
            <Value0>147458</Value0>
            <Value1>327680</Value1>
          </Entry>
          <Entry>
            <Values />
            <Value0>147456</Value0>
            <Value1>393216</Value1>
          </Entry>
          <Entry>
            <Values>
              <Entry>
                <Value0>37014</Value0>
                <Value1>0</Value1>
              </Entry>
            </Values>
            <Value0>147458</Value0>
            <Value1>458752</Value1>
          </Entry>
          <Entry>
            <Values />
            <Value0>147456</Value0>
            <Value1>524288</Value1>
          </Entry>
          <Entry>
            <Values>
              <Entry>
                <Value0>37015</Value0>
                <Value1>0</Value1>
              </Entry>
            </Values>
            <Value0>147458</Value0>
            <Value1>589824</Value1>
          </Entry>
          <Entry>
            <Values />
            <Value0>147456</Value0>
            <Value1>655360</Value1>
          </Entry>
          <Entry>
            <Values>
              <Entry>
                <Value0>37016</Value0>
                <Value1>0</Value1>
              </Entry>
            </Values>
            <Value0>147458</Value0>
            <Value1>720896</Value1>
          </Entry>
          <Entry>
            <Values />
            <Value0>147456</Value0>
            <Value1>786432</Value1>
          </Entry>
          <Entry>
            <Values />
            <Value0>147456</Value0>
            <Value1>851968</Value1>
          </Entry>
        </Unknown>
        <Dialogs>
          <Dialog>○○○○○○○○</Dialog>
          <Dialog>By the way...</Dialog>
          <Dialog>小早川</Dialog>
          <Dialog>Hmm？</Dialog>
          <Dialog>What do you think about
skinship？</Dialog>
          <Dialog>！！</Dialog>
          <Dialog>Ah, um...
▲小早川＊▲？</Dialog>
          <Dialog>You seem to think about
something perverted.</Dialog>
          <Dialog>Eh！？ No, I don't！</Dialog>
          <Dialog>You are！ Yes, you absolutely
are！</Dialog>
          <Dialog>Okay. So, from now on, I'll
refrain from touching you...</Dialog>
          <Dialog>So, you're not gonna touch
me！？ You idiot！</Dialog>
          <Dialog>Ouch！</Dialog>
          <Dialog>(What do you want me to do
then...？)</Dialog>
        </Dialogs>
      </SDL2>
    </Entry>
    <Entry Unknown0="3742547907" Unknown1="126989040">
      <SDL2 Key="3376123094">
        <Unknown>
          <Entry>
            <Values />
            <Value0>147456</Value0>
            <Value1>65536</Value1>
          </Entry>
          <Entry>
            <Values>
              <Entry>
                <Value0>36025</Value0>
                <Value1>0</Value1>
              </Entry>
            </Values>
            <Value0>147458</Value0>
            <Value1>196608</Value1>
          </Entry>
          <Entry>
            <Values />
            <Value0>147456</Value0>
            <Value1>262144</Value1>
          </Entry>
          <Entry>
            <Values>
              <Entry>
                <Value0>37017</Value0>
                <Value1>0</Value1>
              </Entry>
            </Values>
            <Value0>147458</Value0>
            <Value1>327680</Value1>
          </Entry>
          <Entry>
            <Values />
            <Value0>147456</Value0>
            <Value1>393216</Value1>
          </Entry>
          <Entry>
            <Values>
              <Entry>
                <Value0>37018</Value0>
                <Value1>0</Value1>
              </Entry>
              <Entry>
                <Value0>37019</Value0>
                <Value1>500</Value1>
              </Entry>
            </Values>
            <Value0>147458</Value0>
            <Value1>458752</Value1>
          </Entry>
          <Entry>
            <Values />
            <Value0>147456</Value0>
            <Value1>524288</Value1>
          </Entry>
          <Entry>
            <Values>
              <Entry>
                <Value0>37020</Value0>
                <Value1>0</Value1>
              </Entry>
            </Values>
            <Value0>147458</Value0>
            <Value1>589824</Value1>
          </Entry>
          <Entry>
            <Values />
            <Value0>147456</Value0>
            <Value1>655360</Value1>
          </Entry>
        </Unknown>
        <Dialogs>
          <Dialog>○○○○○○○○</Dialog>
          <Dialog>By the way...</Dialog>
          <Dialog>小早川</Dialog>
          <Dialog>Hmm？</Dialog>
          <Dialog>What do you think about
skinship？</Dialog>
          <Dialog>...Eh？</Dialog>
          <Dialog>No. I mean... I'm afraid that
you might hate it.</Dialog>
          <Dialog>I don't hate it. I'm happy
about it, but...</Dialog>
          <Dialog>...But？</Dialog>
          <Dialog>You're still not very good at
it.</Dialog>
          <Dialog>(Really！？ Sorry...)</Dialog>
        </Dialogs>
      </SDL2>
    </Entry>
    <Entry Unknown0="3058594476" Unknown1="995728172">
      <SDL2 Key="3917194033">
        <Unknown>
          <Entry>
            <Values />
            <Value0>147456</Value0>
            <Value1>65536</Value1>
          </Entry>
          <Entry>
            <Values>
              <Entry>
                <Value0>36025</Value0>
                <Value1>0</Value1>
              </Entry>
            </Values>
            <Value0>147458</Value0>
            <Value1>196608</Value1>
          </Entry>
          <Entry>
            <Values />
            <Value0>147456</Value0>
            <Value1>262144</Value1>
          </Entry>
          <Entry>
            <Values>
              <Entry>
                <Value0>37021</Value0>
                <Value1>0</Value1>
              </Entry>
            </Values>
            <Value0>147458</Value0>
            <Value1>327680</Value1>
          </Entry>
          <Entry>
            <Values />
            <Value0>147456</Value0>
            <Value1>393216</Value1>
          </Entry>
          <Entry>
            <Values>
              <Entry>
                <Value0>37022</Value0>
                <Value1>0</Value1>
              </Entry>
              <Entry>
                <Value0>37023</Value0>
                <Value1>500</Value1>
              </Entry>
            </Values>
            <Value0>147458</Value0>
            <Value1>458752</Value1>
          </Entry>
          <Entry>
            <Values />
            <Value0>147456</Value0>
            <Value1>524288</Value1>
          </Entry>
          <Entry>
            <Values>
              <Entry>
                <Value0>37024</Value0>
                <Value1>0</Value1>
              </Entry>
            </Values>
            <Value0>147458</Value0>
            <Value1>589824</Value1>
          </Entry>
          <Entry>
            <Values />
            <Value0>147456</Value0>
            <Value1>655360</Value1>
          </Entry>
          <Entry>
            <Values>
              <Entry>
                <Value0>37025</Value0>
                <Value1>0</Value1>
              </Entry>
            </Values>
            <Value0>147458</Value0>
            <Value1>720896</Value1>
          </Entry>
          <Entry>
            <Values />
            <Value0>147456</Value0>
            <Value1>786432</Value1>
          </Entry>
        </Unknown>
        <Dialogs>
          <Dialog>○○○○○○○○</Dialog>
          <Dialog>By the way...</Dialog>
          <Dialog>小早川</Dialog>
          <Dialog>Hmm？</Dialog>
          <Dialog>What do you think about
skinship？ Like, when lovers
touch each other and stuff...</Dialog>
          <Dialog>Pervert...</Dialog>
          <Dialog>No！ I didn't mean it in a
perverted way. It's natural
for people who are dating,
right？</Dialog>
          <Dialog>Well, lovers can do what they
want. If the other party
doesn't object.</Dialog>
          <Dialog>I see. Then... How about you,
▲小早川＊▲？</Dialog>
          <Dialog>Head butting, punching,
kicking...</Dialog>
          <Dialog>Which means...</Dialog>
          <Dialog>Rinko's boyfriend will have to
be able to withstand something
like that.</Dialog>
          <Dialog>I-I see...</Dialog>
        </Dialogs>
      </SDL2>
    </Entry>
    <Entry Unknown0="4061744104" Unknown1="256366583">
      <SDL2 Key="3917194033">
        <Unknown>
          <Entry>
            <Values />
            <Value0>147456</Value0>
            <Value1>65536</Value1>
          </Entry>
          <Entry>
            <Values>
              <Entry>
                <Value0>36025</Value0>
                <Value1>0</Value1>
              </Entry>
            </Values>
            <Value0>147458</Value0>
            <Value1>196608</Value1>
          </Entry>
          <Entry>
            <Values />
            <Value0>147456</Value0>
            <Value1>262144</Value1>
          </Entry>
          <Entry>
            <Values>
              <Entry>
                <Value0>37026</Value0>
                <Value1>0</Value1>
              </Entry>
            </Values>
            <Value0>147458</Value0>
            <Value1>327680</Value1>
          </Entry>
          <Entry>
            <Values />
            <Value0>147456</Value0>
            <Value1>393216</Value1>
          </Entry>
          <Entry>
            <Values>
              <Entry>
                <Value0>37027</Value0>
                <Value1>0</Value1>
              </Entry>
            </Values>
            <Value0>147458</Value0>
            <Value1>458752</Value1>
          </Entry>
          <Entry>
            <Values />
            <Value0>147456</Value0>
            <Value1>524288</Value1>
          </Entry>
          <Entry>
            <Values>
              <Entry>
                <Value0>37028</Value0>
                <Value1>0</Value1>
              </Entry>
              <Entry>
                <Value0>37029</Value0>
                <Value1>500</Value1>
              </Entry>
              <Entry>
                <Value0>37030</Value0>
                <Value1>500</Value1>
              </Entry>
            </Values>
            <Value0>147458</Value0>
            <Value1>589824</Value1>
          </Entry>
          <Entry>
            <Values />
            <Value0>147456</Value0>
            <Value1>655360</Value1>
          </Entry>
          <Entry>
            <Values>
              <Entry>
                <Value0>37031</Value0>
                <Value1>0</Value1>
              </Entry>
            </Values>
            <Value0>147458</Value0>
            <Value1>720896</Value1>
          </Entry>
          <Entry>
            <Values />
            <Value0>147456</Value0>
            <Value1>786432</Value1>
          </Entry>
        </Unknown>
        <Dialogs>
          <Dialog>○○○○○○○○</Dialog>
          <Dialog>By the way...</Dialog>
          <Dialog>小早川</Dialog>
          <Dialog>Hmm？</Dialog>
          <Dialog>What do you think about
skinship？</Dialog>
          <Dialog>......</Dialog>
          <Dialog>Hey,
▲小早川＊▲~.</Dialog>
          <Dialog>You really suck at it...</Dialog>
          <Dialog>R-Really...？ Then you must
hate it, right？</Dialog>
          <Dialog>I didn't say I hate it.
Actually, I'm happy about it,
but...</Dialog>
          <Dialog>？</Dialog>
          <Dialog>Just don't stare at me with
those sparkling eyes！</Dialog>
          <Dialog>(I'll be careful... But,
hooray！)</Dialog>
        </Dialogs>
      </SDL2>
    </Entry>
    <Entry Unknown0="3473051571" Unknown1="4135625440">
      <SDL2 Key="3917194033">
        <Unknown>
          <Entry>
            <Values />
            <Value0>147456</Value0>
            <Value1>65536</Value1>
          </Entry>
          <Entry>
            <Values>
              <Entry>
                <Value0>36025</Value0>
                <Value1>0</Value1>
              </Entry>
            </Values>
            <Value0>147458</Value0>
            <Value1>196608</Value1>
          </Entry>
          <Entry>
            <Values />
            <Value0>147456</Value0>
            <Value1>262144</Value1>
          </Entry>
          <Entry>
            <Values />
            <Value0>147458</Value0>
            <Value1>327680</Value1>
          </Entry>
          <Entry>
            <Values />
            <Value0>147456</Value0>
            <Value1>393216</Value1>
          </Entry>
          <Entry>
            <Values>
              <Entry>
                <Value0>37033</Value0>
                <Value1>0</Value1>
              </Entry>
            </Values>
            <Value0>147458</Value0>
            <Value1>458752</Value1>
          </Entry>
          <Entry>
            <Values />
            <Value0>147456</Value0>
            <Value1>524288</Value1>
          </Entry>
          <Entry>
            <Values>
              <Entry>
                <Value0>37034</Value0>
                <Value1>0</Value1>
              </Entry>
              <Entry>
                <Value0>37035</Value0>
                <Value1>500</Value1>
              </Entry>
              <Entry>
                <Value0>37036</Value0>
                <Value1>500</Value1>
              </Entry>
            </Values>
            <Value0>147458</Value0>
            <Value1>589824</Value1>
          </Entry>
          <Entry>
            <Values />
            <Value0>147456</Value0>
            <Value1>655360</Value1>
          </Entry>
          <Entry>
            <Values>
              <Entry>
                <Value0>37037</Value0>
                <Value1>0</Value1>
              </Entry>
              <Entry>
                <Value0>37038</Value0>
                <Value1>500</Value1>
              </Entry>
            </Values>
            <Value0>147458</Value0>
            <Value1>720896</Value1>
          </Entry>
          <Entry>
            <Values />
            <Value0>147456</Value0>
            <Value1>786432</Value1>
          </Entry>
        </Unknown>
        <Dialogs>
          <Dialog>○○○○○○○○</Dialog>
          <Dialog>By the way...</Dialog>
          <Dialog>小早川</Dialog>
          <Dialog>Hmm？</Dialog>
          <Dialog>What do you think about
skinship？ Like, when lovers
touch each other and stuff...</Dialog>
          <Dialog>！！</Dialog>
          <Dialog>Ah, um...
▲小早川＊▲？</Dialog>
          <Dialog>I think it's perverted.</Dialog>
          <Dialog>R-Really...？</Dialog>
          <Dialog>But I can handle it better
than before. If it's not too
extreme, I can allow that.</Dialog>
          <Dialog>▲小早川＊▲...</Dialog>
          <Dialog>If I don't like it, I'll let
you know... with a kick.</Dialog>
          <Dialog>(Oh, okay. But, hooray！)</Dialog>
        </Dialogs>
      </SDL2>
    </Entry>
    <Entry Unknown0="2789098140" Unknown1="709790492">
      <SDL2 Key="699062684">
        <Unknown>
          <Entry>
            <Values />
            <Value0>147456</Value0>
            <Value1>65536</Value1>
          </Entry>
          <Entry>
            <Values>
              <Entry>
                <Value0>36025</Value0>
                <Value1>0</Value1>
              </Entry>
            </Values>
            <Value0>147458</Value0>
            <Value1>196608</Value1>
          </Entry>
          <Entry>
            <Values />
            <Value0>147456</Value0>
            <Value1>262144</Value1>
          </Entry>
          <Entry>
            <Values>
              <Entry>
                <Value0>37039</Value0>
                <Value1>0</Value1>
              </Entry>
            </Values>
            <Value0>147458</Value0>
            <Value1>327680</Value1>
          </Entry>
          <Entry>
            <Values />
            <Value0>147456</Value0>
            <Value1>393216</Value1>
          </Entry>
          <Entry>
            <Values>
              <Entry>
                <Value0>37040</Value0>
                <Value1>0</Value1>
              </Entry>
              <Entry>
                <Value0>37041</Value0>
                <Value1>500</Value1>
              </Entry>
            </Values>
            <Value0>147458</Value0>
            <Value1>458752</Value1>
          </Entry>
          <Entry>
            <Values />
            <Value0>147456</Value0>
            <Value1>524288</Value1>
          </Entry>
          <Entry>
            <Values>
              <Entry>
                <Value0>37042</Value0>
                <Value1>0</Value1>
              </Entry>
            </Values>
            <Value0>147458</Value0>
            <Value1>589824</Value1>
          </Entry>
          <Entry>
            <Values />
            <Value0>147456</Value0>
            <Value1>655360</Value1>
          </Entry>
        </Unknown>
        <Dialogs>
          <Dialog>○○○○○○○○</Dialog>
          <Dialog>By the way...</Dialog>
          <Dialog>小早川</Dialog>
          <Dialog>Hmm？</Dialog>
          <Dialog>What do you think about
skinship？</Dialog>
          <Dialog>Hmm...</Dialog>
          <Dialog>Well... I'm afraid that you
might hate it.</Dialog>
          <Dialog>No, I think you've tuned
yourself to my pace. I'm happy
about it.</Dialog>
          <Dialog>Really！？ Then I'll keep
honing my skills！</Dialog>
          <Dialog>Somehow, you eyes are so
sparkling, huh？</Dialog>
          <Dialog>(I'll be careful... But,
hooray！)</Dialog>
        </Dialogs>
      </SDL2>
    </Entry>
  </Entries>
</DBIN2>