<?xml version="1.0" encoding="utf-8"?>
<DBIN2 xmlns:xsi="http://www.w3.org/2001/XMLSchema-instance" xmlns:xsd="http://www.w3.org/2001/XMLSchema" Key="1568794657" Unknown="24">
  <Entries>
    <Entry Unknown0="2991738902" Unknown1="2947379980">
      <SDL2 Key="3585637715">
        <Unknown>
          <Entry>
            <Values>
              <Entry>
                <Value0>37464</Value0>
                <Value1>0</Value1>
              </Entry>
            </Values>
            <Value0>147456</Value0>
            <Value1>65536</Value1>
          </Entry>
          <Entry>
            <Values />
            <Value0>147458</Value0>
            <Value1>196608</Value1>
          </Entry>
          <Entry>
            <Values>
              <Entry>
                <Value0>37465</Value0>
                <Value1>0</Value1>
              </Entry>
            </Values>
            <Value0>147456</Value0>
            <Value1>262144</Value1>
          </Entry>
          <Entry>
            <Values />
            <Value0>147458</Value0>
            <Value1>327680</Value1>
          </Entry>
          <Entry>
            <Values />
            <Value0>147458</Value0>
            <Value1>393216</Value1>
          </Entry>
          <Entry>
            <Values>
              <Entry>
                <Value0>37466</Value0>
                <Value1>0</Value1>
              </Entry>
            </Values>
            <Value0>147456</Value0>
            <Value1>458752</Value1>
          </Entry>
          <Entry>
            <Values />
            <Value0>147458</Value0>
            <Value1>524288</Value1>
          </Entry>
          <Entry>
            <Values>
              <Entry>
                <Value0>37467</Value0>
                <Value1>0</Value1>
              </Entry>
            </Values>
            <Value0>147456</Value0>
            <Value1>589824</Value1>
          </Entry>
          <Entry>
            <Values />
            <Value0>147458</Value0>
            <Value1>655360</Value1>
          </Entry>
          <Entry>
            <Values>
              <Entry>
                <Value0>37468</Value0>
                <Value1>0</Value1>
              </Entry>
            </Values>
            <Value0>147456</Value0>
            <Value1>720896</Value1>
          </Entry>
          <Entry>
            <Values />
            <Value0>147458</Value0>
            <Value1>786432</Value1>
          </Entry>
          <Entry>
            <Values>
              <Entry>
                <Value0>37469</Value0>
                <Value1>0</Value1>
              </Entry>
            </Values>
            <Value0>147456</Value0>
            <Value1>851968</Value1>
          </Entry>
        </Unknown>
        <Dialogs>
          <Dialog>小早川</Dialog>
          <Dialog>...Rise and shine.</Dialog>
          <Dialog>○○○○○○○○</Dialog>
          <Dialog>Hmm... Gimme 5 more hours...</Dialog>
          <Dialog>Hah. I took the trouble to
come here and wake you up.
Come on, snap out of it！</Dialog>
          <Dialog>Hmm...？</Dialog>
          <Dialog>Huh？
▲小早川＊▲！
Why are you here？</Dialog>
          <Dialog>You said you could barely wake
up in the morning, so I'm here
to help.</Dialog>
          <Dialog>I did？</Dialog>
          <Dialog>Geez... I've come really far
just for you, and now you're
giving me that attitude.</Dialog>
          <Dialog>Sorry, sorry.</Dialog>
          <Dialog>If you don't hurry, we're
going to be late.</Dialog>
          <Dialog>Oh, right.</Dialog>
          <Dialog>I can't be here every morning
to wake you up, you know？</Dialog>
        </Dialogs>
      </SDL2>
    </Entry>
    <Entry Unknown0="673249408" Unknown1="2101796314">
      <SDL2 Key="2643058985">
        <Unknown>
          <Entry>
            <Values>
              <Entry>
                <Value0>37470</Value0>
                <Value1>0</Value1>
              </Entry>
            </Values>
            <Value0>147456</Value0>
            <Value1>65536</Value1>
          </Entry>
          <Entry>
            <Values />
            <Value0>147458</Value0>
            <Value1>196608</Value1>
          </Entry>
          <Entry>
            <Values>
              <Entry>
                <Value0>37471</Value0>
                <Value1>0</Value1>
              </Entry>
            </Values>
            <Value0>147456</Value0>
            <Value1>262144</Value1>
          </Entry>
          <Entry>
            <Values />
            <Value0>147458</Value0>
            <Value1>327680</Value1>
          </Entry>
          <Entry>
            <Values />
            <Value0>147458</Value0>
            <Value1>393216</Value1>
          </Entry>
          <Entry>
            <Values>
              <Entry>
                <Value0>37472</Value0>
                <Value1>0</Value1>
              </Entry>
            </Values>
            <Value0>147456</Value0>
            <Value1>458752</Value1>
          </Entry>
          <Entry>
            <Values />
            <Value0>147458</Value0>
            <Value1>524288</Value1>
          </Entry>
          <Entry>
            <Values>
              <Entry>
                <Value0>37473</Value0>
                <Value1>0</Value1>
              </Entry>
            </Values>
            <Value0>147456</Value0>
            <Value1>589824</Value1>
          </Entry>
          <Entry>
            <Values />
            <Value0>147458</Value0>
            <Value1>655360</Value1>
          </Entry>
          <Entry>
            <Values>
              <Entry>
                <Value0>37474</Value0>
                <Value1>0</Value1>
              </Entry>
            </Values>
            <Value0>147456</Value0>
            <Value1>720896</Value1>
          </Entry>
          <Entry>
            <Values />
            <Value0>147458</Value0>
            <Value1>786432</Value1>
          </Entry>
          <Entry>
            <Values>
              <Entry>
                <Value0>37475</Value0>
                <Value1>0</Value1>
              </Entry>
            </Values>
            <Value0>147456</Value0>
            <Value1>851968</Value1>
          </Entry>
          <Entry>
            <Values />
            <Value0>147458</Value0>
            <Value1>917504</Value1>
          </Entry>
          <Entry>
            <Values>
              <Entry>
                <Value0>37476</Value0>
                <Value1>0</Value1>
              </Entry>
            </Values>
            <Value0>147456</Value0>
            <Value1>983040</Value1>
          </Entry>
          <Entry>
            <Values />
            <Value0>147458</Value0>
            <Value1>1048576</Value1>
          </Entry>
        </Unknown>
        <Dialogs>
          <Dialog>小早川</Dialog>
          <Dialog>I said wake up.</Dialog>
          <Dialog>○○○○○○○○</Dialog>
          <Dialog>Just a little. Just a little
more...</Dialog>
          <Dialog>Come on！</Dialog>
          <Dialog>Hmm...？</Dialog>
          <Dialog>▲小早川＊▲！？
Eh？ Why are you...？</Dialog>
          <Dialog>Are you going to sleep in
again？ I told you I'd be
coming to wake you up, right？</Dialog>
          <Dialog>I... did？</Dialog>
          <Dialog>Have you forgotten already？
Whatever, just do as you like
then.</Dialog>
          <Dialog>Sorry, sorry... But... having
▲小早川＊▲
come wake me up...</Dialog>
          <Dialog>Come again？</Dialog>
          <Dialog>It feels like we're a married
couple, eh？</Dialog>
          <Dialog>Don't get over your head！ Get
back to sleep！</Dialog>
          <Dialog>Ouch.</Dialog>
          <Dialog>Come on, snap out of it！</Dialog>
          <Dialog>(Make up you mind...)</Dialog>
        </Dialogs>
      </SDL2>
    </Entry>
    <Entry Unknown0="4206382670" Unknown1="363703154">
      <SDL2 Key="2643058985">
        <Unknown>
          <Entry>
            <Values>
              <Entry>
                <Value0>37477</Value0>
                <Value1>0</Value1>
              </Entry>
            </Values>
            <Value0>147456</Value0>
            <Value1>65536</Value1>
          </Entry>
          <Entry>
            <Values />
            <Value0>147458</Value0>
            <Value1>196608</Value1>
          </Entry>
          <Entry>
            <Values>
              <Entry>
                <Value0>37478</Value0>
                <Value1>0</Value1>
              </Entry>
            </Values>
            <Value0>147456</Value0>
            <Value1>262144</Value1>
          </Entry>
          <Entry>
            <Values />
            <Value0>147458</Value0>
            <Value1>327680</Value1>
          </Entry>
          <Entry>
            <Values>
              <Entry>
                <Value0>37479</Value0>
                <Value1>0</Value1>
              </Entry>
            </Values>
            <Value0>147456</Value0>
            <Value1>393216</Value1>
          </Entry>
          <Entry>
            <Values />
            <Value0>147458</Value0>
            <Value1>458752</Value1>
          </Entry>
          <Entry>
            <Values>
              <Entry>
                <Value0>37480</Value0>
                <Value1>0</Value1>
              </Entry>
            </Values>
            <Value0>147456</Value0>
            <Value1>524288</Value1>
          </Entry>
          <Entry>
            <Values />
            <Value0>147458</Value0>
            <Value1>589824</Value1>
          </Entry>
          <Entry>
            <Values>
              <Entry>
                <Value0>37481</Value0>
                <Value1>0</Value1>
              </Entry>
            </Values>
            <Value0>147456</Value0>
            <Value1>655360</Value1>
          </Entry>
          <Entry>
            <Values />
            <Value0>147458</Value0>
            <Value1>720896</Value1>
          </Entry>
          <Entry>
            <Values>
              <Entry>
                <Value0>37482</Value0>
                <Value1>0</Value1>
              </Entry>
            </Values>
            <Value0>147456</Value0>
            <Value1>786432</Value1>
          </Entry>
          <Entry>
            <Values />
            <Value0>147458</Value0>
            <Value1>851968</Value1>
          </Entry>
          <Entry>
            <Values>
              <Entry>
                <Value0>37483</Value0>
                <Value1>0</Value1>
              </Entry>
            </Values>
            <Value0>147456</Value0>
            <Value1>917504</Value1>
          </Entry>
        </Unknown>
        <Dialogs>
          <Dialog>小早川</Dialog>
          <Dialog>Come on... Wake up... Just
wake up...</Dialog>
          <Dialog>○○○○○○○○</Dialog>
          <Dialog>Umm... Just a little bit. Just
a little bit more...</Dialog>
          <Dialog>Geez... If you're going to be
like this, we'll be late, you
know？</Dialog>
          <Dialog>Eh...？</Dialog>
          <Dialog>Ah, you woke up.</Dialog>
          <Dialog>▲小早川＊▲？
Why are you here？</Dialog>
          <Dialog>I told you that I'd wake you
up in the morning, right？</Dialog>
          <Dialog>Ah, that's... right.</Dialog>
          <Dialog>I've promised you... Have you
forgotten？</Dialog>
          <Dialog>Sorry, sorry.</Dialog>
          <Dialog>You're really bad at waking
up, I guess. Was the good
morning kiss not enough for
you？</Dialog>
          <Dialog>K-Kiss！？ No way... You did？
When I was asleep？</Dialog>
          <Dialog>Kidding. I don't mind if you
want to. Hehe.</Dialog>
        </Dialogs>
      </SDL2>
    </Entry>
    <Entry Unknown0="2183266534" Unknown1="2122138588">
      <SDL2 Key="2643058985">
        <Unknown>
          <Entry>
            <Values>
              <Entry>
                <Value0>37484</Value0>
                <Value1>0</Value1>
              </Entry>
            </Values>
            <Value0>147456</Value0>
            <Value1>65536</Value1>
          </Entry>
          <Entry>
            <Values />
            <Value0>147458</Value0>
            <Value1>196608</Value1>
          </Entry>
          <Entry>
            <Values>
              <Entry>
                <Value0>37485</Value0>
                <Value1>0</Value1>
              </Entry>
            </Values>
            <Value0>147456</Value0>
            <Value1>262144</Value1>
          </Entry>
          <Entry>
            <Values />
            <Value0>147458</Value0>
            <Value1>327680</Value1>
          </Entry>
          <Entry>
            <Values>
              <Entry>
                <Value0>37486</Value0>
                <Value1>0</Value1>
              </Entry>
              <Entry>
                <Value0>37487</Value0>
                <Value1>800</Value1>
              </Entry>
            </Values>
            <Value0>147456</Value0>
            <Value1>393216</Value1>
          </Entry>
        </Unknown>
        <Dialogs>
          <Dialog>小早川</Dialog>
          <Dialog>Come on, wake up.</Dialog>
          <Dialog>○○○○○○○○</Dialog>
          <Dialog>Umm... Few more minutes...</Dialog>
          <Dialog>If you don't wake up soon,
Rinko will go ahead！！！？</Dialog>
          <Dialog>...Mmm.
▲小早川＊▲,
wait for me！</Dialog>
          <Dialog>Hmph. Rinko will wait forever
just for you, you know？ What
a lucky boyfriend.</Dialog>
        </Dialogs>
      </SDL2>
    </Entry>
    <Entry Unknown0="4176521296" Unknown1="1276554666">
      <SDL2 Key="2643058985">
        <Unknown>
          <Entry>
            <Values>
              <Entry>
                <Value0>37488</Value0>
                <Value1>0</Value1>
              </Entry>
            </Values>
            <Value0>147456</Value0>
            <Value1>65536</Value1>
          </Entry>
          <Entry>
            <Values />
            <Value0>147458</Value0>
            <Value1>196608</Value1>
          </Entry>
          <Entry>
            <Values>
              <Entry>
                <Value0>37489</Value0>
                <Value1>0</Value1>
              </Entry>
            </Values>
            <Value0>147456</Value0>
            <Value1>262144</Value1>
          </Entry>
          <Entry>
            <Values />
            <Value0>147458</Value0>
            <Value1>327680</Value1>
          </Entry>
          <Entry>
            <Values>
              <Entry>
                <Value0>37490</Value0>
                <Value1>0</Value1>
              </Entry>
            </Values>
            <Value0>147456</Value0>
            <Value1>393216</Value1>
          </Entry>
        </Unknown>
        <Dialogs>
          <Dialog>小早川</Dialog>
          <Dialog>...Come on, wake up. Wake up
or Rinko will go ahead.</Dialog>
          <Dialog>○○○○○○○○</Dialog>
          <Dialog>Mmm... Ah！
▲小早川＊▲...
Good morning.</Dialog>
          <Dialog>Rinko is not your mother！</Dialog>
          <Dialog>Right, sorry.</Dialog>
          <Dialog>Hey, hurry and get ready,
okay？</Dialog>
        </Dialogs>
      </SDL2>
    </Entry>
    <Entry Unknown0="3397926430" Unknown1="3833428802">
      <SDL2 Key="2643058985">
        <Unknown>
          <Entry>
            <Values>
              <Entry>
                <Value0>37491</Value0>
                <Value1>0</Value1>
              </Entry>
            </Values>
            <Value0>147456</Value0>
            <Value1>65536</Value1>
          </Entry>
          <Entry>
            <Values />
            <Value0>147458</Value0>
            <Value1>196608</Value1>
          </Entry>
          <Entry>
            <Values />
            <Value0>147458</Value0>
            <Value1>262144</Value1>
          </Entry>
          <Entry>
            <Values>
              <Entry>
                <Value0>37492</Value0>
                <Value1>0</Value1>
              </Entry>
            </Values>
            <Value0>147456</Value0>
            <Value1>327680</Value1>
          </Entry>
          <Entry>
            <Values />
            <Value0>147458</Value0>
            <Value1>393216</Value1>
          </Entry>
          <Entry>
            <Values>
              <Entry>
                <Value0>37493</Value0>
                <Value1>0</Value1>
              </Entry>
            </Values>
            <Value0>147456</Value0>
            <Value1>458752</Value1>
          </Entry>
        </Unknown>
        <Dialogs>
          <Dialog>小早川</Dialog>
          <Dialog>Good~ morning~♪</Dialog>
          <Dialog>○○○○○○○○</Dialog>
          <Dialog>Hmm？</Dialog>
          <Dialog>Whoa！ You surprised me！
▲小早川＊▲...</Dialog>
          <Dialog>So, are you wide awake now？</Dialog>
          <Dialog>Yeah, but you really surprised
me.</Dialog>
          <Dialog>Hehe, I never thought that
waking you up could be so much
fun.</Dialog>
        </Dialogs>
      </SDL2>
    </Entry>
    <Entry Unknown0="1391653046" Unknown1="2269975468">
      <SDL2 Key="3183028101">
        <Unknown>
          <Entry>
            <Values>
              <Entry>
                <Value0>37494</Value0>
                <Value1>0</Value1>
              </Entry>
            </Values>
            <Value0>147456</Value0>
            <Value1>65536</Value1>
          </Entry>
          <Entry>
            <Values />
            <Value0>147458</Value0>
            <Value1>196608</Value1>
          </Entry>
          <Entry>
            <Values>
              <Entry>
                <Value0>37495</Value0>
                <Value1>0</Value1>
              </Entry>
            </Values>
            <Value0>147456</Value0>
            <Value1>262144</Value1>
          </Entry>
          <Entry>
            <Values />
            <Value0>147458</Value0>
            <Value1>327680</Value1>
          </Entry>
          <Entry>
            <Values>
              <Entry>
                <Value0>37496</Value0>
                <Value1>0</Value1>
              </Entry>
            </Values>
            <Value0>147456</Value0>
            <Value1>393216</Value1>
          </Entry>
          <Entry>
            <Values />
            <Value0>147458</Value0>
            <Value1>458752</Value1>
          </Entry>
          <Entry>
            <Values>
              <Entry>
                <Value0>37497</Value0>
                <Value1>0</Value1>
              </Entry>
            </Values>
            <Value0>147456</Value0>
            <Value1>524288</Value1>
          </Entry>
          <Entry>
            <Values />
            <Value0>147458</Value0>
            <Value1>589824</Value1>
          </Entry>
          <Entry>
            <Values>
              <Entry>
                <Value0>37498</Value0>
                <Value1>0</Value1>
              </Entry>
            </Values>
            <Value0>147456</Value0>
            <Value1>655360</Value1>
          </Entry>
          <Entry>
            <Values />
            <Value0>147458</Value0>
            <Value1>720896</Value1>
          </Entry>
          <Entry>
            <Values>
              <Entry>
                <Value0>37499</Value0>
                <Value1>0</Value1>
              </Entry>
              <Entry>
                <Value0>37500</Value0>
                <Value1>800</Value1>
              </Entry>
            </Values>
            <Value0>147456</Value0>
            <Value1>786432</Value1>
          </Entry>
          <Entry>
            <Values />
            <Value0>147458</Value0>
            <Value1>851968</Value1>
          </Entry>
        </Unknown>
        <Dialogs>
          <Dialog>小早川</Dialog>
          <Dialog>Hey.</Dialog>
          <Dialog>○○○○○○○○</Dialog>
          <Dialog>What's the matter？</Dialog>
          <Dialog>I made lunch.</Dialog>
          <Dialog>Wow, that would be nice if
Iget the chance to eat
▲小早川＊▲'s
cooking.</Dialog>
          <Dialog>Wait...</Dialog>
          <Dialog>Hmm？</Dialog>
          <Dialog>This is for you！ Take it！</Dialog>
          <Dialog>Wow！ This is amazing.</Dialog>
          <Dialog>I'm new at this stuff. Is the
menu okay？</Dialog>
          <Dialog>Yeah, it's totally okay. Wow,
▲小早川＊▲
can make Japanese dishes.
That's surprising.</Dialog>
          <Dialog>What do you mean by
surprising？ ...Well, I made
it based on reference, so I'll
forgive you.</Dialog>
          <Dialog>(Reference, huh？ She really
tried her best...)</Dialog>
        </Dialogs>
      </SDL2>
    </Entry>
    <Entry Unknown0="3368065056" Unknown1="3588652410">
      <SDL2 Key="3183028101">
        <Unknown>
          <Entry>
            <Values>
              <Entry>
                <Value0>37501</Value0>
                <Value1>0</Value1>
              </Entry>
            </Values>
            <Value0>147456</Value0>
            <Value1>65536</Value1>
          </Entry>
          <Entry>
            <Values />
            <Value0>147458</Value0>
            <Value1>196608</Value1>
          </Entry>
          <Entry>
            <Values>
              <Entry>
                <Value0>37502</Value0>
                <Value1>0</Value1>
              </Entry>
            </Values>
            <Value0>147456</Value0>
            <Value1>262144</Value1>
          </Entry>
          <Entry>
            <Values />
            <Value0>147458</Value0>
            <Value1>327680</Value1>
          </Entry>
          <Entry>
            <Values />
            <Value0>147458</Value0>
            <Value1>393216</Value1>
          </Entry>
          <Entry>
            <Values>
              <Entry>
                <Value0>37503</Value0>
                <Value1>0</Value1>
              </Entry>
            </Values>
            <Value0>147456</Value0>
            <Value1>458752</Value1>
          </Entry>
          <Entry>
            <Values />
            <Value0>147458</Value0>
            <Value1>524288</Value1>
          </Entry>
          <Entry>
            <Values />
            <Value0>147458</Value0>
            <Value1>589824</Value1>
          </Entry>
          <Entry>
            <Values>
              <Entry>
                <Value0>37504</Value0>
                <Value1>0</Value1>
              </Entry>
            </Values>
            <Value0>147456</Value0>
            <Value1>655360</Value1>
          </Entry>
        </Unknown>
        <Dialogs>
          <Dialog>小早川</Dialog>
          <Dialog>Hey, wait up.</Dialog>
          <Dialog>○○○○○○○○</Dialog>
          <Dialog>Oh,
▲小早川＊▲.
What's up？</Dialog>
          <Dialog>I just happened to make you
some lunch. Here.</Dialog>
          <Dialog>▲小早川＊▲
did！？</Dialog>
          <Dialog>Whoa！ This is... You made
this all by yourself？</Dialog>
          <Dialog>Yup, even though I don't do
this often, I put some effort
into it this time. What do you
think？</Dialog>
          <Dialog>I'm really happy.</Dialog>
          <Dialog>Whoa, a Japanese-style dish...
The combination is just right.
It will surely attract the
eyes of a commoner...</Dialog>
          <Dialog>That was unnecessary！</Dialog>
        </Dialogs>
      </SDL2>
    </Entry>
    <Entry Unknown0="2589519598" Unknown1="2102217490">
      <SDL2 Key="3183028101">
        <Unknown>
          <Entry>
            <Values>
              <Entry>
                <Value0>37505</Value0>
                <Value1>0</Value1>
              </Entry>
            </Values>
            <Value0>147456</Value0>
            <Value1>65536</Value1>
          </Entry>
          <Entry>
            <Values />
            <Value0>147458</Value0>
            <Value1>196608</Value1>
          </Entry>
          <Entry>
            <Values>
              <Entry>
                <Value0>37506</Value0>
                <Value1>0</Value1>
              </Entry>
            </Values>
            <Value0>147456</Value0>
            <Value1>262144</Value1>
          </Entry>
          <Entry>
            <Values />
            <Value0>147458</Value0>
            <Value1>327680</Value1>
          </Entry>
          <Entry>
            <Values>
              <Entry>
                <Value0>37507</Value0>
                <Value1>0</Value1>
              </Entry>
            </Values>
            <Value0>147456</Value0>
            <Value1>393216</Value1>
          </Entry>
          <Entry>
            <Values />
            <Value0>147458</Value0>
            <Value1>458752</Value1>
          </Entry>
          <Entry>
            <Values>
              <Entry>
                <Value0>37508</Value0>
                <Value1>0</Value1>
              </Entry>
            </Values>
            <Value0>147456</Value0>
            <Value1>524288</Value1>
          </Entry>
          <Entry>
            <Values />
            <Value0>147458</Value0>
            <Value1>589824</Value1>
          </Entry>
          <Entry>
            <Values>
              <Entry>
                <Value0>37509</Value0>
                <Value1>0</Value1>
              </Entry>
              <Entry>
                <Value0>37510</Value0>
                <Value1>800</Value1>
              </Entry>
            </Values>
            <Value0>147456</Value0>
            <Value1>655360</Value1>
          </Entry>
          <Entry>
            <Values />
            <Value0>147458</Value0>
            <Value1>720896</Value1>
          </Entry>
          <Entry>
            <Values>
              <Entry>
                <Value0>37511</Value0>
                <Value1>0</Value1>
              </Entry>
            </Values>
            <Value0>147456</Value0>
            <Value1>786432</Value1>
          </Entry>
          <Entry>
            <Values />
            <Value0>147458</Value0>
            <Value1>851968</Value1>
          </Entry>
        </Unknown>
        <Dialogs>
          <Dialog>小早川</Dialog>
          <Dialog>Hey, hey.</Dialog>
          <Dialog>○○○○○○○○</Dialog>
          <Dialog>Ah,
▲小早川＊▲.
How did you spend your
lunchtime？</Dialog>
          <Dialog>Today is a special day, hehe.</Dialog>
          <Dialog>You look pretty cheerful
today.</Dialog>
          <Dialog>Tada~！ Rinko made lunch for
you！</Dialog>
          <Dialog>Really？ Cool！</Dialog>
          <Dialog>It's a Japanese-style lunch.
What do you think？</Dialog>
          <Dialog>Yeah, I'm very happy.
▲小早川＊▲
really knows how to cook, eh？</Dialog>
          <Dialog>Hehe. Just a little. So, does
it make Rinko look better in
your eyes？ Don't you want
Rinko to be your bride？</Dialog>
          <Dialog>Yeah. I think
▲小早川＊▲
will be a good wife.</Dialog>
          <Dialog>The truth is, I've been
preparing hard for today.
Hehe.</Dialog>
          <Dialog>(Aaawww... That's so cute.)</Dialog>
        </Dialogs>
      </SDL2>
    </Entry>
    <Entry Unknown0="583180422" Unknown1="3592283004">
      <SDL2 Key="3183028101">
        <Unknown>
          <Entry>
            <Values>
              <Entry>
                <Value0>37512</Value0>
                <Value1>0</Value1>
              </Entry>
            </Values>
            <Value0>147456</Value0>
            <Value1>65536</Value1>
          </Entry>
          <Entry>
            <Values />
            <Value0>147458</Value0>
            <Value1>196608</Value1>
          </Entry>
          <Entry>
            <Values>
              <Entry>
                <Value0>37513</Value0>
                <Value1>0</Value1>
              </Entry>
            </Values>
            <Value0>147456</Value0>
            <Value1>262144</Value1>
          </Entry>
          <Entry>
            <Values />
            <Value0>147458</Value0>
            <Value1>327680</Value1>
          </Entry>
          <Entry>
            <Values>
              <Entry>
                <Value0>37514</Value0>
                <Value1>0</Value1>
              </Entry>
            </Values>
            <Value0>147456</Value0>
            <Value1>393216</Value1>
          </Entry>
        </Unknown>
        <Dialogs>
          <Dialog>小早川</Dialog>
          <Dialog>Okay, here's your lunch. I
made you a Japanese- style
one.</Dialog>
          <Dialog>○○○○○○○○</Dialog>
          <Dialog>Oh, thank you. I think it's
getting better every time.</Dialog>
          <Dialog>So, is it delicious？</Dialog>
          <Dialog>Yeah, it sure is.
▲小早川＊▲'s
seasoning is getting better
and better.</Dialog>
          <Dialog>I'll continue making it for
you then.</Dialog>
        </Dialogs>
      </SDL2>
    </Entry>
    <Entry Unknown0="2559592688" Unknown1="615927114">
      <SDL2 Key="3183028101">
        <Unknown>
          <Entry>
            <Values>
              <Entry>
                <Value0>37515</Value0>
                <Value1>0</Value1>
              </Entry>
            </Values>
            <Value0>147456</Value0>
            <Value1>65536</Value1>
          </Entry>
          <Entry>
            <Values />
            <Value0>147458</Value0>
            <Value1>196608</Value1>
          </Entry>
          <Entry>
            <Values>
              <Entry>
                <Value0>37516</Value0>
                <Value1>0</Value1>
              </Entry>
            </Values>
            <Value0>147456</Value0>
            <Value1>262144</Value1>
          </Entry>
          <Entry>
            <Values />
            <Value0>147458</Value0>
            <Value1>327680</Value1>
          </Entry>
        </Unknown>
        <Dialogs>
          <Dialog>小早川</Dialog>
          <Dialog>Hey, here's your lunch.</Dialog>
          <Dialog>○○○○○○○○</Dialog>
          <Dialog>I'm so impressed with it every
time... This one is also
great.</Dialog>
          <Dialog>Well, that's good. I made this
with confidence.</Dialog>
          <Dialog>(Something like this is very
nice...)</Dialog>
        </Dialogs>
      </SDL2>
    </Entry>
    <Entry Unknown0="1781063358" Unknown1="1276976098">
      <SDL2 Key="3183028101">
        <Unknown>
          <Entry>
            <Values>
              <Entry>
                <Value0>37517</Value0>
                <Value1>0</Value1>
              </Entry>
            </Values>
            <Value0>147456</Value0>
            <Value1>65536</Value1>
          </Entry>
          <Entry>
            <Values />
            <Value0>147458</Value0>
            <Value1>196608</Value1>
          </Entry>
          <Entry>
            <Values>
              <Entry>
                <Value0>37518</Value0>
                <Value1>0</Value1>
              </Entry>
            </Values>
            <Value0>147456</Value0>
            <Value1>262144</Value1>
          </Entry>
          <Entry>
            <Values />
            <Value0>147458</Value0>
            <Value1>327680</Value1>
          </Entry>
          <Entry>
            <Values>
              <Entry>
                <Value0>37519</Value0>
                <Value1>0</Value1>
              </Entry>
            </Values>
            <Value0>147456</Value0>
            <Value1>393216</Value1>
          </Entry>
        </Unknown>
        <Dialogs>
          <Dialog>小早川</Dialog>
          <Dialog>Here's your lunch.</Dialog>
          <Dialog>○○○○○○○○</Dialog>
          <Dialog>Thanks. I think
▲小早川＊▲
is really good at cooking.</Dialog>
          <Dialog>Really？ Do you see any
improvement？</Dialog>
          <Dialog>Yeah, it's getting better
every time. I can't wait to
see what you'll make next.</Dialog>
          <Dialog>Yeah！ I'll do my best on my
next Love-Love Lunch Box！</Dialog>
        </Dialogs>
      </SDL2>
    </Entry>
    <Entry Unknown0="4069691478" Unknown1="1038988108">
      <SDL2 Key="3183028101">
        <Unknown>
          <Entry>
            <Values>
              <Entry>
                <Value0>37520</Value0>
                <Value1>0</Value1>
              </Entry>
            </Values>
            <Value0>147456</Value0>
            <Value1>65536</Value1>
          </Entry>
          <Entry>
            <Values />
            <Value0>147458</Value0>
            <Value1>196608</Value1>
          </Entry>
          <Entry>
            <Values>
              <Entry>
                <Value0>37521</Value0>
                <Value1>0</Value1>
              </Entry>
            </Values>
            <Value0>147456</Value0>
            <Value1>262144</Value1>
          </Entry>
          <Entry>
            <Values />
            <Value0>147458</Value0>
            <Value1>327680</Value1>
          </Entry>
          <Entry>
            <Values>
              <Entry>
                <Value0>37522</Value0>
                <Value1>0</Value1>
              </Entry>
            </Values>
            <Value0>147456</Value0>
            <Value1>393216</Value1>
          </Entry>
          <Entry>
            <Values>
              <Entry>
                <Value0>37523</Value0>
                <Value1>0</Value1>
              </Entry>
            </Values>
            <Value0>147456</Value0>
            <Value1>458752</Value1>
          </Entry>
          <Entry>
            <Values />
            <Value0>147458</Value0>
            <Value1>524288</Value1>
          </Entry>
          <Entry>
            <Values>
              <Entry>
                <Value0>37524</Value0>
                <Value1>0</Value1>
              </Entry>
            </Values>
            <Value0>147456</Value0>
            <Value1>589824</Value1>
          </Entry>
          <Entry>
            <Values />
            <Value0>147458</Value0>
            <Value1>655360</Value1>
          </Entry>
          <Entry>
            <Values>
              <Entry>
                <Value0>37525</Value0>
                <Value1>0</Value1>
              </Entry>
            </Values>
            <Value0>147456</Value0>
            <Value1>720896</Value1>
          </Entry>
          <Entry>
            <Values />
            <Value0>147458</Value0>
            <Value1>786432</Value1>
          </Entry>
          <Entry>
            <Values>
              <Entry>
                <Value0>37526</Value0>
                <Value1>0</Value1>
              </Entry>
            </Values>
            <Value0>147456</Value0>
            <Value1>851968</Value1>
          </Entry>
        </Unknown>
        <Dialogs>
          <Dialog>小早川</Dialog>
          <Dialog>...Hey.</Dialog>
          <Dialog>○○○○○○○○</Dialog>
          <Dialog>Oh,
▲小早川＊▲.
What's up？</Dialog>
          <Dialog>Hmm... Rinko brought a lunch
box today？ Shall we eat
together？</Dialog>
          <Dialog>Okay. Then I'll go buy
something.</Dialog>
          <Dialog>No, I didn't mean that...</Dialog>
          <Dialog>Hehe... I put some effort in
it. What do you think？</Dialog>
          <Dialog>You really made this by
yourself？</Dialog>
          <Dialog>Well, if it's just a sandwich,
Rinko can make it well.</Dialog>
          <Dialog>Yeah, not bad. Nice job.</Dialog>
          <Dialog>You sounded like my teacher
with his evaluation. Can't you
show more appreciation？</Dialog>
          <Dialog>Well... Thank you. I'm really
happy.</Dialog>
          <Dialog>Yup, since you thanked me
properly, I won't punish you.</Dialog>
        </Dialogs>
      </SDL2>
    </Entry>
    <Entry Unknown0="1751136448" Unknown1="1871060250">
      <SDL2 Key="1972083291">
        <Unknown>
          <Entry>
            <Values>
              <Entry>
                <Value0>37527</Value0>
                <Value1>0</Value1>
              </Entry>
            </Values>
            <Value0>147456</Value0>
            <Value1>65536</Value1>
          </Entry>
          <Entry>
            <Values />
            <Value0>147458</Value0>
            <Value1>196608</Value1>
          </Entry>
          <Entry>
            <Values>
              <Entry>
                <Value0>37528</Value0>
                <Value1>0</Value1>
              </Entry>
            </Values>
            <Value0>147456</Value0>
            <Value1>262144</Value1>
          </Entry>
          <Entry>
            <Values />
            <Value0>147458</Value0>
            <Value1>327680</Value1>
          </Entry>
          <Entry>
            <Values>
              <Entry>
                <Value0>37529</Value0>
                <Value1>0</Value1>
              </Entry>
            </Values>
            <Value0>147456</Value0>
            <Value1>393216</Value1>
          </Entry>
          <Entry>
            <Values />
            <Value0>147458</Value0>
            <Value1>458752</Value1>
          </Entry>
          <Entry>
            <Values>
              <Entry>
                <Value0>37530</Value0>
                <Value1>0</Value1>
              </Entry>
            </Values>
            <Value0>147456</Value0>
            <Value1>524288</Value1>
          </Entry>
          <Entry>
            <Values />
            <Value0>147458</Value0>
            <Value1>589824</Value1>
          </Entry>
          <Entry>
            <Values>
              <Entry>
                <Value0>37531</Value0>
                <Value1>0</Value1>
              </Entry>
            </Values>
            <Value0>147456</Value0>
            <Value1>655360</Value1>
          </Entry>
          <Entry>
            <Values />
            <Value0>147458</Value0>
            <Value1>720896</Value1>
          </Entry>
          <Entry>
            <Values>
              <Entry>
                <Value0>37532</Value0>
                <Value1>0</Value1>
              </Entry>
            </Values>
            <Value0>147456</Value0>
            <Value1>786432</Value1>
          </Entry>
        </Unknown>
        <Dialogs>
          <Dialog>小早川</Dialog>
          <Dialog>Hey, wait. Wait.</Dialog>
          <Dialog>○○○○○○○○</Dialog>
          <Dialog>Eh？
▲小早川＊▲.
What's up？</Dialog>
          <Dialog>Today is special, all right？</Dialog>
          <Dialog>Why？</Dialog>
          <Dialog>Rinko made lunch for you.</Dialog>
          <Dialog>Really？ I'm happy.
▲小早川＊▲'s
special lunch, eh？</Dialog>
          <Dialog>Don't say special！ It's just
a regular sandwich after all.</Dialog>
          <Dialog>But you've done very well.</Dialog>
          <Dialog>Really？ Well, if it's just
this, Rinko can handle it.</Dialog>
          <Dialog>▲小早川＊▲！
really made it specially for
me after all.</Dialog>
          <Dialog>Stop saying unnecessary things
and just eat quietly！</Dialog>
        </Dialogs>
      </SDL2>
    </Entry>
    <Entry Unknown0="989367950" Unknown1="2280516530">
      <SDL2 Key="1972083291">
        <Unknown>
          <Entry>
            <Values>
              <Entry>
                <Value0>37533</Value0>
                <Value1>0</Value1>
              </Entry>
            </Values>
            <Value0>147456</Value0>
            <Value1>65536</Value1>
          </Entry>
          <Entry>
            <Values />
            <Value0>147458</Value0>
            <Value1>196608</Value1>
          </Entry>
          <Entry>
            <Values>
              <Entry>
                <Value0>37534</Value0>
                <Value1>0</Value1>
              </Entry>
            </Values>
            <Value0>147456</Value0>
            <Value1>262144</Value1>
          </Entry>
          <Entry>
            <Values />
            <Value0>147458</Value0>
            <Value1>327680</Value1>
          </Entry>
          <Entry>
            <Values />
            <Value0>147458</Value0>
            <Value1>393216</Value1>
          </Entry>
          <Entry>
            <Values>
              <Entry>
                <Value0>37535</Value0>
                <Value1>0</Value1>
              </Entry>
            </Values>
            <Value0>147456</Value0>
            <Value1>458752</Value1>
          </Entry>
          <Entry>
            <Values />
            <Value0>147458</Value0>
            <Value1>524288</Value1>
          </Entry>
          <Entry>
            <Values>
              <Entry>
                <Value0>37536</Value0>
                <Value1>0</Value1>
              </Entry>
            </Values>
            <Value0>147456</Value0>
            <Value1>589824</Value1>
          </Entry>
          <Entry>
            <Values />
            <Value0>147458</Value0>
            <Value1>655360</Value1>
          </Entry>
        </Unknown>
        <Dialogs>
          <Dialog>小早川</Dialog>
          <Dialog>Hey. Um...</Dialog>
          <Dialog>○○○○○○○○</Dialog>
          <Dialog>Huh？ What's up？</Dialog>
          <Dialog>Hehe, you should be happy.
Today's a special day.</Dialog>
          <Dialog>What day is it today...？</Dialog>
          <Dialog>Whoa, all of this... Did
▲小早川＊▲
make it？</Dialog>
          <Dialog>Of course！ But it's actually
just a regular sandwich.</Dialog>
          <Dialog>Yeah, you can't tell some
people by the sandwiches they
made. Thank you.</Dialog>
          <Dialog>Are you trying to start a
fight？ Geez.</Dialog>
          <Dialog>(Wrong words to show my
gratitude？)</Dialog>
        </Dialogs>
      </SDL2>
    </Entry>
    <Entry Unknown0="3261218854" Unknown1="1824359196">
      <SDL2 Key="1972083291">
        <Unknown>
          <Entry>
            <Values>
              <Entry>
                <Value0>37537</Value0>
                <Value1>0</Value1>
              </Entry>
            </Values>
            <Value0>147456</Value0>
            <Value1>65536</Value1>
          </Entry>
          <Entry>
            <Values />
            <Value0>147458</Value0>
            <Value1>196608</Value1>
          </Entry>
          <Entry>
            <Values>
              <Entry>
                <Value0>37538</Value0>
                <Value1>0</Value1>
              </Entry>
            </Values>
            <Value0>147456</Value0>
            <Value1>262144</Value1>
          </Entry>
          <Entry>
            <Values />
            <Value0>147458</Value0>
            <Value1>327680</Value1>
          </Entry>
          <Entry>
            <Values>
              <Entry>
                <Value0>37539</Value0>
                <Value1>0</Value1>
              </Entry>
            </Values>
            <Value0>147456</Value0>
            <Value1>393216</Value1>
          </Entry>
        </Unknown>
        <Dialogs>
          <Dialog>小早川</Dialog>
          <Dialog>Here, your lunch.</Dialog>
          <Dialog>○○○○○○○○</Dialog>
          <Dialog>Thanks. It always gives me a
power boost.</Dialog>
          <Dialog>Why don't you try the
seasoning first？</Dialog>
          <Dialog>...Yeah, so delicious！</Dialog>
          <Dialog>You have ketchup all over your
mouth... Aren't you just like
a little kid？</Dialog>
        </Dialogs>
      </SDL2>
    </Entry>
    <Entry Unknown0="942729360" Unknown1="1582755306">
      <SDL2 Key="1972083291">
        <Unknown>
          <Entry>
            <Values>
              <Entry>
                <Value0>37540</Value0>
                <Value1>0</Value1>
              </Entry>
            </Values>
            <Value0>147456</Value0>
            <Value1>65536</Value1>
          </Entry>
          <Entry>
            <Values />
            <Value0>147458</Value0>
            <Value1>196608</Value1>
          </Entry>
          <Entry>
            <Values>
              <Entry>
                <Value0>37541</Value0>
                <Value1>0</Value1>
              </Entry>
            </Values>
            <Value0>147456</Value0>
            <Value1>262144</Value1>
          </Entry>
          <Entry>
            <Values />
            <Value0>147458</Value0>
            <Value1>327680</Value1>
          </Entry>
          <Entry>
            <Values>
              <Entry>
                <Value0>37542</Value0>
                <Value1>0</Value1>
              </Entry>
            </Values>
            <Value0>147456</Value0>
            <Value1>393216</Value1>
          </Entry>
        </Unknown>
        <Dialogs>
          <Dialog>小早川</Dialog>
          <Dialog>Here.</Dialog>
          <Dialog>○○○○○○○○</Dialog>
          <Dialog>Thanks. It tastes even better
than the first sandwich you
made.</Dialog>
          <Dialog>Really？ So, is it good？</Dialog>
          <Dialog>Yeah, delicious.</Dialog>
          <Dialog>I'll continue making them for
you then.</Dialog>
        </Dialogs>
      </SDL2>
    </Entry>
    <Entry Unknown0="180911710" Unknown1="4139629442">
      <SDL2 Key="1972083291">
        <Unknown>
          <Entry>
            <Values>
              <Entry>
                <Value0>37543</Value0>
                <Value1>0</Value1>
              </Entry>
            </Values>
            <Value0>147456</Value0>
            <Value1>65536</Value1>
          </Entry>
          <Entry>
            <Values />
            <Value0>147458</Value0>
            <Value1>196608</Value1>
          </Entry>
          <Entry>
            <Values>
              <Entry>
                <Value0>37544</Value0>
                <Value1>0</Value1>
              </Entry>
            </Values>
            <Value0>147456</Value0>
            <Value1>262144</Value1>
          </Entry>
          <Entry>
            <Values />
            <Value0>147458</Value0>
            <Value1>327680</Value1>
          </Entry>
          <Entry>
            <Values>
              <Entry>
                <Value0>37545</Value0>
                <Value1>0</Value1>
              </Entry>
            </Values>
            <Value0>147456</Value0>
            <Value1>393216</Value1>
          </Entry>
        </Unknown>
        <Dialogs>
          <Dialog>小早川</Dialog>
          <Dialog>Here, your lunch.</Dialog>
          <Dialog>○○○○○○○○</Dialog>
          <Dialog>Oh. I'm always looking forward
to this.</Dialog>
          <Dialog>This time is a special
Western-style menu. I
practiced every day just to
make this.</Dialog>
          <Dialog>You make me very happy.
Thanks.</Dialog>
          <Dialog>Hehe. Aren't you grateful
having Rinko as your
girlfriend？</Dialog>
        </Dialogs>
      </SDL2>
    </Entry>
    <Entry Unknown0="2452762870" Unknown1="1401770988">
      <SDL2 Key="1972083291">
        <Unknown>
          <Entry>
            <Values>
              <Entry>
                <Value0>37546</Value0>
                <Value1>0</Value1>
              </Entry>
            </Values>
            <Value0>147456</Value0>
            <Value1>65536</Value1>
          </Entry>
          <Entry>
            <Values />
            <Value0>147458</Value0>
            <Value1>196608</Value1>
          </Entry>
          <Entry>
            <Values>
              <Entry>
                <Value0>37547</Value0>
                <Value1>0</Value1>
              </Entry>
            </Values>
            <Value0>147456</Value0>
            <Value1>262144</Value1>
          </Entry>
          <Entry>
            <Values />
            <Value0>147458</Value0>
            <Value1>327680</Value1>
          </Entry>
          <Entry>
            <Values>
              <Entry>
                <Value0>37548</Value0>
                <Value1>0</Value1>
              </Entry>
            </Values>
            <Value0>147456</Value0>
            <Value1>393216</Value1>
          </Entry>
          <Entry>
            <Values />
            <Value0>147458</Value0>
            <Value1>458752</Value1>
          </Entry>
          <Entry>
            <Values>
              <Entry>
                <Value0>37549</Value0>
                <Value1>0</Value1>
              </Entry>
            </Values>
            <Value0>147456</Value0>
            <Value1>524288</Value1>
          </Entry>
          <Entry>
            <Values />
            <Value0>147458</Value0>
            <Value1>589824</Value1>
          </Entry>
          <Entry>
            <Values>
              <Entry>
                <Value0>37550</Value0>
                <Value1>0</Value1>
              </Entry>
            </Values>
            <Value0>147456</Value0>
            <Value1>655360</Value1>
          </Entry>
          <Entry>
            <Values />
            <Value0>147458</Value0>
            <Value1>720896</Value1>
          </Entry>
          <Entry>
            <Values>
              <Entry>
                <Value0>37551</Value0>
                <Value1>0</Value1>
              </Entry>
            </Values>
            <Value0>147456</Value0>
            <Value1>786432</Value1>
          </Entry>
        </Unknown>
        <Dialogs>
          <Dialog>小早川</Dialog>
          <Dialog>Hey, just a moment.</Dialog>
          <Dialog>○○○○○○○○</Dialog>
          <Dialog>What's the matter,
▲小早川＊▲？</Dialog>
          <Dialog>The truth is... I made lunch
for you...</Dialog>
          <Dialog>For me？</Dialog>
          <Dialog>I don't see anyone else around
here... I don't know if you'll
like it though.</Dialog>
          <Dialog>Whoa, it looks great！ Chinese
style？</Dialog>
          <Dialog>You don't like Chinese food？</Dialog>
          <Dialog>No way！ I love Chinese food！</Dialog>
          <Dialog>Good then... Will you try to
eat it？</Dialog>
          <Dialog>Of course, I'll eat until
there's nothing left.</Dialog>
          <Dialog>You must. That's your
responsibility after all.</Dialog>
        </Dialogs>
      </SDL2>
    </Entry>
    <Entry Unknown0="134273120" Unknown1="2166799802">
      <SDL2 Key="2780479926">
        <Unknown>
          <Entry>
            <Values>
              <Entry>
                <Value0>37552</Value0>
                <Value1>0</Value1>
              </Entry>
            </Values>
            <Value0>147456</Value0>
            <Value1>65536</Value1>
          </Entry>
          <Entry>
            <Values />
            <Value0>147458</Value0>
            <Value1>196608</Value1>
          </Entry>
          <Entry>
            <Values>
              <Entry>
                <Value0>37553</Value0>
                <Value1>0</Value1>
              </Entry>
            </Values>
            <Value0>147456</Value0>
            <Value1>262144</Value1>
          </Entry>
          <Entry>
            <Values />
            <Value0>147458</Value0>
            <Value1>327680</Value1>
          </Entry>
          <Entry>
            <Values>
              <Entry>
                <Value0>37554</Value0>
                <Value1>0</Value1>
              </Entry>
            </Values>
            <Value0>147456</Value0>
            <Value1>393216</Value1>
          </Entry>
          <Entry>
            <Values />
            <Value0>147458</Value0>
            <Value1>458752</Value1>
          </Entry>
          <Entry>
            <Values />
            <Value0>147458</Value0>
            <Value1>524288</Value1>
          </Entry>
          <Entry>
            <Values>
              <Entry>
                <Value0>37555</Value0>
                <Value1>0</Value1>
              </Entry>
            </Values>
            <Value0>147456</Value0>
            <Value1>589824</Value1>
          </Entry>
          <Entry>
            <Values />
            <Value0>147458</Value0>
            <Value1>655360</Value1>
          </Entry>
          <Entry>
            <Values>
              <Entry>
                <Value0>37556</Value0>
                <Value1>0</Value1>
              </Entry>
            </Values>
            <Value0>147456</Value0>
            <Value1>720896</Value1>
          </Entry>
        </Unknown>
        <Dialogs>
          <Dialog>小早川</Dialog>
          <Dialog>Hey, just a moment.</Dialog>
          <Dialog>○○○○○○○○</Dialog>
          <Dialog>▲小早川＊▲？
What's the matter？ Why are
you here？</Dialog>
          <Dialog>Somehow, Mom made some extra
food for lunch. So Rinko
brought it over, for you.</Dialog>
          <Dialog>Oh really？ I appreciate it so
much. Tell her I'm so
grateful, okay？</Dialog>
          <Dialog>I can't... guarantee the
taste, okay？</Dialog>
          <Dialog>It won't be that bad！ I'll
eat it gratefully！</Dialog>
          <Dialog>Chinese style, huh？ Yeah,
it's very delicious.</Dialog>
          <Dialog>Really？ Then this is worth my
effort to wake up very early
and try my best...</Dialog>
          <Dialog>Try your best？</Dialog>
          <Dialog>I mean, Mom had tried her
best！</Dialog>
        </Dialogs>
      </SDL2>
    </Entry>
    <Entry Unknown0="3667406382" Unknown1="697142098">
      <SDL2 Key="2780479926">
        <Unknown>
          <Entry>
            <Values />
            <Value0>147456</Value0>
            <Value1>65536</Value1>
          </Entry>
          <Entry>
            <Values>
              <Entry>
                <Value0>37557</Value0>
                <Value1>0</Value1>
              </Entry>
            </Values>
            <Value0>147458</Value0>
            <Value1>196608</Value1>
          </Entry>
          <Entry>
            <Values />
            <Value0>147456</Value0>
            <Value1>262144</Value1>
          </Entry>
          <Entry>
            <Values>
              <Entry>
                <Value0>37558</Value0>
                <Value1>0</Value1>
              </Entry>
            </Values>
            <Value0>147458</Value0>
            <Value1>327680</Value1>
          </Entry>
          <Entry>
            <Values />
            <Value0>147456</Value0>
            <Value1>393216</Value1>
          </Entry>
          <Entry>
            <Values />
            <Value0>147456</Value0>
            <Value1>458752</Value1>
          </Entry>
          <Entry>
            <Values>
              <Entry>
                <Value0>37559</Value0>
                <Value1>0</Value1>
              </Entry>
            </Values>
            <Value0>147458</Value0>
            <Value1>524288</Value1>
          </Entry>
          <Entry>
            <Values />
            <Value0>147456</Value0>
            <Value1>589824</Value1>
          </Entry>
          <Entry>
            <Values>
              <Entry>
                <Value0>37560</Value0>
                <Value1>0</Value1>
              </Entry>
            </Values>
            <Value0>147458</Value0>
            <Value1>655360</Value1>
          </Entry>
        </Unknown>
        <Dialogs>
          <Dialog>○○○○○○○○</Dialog>
          <Dialog>▲小早川＊▲？</Dialog>
          <Dialog>小早川</Dialog>
          <Dialog>Hehe. Today I have something
nice for you.</Dialog>
          <Dialog>What would that be？ Another
flying kick？</Dialog>
          <Dialog>Hey, it's not that. A lunch
box, you know... I made this
for you.</Dialog>
          <Dialog>Really？</Dialog>
          <Dialog>Whoa, Chinese food！</Dialog>
          <Dialog>I'm still not good at making
them though...</Dialog>
          <Dialog>Don't be like that. It's not
bad at all, okay？</Dialog>
          <Dialog>Really？ Then after this, I'll
learn from more recipes.</Dialog>
        </Dialogs>
      </SDL2>
    </Entry>
    <Entry Unknown0="1644355782" Unknown1="2187142076">
      <SDL2 Key="2780479926">
        <Unknown>
          <Entry>
            <Values>
              <Entry>
                <Value0>37561</Value0>
                <Value1>0</Value1>
              </Entry>
            </Values>
            <Value0>147456</Value0>
            <Value1>65536</Value1>
          </Entry>
          <Entry>
            <Values />
            <Value0>147458</Value0>
            <Value1>196608</Value1>
          </Entry>
          <Entry>
            <Values>
              <Entry>
                <Value0>37562</Value0>
                <Value1>0</Value1>
              </Entry>
            </Values>
            <Value0>147456</Value0>
            <Value1>262144</Value1>
          </Entry>
          <Entry>
            <Values />
            <Value0>147458</Value0>
            <Value1>327680</Value1>
          </Entry>
          <Entry>
            <Values>
              <Entry>
                <Value0>37563</Value0>
                <Value1>0</Value1>
              </Entry>
            </Values>
            <Value0>147456</Value0>
            <Value1>393216</Value1>
          </Entry>
        </Unknown>
        <Dialogs>
          <Dialog>小早川</Dialog>
          <Dialog>Here, your lunch box. It's
Chinese food again.</Dialog>
          <Dialog>○○○○○○○○</Dialog>
          <Dialog>Whoa, thanks. I think you've
gotten really good at making
them.</Dialog>
          <Dialog>So, is it delicious？</Dialog>
          <Dialog>Of course. They're exquisitely
flavored！</Dialog>
          <Dialog>What's with that "exquisitely
flavored" thingy...？ Well, I
get what you mean, though.</Dialog>
        </Dialogs>
      </SDL2>
    </Entry>
    <Entry Unknown0="3637545008" Unknown1="4042689930">
      <SDL2 Key="2780479926">
        <Unknown>
          <Entry>
            <Values>
              <Entry>
                <Value0>37564</Value0>
                <Value1>0</Value1>
              </Entry>
            </Values>
            <Value0>147456</Value0>
            <Value1>65536</Value1>
          </Entry>
          <Entry>
            <Values />
            <Value0>147458</Value0>
            <Value1>196608</Value1>
          </Entry>
          <Entry>
            <Values>
              <Entry>
                <Value0>37565</Value0>
                <Value1>0</Value1>
              </Entry>
            </Values>
            <Value0>147456</Value0>
            <Value1>262144</Value1>
          </Entry>
          <Entry>
            <Values />
            <Value0>147458</Value0>
            <Value1>327680</Value1>
          </Entry>
          <Entry>
            <Values>
              <Entry>
                <Value0>37566</Value0>
                <Value1>0</Value1>
              </Entry>
            </Values>
            <Value0>147456</Value0>
            <Value1>393216</Value1>
          </Entry>
        </Unknown>
        <Dialogs>
          <Dialog>小早川</Dialog>
          <Dialog>Here's your lunch. Today is
Chinese food.</Dialog>
          <Dialog>○○○○○○○○</Dialog>
          <Dialog>Thank you. I really like this,
you know？</Dialog>
          <Dialog>You didn't expect them at all,
did you？</Dialog>
          <Dialog>Yeah. The taste is gradually
getting better with each bite.</Dialog>
          <Dialog>R-Really？ I'll try to make
them again then.</Dialog>
        </Dialogs>
      </SDL2>
    </Entry>
    <Entry Unknown0="2858950398" Unknown1="408771362">
      <SDL2 Key="2780479926">
        <Unknown>
          <Entry>
            <Values>
              <Entry>
                <Value0>37567</Value0>
                <Value1>0</Value1>
              </Entry>
            </Values>
            <Value0>147456</Value0>
            <Value1>65536</Value1>
          </Entry>
          <Entry>
            <Values />
            <Value0>147458</Value0>
            <Value1>196608</Value1>
          </Entry>
          <Entry>
            <Values>
              <Entry>
                <Value0>37568</Value0>
                <Value1>0</Value1>
              </Entry>
            </Values>
            <Value0>147456</Value0>
            <Value1>262144</Value1>
          </Entry>
          <Entry>
            <Values />
            <Value0>147458</Value0>
            <Value1>327680</Value1>
          </Entry>
          <Entry>
            <Values>
              <Entry>
                <Value0>37569</Value0>
                <Value1>0</Value1>
              </Entry>
            </Values>
            <Value0>147456</Value0>
            <Value1>393216</Value1>
          </Entry>
        </Unknown>
        <Dialogs>
          <Dialog>小早川</Dialog>
          <Dialog>Here's your lunch. I tried
Chinese food this time.</Dialog>
          <Dialog>○○○○○○○○</Dialog>
          <Dialog>Thank you. Hmm, it tastes
delicious.</Dialog>
          <Dialog>I guess... it will feel like
this when we're married...</Dialog>
          <Dialog>Eh！？</Dialog>
          <Dialog>It's just a possibility. We
can't be impatient.</Dialog>
        </Dialogs>
      </SDL2>
    </Entry>
  </Entries>
</DBIN2>