<?xml version="1.0" encoding="utf-8"?>
<DBIN2 xmlns:xsi="http://www.w3.org/2001/XMLSchema-instance" xmlns:xsd="http://www.w3.org/2001/XMLSchema" Key="364424354" Unknown="78">
  <Entries>
    <Entry Unknown0="505481514" Unknown1="909197131">
      <SDL2 Key="3051898612">
        <Unknown>
          <Entry>
            <Values>
              <Entry>
                <Value0>39046</Value0>
                <Value1>0</Value1>
              </Entry>
            </Values>
            <Value0>147456</Value0>
            <Value1>65536</Value1>
          </Entry>
        </Unknown>
        <Dialogs>
          <Dialog>小早川</Dialog>
          <Dialog>Won't you save before shutting
the power off？　It's just like
that, please keep it in mind.</Dialog>
        </Dialogs>
      </SDL2>
    </Entry>
    <Entry Unknown0="2173287071" Unknown1="4205622451">
      <SDL2 Key="3051898612">
        <Unknown>
          <Entry>
            <Values>
              <Entry>
                <Value0>39047</Value0>
                <Value1>0</Value1>
              </Entry>
            </Values>
            <Value0>147456</Value0>
            <Value1>65536</Value1>
          </Entry>
        </Unknown>
        <Dialogs>
          <Dialog>小早川</Dialog>
          <Dialog>You shut the power off without
saving again？ Maybe I should
give you some punishment for
your crime...</Dialog>
        </Dialogs>
      </SDL2>
    </Entry>
    <Entry Unknown0="4194050311" Unknown1="1947802662">
      <SDL2 Key="2108275162">
        <Unknown>
          <Entry>
            <Values>
              <Entry>
                <Value0>39048</Value0>
                <Value1>0</Value1>
              </Entry>
            </Values>
            <Value0>147456</Value0>
            <Value1>65536</Value1>
          </Entry>
        </Unknown>
        <Dialogs>
          <Dialog>小早川</Dialog>
          <Dialog>If you say "Rinko gomen nasai"
(Rinko please forgive me),
maybe I'll forgive your
mistake.</Dialog>
        </Dialogs>
      </SDL2>
    </Entry>
    <Entry Unknown0="1852922234" Unknown1="3766587291">
      <SDL2 Key="2108275162">
        <Unknown>
          <Entry>
            <Values>
              <Entry>
                <Value0>39049</Value0>
                <Value1>0</Value1>
              </Entry>
            </Values>
            <Value0>147456</Value0>
            <Value1>65536</Value1>
          </Entry>
        </Unknown>
        <Dialogs>
          <Dialog>小早川</Dialog>
          <Dialog>Even if you wait, your mistake
won't lighten by itself,
though.</Dialog>
        </Dialogs>
      </SDL2>
    </Entry>
    <Entry Unknown0="3520711407" Unknown1="2314994691">
      <SDL2 Key="2108275162">
        <Unknown>
          <Entry>
            <Values>
              <Entry>
                <Value0>39050</Value0>
                <Value1>0</Value1>
              </Entry>
            </Values>
            <Value0>147456</Value0>
            <Value1>65536</Value1>
          </Entry>
        </Unknown>
        <Dialogs>
          <Dialog>小早川</Dialog>
          <Dialog>Why don't you try it once
again？ "Rinko gomen nasai,"
just like that.</Dialog>
        </Dialogs>
      </SDL2>
    </Entry>
    <Entry Unknown0="1229746519" Unknown1="157903990">
      <SDL2 Key="2108275162">
        <Unknown>
          <Entry>
            <Values>
              <Entry>
                <Value0>39051</Value0>
                <Value1>0</Value1>
              </Entry>
            </Values>
            <Value0>147456</Value0>
            <Value1>65536</Value1>
          </Entry>
        </Unknown>
        <Dialogs>
          <Dialog>小早川</Dialog>
          <Dialog>Still won't do... do it once
again.</Dialog>
        </Dialogs>
      </SDL2>
    </Entry>
    <Entry Unknown0="3200379338" Unknown1="3218202603">
      <SDL2 Key="2108275162">
        <Unknown>
          <Entry>
            <Values>
              <Entry>
                <Value0>39052</Value0>
                <Value1>0</Value1>
              </Entry>
            </Values>
            <Value0>147456</Value0>
            <Value1>65536</Value1>
          </Entry>
        </Unknown>
        <Dialogs>
          <Dialog>小早川</Dialog>
          <Dialog>You've said it, huh... Well,
like I've promised, I'll
forgive you...</Dialog>
        </Dialogs>
      </SDL2>
    </Entry>
    <Entry Unknown0="556341823" Unknown1="1414288467">
      <SDL2 Key="2108275162">
        <Unknown>
          <Entry>
            <Values>
              <Entry>
                <Value0>39053</Value0>
                <Value1>0</Value1>
              </Entry>
            </Values>
            <Value0>147456</Value0>
            <Value1>65536</Value1>
          </Entry>
        </Unknown>
        <Dialogs>
          <Dialog>小早川</Dialog>
          <Dialog>Next time, make sure you've
saved it before you shut the
power off...</Dialog>
        </Dialogs>
      </SDL2>
    </Entry>
    <Entry Unknown0="2577170855" Unknown1="3669605574">
      <SDL2 Key="2108275162">
        <Unknown>
          <Entry>
            <Values>
              <Entry>
                <Value0>39054</Value0>
                <Value1>0</Value1>
              </Entry>
            </Values>
            <Value0>147456</Value0>
            <Value1>65536</Value1>
          </Entry>
        </Unknown>
        <Dialogs>
          <Dialog>小早川</Dialog>
          <Dialog>Can't say anything？ Well
then, just don't complain
about whatever I am going to
do to you, okay？</Dialog>
        </Dialogs>
      </SDL2>
    </Entry>
    <Entry Unknown0="236009754" Unknown1="3995348795">
      <SDL2 Key="2108275162">
        <Unknown>
          <Entry>
            <Values>
              <Entry>
                <Value0>39055</Value0>
                <Value1>0</Value1>
              </Entry>
            </Values>
            <Value0>147456</Value0>
            <Value1>65536</Value1>
          </Entry>
        </Unknown>
        <Dialogs>
          <Dialog>小早川</Dialog>
          <Dialog>Did you turn off the power
without saving？ How lame...</Dialog>
        </Dialogs>
      </SDL2>
    </Entry>
    <Entry Unknown0="1903798927" Unknown1="1184539811">
      <SDL2 Key="2108275162">
        <Unknown>
          <Entry>
            <Values>
              <Entry>
                <Value0>39056</Value0>
                <Value1>0</Value1>
              </Entry>
            </Values>
            <Value0>147456</Value0>
            <Value1>65536</Value1>
          </Entry>
        </Unknown>
        <Dialogs>
          <Dialog>小早川</Dialog>
          <Dialog>Did you turn off the power
without saving？ I'm getting
mad.</Dialog>
        </Dialogs>
      </SDL2>
    </Entry>
    <Entry Unknown0="3924611575" Unknown1="3373141014">
      <SDL2 Key="2108275162">
        <Unknown>
          <Entry>
            <Values>
              <Entry>
                <Value0>39057</Value0>
                <Value1>0</Value1>
              </Entry>
            </Values>
            <Value0>147456</Value0>
            <Value1>65536</Value1>
          </Entry>
        </Unknown>
        <Dialogs>
          <Dialog>小早川</Dialog>
          <Dialog>Hey... You turned off the
power without saving？ Isn't
that sad？</Dialog>
        </Dialogs>
      </SDL2>
    </Entry>
    <Entry Unknown0="1583434091" Unknown1="1517584267">
      <SDL2 Key="2108275162">
        <Unknown>
          <Entry>
            <Values>
              <Entry>
                <Value0>39058</Value0>
                <Value1>0</Value1>
              </Entry>
            </Values>
            <Value0>147456</Value0>
            <Value1>65536</Value1>
          </Entry>
        </Unknown>
        <Dialogs>
          <Dialog>小早川</Dialog>
          <Dialog>You turned off the power
without saving again？ I
misjudged you.</Dialog>
        </Dialogs>
      </SDL2>
    </Entry>
    <Entry Unknown0="3251239646" Unknown1="4075484403">
      <SDL2 Key="2108275162">
        <Unknown>
          <Entry>
            <Values>
              <Entry>
                <Value0>39059</Value0>
                <Value1>0</Value1>
              </Entry>
            </Values>
            <Value0>147456</Value0>
            <Value1>65536</Value1>
          </Entry>
        </Unknown>
        <Dialogs>
          <Dialog>小早川</Dialog>
          <Dialog>You turned off the power
without saving？ Again？
Can't you at least make me
feel at ease？</Dialog>
        </Dialogs>
      </SDL2>
    </Entry>
    <Entry Unknown0="960258374" Unknown1="2103336038">
      <SDL2 Key="2108275162">
        <Unknown>
          <Entry>
            <Values>
              <Entry>
                <Value0>39060</Value0>
                <Value1>0</Value1>
              </Entry>
            </Values>
            <Value0>147456</Value0>
            <Value1>65536</Value1>
          </Entry>
        </Unknown>
        <Dialogs>
          <Dialog>小早川</Dialog>
          <Dialog>Don't tell me... Again？ It's
not good to turn off the power
without saving.</Dialog>
        </Dialogs>
      </SDL2>
    </Entry>
    <Entry Unknown0="2930874811" Unknown1="1455738843">
      <SDL2 Key="2108275162">
        <Unknown>
          <Entry>
            <Values>
              <Entry>
                <Value0>39061</Value0>
                <Value1>0</Value1>
              </Entry>
            </Values>
            <Value0>147456</Value0>
            <Value1>65536</Value1>
          </Entry>
        </Unknown>
        <Dialogs>
          <Dialog>小早川</Dialog>
          <Dialog>You turned off the power
without saving again...？
Geez... I can't leave you
alone.</Dialog>
        </Dialogs>
      </SDL2>
    </Entry>
    <Entry Unknown0="286853678" Unknown1="3191489603">
      <SDL2 Key="2108275162">
        <Unknown>
          <Entry>
            <Values>
              <Entry>
                <Value0>39062</Value0>
                <Value1>0</Value1>
              </Entry>
            </Values>
            <Value0>147456</Value0>
            <Value1>65536</Value1>
          </Entry>
        </Unknown>
        <Dialogs>
          <Dialog>小早川</Dialog>
          <Dialog>I can't forgive you this time.
I told you not to turn off the
power without saving, right？</Dialog>
        </Dialogs>
      </SDL2>
    </Entry>
    <Entry Unknown0="2307699094" Unknown1="833531062">
      <SDL2 Key="2649350454">
        <Unknown>
          <Entry>
            <Values>
              <Entry>
                <Value0>39063</Value0>
                <Value1>0</Value1>
              </Entry>
            </Values>
            <Value0>147456</Value0>
            <Value1>65536</Value1>
          </Entry>
        </Unknown>
        <Dialogs>
          <Dialog>小早川</Dialog>
          <Dialog>This is enough. This has
become a big issue now. A
person who turns off the power
without saving must be
punished.</Dialog>
        </Dialogs>
      </SDL2>
    </Entry>
    <Entry Unknown0="4261488907" Unknown1="2266242859">
      <SDL2 Key="2649350454">
        <Unknown>
          <Entry>
            <Values>
              <Entry>
                <Value0>39064</Value0>
                <Value1>0</Value1>
              </Entry>
            </Values>
            <Value0>147456</Value0>
            <Value1>65536</Value1>
          </Entry>
        </Unknown>
        <Dialogs>
          <Dialog>小早川</Dialog>
          <Dialog>If you don't say "Suki, Suki,
Daisuki" (I love you, love
you, love you) I won't meet
you.</Dialog>
        </Dialogs>
      </SDL2>
    </Entry>
    <Entry Unknown0="1634294398" Unknown1="4018836627">
      <SDL2 Key="2649350454">
        <Unknown>
          <Entry>
            <Values>
              <Entry>
                <Value0>39065</Value0>
                <Value1>0</Value1>
              </Entry>
            </Values>
            <Value0>147456</Value0>
            <Value1>65536</Value1>
          </Entry>
        </Unknown>
        <Dialogs>
          <Dialog>小早川</Dialog>
          <Dialog>"Suki, Suki, Daisuki" (I love
you, love you, love you.) Say
it or I won't forgive you.</Dialog>
        </Dialogs>
      </SDL2>
    </Entry>
    <Entry Unknown0="3655123430" Unknown1="1627323398">
      <SDL2 Key="2649350454">
        <Unknown>
          <Entry>
            <Values>
              <Entry>
                <Value0>39066</Value0>
                <Value1>0</Value1>
              </Entry>
            </Values>
            <Value0>147456</Value0>
            <Value1>65536</Value1>
          </Entry>
        </Unknown>
        <Dialogs>
          <Dialog>小早川</Dialog>
          <Dialog>Can you say "Suki, Suki,
Daisuki" (I love you, love
you, love you)？ If you don't,
I won't forgive you.</Dialog>
        </Dialogs>
      </SDL2>
    </Entry>
    <Entry Unknown0="1313962331" Unknown1="4100222843">
      <SDL2 Key="2649350454">
        <Unknown>
          <Entry>
            <Values>
              <Entry>
                <Value0>39067</Value0>
                <Value1>0</Value1>
              </Entry>
            </Values>
            <Value0>147456</Value0>
            <Value1>65536</Value1>
          </Entry>
        </Unknown>
        <Dialogs>
          <Dialog>小早川</Dialog>
          <Dialog>I'm waiting.</Dialog>
        </Dialogs>
      </SDL2>
    </Entry>
    <Entry Unknown0="2981751502" Unknown1="1557849315">
      <SDL2 Key="2649350454">
        <Unknown>
          <Entry>
            <Values>
              <Entry>
                <Value0>39068</Value0>
                <Value1>0</Value1>
              </Entry>
            </Values>
            <Value0>147456</Value0>
            <Value1>65536</Value1>
          </Entry>
        </Unknown>
        <Dialogs>
          <Dialog>小早川</Dialog>
          <Dialog>Can't you just say it！？</Dialog>
        </Dialogs>
      </SDL2>
    </Entry>
    <Entry Unknown0="690753846" Unknown1="3545123926">
      <SDL2 Key="2649350454">
        <Unknown>
          <Entry>
            <Values>
              <Entry>
                <Value0>39069</Value0>
                <Value1>0</Value1>
              </Entry>
            </Values>
            <Value0>147456</Value0>
            <Value1>65536</Value1>
          </Entry>
        </Unknown>
        <Dialogs>
          <Dialog>小早川</Dialog>
          <Dialog>Hey, I'm still waiting.</Dialog>
        </Dialogs>
      </SDL2>
    </Entry>
    <Entry Unknown0="2661386667" Unknown1="632602571">
      <SDL2 Key="2649350454">
        <Unknown>
          <Entry>
            <Values>
              <Entry>
                <Value0>39070</Value0>
                <Value1>0</Value1>
              </Entry>
            </Values>
            <Value0>147456</Value0>
            <Value1>65536</Value1>
          </Entry>
        </Unknown>
        <Dialogs>
          <Dialog>小早川</Dialog>
          <Dialog>"Suki, Suki, Daisuki"！ I
can't hear you say it.</Dialog>
        </Dialogs>
      </SDL2>
    </Entry>
    <Entry Unknown0="17381918" Unknown1="2368353331">
      <SDL2 Key="2649350454">
        <Unknown>
          <Entry>
            <Values>
              <Entry>
                <Value0>39071</Value0>
                <Value1>0</Value1>
              </Entry>
            </Values>
            <Value0>147456</Value0>
            <Value1>65536</Value1>
          </Entry>
        </Unknown>
        <Dialogs>
          <Dialog>小早川</Dialog>
          <Dialog>"Suki, Suki, Daisuki" Got it？
Now, say it.</Dialog>
        </Dialogs>
      </SDL2>
    </Entry>
    <Entry Unknown0="2038210950" Unknown1="43949222">
      <SDL2 Key="2649350454">
        <Unknown>
          <Entry>
            <Values>
              <Entry>
                <Value0>39072</Value0>
                <Value1>0</Value1>
              </Entry>
            </Values>
            <Value0>147456</Value0>
            <Value1>65536</Value1>
          </Entry>
        </Unknown>
        <Dialogs>
          <Dialog>小早川</Dialog>
          <Dialog>Say it again. "Suki, Suki,
Daisuki," please.</Dialog>
        </Dialogs>
      </SDL2>
    </Entry>
    <Entry Unknown0="4008827387" Unknown1="2449739547">
      <SDL2 Key="2649350454">
        <Unknown>
          <Entry>
            <Values>
              <Entry>
                <Value0>39073</Value0>
                <Value1>0</Value1>
              </Entry>
            </Values>
            <Value0>147456</Value0>
            <Value1>65536</Value1>
          </Entry>
        </Unknown>
        <Dialogs>
          <Dialog>小早川</Dialog>
          <Dialog>One more time.</Dialog>
        </Dialogs>
      </SDL2>
    </Entry>
    <Entry Unknown0="1364806254" Unknown1="4202333315">
      <SDL2 Key="2649350454">
        <Unknown>
          <Entry>
            <Values>
              <Entry>
                <Value0>39074</Value0>
                <Value1>0</Value1>
              </Entry>
            </Values>
            <Value0>147456</Value0>
            <Value1>65536</Value1>
          </Entry>
        </Unknown>
        <Dialogs>
          <Dialog>小早川</Dialog>
          <Dialog>...No, no. One more time.</Dialog>
        </Dialogs>
      </SDL2>
    </Entry>
    <Entry Unknown0="3385651670" Unknown1="1978592502">
      <SDL2 Key="2649350454">
        <Unknown>
          <Entry>
            <Values>
              <Entry>
                <Value0>39075</Value0>
                <Value1>0</Value1>
              </Entry>
            </Values>
            <Value0>147456</Value0>
            <Value1>65536</Value1>
          </Entry>
        </Unknown>
        <Dialogs>
          <Dialog>小早川</Dialog>
          <Dialog>That can't be right. Hey, one
more time.</Dialog>
        </Dialogs>
      </SDL2>
    </Entry>
    <Entry Unknown0="1044474187" Unknown1="3277086571">
      <SDL2 Key="2649350454">
        <Unknown>
          <Entry>
            <Values>
              <Entry>
                <Value0>39076</Value0>
                <Value1>0</Value1>
              </Entry>
            </Values>
            <Value0>147456</Value0>
            <Value1>65536</Value1>
          </Entry>
        </Unknown>
        <Dialogs>
          <Dialog>小早川</Dialog>
          <Dialog>Well... If you say it, I'll
forgive you.</Dialog>
        </Dialogs>
      </SDL2>
    </Entry>
    <Entry Unknown0="2712246974" Unknown1="734713043">
      <SDL2 Key="2649350454">
        <Unknown>
          <Entry>
            <Values>
              <Entry>
                <Value0>39077</Value0>
                <Value1>0</Value1>
              </Entry>
            </Values>
            <Value0>147456</Value0>
            <Value1>65536</Value1>
          </Entry>
        </Unknown>
        <Dialogs>
          <Dialog>小早川</Dialog>
          <Dialog>You mean it？...If so, I'll
forgive you.</Dialog>
        </Dialogs>
      </SDL2>
    </Entry>
    <Entry Unknown0="421265702" Unknown1="2755542086">
      <SDL2 Key="2649350454">
        <Unknown>
          <Entry>
            <Values>
              <Entry>
                <Value0>39078</Value0>
                <Value1>0</Value1>
              </Entry>
            </Values>
            <Value0>147456</Value0>
            <Value1>65536</Value1>
          </Entry>
        </Unknown>
        <Dialogs>
          <Dialog>小早川</Dialog>
          <Dialog>That wasn't good but... I
forgive you.</Dialog>
        </Dialogs>
      </SDL2>
    </Entry>
    <Entry Unknown0="2391914907" Unknown1="816099259">
      <SDL2 Key="1437295644">
        <Unknown>
          <Entry>
            <Values>
              <Entry>
                <Value0>39079</Value0>
                <Value1>0</Value1>
              </Entry>
            </Values>
            <Value0>147456</Value0>
            <Value1>65536</Value1>
          </Entry>
        </Unknown>
        <Dialogs>
          <Dialog>小早川</Dialog>
          <Dialog>Okay, passed.</Dialog>
        </Dialogs>
      </SDL2>
    </Entry>
    <Entry Unknown0="4059638286" Unknown1="2551850019">
      <SDL2 Key="1437295644">
        <Unknown>
          <Entry>
            <Values>
              <Entry>
                <Value0>39080</Value0>
                <Value1>0</Value1>
              </Entry>
            </Values>
            <Value0>147456</Value0>
            <Value1>65536</Value1>
          </Entry>
        </Unknown>
        <Dialogs>
          <Dialog>小早川</Dialog>
          <Dialog>Right. Just say it like that.</Dialog>
        </Dialogs>
      </SDL2>
    </Entry>
    <Entry Unknown0="1768706422" Unknown1="395218070">
      <SDL2 Key="1437295644">
        <Unknown>
          <Entry>
            <Values>
              <Entry>
                <Value0>39081</Value0>
                <Value1>0</Value1>
              </Entry>
            </Values>
            <Value0>147456</Value0>
            <Value1>65536</Value1>
          </Entry>
        </Unknown>
        <Dialogs>
          <Dialog>小早川</Dialog>
          <Dialog>Hehe, you did great.</Dialog>
        </Dialogs>
      </SDL2>
    </Entry>
    <Entry Unknown0="3739339243" Unknown1="1643446027">
      <SDL2 Key="1437295644">
        <Unknown>
          <Entry>
            <Values>
              <Entry>
                <Value0>39082</Value0>
                <Value1>0</Value1>
              </Entry>
            </Values>
            <Value0>147456</Value0>
            <Value1>65536</Value1>
          </Entry>
        </Unknown>
        <Dialogs>
          <Dialog>小早川</Dialog>
          <Dialog>Don't ever do this again...
Understand？</Dialog>
        </Dialogs>
      </SDL2>
    </Entry>
    <Entry Unknown0="1095334494" Unknown1="3379197043">
      <SDL2 Key="1437295644">
        <Unknown>
          <Entry>
            <Values>
              <Entry>
                <Value0>39083</Value0>
                <Value1>0</Value1>
              </Entry>
            </Values>
            <Value0>147456</Value0>
            <Value1>65536</Value1>
          </Entry>
        </Unknown>
        <Dialogs>
          <Dialog>小早川</Dialog>
          <Dialog>Make this the last time. I'm
begging you.</Dialog>
        </Dialogs>
      </SDL2>
    </Entry>
    <Entry Unknown0="3116163526" Unknown1="1189010662">
      <SDL2 Key="1437295644">
        <Unknown>
          <Entry>
            <Values>
              <Entry>
                <Value0>39084</Value0>
                <Value1>0</Value1>
              </Entry>
            </Values>
            <Value0>147456</Value0>
            <Value1>65536</Value1>
          </Entry>
        </Unknown>
        <Dialogs>
          <Dialog>小早川</Dialog>
          <Dialog>Geez. This is the last time,
okay？</Dialog>
        </Dialogs>
      </SDL2>
    </Entry>
    <Entry Unknown0="774969659" Unknown1="3729018715">
      <SDL2 Key="1437295644">
        <Unknown>
          <Entry>
            <Values>
              <Entry>
                <Value0>39085</Value0>
                <Value1>0</Value1>
              </Entry>
            </Values>
            <Value0>147456</Value0>
            <Value1>65536</Value1>
          </Entry>
        </Unknown>
        <Dialogs>
          <Dialog>小早川</Dialog>
          <Dialog>...Ah, I guess this is
enough...</Dialog>
        </Dialogs>
      </SDL2>
    </Entry>
    <Entry Unknown0="2442758830" Unknown1="918209731">
      <SDL2 Key="1437295644">
        <Unknown>
          <Entry>
            <Values>
              <Entry>
                <Value0>39086</Value0>
                <Value1>0</Value1>
              </Entry>
            </Values>
            <Value0>147456</Value0>
            <Value1>65536</Value1>
          </Entry>
        </Unknown>
        <Dialogs>
          <Dialog>小早川</Dialog>
          <Dialog>Say it, idiot！</Dialog>
        </Dialogs>
      </SDL2>
    </Entry>
    <Entry Unknown0="151793942" Unknown1="3106810934">
      <SDL2 Key="1437295644">
        <Unknown>
          <Entry>
            <Values>
              <Entry>
                <Value0>39087</Value0>
                <Value1>0</Value1>
              </Entry>
            </Values>
            <Value0>147456</Value0>
            <Value1>65536</Value1>
          </Entry>
        </Unknown>
        <Dialogs>
          <Dialog>小早川</Dialog>
          <Dialog>I can't bring myself to
forgive that kind of behavior,
can I...？</Dialog>
        </Dialogs>
      </SDL2>
    </Entry>
    <Entry Unknown0="2122426763" Unknown1="1653907371">
      <SDL2 Key="1437295644">
        <Unknown>
          <Entry>
            <Values>
              <Entry>
                <Value0>39088</Value0>
                <Value1>0</Value1>
              </Entry>
            </Values>
            <Value0>147456</Value0>
            <Value1>65536</Value1>
          </Entry>
        </Unknown>
        <Dialogs>
          <Dialog>小早川</Dialog>
          <Dialog>How many times have you turned
off the power without saving
now？ I'm shocked...</Dialog>
        </Dialogs>
      </SDL2>
    </Entry>
    <Entry Unknown0="3790199550" Unknown1="168432659">
      <SDL2 Key="1437295644">
        <Unknown>
          <Entry>
            <Values>
              <Entry>
                <Value0>39089</Value0>
                <Value1>0</Value1>
              </Entry>
            </Values>
            <Value0>147456</Value0>
            <Value1>65536</Value1>
          </Entry>
        </Unknown>
        <Dialogs>
          <Dialog>小早川</Dialog>
          <Dialog>Idiot！ I've said it so many
times！ Don't turn off the
power without saving！</Dialog>
        </Dialogs>
      </SDL2>
    </Entry>
    <Entry Unknown0="1499218278" Unknown1="2239659142">
      <SDL2 Key="1437295644">
        <Unknown>
          <Entry>
            <Values>
              <Entry>
                <Value0>39090</Value0>
                <Value1>0</Value1>
              </Entry>
            </Values>
            <Value0>147456</Value0>
            <Value1>65536</Value1>
          </Entry>
        </Unknown>
        <Dialogs>
          <Dialog>小早川</Dialog>
          <Dialog>Hey, are you unhappy with
Rinko？ You've turned off the
power without saving so many
times...</Dialog>
        </Dialogs>
      </SDL2>
    </Entry>
    <Entry Unknown0="3469867483" Unknown1="333770747">
      <SDL2 Key="1437295644">
        <Unknown>
          <Entry>
            <Values>
              <Entry>
                <Value0>39091</Value0>
                <Value1>0</Value1>
              </Entry>
            </Values>
            <Value0>147456</Value0>
            <Value1>65536</Value1>
          </Entry>
        </Unknown>
        <Dialogs>
          <Dialog>小早川</Dialog>
          <Dialog>If you want me to forgive you,
say, "Rinko wo ichiban
aishiteru" (I love Rinko the
most) now.</Dialog>
        </Dialogs>
      </SDL2>
    </Entry>
    <Entry Unknown0="825846350" Unknown1="3143263331">
      <SDL2 Key="1437295644">
        <Unknown>
          <Entry>
            <Values>
              <Entry>
                <Value0>39092</Value0>
                <Value1>0</Value1>
              </Entry>
            </Values>
            <Value0>147456</Value0>
            <Value1>65536</Value1>
          </Entry>
        </Unknown>
        <Dialogs>
          <Dialog>小早川</Dialog>
          <Dialog>"Rinko wo ichiban aishiteru"
(I love Rinko the most). Say
it, or I won't forgive you！</Dialog>
        </Dialogs>
      </SDL2>
    </Entry>
    <Entry Unknown0="2846658998" Unknown1="885968086">
      <SDL2 Key="1437295644">
        <Unknown>
          <Entry>
            <Values>
              <Entry>
                <Value0>39093</Value0>
                <Value1>0</Value1>
              </Entry>
            </Values>
            <Value0>147456</Value0>
            <Value1>65536</Value1>
          </Entry>
        </Unknown>
        <Dialogs>
          <Dialog>小早川</Dialog>
          <Dialog>"Say Rinko wo ichiban
aishiteru" (I love Rinko the
most) now. If you don't say
it, I won't forgive you.</Dialog>
        </Dialogs>
      </SDL2>
    </Entry>
    <Entry Unknown0="505481515" Unknown1="3224649547">
      <SDL2 Key="2246744679">
        <Unknown>
          <Entry>
            <Values>
              <Entry>
                <Value0>39094</Value0>
                <Value1>0</Value1>
              </Entry>
            </Values>
            <Value0>147456</Value0>
            <Value1>65536</Value1>
          </Entry>
        </Unknown>
        <Dialogs>
          <Dialog>小早川</Dialog>
          <Dialog>Say it...</Dialog>
        </Dialogs>
      </SDL2>
    </Entry>
    <Entry Unknown0="2173287070" Unknown1="1756017843">
      <SDL2 Key="2246744679">
        <Unknown>
          <Entry>
            <Values>
              <Entry>
                <Value0>39095</Value0>
                <Value1>0</Value1>
              </Entry>
            </Values>
            <Value0>147456</Value0>
            <Value1>65536</Value1>
          </Entry>
        </Unknown>
        <Dialogs>
          <Dialog>小早川</Dialog>
          <Dialog>Say it！</Dialog>
        </Dialogs>
      </SDL2>
    </Entry>
    <Entry Unknown0="4194050310" Unknown1="3877510182">
      <SDL2 Key="2246744679">
        <Unknown>
          <Entry>
            <Values>
              <Entry>
                <Value0>39096</Value0>
                <Value1>0</Value1>
              </Entry>
            </Values>
            <Value0>147456</Value0>
            <Value1>65536</Value1>
          </Entry>
        </Unknown>
        <Dialogs>
          <Dialog>小早川</Dialog>
          <Dialog>Just say it...</Dialog>
        </Dialogs>
      </SDL2>
    </Entry>
    <Entry Unknown0="1852922235" Unknown1="1904512923">
      <SDL2 Key="2246744679">
        <Unknown>
          <Entry>
            <Values>
              <Entry>
                <Value0>39097</Value0>
                <Value1>0</Value1>
              </Entry>
            </Values>
            <Value0>147456</Value0>
            <Value1>65536</Value1>
          </Entry>
        </Unknown>
        <Dialogs>
          <Dialog>小早川</Dialog>
          <Dialog>I can't hear you.</Dialog>
        </Dialogs>
      </SDL2>
    </Entry>
    <Entry Unknown0="3520711406" Unknown1="435815427">
      <SDL2 Key="2246744679">
        <Unknown>
          <Entry>
            <Values>
              <Entry>
                <Value0>39098</Value0>
                <Value1>0</Value1>
              </Entry>
            </Values>
            <Value0>147456</Value0>
            <Value1>65536</Value1>
          </Entry>
        </Unknown>
        <Dialogs>
          <Dialog>小早川</Dialog>
          <Dialog>I can't hear you. Can you talk
clearly？</Dialog>
        </Dialogs>
      </SDL2>
    </Entry>
    <Entry Unknown0="1229746518" Unknown1="2523819126">
      <SDL2 Key="2246744679">
        <Unknown>
          <Entry>
            <Values>
              <Entry>
                <Value0>39099</Value0>
                <Value1>0</Value1>
              </Entry>
            </Values>
            <Value0>147456</Value0>
            <Value1>65536</Value1>
          </Entry>
        </Unknown>
        <Dialogs>
          <Dialog>小早川</Dialog>
          <Dialog>Hey, just say it. I'm begging
you, okay？</Dialog>
        </Dialogs>
      </SDL2>
    </Entry>
    <Entry Unknown0="3200379339" Unknown1="785702891">
      <SDL2 Key="2246744679">
        <Unknown>
          <Entry>
            <Values>
              <Entry>
                <Value0>39100</Value0>
                <Value1>0</Value1>
              </Entry>
            </Values>
            <Value0>147456</Value0>
            <Value1>65536</Value1>
          </Entry>
        </Unknown>
        <Dialogs>
          <Dialog>小早川</Dialog>
          <Dialog>So, you aren't going to say
it...</Dialog>
        </Dialogs>
      </SDL2>
    </Entry>
    <Entry Unknown0="556341822" Unknown1="3326760019">
      <SDL2 Key="2246744679">
        <Unknown>
          <Entry>
            <Values>
              <Entry>
                <Value0>39101</Value0>
                <Value1>0</Value1>
              </Entry>
            </Values>
            <Value0>147456</Value0>
            <Value1>65536</Value1>
          </Entry>
        </Unknown>
        <Dialogs>
          <Dialog>小早川</Dialog>
          <Dialog>I know you don't want to say
it. I understand.</Dialog>
        </Dialogs>
      </SDL2>
    </Entry>
    <Entry Unknown0="2577170854" Unknown1="1237236934">
      <SDL2 Key="2246744679">
        <Unknown>
          <Entry>
            <Values>
              <Entry>
                <Value0>39102</Value0>
                <Value1>0</Value1>
              </Entry>
            </Values>
            <Value0>147456</Value0>
            <Value1>65536</Value1>
          </Entry>
        </Unknown>
        <Dialogs>
          <Dialog>小早川</Dialog>
          <Dialog>I see. So you won't say it...</Dialog>
        </Dialogs>
      </SDL2>
    </Entry>
    <Entry Unknown0="236009755" Unknown1="3743690555">
      <SDL2 Key="2246744679">
        <Unknown>
          <Entry>
            <Values>
              <Entry>
                <Value0>39103</Value0>
                <Value1>0</Value1>
              </Entry>
            </Values>
            <Value0>147456</Value0>
            <Value1>65536</Value1>
          </Entry>
        </Unknown>
        <Dialogs>
          <Dialog>小早川</Dialog>
          <Dialog>Really...？</Dialog>
        </Dialogs>
      </SDL2>
    </Entry>
    <Entry Unknown0="1903798926" Unknown1="2006623395">
      <SDL2 Key="2246744679">
        <Unknown>
          <Entry>
            <Values>
              <Entry>
                <Value0>39104</Value0>
                <Value1>0</Value1>
              </Entry>
            </Values>
            <Value0>147456</Value0>
            <Value1>65536</Value1>
          </Entry>
        </Unknown>
        <Dialogs>
          <Dialog>小早川</Dialog>
          <Dialog>Hehe, really？</Dialog>
        </Dialogs>
      </SDL2>
    </Entry>
    <Entry Unknown0="3924611574" Unknown1="4161670166">
      <SDL2 Key="2246744679">
        <Unknown>
          <Entry>
            <Values>
              <Entry>
                <Value0>39105</Value0>
                <Value1>0</Value1>
              </Entry>
            </Values>
            <Value0>147456</Value0>
            <Value1>65536</Value1>
          </Entry>
        </Unknown>
        <Dialogs>
          <Dialog>小早川</Dialog>
          <Dialog>Really？ Really！？</Dialog>
        </Dialogs>
      </SDL2>
    </Entry>
    <Entry Unknown0="1583434091" Unknown1="2356445067">
      <SDL2 Key="2246744679">
        <Unknown>
          <Entry>
            <Values>
              <Entry>
                <Value0>39106</Value0>
                <Value1>0</Value1>
              </Entry>
            </Values>
            <Value0>147456</Value0>
            <Value1>65536</Value1>
          </Entry>
        </Unknown>
        <Dialogs>
          <Dialog>小早川</Dialog>
          <Dialog>Then say "Ai-shi-te-ru" (I
love you) 3 times.</Dialog>
        </Dialogs>
      </SDL2>
    </Entry>
    <Entry Unknown0="3251239646" Unknown1="619377907">
      <SDL2 Key="2246744679">
        <Unknown>
          <Entry>
            <Values>
              <Entry>
                <Value0>39107</Value0>
                <Value1>0</Value1>
              </Entry>
            </Values>
            <Value0>147456</Value0>
            <Value1>65536</Value1>
          </Entry>
        </Unknown>
        <Dialogs>
          <Dialog>小早川</Dialog>
          <Dialog>Then you must say
"Ai-shi-te-ru" (I love you) 3
times！</Dialog>
        </Dialogs>
      </SDL2>
    </Entry>
    <Entry Unknown0="960258374" Unknown1="2875087974">
      <SDL2 Key="2246744679">
        <Unknown>
          <Entry>
            <Values>
              <Entry>
                <Value0>39108</Value0>
                <Value1>0</Value1>
              </Entry>
            </Values>
            <Value0>147456</Value0>
            <Value1>65536</Value1>
          </Entry>
        </Unknown>
        <Dialogs>
          <Dialog>小早川</Dialog>
          <Dialog>Then... Say "Ai-shi-te-ru" (I
love you) for me 3 times.</Dialog>
        </Dialogs>
      </SDL2>
    </Entry>
    <Entry Unknown0="2930874811" Unknown1="1036308443">
      <SDL2 Key="2246744679">
        <Unknown>
          <Entry>
            <Values>
              <Entry>
                <Value0>39109</Value0>
                <Value1>0</Value1>
              </Entry>
            </Values>
            <Value0>147456</Value0>
            <Value1>65536</Value1>
          </Entry>
        </Unknown>
        <Dialogs>
          <Dialog>小早川</Dialog>
          <Dialog>Please...</Dialog>
        </Dialogs>
      </SDL2>
    </Entry>
    <Entry Unknown0="286853678" Unknown1="3577365571">
      <SDL2 Key="2804597187">
        <Unknown>
          <Entry>
            <Values>
              <Entry>
                <Value0>39110</Value0>
                <Value1>0</Value1>
              </Entry>
            </Values>
            <Value0>147456</Value0>
            <Value1>65536</Value1>
          </Entry>
        </Unknown>
        <Dialogs>
          <Dialog>小早川</Dialog>
          <Dialog>I said, "Please"...</Dialog>
        </Dialogs>
      </SDL2>
    </Entry>
    <Entry Unknown0="2307699094" Unknown1="1521396918">
      <SDL2 Key="2804597187">
        <Unknown>
          <Entry>
            <Values>
              <Entry>
                <Value0>39111</Value0>
                <Value1>0</Value1>
              </Entry>
            </Values>
            <Value0>147456</Value0>
            <Value1>65536</Value1>
          </Entry>
        </Unknown>
        <Dialogs>
          <Dialog>小早川</Dialog>
          <Dialog>Please！Okay？</Dialog>
        </Dialogs>
      </SDL2>
    </Entry>
    <Entry Unknown0="4261488907" Unknown1="3927187243">
      <SDL2 Key="2804597187">
        <Unknown>
          <Entry>
            <Values>
              <Entry>
                <Value0>39112</Value0>
                <Value1>0</Value1>
              </Entry>
            </Values>
            <Value0>147456</Value0>
            <Value1>65536</Value1>
          </Entry>
        </Unknown>
        <Dialogs>
          <Dialog>小早川</Dialog>
          <Dialog>Not like that...</Dialog>
        </Dialogs>
      </SDL2>
    </Entry>
    <Entry Unknown0="1634294398" Unknown1="2190120083">
      <SDL2 Key="2804597187">
        <Unknown>
          <Entry>
            <Values>
              <Entry>
                <Value0>39113</Value0>
                <Value1>0</Value1>
              </Entry>
            </Values>
            <Value0>147456</Value0>
            <Value1>65536</Value1>
          </Entry>
        </Unknown>
        <Dialogs>
          <Dialog>小早川</Dialog>
          <Dialog>That's not right！</Dialog>
        </Dialogs>
      </SDL2>
    </Entry>
    <Entry Unknown0="3655123430" Unknown1="234814470">
      <SDL2 Key="2804597187">
        <Unknown>
          <Entry>
            <Values>
              <Entry>
                <Value0>39114</Value0>
                <Value1>0</Value1>
              </Entry>
            </Values>
            <Value0>147456</Value0>
            <Value1>65536</Value1>
          </Entry>
        </Unknown>
        <Dialogs>
          <Dialog>小早川</Dialog>
          <Dialog>Hey, that's not right...</Dialog>
        </Dialogs>
      </SDL2>
    </Entry>
    <Entry Unknown0="1313962331" Unknown1="2607050619">
      <SDL2 Key="2804597187">
        <Unknown>
          <Entry>
            <Values>
              <Entry>
                <Value0>39115</Value0>
                <Value1>0</Value1>
              </Entry>
            </Values>
            <Value0>147456</Value0>
            <Value1>65536</Value1>
          </Entry>
        </Unknown>
        <Dialogs>
          <Dialog>小早川</Dialog>
          <Dialog>Yes, Rinko too.</Dialog>
        </Dialogs>
      </SDL2>
    </Entry>
    <Entry Unknown0="2981751502" Unknown1="869983459">
      <SDL2 Key="2804597187">
        <Unknown>
          <Entry>
            <Values>
              <Entry>
                <Value0>39116</Value0>
                <Value1>0</Value1>
              </Entry>
            </Values>
            <Value0>147456</Value0>
            <Value1>65536</Value1>
          </Entry>
        </Unknown>
        <Dialogs>
          <Dialog>小早川</Dialog>
          <Dialog>Of course, Rinko too！</Dialog>
        </Dialogs>
      </SDL2>
    </Entry>
    <Entry Unknown0="690753846" Unknown1="3159247958">
      <SDL2 Key="2804597187">
        <Unknown>
          <Entry>
            <Values>
              <Entry>
                <Value0>39117</Value0>
                <Value1>0</Value1>
              </Entry>
            </Values>
            <Value0>147456</Value0>
            <Value1>65536</Value1>
          </Entry>
        </Unknown>
        <Dialogs>
          <Dialog>小早川</Dialog>
          <Dialog>Actually, Rinko too！</Dialog>
        </Dialogs>
      </SDL2>
    </Entry>
    <Entry Unknown0="2661386667" Unknown1="1219805131">
      <SDL2 Key="2804597187">
        <Unknown>
          <Entry>
            <Values>
              <Entry>
                <Value0>39118</Value0>
                <Value1>0</Value1>
              </Entry>
            </Values>
            <Value0>147456</Value0>
            <Value1>65536</Value1>
          </Entry>
        </Unknown>
        <Dialogs>
          <Dialog>小早川</Dialog>
          <Dialog>Don't do this again, okay？
Once you lose our memories,
they will be gone forever.</Dialog>
        </Dialogs>
      </SDL2>
    </Entry>
    <Entry Unknown0="17381918" Unknown1="3760862259">
      <SDL2 Key="2804597187">
        <Unknown>
          <Entry>
            <Values>
              <Entry>
                <Value0>39119</Value0>
                <Value1>0</Value1>
              </Entry>
            </Values>
            <Value0>147456</Value0>
            <Value1>65536</Value1>
          </Entry>
        </Unknown>
        <Dialogs>
          <Dialog>小早川</Dialog>
          <Dialog>You will never do this again,
right？</Dialog>
        </Dialogs>
      </SDL2>
    </Entry>
    <Entry Unknown0="2038210950" Unknown1="1872665766">
      <SDL2 Key="2804597187">
        <Unknown>
          <Entry>
            <Values>
              <Entry>
                <Value0>39120</Value0>
                <Value1>0</Value1>
              </Entry>
            </Values>
            <Value0>147456</Value0>
            <Value1>65536</Value1>
          </Entry>
        </Unknown>
        <Dialogs>
          <Dialog>小早川</Dialog>
          <Dialog>Thank goodness. Don't do this
again. Never, okay？ What if
you lose Rinko's precious
memories？</Dialog>
        </Dialogs>
      </SDL2>
    </Entry>
    <Entry Unknown0="4008827387" Unknown1="4177792795">
      <SDL2 Key="2804597187">
        <Unknown>
          <Entry>
            <Values>
              <Entry>
                <Value0>39121</Value0>
                <Value1>0</Value1>
              </Entry>
            </Values>
            <Value0>147456</Value0>
            <Value1>65536</Value1>
          </Entry>
        </Unknown>
        <Dialogs>
          <Dialog>小早川</Dialog>
          <Dialog>I didn't think you were like
this...</Dialog>
        </Dialogs>
      </SDL2>
    </Entry>
    <Entry Unknown0="1364806254" Unknown1="2440725635">
      <SDL2 Key="2804597187">
        <Unknown>
          <Entry>
            <Values>
              <Entry>
                <Value0>39122</Value0>
                <Value1>0</Value1>
              </Entry>
            </Values>
            <Value0>147456</Value0>
            <Value1>65536</Value1>
          </Entry>
        </Unknown>
        <Dialogs>
          <Dialog>小早川</Dialog>
          <Dialog>Idiot！ My impression of you
has totally changed now...</Dialog>
        </Dialogs>
      </SDL2>
    </Entry>
    <Entry Unknown0="3385651670" Unknown1="518974710">
      <SDL2 Key="2804597187">
        <Unknown>
          <Entry>
            <Values>
              <Entry>
                <Value0>39123</Value0>
                <Value1>0</Value1>
              </Entry>
            </Values>
            <Value0>147456</Value0>
            <Value1>65536</Value1>
          </Entry>
        </Unknown>
        <Dialogs>
          <Dialog>小早川</Dialog>
          <Dialog>Fine then. It's your fault,
but Rinko can't help but be
sad.</Dialog>
        </Dialogs>
      </SDL2>
    </Entry>
  </Entries>
</DBIN2>