<?xml version="1.0" encoding="utf-8"?>
<DBIN2 xmlns:xsi="http://www.w3.org/2001/XMLSchema-instance" xmlns:xsd="http://www.w3.org/2001/XMLSchema" Key="2468321346" Unknown="29">
  <Entries>
    <Entry Unknown0="2097055498" Unknown1="2437127460">
      <SDL2 Key="4152966207">
        <Unknown>
          <Entry>
            <Values />
            <Value0>147456</Value0>
            <Value1>65536</Value1>
          </Entry>
          <Entry>
            <Values />
            <Value0>147456</Value0>
            <Value1>131072</Value1>
          </Entry>
          <Entry>
            <Values />
            <Value0>65539</Value0>
            <Value1>65540</Value1>
          </Entry>
          <Entry>
            <Values />
            <Value0>65540</Value0>
            <Value1>147456</Value1>
          </Entry>
          <Entry>
            <Values />
            <Value0>147456</Value0>
            <Value1>327680</Value1>
          </Entry>
          <Entry>
            <Values>
              <Entry>
                <Value0>4294901761</Value0>
                <Value1>0</Value1>
              </Entry>
            </Values>
            <Value0>147462</Value0>
            <Value1>458752</Value1>
          </Entry>
          <Entry>
            <Values />
            <Value0>147456</Value0>
            <Value1>524288</Value1>
          </Entry>
          <Entry>
            <Values>
              <Entry>
                <Value0>39696</Value0>
                <Value1>0</Value1>
              </Entry>
            </Values>
            <Value0>147462</Value0>
            <Value1>589824</Value1>
          </Entry>
          <Entry>
            <Values />
            <Value0>147456</Value0>
            <Value1>655360</Value1>
          </Entry>
          <Entry>
            <Values>
              <Entry>
                <Value0>39697</Value0>
                <Value1>0</Value1>
              </Entry>
            </Values>
            <Value0>147462</Value0>
            <Value1>720896</Value1>
          </Entry>
          <Entry>
            <Values>
              <Entry>
                <Value0>39698</Value0>
                <Value1>0</Value1>
              </Entry>
            </Values>
            <Value0>147462</Value0>
            <Value1>786432</Value1>
          </Entry>
          <Entry>
            <Values />
            <Value0>147456</Value0>
            <Value1>851968</Value1>
          </Entry>
          <Entry>
            <Values />
            <Value0>147456</Value0>
            <Value1>917504</Value1>
          </Entry>
        </Unknown>
        <Dialogs>
          <Dialog>○○○○○○○○</Dialog>
          <Dialog>Well, time to go home.</Dialog>
          <Dialog>(Ah,
▲小早川＊▲...)</Dialog>
          <Dialog>Ask her to go home
together</Dialog>
          <Dialog>Go home alone</Dialog>
          <Dialog>▲小早川＊▲.</Dialog>
          <Dialog>小早川</Dialog>
          <Dialog>▲主人公＊▲.</Dialog>
          <Dialog>Yo！ How about walking home
together？</Dialog>
          <Dialog>Why？</Dialog>
          <Dialog>Hmm... I want to walk home
with you. That's why.</Dialog>
          <Dialog>Hmm... Fine then.</Dialog>
          <Dialog>No.</Dialog>
          <Dialog>(What a pity...)</Dialog>
          <Dialog>(I'll go home alone today...)</Dialog>
        </Dialogs>
      </SDL2>
    </Entry>
    <Entry Unknown0="3600013936" Unknown1="746062777">
      <SDL2 Key="3750418274">
        <Unknown>
          <Entry>
            <Values />
            <Value0>147456</Value0>
            <Value1>65536</Value1>
          </Entry>
          <Entry>
            <Values />
            <Value0>147456</Value0>
            <Value1>131072</Value1>
          </Entry>
          <Entry>
            <Values />
            <Value0>65539</Value0>
            <Value1>65540</Value1>
          </Entry>
          <Entry>
            <Values />
            <Value0>65540</Value0>
            <Value1>147456</Value1>
          </Entry>
          <Entry>
            <Values />
            <Value0>147456</Value0>
            <Value1>327680</Value1>
          </Entry>
          <Entry>
            <Values>
              <Entry>
                <Value0>4294901761</Value0>
                <Value1>0</Value1>
              </Entry>
            </Values>
            <Value0>147462</Value0>
            <Value1>458752</Value1>
          </Entry>
          <Entry>
            <Values />
            <Value0>147456</Value0>
            <Value1>524288</Value1>
          </Entry>
          <Entry>
            <Values>
              <Entry>
                <Value0>39699</Value0>
                <Value1>0</Value1>
              </Entry>
            </Values>
            <Value0>147462</Value0>
            <Value1>589824</Value1>
          </Entry>
          <Entry>
            <Values />
            <Value0>147456</Value0>
            <Value1>655360</Value1>
          </Entry>
          <Entry>
            <Values>
              <Entry>
                <Value0>39700</Value0>
                <Value1>0</Value1>
              </Entry>
            </Values>
            <Value0>147462</Value0>
            <Value1>720896</Value1>
          </Entry>
          <Entry>
            <Values>
              <Entry>
                <Value0>39701</Value0>
                <Value1>0</Value1>
              </Entry>
            </Values>
            <Value0>147462</Value0>
            <Value1>786432</Value1>
          </Entry>
          <Entry>
            <Values />
            <Value0>147456</Value0>
            <Value1>851968</Value1>
          </Entry>
          <Entry>
            <Values />
            <Value0>147456</Value0>
            <Value1>917504</Value1>
          </Entry>
        </Unknown>
        <Dialogs>
          <Dialog>○○○○○○○○</Dialog>
          <Dialog>Well, time to go home.</Dialog>
          <Dialog>(Ah,
▲小早川＊▲...)</Dialog>
          <Dialog>Ask her to go home
together</Dialog>
          <Dialog>Go home alone</Dialog>
          <Dialog>▲小早川＊▲.</Dialog>
          <Dialog>小早川</Dialog>
          <Dialog>▲主人公＊▲.</Dialog>
          <Dialog>Yo！ How about walking home
together？</Dialog>
          <Dialog>Why？</Dialog>
          <Dialog>I see...</Dialog>
          <Dialog>But if you insist on following
me, I won't stop you.</Dialog>
          <Dialog>You don't have to look that
disappointed. I just got
something to do.</Dialog>
          <Dialog>(What a pity...)</Dialog>
          <Dialog>(I'll go home alone today...)</Dialog>
        </Dialogs>
      </SDL2>
    </Entry>
    <Entry Unknown0="2043182085" Unknown1="1340578030">
      <SDL2 Key="532291004">
        <Unknown>
          <Entry>
            <Values />
            <Value0>147456</Value0>
            <Value1>65536</Value1>
          </Entry>
          <Entry>
            <Values />
            <Value0>147456</Value0>
            <Value1>131072</Value1>
          </Entry>
          <Entry>
            <Values />
            <Value0>65539</Value0>
            <Value1>65540</Value1>
          </Entry>
          <Entry>
            <Values />
            <Value0>65540</Value0>
            <Value1>147456</Value1>
          </Entry>
          <Entry>
            <Values />
            <Value0>147456</Value0>
            <Value1>327680</Value1>
          </Entry>
          <Entry>
            <Values>
              <Entry>
                <Value0>4294901761</Value0>
                <Value1>0</Value1>
              </Entry>
            </Values>
            <Value0>147462</Value0>
            <Value1>458752</Value1>
          </Entry>
          <Entry>
            <Values />
            <Value0>147456</Value0>
            <Value1>524288</Value1>
          </Entry>
          <Entry>
            <Values>
              <Entry>
                <Value0>39702</Value0>
                <Value1>0</Value1>
              </Entry>
            </Values>
            <Value0>147462</Value0>
            <Value1>589824</Value1>
          </Entry>
          <Entry>
            <Values />
            <Value0>147456</Value0>
            <Value1>655360</Value1>
          </Entry>
          <Entry>
            <Values>
              <Entry>
                <Value0>39703</Value0>
                <Value1>0</Value1>
              </Entry>
            </Values>
            <Value0>147462</Value0>
            <Value1>720896</Value1>
          </Entry>
          <Entry>
            <Values>
              <Entry>
                <Value0>39704</Value0>
                <Value1>0</Value1>
              </Entry>
            </Values>
            <Value0>147462</Value0>
            <Value1>786432</Value1>
          </Entry>
          <Entry>
            <Values />
            <Value0>147456</Value0>
            <Value1>851968</Value1>
          </Entry>
          <Entry>
            <Values />
            <Value0>147456</Value0>
            <Value1>917504</Value1>
          </Entry>
        </Unknown>
        <Dialogs>
          <Dialog>○○○○○○○○</Dialog>
          <Dialog>Well, time to go home.</Dialog>
          <Dialog>(Ah,
▲小早川＊▲...)</Dialog>
          <Dialog>Ask her to go home
together</Dialog>
          <Dialog>Go home alone</Dialog>
          <Dialog>▲小早川＊▲.</Dialog>
          <Dialog>小早川</Dialog>
          <Dialog>▲主人公＊▲.</Dialog>
          <Dialog>Yo！ How about walking home
together？</Dialog>
          <Dialog>So late！</Dialog>
          <Dialog>Huh？ Are you waiting for me？</Dialog>
          <Dialog>Eh？ How could that be...？</Dialog>
          <Dialog>Today, I can't... I really
can't...</Dialog>
          <Dialog>(What a pity...)</Dialog>
          <Dialog>(I'll go home alone today...)</Dialog>
        </Dialogs>
      </SDL2>
    </Entry>
    <Entry Unknown0="2888750906" Unknown1="3581005140">
      <SDL2 Key="532291004">
        <Unknown>
          <Entry>
            <Values />
            <Value0>147456</Value0>
            <Value1>65536</Value1>
          </Entry>
          <Entry>
            <Values />
            <Value0>147456</Value0>
            <Value1>131072</Value1>
          </Entry>
          <Entry>
            <Values />
            <Value0>65539</Value0>
            <Value1>65540</Value1>
          </Entry>
          <Entry>
            <Values />
            <Value0>65540</Value0>
            <Value1>147456</Value1>
          </Entry>
          <Entry>
            <Values />
            <Value0>147456</Value0>
            <Value1>327680</Value1>
          </Entry>
          <Entry>
            <Values>
              <Entry>
                <Value0>4294901761</Value0>
                <Value1>0</Value1>
              </Entry>
            </Values>
            <Value0>147462</Value0>
            <Value1>458752</Value1>
          </Entry>
          <Entry>
            <Values />
            <Value0>147456</Value0>
            <Value1>524288</Value1>
          </Entry>
          <Entry>
            <Values>
              <Entry>
                <Value0>39705</Value0>
                <Value1>0</Value1>
              </Entry>
            </Values>
            <Value0>147462</Value0>
            <Value1>589824</Value1>
          </Entry>
          <Entry>
            <Values>
              <Entry>
                <Value0>39706</Value0>
                <Value1>0</Value1>
              </Entry>
            </Values>
            <Value0>147462</Value0>
            <Value1>655360</Value1>
          </Entry>
          <Entry>
            <Values />
            <Value0>147456</Value0>
            <Value1>720896</Value1>
          </Entry>
          <Entry>
            <Values />
            <Value0>147456</Value0>
            <Value1>786432</Value1>
          </Entry>
        </Unknown>
        <Dialogs>
          <Dialog>○○○○○○○○</Dialog>
          <Dialog>Well, time to go home.</Dialog>
          <Dialog>(Ah,
▲小早川＊▲...)</Dialog>
          <Dialog>Ask her to go home
together</Dialog>
          <Dialog>Go home alone</Dialog>
          <Dialog>Yo！</Dialog>
          <Dialog>小早川</Dialog>
          <Dialog>▲主人公＊▲.</Dialog>
          <Dialog>Wanna go home together？</Dialog>
          <Dialog>I was about to ask you that.</Dialog>
          <Dialog>Today, I can't. Why did you
have to ask me today？</Dialog>
          <Dialog>(What a pity...)</Dialog>
          <Dialog>(I'll go home alone today...)</Dialog>
        </Dialogs>
      </SDL2>
    </Entry>
    <Entry Unknown0="113453728" Unknown1="1118516201">
      <SDL2 Key="532291004">
        <Unknown>
          <Entry>
            <Values />
            <Value0>147456</Value0>
            <Value1>65536</Value1>
          </Entry>
          <Entry>
            <Values />
            <Value0>147456</Value0>
            <Value1>131072</Value1>
          </Entry>
          <Entry>
            <Values />
            <Value0>65539</Value0>
            <Value1>65540</Value1>
          </Entry>
          <Entry>
            <Values />
            <Value0>65540</Value0>
            <Value1>147456</Value1>
          </Entry>
          <Entry>
            <Values />
            <Value0>147456</Value0>
            <Value1>327680</Value1>
          </Entry>
          <Entry>
            <Values>
              <Entry>
                <Value0>4294901761</Value0>
                <Value1>0</Value1>
              </Entry>
            </Values>
            <Value0>147462</Value0>
            <Value1>458752</Value1>
          </Entry>
          <Entry>
            <Values />
            <Value0>147456</Value0>
            <Value1>524288</Value1>
          </Entry>
          <Entry>
            <Values>
              <Entry>
                <Value0>39707</Value0>
                <Value1>0</Value1>
              </Entry>
            </Values>
            <Value0>147462</Value0>
            <Value1>589824</Value1>
          </Entry>
          <Entry>
            <Values>
              <Entry>
                <Value0>39708</Value0>
                <Value1>0</Value1>
              </Entry>
            </Values>
            <Value0>147462</Value0>
            <Value1>655360</Value1>
          </Entry>
          <Entry>
            <Values />
            <Value0>147456</Value0>
            <Value1>720896</Value1>
          </Entry>
          <Entry>
            <Values />
            <Value0>147456</Value0>
            <Value1>786432</Value1>
          </Entry>
        </Unknown>
        <Dialogs>
          <Dialog>○○○○○○○○</Dialog>
          <Dialog>Well, time to go home.</Dialog>
          <Dialog>(Ah,
▲小早川＊▲...)</Dialog>
          <Dialog>Ask her to go home
together</Dialog>
          <Dialog>Go home alone</Dialog>
          <Dialog>Yo.</Dialog>
          <Dialog>小早川</Dialog>
          <Dialog>▲主人公＊▲.</Dialog>
          <Dialog>Wanna go home together？</Dialog>
          <Dialog>Hehe. I'm waiting for you.
Hey, are you happy？</Dialog>
          <Dialog>I can't go today.</Dialog>
          <Dialog>(What a pity...)</Dialog>
          <Dialog>(I'll go home alone today...)</Dialog>
        </Dialogs>
      </SDL2>
    </Entry>
    <Entry Unknown0="2851621941" Unknown1="2501101598">
      <SDL2 Key="3921393646">
        <Unknown>
          <Entry>
            <Values />
            <Value0>147456</Value0>
            <Value1>65536</Value1>
          </Entry>
          <Entry>
            <Values />
            <Value0>147456</Value0>
            <Value1>131072</Value1>
          </Entry>
          <Entry>
            <Values />
            <Value0>65539</Value0>
            <Value1>65540</Value1>
          </Entry>
          <Entry>
            <Values />
            <Value0>65540</Value0>
            <Value1>147456</Value1>
          </Entry>
          <Entry>
            <Values />
            <Value0>147456</Value0>
            <Value1>327680</Value1>
          </Entry>
          <Entry>
            <Values>
              <Entry>
                <Value0>4294901761</Value0>
                <Value1>0</Value1>
              </Entry>
            </Values>
            <Value0>147462</Value0>
            <Value1>458752</Value1>
          </Entry>
          <Entry>
            <Values />
            <Value0>147456</Value0>
            <Value1>524288</Value1>
          </Entry>
          <Entry>
            <Values>
              <Entry>
                <Value0>39709</Value0>
                <Value1>0</Value1>
              </Entry>
            </Values>
            <Value0>147462</Value0>
            <Value1>589824</Value1>
          </Entry>
          <Entry>
            <Values />
            <Value0>147456</Value0>
            <Value1>655360</Value1>
          </Entry>
          <Entry>
            <Values>
              <Entry>
                <Value0>39710</Value0>
                <Value1>0</Value1>
              </Entry>
            </Values>
            <Value0>147462</Value0>
            <Value1>720896</Value1>
          </Entry>
          <Entry>
            <Values>
              <Entry>
                <Value0>39711</Value0>
                <Value1>0</Value1>
              </Entry>
            </Values>
            <Value0>147462</Value0>
            <Value1>786432</Value1>
          </Entry>
          <Entry>
            <Values />
            <Value0>147456</Value0>
            <Value1>851968</Value1>
          </Entry>
          <Entry>
            <Values />
            <Value0>147456</Value0>
            <Value1>917504</Value1>
          </Entry>
        </Unknown>
        <Dialogs>
          <Dialog>○○○○○○○○</Dialog>
          <Dialog>Well, time to go home.</Dialog>
          <Dialog>(Ah,
▲小早川＊▲...)</Dialog>
          <Dialog>Ask her to go home
together</Dialog>
          <Dialog>Go home alone</Dialog>
          <Dialog>▲小早川＊▲.</Dialog>
          <Dialog>小早川</Dialog>
          <Dialog>▲主人公＊▲.</Dialog>
          <Dialog>Yo！ How about walking home
together？</Dialog>
          <Dialog>You're late.</Dialog>
          <Dialog>Huh？ Are you waiting for me？</Dialog>
          <Dialog>Rinko is your girlfriend. It
can't be helped...</Dialog>
          <Dialog>I can't today. Maybe next time
okay？ I'm your girlfriend,
after all.</Dialog>
          <Dialog>(What a pity...)</Dialog>
          <Dialog>(I'll go home alone today...)</Dialog>
        </Dialogs>
      </SDL2>
    </Entry>
    <Entry Unknown0="3697157994" Unknown1="4020632964">
      <SDL2 Key="3921393646">
        <Unknown>
          <Entry>
            <Values />
            <Value0>147456</Value0>
            <Value1>65536</Value1>
          </Entry>
          <Entry>
            <Values />
            <Value0>147456</Value0>
            <Value1>131072</Value1>
          </Entry>
          <Entry>
            <Values />
            <Value0>65539</Value0>
            <Value1>65540</Value1>
          </Entry>
          <Entry>
            <Values />
            <Value0>65540</Value0>
            <Value1>147456</Value1>
          </Entry>
          <Entry>
            <Values />
            <Value0>147456</Value0>
            <Value1>327680</Value1>
          </Entry>
          <Entry>
            <Values>
              <Entry>
                <Value0>4294901761</Value0>
                <Value1>0</Value1>
              </Entry>
            </Values>
            <Value0>147462</Value0>
            <Value1>458752</Value1>
          </Entry>
          <Entry>
            <Values />
            <Value0>147456</Value0>
            <Value1>524288</Value1>
          </Entry>
          <Entry>
            <Values>
              <Entry>
                <Value0>39764</Value0>
                <Value1>0</Value1>
              </Entry>
              <Entry>
                <Value0>39765</Value0>
                <Value1>667</Value1>
              </Entry>
            </Values>
            <Value0>147462</Value0>
            <Value1>589824</Value1>
          </Entry>
          <Entry>
            <Values>
              <Entry>
                <Value0>39766</Value0>
                <Value1>0</Value1>
              </Entry>
            </Values>
            <Value0>147462</Value0>
            <Value1>655360</Value1>
          </Entry>
          <Entry>
            <Values />
            <Value0>147456</Value0>
            <Value1>720896</Value1>
          </Entry>
          <Entry>
            <Values />
            <Value0>147456</Value0>
            <Value1>786432</Value1>
          </Entry>
        </Unknown>
        <Dialogs>
          <Dialog>○○○○○○○○</Dialog>
          <Dialog>Well, time to go home.</Dialog>
          <Dialog>(Ah,
▲小早川＊▲...)</Dialog>
          <Dialog>Ask her to go home
together</Dialog>
          <Dialog>Go home alone</Dialog>
          <Dialog>▲小早川＊▲.</Dialog>
          <Dialog>小早川</Dialog>
          <Dialog>▲主人公＊▲.</Dialog>
          <Dialog>Yo！ How about walking home
together？</Dialog>
          <Dialog>We're dating, so this is
normal, right？ Rinko's been
waiting for you anyway.</Dialog>
          <Dialog>I can't today. Why did you
have to ask me today, huh？</Dialog>
          <Dialog>(What a pity...)</Dialog>
          <Dialog>(I'll go home alone today...)</Dialog>
        </Dialogs>
      </SDL2>
    </Entry>
    <Entry Unknown0="921926352" Unknown1="2564776729">
      <SDL2 Key="3921393646">
        <Unknown>
          <Entry>
            <Values />
            <Value0>147456</Value0>
            <Value1>65536</Value1>
          </Entry>
          <Entry>
            <Values />
            <Value0>147456</Value0>
            <Value1>131072</Value1>
          </Entry>
          <Entry>
            <Values />
            <Value0>65539</Value0>
            <Value1>65540</Value1>
          </Entry>
          <Entry>
            <Values />
            <Value0>65540</Value0>
            <Value1>147456</Value1>
          </Entry>
          <Entry>
            <Values />
            <Value0>147456</Value0>
            <Value1>327680</Value1>
          </Entry>
          <Entry>
            <Values>
              <Entry>
                <Value0>4294901761</Value0>
                <Value1>0</Value1>
              </Entry>
            </Values>
            <Value0>147462</Value0>
            <Value1>458752</Value1>
          </Entry>
          <Entry>
            <Values />
            <Value0>147456</Value0>
            <Value1>524288</Value1>
          </Entry>
          <Entry>
            <Values>
              <Entry>
                <Value0>39712</Value0>
                <Value1>0</Value1>
              </Entry>
            </Values>
            <Value0>147462</Value0>
            <Value1>589824</Value1>
          </Entry>
          <Entry>
            <Values>
              <Entry>
                <Value0>39713</Value0>
                <Value1>0</Value1>
              </Entry>
            </Values>
            <Value0>147462</Value0>
            <Value1>655360</Value1>
          </Entry>
          <Entry>
            <Values />
            <Value0>147456</Value0>
            <Value1>720896</Value1>
          </Entry>
          <Entry>
            <Values />
            <Value0>147456</Value0>
            <Value1>786432</Value1>
          </Entry>
        </Unknown>
        <Dialogs>
          <Dialog>○○○○○○○○</Dialog>
          <Dialog>Well, time to go home.</Dialog>
          <Dialog>(Ah,
▲小早川＊▲...)</Dialog>
          <Dialog>Ask her to go home
together</Dialog>
          <Dialog>Go home alone</Dialog>
          <Dialog>▲小早川＊▲.</Dialog>
          <Dialog>小早川</Dialog>
          <Dialog>▲主人公＊▲.</Dialog>
          <Dialog>Yo！ Let's go home together.</Dialog>
          <Dialog>Yeah, Rinko has been waiting,
you know？ It's good to have
such a nice girlfriend,
right？</Dialog>
          <Dialog>I have to hurry home today.
Sorry.</Dialog>
          <Dialog>(What a pity...)</Dialog>
          <Dialog>(I'll go home alone today...)</Dialog>
        </Dialogs>
      </SDL2>
    </Entry>
    <Entry Unknown0="3643317349" Unknown1="2470705230">
      <SDL2 Key="2709338821">
        <Unknown>
          <Entry>
            <Values />
            <Value0>147456</Value0>
            <Value1>65536</Value1>
          </Entry>
          <Entry>
            <Values />
            <Value0>147456</Value0>
            <Value1>131072</Value1>
          </Entry>
          <Entry>
            <Values />
            <Value0>65539</Value0>
            <Value1>65540</Value1>
          </Entry>
          <Entry>
            <Values />
            <Value0>65540</Value0>
            <Value1>147456</Value1>
          </Entry>
          <Entry>
            <Values />
            <Value0>147456</Value0>
            <Value1>327680</Value1>
          </Entry>
          <Entry>
            <Values>
              <Entry>
                <Value0>39714</Value0>
                <Value1>0</Value1>
              </Entry>
            </Values>
            <Value0>147462</Value0>
            <Value1>458752</Value1>
          </Entry>
          <Entry>
            <Values>
              <Entry>
                <Value0>39715</Value0>
                <Value1>0</Value1>
              </Entry>
            </Values>
            <Value0>147462</Value0>
            <Value1>524288</Value1>
          </Entry>
          <Entry>
            <Values />
            <Value0>147456</Value0>
            <Value1>589824</Value1>
          </Entry>
          <Entry>
            <Values />
            <Value0>147456</Value0>
            <Value1>655360</Value1>
          </Entry>
        </Unknown>
        <Dialogs>
          <Dialog>○○○○○○○○</Dialog>
          <Dialog>Well, time to go home.</Dialog>
          <Dialog>(Ah,
▲小早川＊▲...)</Dialog>
          <Dialog>Ask her to go home
together</Dialog>
          <Dialog>Go home alone</Dialog>
          <Dialog>Yo！ How about walking home
together？</Dialog>
          <Dialog>小早川</Dialog>
          <Dialog>Yeah, okay. Because I'm your
girlfriend, so okay.</Dialog>
          <Dialog>I've got something to do.
...Bye.</Dialog>
          <Dialog>(What a pity...)</Dialog>
          <Dialog>(I'll go home alone today...)</Dialog>
        </Dialogs>
      </SDL2>
    </Entry>
    <Entry Unknown0="210663322" Unknown1="164965812">
      <SDL2 Key="3250348335">
        <Unknown>
          <Entry>
            <Values />
            <Value0>147456</Value0>
            <Value1>65536</Value1>
          </Entry>
          <Entry>
            <Values />
            <Value0>147456</Value0>
            <Value1>131072</Value1>
          </Entry>
          <Entry>
            <Values />
            <Value0>65539</Value0>
            <Value1>65540</Value1>
          </Entry>
          <Entry>
            <Values />
            <Value0>65540</Value0>
            <Value1>147456</Value1>
          </Entry>
          <Entry>
            <Values />
            <Value0>147456</Value0>
            <Value1>327680</Value1>
          </Entry>
          <Entry>
            <Values>
              <Entry>
                <Value0>4294901761</Value0>
                <Value1>0</Value1>
              </Entry>
            </Values>
            <Value0>147462</Value0>
            <Value1>458752</Value1>
          </Entry>
          <Entry>
            <Values />
            <Value0>147456</Value0>
            <Value1>524288</Value1>
          </Entry>
          <Entry>
            <Values>
              <Entry>
                <Value0>39716</Value0>
                <Value1>0</Value1>
              </Entry>
            </Values>
            <Value0>147462</Value0>
            <Value1>589824</Value1>
          </Entry>
          <Entry>
            <Values>
              <Entry>
                <Value0>39717</Value0>
                <Value1>0</Value1>
              </Entry>
            </Values>
            <Value0>147462</Value0>
            <Value1>655360</Value1>
          </Entry>
          <Entry>
            <Values />
            <Value0>147456</Value0>
            <Value1>720896</Value1>
          </Entry>
          <Entry>
            <Values />
            <Value0>147456</Value0>
            <Value1>786432</Value1>
          </Entry>
        </Unknown>
        <Dialogs>
          <Dialog>○○○○○○○○</Dialog>
          <Dialog>Well, time to go home.</Dialog>
          <Dialog>(Ah,
▲小早川＊▲...)</Dialog>
          <Dialog>Ask her to go home
together</Dialog>
          <Dialog>Go home alone</Dialog>
          <Dialog>▲小早川＊▲.</Dialog>
          <Dialog>小早川</Dialog>
          <Dialog>▲主人公＊▲.</Dialog>
          <Dialog>How about going home
together？</Dialog>
          <Dialog>Fine. I allow you to walk with
me.</Dialog>
          <Dialog>Today I have to pass. I got
things to do.</Dialog>
          <Dialog>(What a pity...)</Dialog>
          <Dialog>(I'll go home alone today...)</Dialog>
        </Dialogs>
      </SDL2>
    </Entry>
    <Entry Unknown0="1713588736" Unknown1="2651820873">
      <SDL2 Key="3250348335">
        <Unknown>
          <Entry>
            <Values />
            <Value0>147456</Value0>
            <Value1>65536</Value1>
          </Entry>
          <Entry>
            <Values />
            <Value0>147456</Value0>
            <Value1>131072</Value1>
          </Entry>
          <Entry>
            <Values />
            <Value0>65539</Value0>
            <Value1>65540</Value1>
          </Entry>
          <Entry>
            <Values />
            <Value0>65540</Value0>
            <Value1>147456</Value1>
          </Entry>
          <Entry>
            <Values />
            <Value0>147456</Value0>
            <Value1>327680</Value1>
          </Entry>
          <Entry>
            <Values>
              <Entry>
                <Value0>4294901761</Value0>
                <Value1>0</Value1>
              </Entry>
            </Values>
            <Value0>147462</Value0>
            <Value1>458752</Value1>
          </Entry>
          <Entry>
            <Values />
            <Value0>147456</Value0>
            <Value1>524288</Value1>
          </Entry>
          <Entry>
            <Values>
              <Entry>
                <Value0>39718</Value0>
                <Value1>0</Value1>
              </Entry>
            </Values>
            <Value0>147462</Value0>
            <Value1>589824</Value1>
          </Entry>
          <Entry>
            <Values>
              <Entry>
                <Value0>39719</Value0>
                <Value1>0</Value1>
              </Entry>
            </Values>
            <Value0>147462</Value0>
            <Value1>655360</Value1>
          </Entry>
          <Entry>
            <Values />
            <Value0>147456</Value0>
            <Value1>720896</Value1>
          </Entry>
          <Entry>
            <Values />
            <Value0>147456</Value0>
            <Value1>786432</Value1>
          </Entry>
        </Unknown>
        <Dialogs>
          <Dialog>○○○○○○○○</Dialog>
          <Dialog>Well, time to go home.</Dialog>
          <Dialog>(Ah,
▲小早川＊▲...)</Dialog>
          <Dialog>Ask her to go home
together</Dialog>
          <Dialog>Go home alone</Dialog>
          <Dialog>▲小早川＊▲.</Dialog>
          <Dialog>小早川</Dialog>
          <Dialog>▲主人公＊▲.</Dialog>
          <Dialog>Yo！ Let's go home together.</Dialog>
          <Dialog>Yeah. Let's go together.</Dialog>
          <Dialog>I can't today.</Dialog>
          <Dialog>(What a pity...)</Dialog>
          <Dialog>(I'll go home alone today...)</Dialog>
        </Dialogs>
      </SDL2>
    </Entry>
    <Entry Unknown0="156822677" Unknown1="3648202878">
      <SDL2 Key="3250348335">
        <Unknown>
          <Entry>
            <Values />
            <Value0>147456</Value0>
            <Value1>65536</Value1>
          </Entry>
          <Entry>
            <Values />
            <Value0>147456</Value0>
            <Value1>131072</Value1>
          </Entry>
          <Entry>
            <Values />
            <Value0>65539</Value0>
            <Value1>65540</Value1>
          </Entry>
          <Entry>
            <Values />
            <Value0>65540</Value0>
            <Value1>147456</Value1>
          </Entry>
          <Entry>
            <Values />
            <Value0>147456</Value0>
            <Value1>327680</Value1>
          </Entry>
          <Entry>
            <Values />
            <Value0>147462</Value0>
            <Value1>458752</Value1>
          </Entry>
          <Entry>
            <Values />
            <Value0>147456</Value0>
            <Value1>524288</Value1>
          </Entry>
          <Entry>
            <Values />
            <Value0>147456</Value0>
            <Value1>589824</Value1>
          </Entry>
          <Entry>
            <Values />
            <Value0>147456</Value0>
            <Value1>655360</Value1>
          </Entry>
          <Entry>
            <Values />
            <Value0>147456</Value0>
            <Value1>720896</Value1>
          </Entry>
        </Unknown>
        <Dialogs>
          <Dialog>○○○○○○○○</Dialog>
          <Dialog>Well, time to go home.</Dialog>
          <Dialog>(Ah,
▲小早川＊▲...)</Dialog>
          <Dialog>Ask her to go home
together</Dialog>
          <Dialog>Go home alone</Dialog>
          <Dialog>Yo！ How about walking home
together？</Dialog>
          <Dialog>小早川</Dialog>
          <Dialog>......</Dialog>
          <Dialog>You got something to do？</Dialog>
          <Dialog>▲小早川＊▲？</Dialog>
          <Dialog>(She's in a bad mood...)</Dialog>
          <Dialog>(I'll go home alone today...)</Dialog>
        </Dialogs>
      </SDL2>
    </Entry>
    <Entry Unknown0="1019103178" Unknown1="1661296100">
      <SDL2 Key="4058810507">
        <Unknown>
          <Entry>
            <Values />
            <Value0>147456</Value0>
            <Value1>65536</Value1>
          </Entry>
          <Entry>
            <Values />
            <Value0>147456</Value0>
            <Value1>131072</Value1>
          </Entry>
          <Entry>
            <Values />
            <Value0>65539</Value0>
            <Value1>65540</Value1>
          </Entry>
          <Entry>
            <Values />
            <Value0>65540</Value0>
            <Value1>147456</Value1>
          </Entry>
          <Entry>
            <Values />
            <Value0>147456</Value0>
            <Value1>327680</Value1>
          </Entry>
          <Entry>
            <Values>
              <Entry>
                <Value0>4294901761</Value0>
                <Value1>0</Value1>
              </Entry>
            </Values>
            <Value0>147462</Value0>
            <Value1>458752</Value1>
          </Entry>
          <Entry>
            <Values />
            <Value0>147456</Value0>
            <Value1>524288</Value1>
          </Entry>
          <Entry>
            <Values>
              <Entry>
                <Value0>39720</Value0>
                <Value1>0</Value1>
              </Entry>
            </Values>
            <Value0>147462</Value0>
            <Value1>589824</Value1>
          </Entry>
          <Entry>
            <Values />
            <Value0>147456</Value0>
            <Value1>655360</Value1>
          </Entry>
          <Entry>
            <Values>
              <Entry>
                <Value0>39721</Value0>
                <Value1>0</Value1>
              </Entry>
            </Values>
            <Value0>147462</Value0>
            <Value1>720896</Value1>
          </Entry>
          <Entry>
            <Values />
            <Value0>147456</Value0>
            <Value1>786432</Value1>
          </Entry>
          <Entry>
            <Values />
            <Value0>147456</Value0>
            <Value1>851968</Value1>
          </Entry>
        </Unknown>
        <Dialogs>
          <Dialog>○○○○○○○○</Dialog>
          <Dialog>Well, time to go home.</Dialog>
          <Dialog>(Ah,
▲小早川＊▲...)</Dialog>
          <Dialog>Ask her to go home
together</Dialog>
          <Dialog>Go home alone</Dialog>
          <Dialog>▲小早川＊▲.</Dialog>
          <Dialog>小早川</Dialog>
          <Dialog>▲主人公＊▲.</Dialog>
          <Dialog>Yo！ How about walking home
together？</Dialog>
          <Dialog>Why？</Dialog>
          <Dialog>You got something to do？</Dialog>
          <Dialog>No. I don't have any reason,
but no.</Dialog>
          <Dialog>(She's in a bad mood...)</Dialog>
          <Dialog>(I'll go home alone today...)</Dialog>
        </Dialogs>
      </SDL2>
    </Entry>
    <Entry Unknown0="2522061360" Unknown1="3560948601">
      <SDL2 Key="3116243794">
        <Unknown>
          <Entry>
            <Values />
            <Value0>147456</Value0>
            <Value1>65536</Value1>
          </Entry>
          <Entry>
            <Values />
            <Value0>147456</Value0>
            <Value1>131072</Value1>
          </Entry>
          <Entry>
            <Values />
            <Value0>65539</Value0>
            <Value1>65540</Value1>
          </Entry>
          <Entry>
            <Values />
            <Value0>65540</Value0>
            <Value1>147456</Value1>
          </Entry>
          <Entry>
            <Values />
            <Value0>147456</Value0>
            <Value1>327680</Value1>
          </Entry>
          <Entry>
            <Values>
              <Entry>
                <Value0>4294901761</Value0>
                <Value1>0</Value1>
              </Entry>
            </Values>
            <Value0>147462</Value0>
            <Value1>458752</Value1>
          </Entry>
          <Entry>
            <Values />
            <Value0>147456</Value0>
            <Value1>524288</Value1>
          </Entry>
          <Entry>
            <Values>
              <Entry>
                <Value0>39722</Value0>
                <Value1>0</Value1>
              </Entry>
            </Values>
            <Value0>147462</Value0>
            <Value1>589824</Value1>
          </Entry>
          <Entry>
            <Values />
            <Value0>147456</Value0>
            <Value1>655360</Value1>
          </Entry>
          <Entry>
            <Values>
              <Entry>
                <Value0>39723</Value0>
                <Value1>0</Value1>
              </Entry>
            </Values>
            <Value0>147462</Value0>
            <Value1>720896</Value1>
          </Entry>
          <Entry>
            <Values />
            <Value0>147456</Value0>
            <Value1>786432</Value1>
          </Entry>
          <Entry>
            <Values />
            <Value0>147456</Value0>
            <Value1>851968</Value1>
          </Entry>
        </Unknown>
        <Dialogs>
          <Dialog>○○○○○○○○</Dialog>
          <Dialog>Well, time to go home.</Dialog>
          <Dialog>(Ah,
▲小早川＊▲...)</Dialog>
          <Dialog>Ask her to go home
together</Dialog>
          <Dialog>Go home alone</Dialog>
          <Dialog>▲小早川＊▲.</Dialog>
          <Dialog>小早川</Dialog>
          <Dialog>▲主人公＊▲.</Dialog>
          <Dialog>Yo！ Let's go home together.</Dialog>
          <Dialog>...No.</Dialog>
          <Dialog>You got something to do？</Dialog>
          <Dialog>No reason. I just don't want
to...</Dialog>
          <Dialog>(She's in a bad mood...)</Dialog>
          <Dialog>(I'll go home alone today...)</Dialog>
        </Dialogs>
      </SDL2>
    </Entry>
    <Entry Unknown0="965229765" Unknown1="2141673646">
      <SDL2 Key="3116243794">
        <Unknown>
          <Entry>
            <Values>
              <Entry>
                <Value0>4294901761</Value0>
                <Value1>0</Value1>
              </Entry>
            </Values>
            <Value0>147456</Value0>
            <Value1>65536</Value1>
          </Entry>
          <Entry>
            <Values />
            <Value0>147458</Value0>
            <Value1>196608</Value1>
          </Entry>
          <Entry>
            <Values>
              <Entry>
                <Value0>39724</Value0>
                <Value1>0</Value1>
              </Entry>
            </Values>
            <Value0>147456</Value0>
            <Value1>262144</Value1>
          </Entry>
          <Entry>
            <Values />
            <Value0>147458</Value0>
            <Value1>327680</Value1>
          </Entry>
          <Entry>
            <Values>
              <Entry>
                <Value0>39725</Value0>
                <Value1>0</Value1>
              </Entry>
            </Values>
            <Value0>147456</Value0>
            <Value1>393216</Value1>
          </Entry>
          <Entry>
            <Values />
            <Value0>65543</Value0>
            <Value1>65544</Value1>
          </Entry>
          <Entry>
            <Values />
            <Value0>65544</Value0>
            <Value1>147458</Value1>
          </Entry>
          <Entry>
            <Values />
            <Value0>147458</Value0>
            <Value1>589824</Value1>
          </Entry>
          <Entry>
            <Values>
              <Entry>
                <Value0>39726</Value0>
                <Value1>0</Value1>
              </Entry>
            </Values>
            <Value0>147456</Value0>
            <Value1>655360</Value1>
          </Entry>
          <Entry>
            <Values />
            <Value0>147458</Value0>
            <Value1>720896</Value1>
          </Entry>
          <Entry>
            <Values>
              <Entry>
                <Value0>39727</Value0>
                <Value1>0</Value1>
              </Entry>
            </Values>
            <Value0>147456</Value0>
            <Value1>786432</Value1>
          </Entry>
          <Entry>
            <Values />
            <Value0>147458</Value0>
            <Value1>851968</Value1>
          </Entry>
        </Unknown>
        <Dialogs>
          <Dialog>小早川</Dialog>
          <Dialog>▲主人公＊▲.</Dialog>
          <Dialog>○○○○○○○○</Dialog>
          <Dialog>Ah,
▲小早川＊▲.</Dialog>
          <Dialog>I've been waiting.</Dialog>
          <Dialog>I see. Do you need anything？</Dialog>
          <Dialog>Can't you understand that I
want to go home with you？</Dialog>
          <Dialog>Fine. Let's walk home
together</Dialog>
          <Dialog>Sorry, I can't go with you</Dialog>
          <Dialog>Fine. Let's walk home together
then.</Dialog>
          <Dialog>Hehe.</Dialog>
          <Dialog>Sorry. Today, I really can't
go with you.</Dialog>
          <Dialog>Fine then. If you are that
busy！</Dialog>
          <Dialog>Sorry.</Dialog>
        </Dialogs>
      </SDL2>
    </Entry>
    <Entry Unknown0="1827575802" Unknown1="3845229844">
      <SDL2 Key="3116243794">
        <Unknown>
          <Entry>
            <Values>
              <Entry>
                <Value0>4294901761</Value0>
                <Value1>0</Value1>
              </Entry>
            </Values>
            <Value0>147456</Value0>
            <Value1>65536</Value1>
          </Entry>
          <Entry>
            <Values />
            <Value0>147458</Value0>
            <Value1>196608</Value1>
          </Entry>
          <Entry>
            <Values>
              <Entry>
                <Value0>39728</Value0>
                <Value1>0</Value1>
              </Entry>
            </Values>
            <Value0>147456</Value0>
            <Value1>262144</Value1>
          </Entry>
          <Entry>
            <Values />
            <Value0>65541</Value0>
            <Value1>65542</Value1>
          </Entry>
          <Entry>
            <Values />
            <Value0>65542</Value0>
            <Value1>147458</Value1>
          </Entry>
          <Entry>
            <Values />
            <Value0>147458</Value0>
            <Value1>458752</Value1>
          </Entry>
          <Entry>
            <Values>
              <Entry>
                <Value0>39729</Value0>
                <Value1>0</Value1>
              </Entry>
            </Values>
            <Value0>147456</Value0>
            <Value1>524288</Value1>
          </Entry>
          <Entry>
            <Values />
            <Value0>147458</Value0>
            <Value1>589824</Value1>
          </Entry>
          <Entry>
            <Values>
              <Entry>
                <Value0>39730</Value0>
                <Value1>0</Value1>
              </Entry>
            </Values>
            <Value0>147456</Value0>
            <Value1>655360</Value1>
          </Entry>
          <Entry>
            <Values />
            <Value0>147458</Value0>
            <Value1>720896</Value1>
          </Entry>
        </Unknown>
        <Dialogs>
          <Dialog>小早川</Dialog>
          <Dialog>▲主人公＊▲.</Dialog>
          <Dialog>○○○○○○○○</Dialog>
          <Dialog>Ah...
▲小早川＊▲.</Dialog>
          <Dialog>I think I should go home with
you sometimes.</Dialog>
          <Dialog>Fine. Let's walk home
together</Dialog>
          <Dialog>Sorry, I can't go with you</Dialog>
          <Dialog>Ah, let's go together then.</Dialog>
          <Dialog>Whatever you want.</Dialog>
          <Dialog>Sorry. Today, I really can't
go with you.</Dialog>
          <Dialog>I'll just be a lonely girl who
walks home alone then.</Dialog>
          <Dialog>Sorry.</Dialog>
        </Dialogs>
      </SDL2>
    </Entry>
    <Entry Unknown0="3330533984" Unknown1="1919677353">
      <SDL2 Key="3116243794">
        <Unknown>
          <Entry>
            <Values>
              <Entry>
                <Value0>4294901761</Value0>
                <Value1>0</Value1>
              </Entry>
            </Values>
            <Value0>147456</Value0>
            <Value1>65536</Value1>
          </Entry>
          <Entry>
            <Values />
            <Value0>147458</Value0>
            <Value1>196608</Value1>
          </Entry>
          <Entry>
            <Values>
              <Entry>
                <Value0>39731</Value0>
                <Value1>0</Value1>
              </Entry>
            </Values>
            <Value0>147456</Value0>
            <Value1>262144</Value1>
          </Entry>
          <Entry>
            <Values />
            <Value0>65541</Value0>
            <Value1>65542</Value1>
          </Entry>
          <Entry>
            <Values />
            <Value0>65542</Value0>
            <Value1>147458</Value1>
          </Entry>
          <Entry>
            <Values />
            <Value0>147458</Value0>
            <Value1>458752</Value1>
          </Entry>
          <Entry>
            <Values>
              <Entry>
                <Value0>39732</Value0>
                <Value1>0</Value1>
              </Entry>
            </Values>
            <Value0>147456</Value0>
            <Value1>524288</Value1>
          </Entry>
          <Entry>
            <Values />
            <Value0>147458</Value0>
            <Value1>589824</Value1>
          </Entry>
          <Entry>
            <Values>
              <Entry>
                <Value0>39733</Value0>
                <Value1>0</Value1>
              </Entry>
            </Values>
            <Value0>147456</Value0>
            <Value1>655360</Value1>
          </Entry>
          <Entry>
            <Values />
            <Value0>147458</Value0>
            <Value1>720896</Value1>
          </Entry>
        </Unknown>
        <Dialogs>
          <Dialog>小早川</Dialog>
          <Dialog>▲主人公＊▲.</Dialog>
          <Dialog>○○○○○○○○</Dialog>
          <Dialog>Ah！
▲小早川＊▲.</Dialog>
          <Dialog>You're about to go home？
Rinko can walk along with you,
right？</Dialog>
          <Dialog>Fine. Let's walk home
together</Dialog>
          <Dialog>Sorry, I can't go with you</Dialog>
          <Dialog>Fine. Let's walk home together
then.</Dialog>
          <Dialog>Hehe. I'm glad.</Dialog>
          <Dialog>Sorry. Today, I really can't
go with you.</Dialog>
          <Dialog>Then fine. I'll just go home
alone.</Dialog>
          <Dialog>Sorry.</Dialog>
        </Dialogs>
      </SDL2>
    </Entry>
    <Entry Unknown0="1773669621" Unknown1="785877214">
      <SDL2 Key="3689755324">
        <Unknown>
          <Entry>
            <Values>
              <Entry>
                <Value0>4294901761</Value0>
                <Value1>0</Value1>
              </Entry>
            </Values>
            <Value0>147456</Value0>
            <Value1>65536</Value1>
          </Entry>
          <Entry>
            <Values />
            <Value0>147458</Value0>
            <Value1>196608</Value1>
          </Entry>
          <Entry>
            <Values>
              <Entry>
                <Value0>39724</Value0>
                <Value1>0</Value1>
              </Entry>
            </Values>
            <Value0>147456</Value0>
            <Value1>262144</Value1>
          </Entry>
          <Entry>
            <Values />
            <Value0>147458</Value0>
            <Value1>327680</Value1>
          </Entry>
          <Entry>
            <Values>
              <Entry>
                <Value0>39725</Value0>
                <Value1>0</Value1>
              </Entry>
            </Values>
            <Value0>147456</Value0>
            <Value1>393216</Value1>
          </Entry>
          <Entry>
            <Values />
            <Value0>65543</Value0>
            <Value1>65544</Value1>
          </Entry>
          <Entry>
            <Values />
            <Value0>65544</Value0>
            <Value1>147458</Value1>
          </Entry>
          <Entry>
            <Values />
            <Value0>147458</Value0>
            <Value1>589824</Value1>
          </Entry>
          <Entry>
            <Values>
              <Entry>
                <Value0>39726</Value0>
                <Value1>0</Value1>
              </Entry>
            </Values>
            <Value0>147456</Value0>
            <Value1>655360</Value1>
          </Entry>
          <Entry>
            <Values />
            <Value0>147458</Value0>
            <Value1>720896</Value1>
          </Entry>
          <Entry>
            <Values>
              <Entry>
                <Value0>39727</Value0>
                <Value1>0</Value1>
              </Entry>
            </Values>
            <Value0>147456</Value0>
            <Value1>786432</Value1>
          </Entry>
          <Entry>
            <Values />
            <Value0>147458</Value0>
            <Value1>851968</Value1>
          </Entry>
        </Unknown>
        <Dialogs>
          <Dialog>小早川</Dialog>
          <Dialog>▲主人公＊▲.</Dialog>
          <Dialog>○○○○○○○○</Dialog>
          <Dialog>Ah,
▲小早川＊▲.</Dialog>
          <Dialog>I've been waiting.</Dialog>
          <Dialog>I see. Do you need anything？</Dialog>
          <Dialog>Can't you understand that I
want to go home with you？</Dialog>
          <Dialog>Fine. Let's walk home
together</Dialog>
          <Dialog>Sorry, I can't go with you</Dialog>
          <Dialog>Fine. Let's walk home together
then.</Dialog>
          <Dialog>Hehe.</Dialog>
          <Dialog>Sorry. Today, I really can't
go with you.</Dialog>
          <Dialog>Fine then. If you are that
busy！</Dialog>
          <Dialog>Sorry.</Dialog>
        </Dialogs>
      </SDL2>
    </Entry>
    <Entry Unknown0="2619270954" Unknown1="3563175236">
      <SDL2 Key="3689755324">
        <Unknown>
          <Entry>
            <Values>
              <Entry>
                <Value0>4294901761</Value0>
                <Value1>0</Value1>
              </Entry>
            </Values>
            <Value0>147456</Value0>
            <Value1>65536</Value1>
          </Entry>
          <Entry>
            <Values />
            <Value0>147458</Value0>
            <Value1>196608</Value1>
          </Entry>
          <Entry>
            <Values>
              <Entry>
                <Value0>39728</Value0>
                <Value1>0</Value1>
              </Entry>
            </Values>
            <Value0>147456</Value0>
            <Value1>262144</Value1>
          </Entry>
          <Entry>
            <Values />
            <Value0>65541</Value0>
            <Value1>65542</Value1>
          </Entry>
          <Entry>
            <Values />
            <Value0>65542</Value0>
            <Value1>147458</Value1>
          </Entry>
          <Entry>
            <Values />
            <Value0>147458</Value0>
            <Value1>458752</Value1>
          </Entry>
          <Entry>
            <Values>
              <Entry>
                <Value0>39729</Value0>
                <Value1>0</Value1>
              </Entry>
            </Values>
            <Value0>147456</Value0>
            <Value1>524288</Value1>
          </Entry>
          <Entry>
            <Values />
            <Value0>147458</Value0>
            <Value1>589824</Value1>
          </Entry>
          <Entry>
            <Values>
              <Entry>
                <Value0>39730</Value0>
                <Value1>0</Value1>
              </Entry>
            </Values>
            <Value0>147456</Value0>
            <Value1>655360</Value1>
          </Entry>
          <Entry>
            <Values />
            <Value0>147458</Value0>
            <Value1>720896</Value1>
          </Entry>
        </Unknown>
        <Dialogs>
          <Dialog>小早川</Dialog>
          <Dialog>▲主人公＊▲.</Dialog>
          <Dialog>○○○○○○○○</Dialog>
          <Dialog>Ah...
▲小早川＊▲.</Dialog>
          <Dialog>I think I should go home with
you sometimes.</Dialog>
          <Dialog>Fine. Let's walk home
together</Dialog>
          <Dialog>Sorry, I can't go with you</Dialog>
          <Dialog>Ah, let's go together then.</Dialog>
          <Dialog>Whatever you want.</Dialog>
          <Dialog>Sorry. Today, I really can't
go with you.</Dialog>
          <Dialog>I'll just be a lonely girl who
walks home alone then.</Dialog>
          <Dialog>Sorry.</Dialog>
        </Dialogs>
      </SDL2>
    </Entry>
    <Entry Unknown0="4138941072" Unknown1="597369817">
      <SDL2 Key="3689755324">
        <Unknown>
          <Entry>
            <Values>
              <Entry>
                <Value0>4294901761</Value0>
                <Value1>0</Value1>
              </Entry>
            </Values>
            <Value0>147456</Value0>
            <Value1>65536</Value1>
          </Entry>
          <Entry>
            <Values />
            <Value0>147458</Value0>
            <Value1>196608</Value1>
          </Entry>
          <Entry>
            <Values>
              <Entry>
                <Value0>39731</Value0>
                <Value1>0</Value1>
              </Entry>
            </Values>
            <Value0>147456</Value0>
            <Value1>262144</Value1>
          </Entry>
          <Entry>
            <Values />
            <Value0>65541</Value0>
            <Value1>65542</Value1>
          </Entry>
          <Entry>
            <Values />
            <Value0>65542</Value0>
            <Value1>147458</Value1>
          </Entry>
          <Entry>
            <Values />
            <Value0>147458</Value0>
            <Value1>458752</Value1>
          </Entry>
          <Entry>
            <Values>
              <Entry>
                <Value0>39732</Value0>
                <Value1>0</Value1>
              </Entry>
            </Values>
            <Value0>147456</Value0>
            <Value1>524288</Value1>
          </Entry>
          <Entry>
            <Values />
            <Value0>147458</Value0>
            <Value1>589824</Value1>
          </Entry>
          <Entry>
            <Values>
              <Entry>
                <Value0>39733</Value0>
                <Value1>0</Value1>
              </Entry>
            </Values>
            <Value0>147456</Value0>
            <Value1>655360</Value1>
          </Entry>
          <Entry>
            <Values />
            <Value0>147458</Value0>
            <Value1>720896</Value1>
          </Entry>
        </Unknown>
        <Dialogs>
          <Dialog>小早川</Dialog>
          <Dialog>▲主人公＊▲.</Dialog>
          <Dialog>○○○○○○○○</Dialog>
          <Dialog>Ah！
▲小早川＊▲.</Dialog>
          <Dialog>You're about to go home？
Rinko can walk along with you,
right？</Dialog>
          <Dialog>Fine. Let's walk home
together</Dialog>
          <Dialog>Sorry, I can't go with you</Dialog>
          <Dialog>Fine. Let's walk home together
then.</Dialog>
          <Dialog>Hehe. I'm glad.</Dialog>
          <Dialog>Sorry. Today, I really can't
go with you.</Dialog>
          <Dialog>Then fine. I'll just go home
alone.</Dialog>
          <Dialog>Sorry.</Dialog>
        </Dialogs>
      </SDL2>
    </Entry>
    <Entry Unknown0="2582141989" Unknown1="352565262">
      <SDL2 Key="3689755324">
        <Unknown>
          <Entry>
            <Values>
              <Entry>
                <Value0>4294901761</Value0>
                <Value1>0</Value1>
              </Entry>
            </Values>
            <Value0>147456</Value0>
            <Value1>65536</Value1>
          </Entry>
          <Entry>
            <Values />
            <Value0>147458</Value0>
            <Value1>196608</Value1>
          </Entry>
          <Entry>
            <Values>
              <Entry>
                <Value0>39734</Value0>
                <Value1>0</Value1>
              </Entry>
            </Values>
            <Value0>147456</Value0>
            <Value1>262144</Value1>
          </Entry>
          <Entry>
            <Values />
            <Value0>65541</Value0>
            <Value1>65542</Value1>
          </Entry>
          <Entry>
            <Values />
            <Value0>65542</Value0>
            <Value1>147458</Value1>
          </Entry>
          <Entry>
            <Values />
            <Value0>147458</Value0>
            <Value1>327680</Value1>
          </Entry>
          <Entry>
            <Values>
              <Entry>
                <Value0>39735</Value0>
                <Value1>0</Value1>
              </Entry>
            </Values>
            <Value0>147456</Value0>
            <Value1>458752</Value1>
          </Entry>
          <Entry>
            <Values />
            <Value0>147458</Value0>
            <Value1>524288</Value1>
          </Entry>
          <Entry>
            <Values>
              <Entry>
                <Value0>39736</Value0>
                <Value1>0</Value1>
              </Entry>
            </Values>
            <Value0>147456</Value0>
            <Value1>589824</Value1>
          </Entry>
          <Entry>
            <Values />
            <Value0>147458</Value0>
            <Value1>655360</Value1>
          </Entry>
        </Unknown>
        <Dialogs>
          <Dialog>小早川</Dialog>
          <Dialog>▲主人公＊▲.</Dialog>
          <Dialog>○○○○○○○○</Dialog>
          <Dialog>Ah,
▲小早川＊▲.</Dialog>
          <Dialog>So late！</Dialog>
          <Dialog>Wanna walk home together？</Dialog>
          <Dialog>Sorry, I can't go with you</Dialog>
          <Dialog>That's a sure thing. I'm your
girlfriend.</Dialog>
          <Dialog>Sorry. Today, I really can't
go with you.</Dialog>
          <Dialog>Then fine, you idiot！</Dialog>
          <Dialog>Sorry.</Dialog>
        </Dialogs>
      </SDL2>
    </Entry>
    <Entry Unknown0="3427678042" Unknown1="2408967540">
      <SDL2 Key="3811512905">
        <Unknown>
          <Entry>
            <Values>
              <Entry>
                <Value0>4294901761</Value0>
                <Value1>0</Value1>
              </Entry>
            </Values>
            <Value0>147456</Value0>
            <Value1>65536</Value1>
          </Entry>
          <Entry>
            <Values />
            <Value0>147458</Value0>
            <Value1>196608</Value1>
          </Entry>
          <Entry>
            <Values>
              <Entry>
                <Value0>39737</Value0>
                <Value1>0</Value1>
              </Entry>
            </Values>
            <Value0>147456</Value0>
            <Value1>262144</Value1>
          </Entry>
          <Entry>
            <Values />
            <Value0>65541</Value0>
            <Value1>65542</Value1>
          </Entry>
          <Entry>
            <Values />
            <Value0>65542</Value0>
            <Value1>147458</Value1>
          </Entry>
          <Entry>
            <Values />
            <Value0>147458</Value0>
            <Value1>458752</Value1>
          </Entry>
          <Entry>
            <Values>
              <Entry>
                <Value0>39738</Value0>
                <Value1>0</Value1>
              </Entry>
            </Values>
            <Value0>147456</Value0>
            <Value1>524288</Value1>
          </Entry>
          <Entry>
            <Values />
            <Value0>147458</Value0>
            <Value1>589824</Value1>
          </Entry>
          <Entry>
            <Values>
              <Entry>
                <Value0>39739</Value0>
                <Value1>0</Value1>
              </Entry>
            </Values>
            <Value0>147456</Value0>
            <Value1>655360</Value1>
          </Entry>
          <Entry>
            <Values />
            <Value0>147458</Value0>
            <Value1>720896</Value1>
          </Entry>
        </Unknown>
        <Dialogs>
          <Dialog>小早川</Dialog>
          <Dialog>▲主人公＊▲.</Dialog>
          <Dialog>○○○○○○○○</Dialog>
          <Dialog>Ah...
▲小早川＊▲.</Dialog>
          <Dialog>I'm tired of waiting. Let's
hurry home.</Dialog>
          <Dialog>Fine. Let's walk home
together</Dialog>
          <Dialog>Sorry, I can't go with you</Dialog>
          <Dialog>Ah, let's go together then.</Dialog>
          <Dialog>Yay！</Dialog>
          <Dialog>Sorry. Today, I really can't
go with you.</Dialog>
          <Dialog>I'll never ask you again！</Dialog>
          <Dialog>Sorry.</Dialog>
        </Dialogs>
      </SDL2>
    </Entry>
    <Entry Unknown0="652413632" Unknown1="416240393">
      <SDL2 Key="3811512905">
        <Unknown>
          <Entry>
            <Values>
              <Entry>
                <Value0>4294901761</Value0>
                <Value1>0</Value1>
              </Entry>
            </Values>
            <Value0>147456</Value0>
            <Value1>65536</Value1>
          </Entry>
          <Entry>
            <Values />
            <Value0>147458</Value0>
            <Value1>196608</Value1>
          </Entry>
          <Entry>
            <Values>
              <Entry>
                <Value0>39740</Value0>
                <Value1>0</Value1>
              </Entry>
            </Values>
            <Value0>147456</Value0>
            <Value1>262144</Value1>
          </Entry>
          <Entry>
            <Values />
            <Value0>65541</Value0>
            <Value1>65542</Value1>
          </Entry>
          <Entry>
            <Values />
            <Value0>65542</Value0>
            <Value1>147458</Value1>
          </Entry>
          <Entry>
            <Values />
            <Value0>147458</Value0>
            <Value1>458752</Value1>
          </Entry>
          <Entry>
            <Values>
              <Entry>
                <Value0>39741</Value0>
                <Value1>0</Value1>
              </Entry>
            </Values>
            <Value0>147456</Value0>
            <Value1>524288</Value1>
          </Entry>
          <Entry>
            <Values />
            <Value0>147458</Value0>
            <Value1>589824</Value1>
          </Entry>
          <Entry>
            <Values>
              <Entry>
                <Value0>39742</Value0>
                <Value1>0</Value1>
              </Entry>
            </Values>
            <Value0>147456</Value0>
            <Value1>655360</Value1>
          </Entry>
          <Entry>
            <Values />
            <Value0>147458</Value0>
            <Value1>720896</Value1>
          </Entry>
        </Unknown>
        <Dialogs>
          <Dialog>小早川</Dialog>
          <Dialog>▲主人公＊▲.</Dialog>
          <Dialog>○○○○○○○○</Dialog>
          <Dialog>Ah,
▲小早川＊▲.</Dialog>
          <Dialog>Rinko is waiting for you
again...</Dialog>
          <Dialog>Fine. Let's walk home
together</Dialog>
          <Dialog>Sorry, I can't go with you</Dialog>
          <Dialog>Of course. Let's go together.</Dialog>
          <Dialog>You can walk close to me. I
don't mind.</Dialog>
          <Dialog>Sorry. Today, I really can't
go with you.</Dialog>
          <Dialog>Geez. I've been waiting and
all.</Dialog>
          <Dialog>Sorry.</Dialog>
        </Dialogs>
      </SDL2>
    </Entry>
    <Entry Unknown0="3373837397" Unknown1="1664608318">
      <SDL2 Key="2883683615">
        <Unknown>
          <Entry>
            <Values>
              <Entry>
                <Value0>4294901761</Value0>
                <Value1>0</Value1>
              </Entry>
              <Entry>
                <Value0>39743</Value0>
                <Value1>500</Value1>
              </Entry>
            </Values>
            <Value0>147456</Value0>
            <Value1>65536</Value1>
          </Entry>
          <Entry>
            <Values />
            <Value0>147458</Value0>
            <Value1>196608</Value1>
          </Entry>
          <Entry>
            <Values>
              <Entry>
                <Value0>39744</Value0>
                <Value1>0</Value1>
              </Entry>
            </Values>
            <Value0>147456</Value0>
            <Value1>262144</Value1>
          </Entry>
          <Entry>
            <Values />
            <Value0>65541</Value0>
            <Value1>65542</Value1>
          </Entry>
          <Entry>
            <Values />
            <Value0>65542</Value0>
            <Value1>147458</Value1>
          </Entry>
          <Entry>
            <Values />
            <Value0>147458</Value0>
            <Value1>458752</Value1>
          </Entry>
          <Entry>
            <Values>
              <Entry>
                <Value0>39745</Value0>
                <Value1>0</Value1>
              </Entry>
            </Values>
            <Value0>147456</Value0>
            <Value1>524288</Value1>
          </Entry>
          <Entry>
            <Values />
            <Value0>147458</Value0>
            <Value1>589824</Value1>
          </Entry>
          <Entry>
            <Values>
              <Entry>
                <Value0>39746</Value0>
                <Value1>0</Value1>
              </Entry>
            </Values>
            <Value0>147456</Value0>
            <Value1>655360</Value1>
          </Entry>
          <Entry>
            <Values />
            <Value0>147458</Value0>
            <Value1>720896</Value1>
          </Entry>
        </Unknown>
        <Dialogs>
          <Dialog>小早川</Dialog>
          <Dialog>▲主人公＊▲.
'Morning.</Dialog>
          <Dialog>○○○○○○○○</Dialog>
          <Dialog>'Morning,
▲小早川＊▲.</Dialog>
          <Dialog>I'm kind of waiting for you.
Let's walk together.</Dialog>
          <Dialog>Okay, let's go together</Dialog>
          <Dialog>Sorry. I'm in a hurry...</Dialog>
          <Dialog>Ah, okay. Let's go together.</Dialog>
          <Dialog>Okay. Let's go.</Dialog>
          <Dialog>Sorry. I'm in a hurry today. I
can't...</Dialog>
          <Dialog>Then fine！</Dialog>
          <Dialog>Sorry...</Dialog>
        </Dialogs>
      </SDL2>
    </Entry>
    <Entry Unknown0="4236117898" Unknown1="3653311908">
      <SDL2 Key="3709975674">
        <Unknown>
          <Entry>
            <Values>
              <Entry>
                <Value0>4294901761</Value0>
                <Value1>0</Value1>
              </Entry>
              <Entry>
                <Value0>39747</Value0>
                <Value1>500</Value1>
              </Entry>
            </Values>
            <Value0>147456</Value0>
            <Value1>65536</Value1>
          </Entry>
          <Entry>
            <Values />
            <Value0>147458</Value0>
            <Value1>196608</Value1>
          </Entry>
          <Entry>
            <Values>
              <Entry>
                <Value0>39748</Value0>
                <Value1>0</Value1>
              </Entry>
            </Values>
            <Value0>147456</Value0>
            <Value1>262144</Value1>
          </Entry>
          <Entry>
            <Values />
            <Value0>65541</Value0>
            <Value1>65542</Value1>
          </Entry>
          <Entry>
            <Values />
            <Value0>65542</Value0>
            <Value1>147458</Value1>
          </Entry>
          <Entry>
            <Values />
            <Value0>147458</Value0>
            <Value1>458752</Value1>
          </Entry>
          <Entry>
            <Values>
              <Entry>
                <Value0>39749</Value0>
                <Value1>0</Value1>
              </Entry>
            </Values>
            <Value0>147456</Value0>
            <Value1>524288</Value1>
          </Entry>
          <Entry>
            <Values />
            <Value0>147458</Value0>
            <Value1>589824</Value1>
          </Entry>
          <Entry>
            <Values>
              <Entry>
                <Value0>39750</Value0>
                <Value1>0</Value1>
              </Entry>
            </Values>
            <Value0>147456</Value0>
            <Value1>655360</Value1>
          </Entry>
          <Entry>
            <Values />
            <Value0>147458</Value0>
            <Value1>720896</Value1>
          </Entry>
        </Unknown>
        <Dialogs>
          <Dialog>小早川</Dialog>
          <Dialog>▲主人公＊▲.
'Morning.</Dialog>
          <Dialog>○○○○○○○○</Dialog>
          <Dialog>'Morning,
▲小早川＊▲.</Dialog>
          <Dialog>It's not like I'm waiting or
anything. But shall we walk
together？</Dialog>
          <Dialog>Okay, let's go together</Dialog>
          <Dialog>Sorry. I'm in a hurry...</Dialog>
          <Dialog>Ah, okay. Let's go together.</Dialog>
          <Dialog>Okay. Then shall we go？</Dialog>
          <Dialog>Sorry. I'm in a hurry today. I
can't...</Dialog>
          <Dialog>Hmm. Well, fine. I wasn't
waiting anyway.</Dialog>
          <Dialog>Sorry...</Dialog>
        </Dialogs>
      </SDL2>
    </Entry>
    <Entry Unknown0="1444109040" Unknown1="1861976889">
      <SDL2 Key="3709975674">
        <Unknown>
          <Entry>
            <Values>
              <Entry>
                <Value0>4294901761</Value0>
                <Value1>0</Value1>
              </Entry>
              <Entry>
                <Value0>39751</Value0>
                <Value1>500</Value1>
              </Entry>
            </Values>
            <Value0>147456</Value0>
            <Value1>65536</Value1>
          </Entry>
          <Entry>
            <Values />
            <Value0>147458</Value0>
            <Value1>196608</Value1>
          </Entry>
          <Entry>
            <Values>
              <Entry>
                <Value0>39752</Value0>
                <Value1>0</Value1>
              </Entry>
            </Values>
            <Value0>147456</Value0>
            <Value1>262144</Value1>
          </Entry>
          <Entry>
            <Values />
            <Value0>65541</Value0>
            <Value1>65542</Value1>
          </Entry>
          <Entry>
            <Values />
            <Value0>65542</Value0>
            <Value1>147458</Value1>
          </Entry>
          <Entry>
            <Values />
            <Value0>147458</Value0>
            <Value1>458752</Value1>
          </Entry>
          <Entry>
            <Values>
              <Entry>
                <Value0>39753</Value0>
                <Value1>0</Value1>
              </Entry>
            </Values>
            <Value0>147456</Value0>
            <Value1>524288</Value1>
          </Entry>
          <Entry>
            <Values />
            <Value0>147458</Value0>
            <Value1>589824</Value1>
          </Entry>
          <Entry>
            <Values>
              <Entry>
                <Value0>39754</Value0>
                <Value1>0</Value1>
              </Entry>
            </Values>
            <Value0>147456</Value0>
            <Value1>655360</Value1>
          </Entry>
          <Entry>
            <Values />
            <Value0>147458</Value0>
            <Value1>720896</Value1>
          </Entry>
        </Unknown>
        <Dialogs>
          <Dialog>小早川</Dialog>
          <Dialog>▲主人公＊▲.
'Morning.</Dialog>
          <Dialog>○○○○○○○○</Dialog>
          <Dialog>'Morning,
▲小早川＊▲.</Dialog>
          <Dialog>Say... Shall we walk to school
together？</Dialog>
          <Dialog>Okay, let's go together</Dialog>
          <Dialog>Sorry. I'm in a hurry...</Dialog>
          <Dialog>Ah, okay. Let's go together.</Dialog>
          <Dialog>Hehe. Let's go then.</Dialog>
          <Dialog>Sorry. I'm in a hurry today. I
can't...</Dialog>
          <Dialog>Really？ I got it.</Dialog>
          <Dialog>Sorry...</Dialog>
        </Dialogs>
      </SDL2>
    </Entry>
    <Entry Unknown0="4182310021" Unknown1="157489262">
      <SDL2 Key="2246262593">
        <Unknown>
          <Entry>
            <Values>
              <Entry>
                <Value0>4294901761</Value0>
                <Value1>0</Value1>
              </Entry>
              <Entry>
                <Value0>39755</Value0>
                <Value1>500</Value1>
              </Entry>
            </Values>
            <Value0>147456</Value0>
            <Value1>65536</Value1>
          </Entry>
          <Entry>
            <Values />
            <Value0>147458</Value0>
            <Value1>196608</Value1>
          </Entry>
          <Entry>
            <Values>
              <Entry>
                <Value0>39756</Value0>
                <Value1>0</Value1>
              </Entry>
            </Values>
            <Value0>147456</Value0>
            <Value1>262144</Value1>
          </Entry>
          <Entry>
            <Values />
            <Value0>147458</Value0>
            <Value1>327680</Value1>
          </Entry>
          <Entry>
            <Values>
              <Entry>
                <Value0>39757</Value0>
                <Value1>0</Value1>
              </Entry>
            </Values>
            <Value0>147456</Value0>
            <Value1>393216</Value1>
          </Entry>
        </Unknown>
        <Dialogs>
          <Dialog>小早川</Dialog>
          <Dialog>▲主人公＊▲.
'Morning.</Dialog>
          <Dialog>○○○○○○○○</Dialog>
          <Dialog>'Morning,
▲小早川＊▲.</Dialog>
          <Dialog>Hehe. Shall we go？</Dialog>
          <Dialog>Ah, okay.</Dialog>
          <Dialog>Hmm, it's going to be another
troublesome day.</Dialog>
        </Dialogs>
      </SDL2>
    </Entry>
    <Entry Unknown0="749623226" Unknown1="2482326996">
      <SDL2 Key="2246262593">
        <Unknown>
          <Entry>
            <Values>
              <Entry>
                <Value0>4294901761</Value0>
                <Value1>0</Value1>
              </Entry>
              <Entry>
                <Value0>39758</Value0>
                <Value1>500</Value1>
              </Entry>
            </Values>
            <Value0>147456</Value0>
            <Value1>65536</Value1>
          </Entry>
          <Entry>
            <Values />
            <Value0>147458</Value0>
            <Value1>196608</Value1>
          </Entry>
          <Entry>
            <Values>
              <Entry>
                <Value0>39759</Value0>
                <Value1>0</Value1>
              </Entry>
            </Values>
            <Value0>147456</Value0>
            <Value1>262144</Value1>
          </Entry>
          <Entry>
            <Values />
            <Value0>147458</Value0>
            <Value1>327680</Value1>
          </Entry>
          <Entry>
            <Values>
              <Entry>
                <Value0>39760</Value0>
                <Value1>0</Value1>
              </Entry>
            </Values>
            <Value0>147456</Value0>
            <Value1>393216</Value1>
          </Entry>
        </Unknown>
        <Dialogs>
          <Dialog>小早川</Dialog>
          <Dialog>▲主人公＊▲.
'Morning.</Dialog>
          <Dialog>○○○○○○○○</Dialog>
          <Dialog>'Morning,
▲小早川＊▲.</Dialog>
          <Dialog>You made me wait again.</Dialog>
          <Dialog>Sorry, sorry.</Dialog>
          <Dialog>Let's hurry.</Dialog>
        </Dialogs>
      </SDL2>
    </Entry>
    <Entry Unknown0="2252581408" Unknown1="70234985">
      <SDL2 Key="2246262593">
        <Unknown>
          <Entry>
            <Values>
              <Entry>
                <Value0>4294901761</Value0>
                <Value1>0</Value1>
              </Entry>
              <Entry>
                <Value0>39761</Value0>
                <Value1>500</Value1>
              </Entry>
            </Values>
            <Value0>147456</Value0>
            <Value1>65536</Value1>
          </Entry>
          <Entry>
            <Values />
            <Value0>147458</Value0>
            <Value1>196608</Value1>
          </Entry>
          <Entry>
            <Values>
              <Entry>
                <Value0>39762</Value0>
                <Value1>0</Value1>
              </Entry>
            </Values>
            <Value0>147456</Value0>
            <Value1>262144</Value1>
          </Entry>
          <Entry>
            <Values />
            <Value0>147458</Value0>
            <Value1>327680</Value1>
          </Entry>
          <Entry>
            <Values>
              <Entry>
                <Value0>39763</Value0>
                <Value1>0</Value1>
              </Entry>
            </Values>
            <Value0>147456</Value0>
            <Value1>393216</Value1>
          </Entry>
        </Unknown>
        <Dialogs>
          <Dialog>小早川</Dialog>
          <Dialog>▲主人公＊▲.
'Morning.</Dialog>
          <Dialog>○○○○○○○○</Dialog>
          <Dialog>Yo,
▲小早川＊▲.</Dialog>
          <Dialog>I'm waiting for you. Isn't
that great？</Dialog>
          <Dialog>It's great. Shall we go？</Dialog>
          <Dialog>Okay！</Dialog>
        </Dialogs>
      </SDL2>
    </Entry>
  </Entries>
</DBIN2>