<?xml version="1.0" encoding="utf-8"?>
<DBIN2 xmlns:xsi="http://www.w3.org/2001/XMLSchema-instance" xmlns:xsd="http://www.w3.org/2001/XMLSchema" Key="3375724475" Unknown="12">
  <Entries>
    <Entry Unknown0="1864516909" Unknown1="3946575540">
      <SDL2 Key="3038930604">
        <Unknown>
          <Entry>
            <Values>
              <Entry>
                <Value0>39767</Value0>
                <Value1>0</Value1>
              </Entry>
            </Values>
            <Value0>147456</Value0>
            <Value1>65536</Value1>
          </Entry>
          <Entry>
            <Values />
            <Value0>147458</Value0>
            <Value1>196608</Value1>
          </Entry>
          <Entry>
            <Values>
              <Entry>
                <Value0>39768</Value0>
                <Value1>0</Value1>
              </Entry>
            </Values>
            <Value0>147456</Value0>
            <Value1>262144</Value1>
          </Entry>
          <Entry>
            <Values />
            <Value0>147458</Value0>
            <Value1>327680</Value1>
          </Entry>
          <Entry>
            <Values>
              <Entry>
                <Value0>39774</Value0>
                <Value1>0</Value1>
              </Entry>
            </Values>
            <Value0>147456</Value0>
            <Value1>393216</Value1>
          </Entry>
          <Entry>
            <Values>
              <Entry>
                <Value0>39780</Value0>
                <Value1>0</Value1>
              </Entry>
            </Values>
            <Value0>147456</Value0>
            <Value1>458752</Value1>
          </Entry>
          <Entry>
            <Values />
            <Value0>147458</Value0>
            <Value1>524288</Value1>
          </Entry>
          <Entry>
            <Values>
              <Entry>
                <Value0>39781</Value0>
                <Value1>0</Value1>
              </Entry>
            </Values>
            <Value0>147456</Value0>
            <Value1>589824</Value1>
          </Entry>
        </Unknown>
        <Dialogs>
          <Dialog>小早川</Dialog>
          <Dialog>Yes, hello？</Dialog>
          <Dialog>○○○○○○○○</Dialog>
          <Dialog>Hello. It's me. I was
wondering if you wanted to
meet me somewhere.</Dialog>
          <Dialog>Okay. Well, I wanted to see
you, too.</Dialog>
          <Dialog>Then let's meet at the
▲デート場所▲.</Dialog>
          <Dialog>Got it. I'll be there.</Dialog>
          <Dialog>Ah... I don't think I can go
now. Sorry, though.</Dialog>
          <Dialog>Is that so？ I see. Then talk
to you later.</Dialog>
          <Dialog>Yeah, bye.</Dialog>
        </Dialogs>
      </SDL2>
    </Entry>
    <Entry Unknown0="73281240" Unknown1="669098480">
      <SDL2 Key="2636390365">
        <Unknown>
          <Entry>
            <Values>
              <Entry>
                <Value0>39769</Value0>
                <Value1>0</Value1>
              </Entry>
            </Values>
            <Value0>147456</Value0>
            <Value1>65536</Value1>
          </Entry>
          <Entry>
            <Values />
            <Value0>147458</Value0>
            <Value1>196608</Value1>
          </Entry>
          <Entry>
            <Values>
              <Entry>
                <Value0>39770</Value0>
                <Value1>0</Value1>
              </Entry>
            </Values>
            <Value0>147456</Value0>
            <Value1>262144</Value1>
          </Entry>
          <Entry>
            <Values />
            <Value0>147458</Value0>
            <Value1>327680</Value1>
          </Entry>
          <Entry>
            <Values>
              <Entry>
                <Value0>39771</Value0>
                <Value1>0</Value1>
              </Entry>
            </Values>
            <Value0>147456</Value0>
            <Value1>393216</Value1>
          </Entry>
          <Entry>
            <Values>
              <Entry>
                <Value0>39772</Value0>
                <Value1>0</Value1>
              </Entry>
            </Values>
            <Value0>147456</Value0>
            <Value1>458752</Value1>
          </Entry>
          <Entry>
            <Values />
            <Value0>147458</Value0>
            <Value1>524288</Value1>
          </Entry>
          <Entry>
            <Values>
              <Entry>
                <Value0>39773</Value0>
                <Value1>0</Value1>
              </Entry>
            </Values>
            <Value0>147456</Value0>
            <Value1>589824</Value1>
          </Entry>
        </Unknown>
        <Dialogs>
          <Dialog>小早川</Dialog>
          <Dialog>Hello. What's up？</Dialog>
          <Dialog>○○○○○○○○</Dialog>
          <Dialog>Well, I want to see you right
now. Is it okay？</Dialog>
          <Dialog>You're so lucky. Rinko is free
now.</Dialog>
          <Dialog>Then let's meet at the
▲デート場所▲.</Dialog>
          <Dialog>Okay then. Don't make Rinko
wait for you, okay？</Dialog>
          <Dialog>What bad luck... Right now,
Rinko is busy.</Dialog>
          <Dialog>Is that so？ I see. Then talk
to you later.</Dialog>
          <Dialog>Well, maybe next time when
Rinko is free, okay？ Bye.</Dialog>
        </Dialogs>
      </SDL2>
    </Entry>
    <Entry Unknown0="1074262292" Unknown1="3498958233">
      <SDL2 Key="2636390365">
        <Unknown>
          <Entry>
            <Values>
              <Entry>
                <Value0>39775</Value0>
                <Value1>0</Value1>
              </Entry>
            </Values>
            <Value0>147456</Value0>
            <Value1>65536</Value1>
          </Entry>
          <Entry>
            <Values />
            <Value0>147458</Value0>
            <Value1>196608</Value1>
          </Entry>
          <Entry>
            <Values>
              <Entry>
                <Value0>39776</Value0>
                <Value1>0</Value1>
              </Entry>
            </Values>
            <Value0>147456</Value0>
            <Value1>262144</Value1>
          </Entry>
          <Entry>
            <Values />
            <Value0>147458</Value0>
            <Value1>327680</Value1>
          </Entry>
          <Entry>
            <Values>
              <Entry>
                <Value0>39777</Value0>
                <Value1>0</Value1>
              </Entry>
            </Values>
            <Value0>147456</Value0>
            <Value1>393216</Value1>
          </Entry>
          <Entry>
            <Values>
              <Entry>
                <Value0>39778</Value0>
                <Value1>0</Value1>
              </Entry>
            </Values>
            <Value0>147456</Value0>
            <Value1>458752</Value1>
          </Entry>
          <Entry>
            <Values />
            <Value0>147458</Value0>
            <Value1>524288</Value1>
          </Entry>
          <Entry>
            <Values>
              <Entry>
                <Value0>39779</Value0>
                <Value1>0</Value1>
              </Entry>
            </Values>
            <Value0>147456</Value0>
            <Value1>589824</Value1>
          </Entry>
        </Unknown>
        <Dialogs>
          <Dialog>小早川</Dialog>
          <Dialog>Hello. Any business with
Rinko？</Dialog>
          <Dialog>○○○○○○○○</Dialog>
          <Dialog>Ah, it's me. Want to meet up？</Dialog>
          <Dialog>Of course, it's okay.</Dialog>
          <Dialog>Then let's meet at the
▲デート場所▲.</Dialog>
          <Dialog>Hehe. You really wanted to see
me, huh？</Dialog>
          <Dialog>Eh？ What a shame. I can't
right now.</Dialog>
          <Dialog>Is that so？ I see. Then talk
to you later.</Dialog>
          <Dialog>Yeah, until later then.</Dialog>
        </Dialogs>
      </SDL2>
    </Entry>
    <Entry Unknown0="4289869245" Unknown1="1909163588">
      <SDL2 Key="3479389753">
        <Unknown>
          <Entry>
            <Values>
              <Entry>
                <Value0>39782</Value0>
                <Value1>0</Value1>
              </Entry>
            </Values>
            <Value0>147456</Value0>
            <Value1>65536</Value1>
          </Entry>
          <Entry>
            <Values />
            <Value0>147458</Value0>
            <Value1>196608</Value1>
          </Entry>
          <Entry>
            <Values>
              <Entry>
                <Value0>39783</Value0>
                <Value1>0</Value1>
              </Entry>
            </Values>
            <Value0>147456</Value0>
            <Value1>262144</Value1>
          </Entry>
          <Entry>
            <Values />
            <Value0>147458</Value0>
            <Value1>327680</Value1>
          </Entry>
          <Entry>
            <Values>
              <Entry>
                <Value0>39784</Value0>
                <Value1>0</Value1>
              </Entry>
            </Values>
            <Value0>147456</Value0>
            <Value1>393216</Value1>
          </Entry>
          <Entry>
            <Values>
              <Entry>
                <Value0>39785</Value0>
                <Value1>0</Value1>
              </Entry>
            </Values>
            <Value0>147456</Value0>
            <Value1>458752</Value1>
          </Entry>
          <Entry>
            <Values />
            <Value0>147458</Value0>
            <Value1>524288</Value1>
          </Entry>
          <Entry>
            <Values>
              <Entry>
                <Value0>39786</Value0>
                <Value1>0</Value1>
              </Entry>
            </Values>
            <Value0>147456</Value0>
            <Value1>589824</Value1>
          </Entry>
        </Unknown>
        <Dialogs>
          <Dialog>小早川</Dialog>
          <Dialog>Yes, hello？</Dialog>
          <Dialog>○○○○○○○○</Dialog>
          <Dialog>Hello. It's me. I was
wondering if you wanted to
meet me somewhere.</Dialog>
          <Dialog>A boyfriend's request？ Okay
then.</Dialog>
          <Dialog>Then let's meet at the
▲デート場所▲.</Dialog>
          <Dialog>Got it. I'll leave in a little
bit.</Dialog>
          <Dialog>Meet you, huh...？ Now isn't a
good time.</Dialog>
          <Dialog>Is that so？ Then it can't be
helped.</Dialog>
          <Dialog>Yeah, it's just like that.
Bye.</Dialog>
        </Dialogs>
      </SDL2>
    </Entry>
    <Entry Unknown0="2498666088" Unknown1="3178312064">
      <SDL2 Key="2267396383">
        <Unknown>
          <Entry>
            <Values>
              <Entry>
                <Value0>39787</Value0>
                <Value1>0</Value1>
              </Entry>
            </Values>
            <Value0>147456</Value0>
            <Value1>65536</Value1>
          </Entry>
          <Entry>
            <Values />
            <Value0>147458</Value0>
            <Value1>196608</Value1>
          </Entry>
          <Entry>
            <Values>
              <Entry>
                <Value0>39788</Value0>
                <Value1>0</Value1>
              </Entry>
            </Values>
            <Value0>147456</Value0>
            <Value1>262144</Value1>
          </Entry>
          <Entry>
            <Values />
            <Value0>147458</Value0>
            <Value1>327680</Value1>
          </Entry>
          <Entry>
            <Values>
              <Entry>
                <Value0>39789</Value0>
                <Value1>0</Value1>
              </Entry>
            </Values>
            <Value0>147456</Value0>
            <Value1>393216</Value1>
          </Entry>
          <Entry>
            <Values>
              <Entry>
                <Value0>39790</Value0>
                <Value1>0</Value1>
              </Entry>
            </Values>
            <Value0>147456</Value0>
            <Value1>458752</Value1>
          </Entry>
          <Entry>
            <Values />
            <Value0>147458</Value0>
            <Value1>524288</Value1>
          </Entry>
          <Entry>
            <Values>
              <Entry>
                <Value0>39791</Value0>
                <Value1>0</Value1>
              </Entry>
            </Values>
            <Value0>147456</Value0>
            <Value1>589824</Value1>
          </Entry>
        </Unknown>
        <Dialogs>
          <Dialog>小早川</Dialog>
          <Dialog>Hello？ What's up？</Dialog>
          <Dialog>○○○○○○○○</Dialog>
          <Dialog>Well, I want to see you right
now. Is it okay？</Dialog>
          <Dialog>All right, I'm not doing
anything.</Dialog>
          <Dialog>Then let's meet at the
▲デート場所▲.</Dialog>
          <Dialog>Roger that. I'll be there as
soon as possible.</Dialog>
          <Dialog>It's just... Right now, I'm
kinda busy.</Dialog>
          <Dialog>Is that so？ Then it can't be
helped.</Dialog>
          <Dialog>Yeah, maybe next time.</Dialog>
        </Dialogs>
      </SDL2>
    </Entry>
    <Entry Unknown0="3499581860" Unknown1="1780313385">
      <SDL2 Key="2267396383">
        <Unknown>
          <Entry>
            <Values>
              <Entry>
                <Value0>39792</Value0>
                <Value1>0</Value1>
              </Entry>
            </Values>
            <Value0>147456</Value0>
            <Value1>65536</Value1>
          </Entry>
          <Entry>
            <Values />
            <Value0>147458</Value0>
            <Value1>196608</Value1>
          </Entry>
          <Entry>
            <Values>
              <Entry>
                <Value0>39793</Value0>
                <Value1>0</Value1>
              </Entry>
            </Values>
            <Value0>147456</Value0>
            <Value1>262144</Value1>
          </Entry>
          <Entry>
            <Values />
            <Value0>147458</Value0>
            <Value1>327680</Value1>
          </Entry>
          <Entry>
            <Values>
              <Entry>
                <Value0>39794</Value0>
                <Value1>0</Value1>
              </Entry>
            </Values>
            <Value0>147456</Value0>
            <Value1>393216</Value1>
          </Entry>
          <Entry>
            <Values>
              <Entry>
                <Value0>39795</Value0>
                <Value1>0</Value1>
              </Entry>
            </Values>
            <Value0>147456</Value0>
            <Value1>458752</Value1>
          </Entry>
          <Entry>
            <Values />
            <Value0>147458</Value0>
            <Value1>524288</Value1>
          </Entry>
          <Entry>
            <Values>
              <Entry>
                <Value0>39796</Value0>
                <Value1>0</Value1>
              </Entry>
            </Values>
            <Value0>147456</Value0>
            <Value1>589824</Value1>
          </Entry>
        </Unknown>
        <Dialogs>
          <Dialog>小早川</Dialog>
          <Dialog>Hello. Got any business with
Rinko？</Dialog>
          <Dialog>○○○○○○○○</Dialog>
          <Dialog>Ah, it's me. Want to meet up？</Dialog>
          <Dialog>Yeah, okay. It's all right.</Dialog>
          <Dialog>Then let's meet at the
▲デート場所▲.</Dialog>
          <Dialog>Yeah, see you then.</Dialog>
          <Dialog>Yeah, oka-- Ah！ I can't.
Sorry, I've got something to
do.</Dialog>
          <Dialog>Is that so？ Then it can't be
helped.</Dialog>
          <Dialog>Sorry！ Later then.</Dialog>
        </Dialogs>
      </SDL2>
    </Entry>
    <Entry Unknown0="2403509581" Unknown1="526063316">
      <SDL2 Key="2808471914">
        <Unknown>
          <Entry>
            <Values>
              <Entry>
                <Value0>39797</Value0>
                <Value1>0</Value1>
              </Entry>
            </Values>
            <Value0>147456</Value0>
            <Value1>65536</Value1>
          </Entry>
          <Entry>
            <Values />
            <Value0>147458</Value0>
            <Value1>196608</Value1>
          </Entry>
          <Entry>
            <Values>
              <Entry>
                <Value0>39798</Value0>
                <Value1>0</Value1>
              </Entry>
            </Values>
            <Value0>147456</Value0>
            <Value1>262144</Value1>
          </Entry>
          <Entry>
            <Values />
            <Value0>147458</Value0>
            <Value1>327680</Value1>
          </Entry>
          <Entry>
            <Values>
              <Entry>
                <Value0>39799</Value0>
                <Value1>0</Value1>
              </Entry>
            </Values>
            <Value0>147456</Value0>
            <Value1>393216</Value1>
          </Entry>
          <Entry>
            <Values />
            <Value0>147458</Value0>
            <Value1>458752</Value1>
          </Entry>
        </Unknown>
        <Dialogs>
          <Dialog>小早川</Dialog>
          <Dialog>Yes...</Dialog>
          <Dialog>○○○○○○○○</Dialog>
          <Dialog>Hello. It's me. I was
wondering if you wanted to
meet me somewhere.</Dialog>
          <Dialog>I can't see you... Rather, I
don't want to see you.</Dialog>
          <Dialog>Really！？</Dialog>
          <Dialog>Really. Bye.</Dialog>
          <Dialog>(She seemed to be in a very
bad mood...)</Dialog>
        </Dialogs>
      </SDL2>
    </Entry>
    <Entry Unknown0="612241144" Unknown1="1392623888">
      <SDL2 Key="2808471914">
        <Unknown>
          <Entry>
            <Values>
              <Entry>
                <Value0>39800</Value0>
                <Value1>0</Value1>
              </Entry>
            </Values>
            <Value0>147456</Value0>
            <Value1>65536</Value1>
          </Entry>
          <Entry>
            <Values />
            <Value0>147458</Value0>
            <Value1>196608</Value1>
          </Entry>
          <Entry>
            <Values>
              <Entry>
                <Value0>39801</Value0>
                <Value1>0</Value1>
              </Entry>
            </Values>
            <Value0>147456</Value0>
            <Value1>262144</Value1>
          </Entry>
          <Entry>
            <Values />
            <Value0>147458</Value0>
            <Value1>327680</Value1>
          </Entry>
          <Entry>
            <Values>
              <Entry>
                <Value0>39802</Value0>
                <Value1>0</Value1>
              </Entry>
            </Values>
            <Value0>147456</Value0>
            <Value1>393216</Value1>
          </Entry>
          <Entry>
            <Values />
            <Value0>147458</Value0>
            <Value1>458752</Value1>
          </Entry>
        </Unknown>
        <Dialogs>
          <Dialog>小早川</Dialog>
          <Dialog>What？</Dialog>
          <Dialog>○○○○○○○○</Dialog>
          <Dialog>Well, I want to see you right
now. Is it okay？</Dialog>
          <Dialog>No.</Dialog>
          <Dialog>Really！？</Dialog>
          <Dialog>Hanging up.</Dialog>
          <Dialog>(She seemed to be in a very
bad mood...)</Dialog>
        </Dialogs>
      </SDL2>
    </Entry>
    <Entry Unknown0="1613222196" Unknown1="3836607929">
      <SDL2 Key="2808471914">
        <Unknown>
          <Entry>
            <Values>
              <Entry>
                <Value0>39803</Value0>
                <Value1>0</Value1>
              </Entry>
            </Values>
            <Value0>147456</Value0>
            <Value1>65536</Value1>
          </Entry>
          <Entry>
            <Values />
            <Value0>147458</Value0>
            <Value1>196608</Value1>
          </Entry>
          <Entry>
            <Values>
              <Entry>
                <Value0>39804</Value0>
                <Value1>0</Value1>
              </Entry>
            </Values>
            <Value0>147456</Value0>
            <Value1>262144</Value1>
          </Entry>
          <Entry>
            <Values />
            <Value0>147458</Value0>
            <Value1>327680</Value1>
          </Entry>
          <Entry>
            <Values>
              <Entry>
                <Value0>39805</Value0>
                <Value1>0</Value1>
              </Entry>
            </Values>
            <Value0>147456</Value0>
            <Value1>393216</Value1>
          </Entry>
          <Entry>
            <Values />
            <Value0>147458</Value0>
            <Value1>458752</Value1>
          </Entry>
        </Unknown>
        <Dialogs>
          <Dialog>小早川</Dialog>
          <Dialog>...What is it？</Dialog>
          <Dialog>○○○○○○○○</Dialog>
          <Dialog>Ah, it's me. Want to meet up？</Dialog>
          <Dialog>I don't want to see you.</Dialog>
          <Dialog>Why！？</Dialog>
          <Dialog>It's because I don't want to
see you, so I don't want to
see you.</Dialog>
          <Dialog>(She seemed to be in a very
bad mood...)</Dialog>
        </Dialogs>
      </SDL2>
    </Entry>
    <Entry Unknown0="533861853" Unknown1="4293633636">
      <SDL2 Key="2808471914">
        <Unknown>
          <Entry>
            <Values />
            <Value0>147456</Value0>
            <Value1>65536</Value1>
          </Entry>
          <Entry>
            <Values>
              <Entry>
                <Value0>39806</Value0>
                <Value1>0</Value1>
              </Entry>
            </Values>
            <Value0>147458</Value0>
            <Value1>196608</Value1>
          </Entry>
          <Entry>
            <Values />
            <Value0>147456</Value0>
            <Value1>262144</Value1>
          </Entry>
          <Entry>
            <Values />
            <Value0>65541</Value0>
            <Value1>65542</Value1>
          </Entry>
          <Entry>
            <Values />
            <Value0>65542</Value0>
            <Value1>65543</Value1>
          </Entry>
          <Entry>
            <Values />
            <Value0>65543</Value0>
            <Value1>147456</Value1>
          </Entry>
          <Entry>
            <Values />
            <Value0>147456</Value0>
            <Value1>524288</Value1>
          </Entry>
          <Entry>
            <Values>
              <Entry>
                <Value0>39807</Value0>
                <Value1>0</Value1>
              </Entry>
            </Values>
            <Value0>147458</Value0>
            <Value1>589824</Value1>
          </Entry>
          <Entry>
            <Values />
            <Value0>147456</Value0>
            <Value1>655360</Value1>
          </Entry>
          <Entry>
            <Values>
              <Entry>
                <Value0>34004</Value0>
                <Value1>0</Value1>
              </Entry>
            </Values>
            <Value0>147458</Value0>
            <Value1>720896</Value1>
          </Entry>
          <Entry>
            <Values />
            <Value0>147456</Value0>
            <Value1>786432</Value1>
          </Entry>
          <Entry>
            <Values>
              <Entry>
                <Value0>39807</Value0>
                <Value1>0</Value1>
              </Entry>
            </Values>
            <Value0>147458</Value0>
            <Value1>589824</Value1>
          </Entry>
          <Entry>
            <Values />
            <Value0>147456</Value0>
            <Value1>655360</Value1>
          </Entry>
          <Entry>
            <Values />
            <Value0>147456</Value0>
            <Value1>851968</Value1>
          </Entry>
          <Entry>
            <Values>
              <Entry>
                <Value0>39808</Value0>
                <Value1>0</Value1>
              </Entry>
            </Values>
            <Value0>147458</Value0>
            <Value1>917504</Value1>
          </Entry>
          <Entry>
            <Values />
            <Value0>147456</Value0>
            <Value1>983040</Value1>
          </Entry>
        </Unknown>
        <Dialogs>
          <Dialog>○○○○○○○○</Dialog>
          <Dialog>Hello.</Dialog>
          <Dialog>小早川</Dialog>
          <Dialog>Rinko speaking. Can we meet
now？</Dialog>
          <Dialog>Now, huh...？</Dialog>
          <Dialog>Okay, that sounds good.</Dialog>
          <Dialog>Let's schedule a time.</Dialog>
          <Dialog>I'm sorry...</Dialog>
          <Dialog>All right. I'll see you at the
▲デート場所▲ then.</Dialog>
          <Dialog>It's nothing important. I've
just got nothing better to do
right now.</Dialog>
          <Dialog>Ah, I don't mind. See you.</Dialog>
          <Dialog>Yeah. That's fine.</Dialog>
          <Dialog>Then at ▲時刻▲,
I'll see you at the
▲デート場所▲.</Dialog>
          <Dialog>Sorry, I can't go now...</Dialog>
          <Dialog>Really？ Well, it's not really
that important...</Dialog>
          <Dialog>Okay, see you later then.</Dialog>
        </Dialogs>
      </SDL2>
    </Entry>
    <Entry Unknown0="3020881544" Unknown1="3012645280">
      <SDL2 Key="2404817564">
        <Unknown>
          <Entry>
            <Values />
            <Value0>147456</Value0>
            <Value1>65536</Value1>
          </Entry>
          <Entry>
            <Values>
              <Entry>
                <Value0>39809</Value0>
                <Value1>0</Value1>
              </Entry>
            </Values>
            <Value0>147458</Value0>
            <Value1>196608</Value1>
          </Entry>
          <Entry>
            <Values />
            <Value0>147456</Value0>
            <Value1>262144</Value1>
          </Entry>
          <Entry>
            <Values />
            <Value0>65541</Value0>
            <Value1>65542</Value1>
          </Entry>
          <Entry>
            <Values />
            <Value0>65542</Value0>
            <Value1>65543</Value1>
          </Entry>
          <Entry>
            <Values />
            <Value0>65543</Value0>
            <Value1>147456</Value1>
          </Entry>
          <Entry>
            <Values />
            <Value0>147456</Value0>
            <Value1>524288</Value1>
          </Entry>
          <Entry>
            <Values>
              <Entry>
                <Value0>39810</Value0>
                <Value1>0</Value1>
              </Entry>
            </Values>
            <Value0>147458</Value0>
            <Value1>589824</Value1>
          </Entry>
          <Entry>
            <Values />
            <Value0>147456</Value0>
            <Value1>655360</Value1>
          </Entry>
          <Entry>
            <Values>
              <Entry>
                <Value0>34004</Value0>
                <Value1>0</Value1>
              </Entry>
            </Values>
            <Value0>147458</Value0>
            <Value1>720896</Value1>
          </Entry>
          <Entry>
            <Values />
            <Value0>147456</Value0>
            <Value1>786432</Value1>
          </Entry>
          <Entry>
            <Values>
              <Entry>
                <Value0>39810</Value0>
                <Value1>0</Value1>
              </Entry>
            </Values>
            <Value0>147458</Value0>
            <Value1>589824</Value1>
          </Entry>
          <Entry>
            <Values />
            <Value0>147456</Value0>
            <Value1>655360</Value1>
          </Entry>
          <Entry>
            <Values />
            <Value0>147456</Value0>
            <Value1>851968</Value1>
          </Entry>
          <Entry>
            <Values>
              <Entry>
                <Value0>39811</Value0>
                <Value1>0</Value1>
              </Entry>
            </Values>
            <Value0>147458</Value0>
            <Value1>917504</Value1>
          </Entry>
          <Entry>
            <Values />
            <Value0>147456</Value0>
            <Value1>983040</Value1>
          </Entry>
        </Unknown>
        <Dialogs>
          <Dialog>○○○○○○○○</Dialog>
          <Dialog>Hello.</Dialog>
          <Dialog>小早川</Dialog>
          <Dialog>Hey, let's meet now.</Dialog>
          <Dialog>Now, huh...？</Dialog>
          <Dialog>Okay, that sounds good.</Dialog>
          <Dialog>Let's schedule a time.</Dialog>
          <Dialog>I'm sorry...</Dialog>
          <Dialog>All right. I'll see you at the
▲デート場所▲ then.</Dialog>
          <Dialog>Come quickly, okay？ It's
because... No, it's nothing.</Dialog>
          <Dialog>Ah, I want to see you as soon
as possible, too.</Dialog>
          <Dialog>Yeah. That's fine.</Dialog>
          <Dialog>Then at ▲時刻▲,
I'll see you at the
▲デート場所▲.</Dialog>
          <Dialog>Sorry, I can't go now...</Dialog>
          <Dialog>Tsk. I got it.</Dialog>
          <Dialog>Next time, okay？</Dialog>
        </Dialogs>
      </SDL2>
    </Entry>
    <Entry Unknown0="4038541764" Unknown1="3829239113">
      <SDL2 Key="2404817564">
        <Unknown>
          <Entry>
            <Values />
            <Value0>147456</Value0>
            <Value1>65536</Value1>
          </Entry>
          <Entry>
            <Values>
              <Entry>
                <Value0>39812</Value0>
                <Value1>0</Value1>
              </Entry>
            </Values>
            <Value0>147458</Value0>
            <Value1>196608</Value1>
          </Entry>
          <Entry>
            <Values />
            <Value0>147456</Value0>
            <Value1>262144</Value1>
          </Entry>
          <Entry>
            <Values />
            <Value0>65541</Value0>
            <Value1>65542</Value1>
          </Entry>
          <Entry>
            <Values />
            <Value0>65542</Value0>
            <Value1>65543</Value1>
          </Entry>
          <Entry>
            <Values />
            <Value0>65543</Value0>
            <Value1>147456</Value1>
          </Entry>
          <Entry>
            <Values />
            <Value0>147456</Value0>
            <Value1>524288</Value1>
          </Entry>
          <Entry>
            <Values>
              <Entry>
                <Value0>39813</Value0>
                <Value1>0</Value1>
              </Entry>
            </Values>
            <Value0>147458</Value0>
            <Value1>589824</Value1>
          </Entry>
          <Entry>
            <Values />
            <Value0>147456</Value0>
            <Value1>655360</Value1>
          </Entry>
          <Entry>
            <Values>
              <Entry>
                <Value0>34004</Value0>
                <Value1>0</Value1>
              </Entry>
            </Values>
            <Value0>147458</Value0>
            <Value1>720896</Value1>
          </Entry>
          <Entry>
            <Values />
            <Value0>147456</Value0>
            <Value1>786432</Value1>
          </Entry>
          <Entry>
            <Values>
              <Entry>
                <Value0>39813</Value0>
                <Value1>0</Value1>
              </Entry>
            </Values>
            <Value0>147458</Value0>
            <Value1>589824</Value1>
          </Entry>
          <Entry>
            <Values />
            <Value0>147456</Value0>
            <Value1>655360</Value1>
          </Entry>
          <Entry>
            <Values />
            <Value0>147456</Value0>
            <Value1>851968</Value1>
          </Entry>
          <Entry>
            <Values>
              <Entry>
                <Value0>39814</Value0>
                <Value1>0</Value1>
              </Entry>
            </Values>
            <Value0>147458</Value0>
            <Value1>917504</Value1>
          </Entry>
          <Entry>
            <Values />
            <Value0>147456</Value0>
            <Value1>983040</Value1>
          </Entry>
        </Unknown>
        <Dialogs>
          <Dialog>○○○○○○○○</Dialog>
          <Dialog>Hello.</Dialog>
          <Dialog>小早川</Dialog>
          <Dialog>Hello, Rinko speaking. I want
to see you now...</Dialog>
          <Dialog>Now, huh...？</Dialog>
          <Dialog>Okay, that sounds good.</Dialog>
          <Dialog>Let's schedule a time.</Dialog>
          <Dialog>I'm sorry...</Dialog>
          <Dialog>All right. I'll see you at the
▲デート場所▲ then.</Dialog>
          <Dialog>It's so nice that we can meet
each other whenever we want,
don't you think？</Dialog>
          <Dialog>Yeah, I think so too. Well,
see you.</Dialog>
          <Dialog>Yeah. That's fine.</Dialog>
          <Dialog>Then at ▲時刻▲,
I'll see you at the
▲デート場所▲.</Dialog>
          <Dialog>Sorry, I can't go now...</Dialog>
          <Dialog>Really？ Well, I know it's
really sudden, so it can't be
helped.</Dialog>
          <Dialog>Um, maybe next time, okay？</Dialog>
        </Dialogs>
      </SDL2>
    </Entry>
  </Entries>
</DBIN2>