<?xml version="1.0" encoding="utf-8"?>
<DBIN2 xmlns:xsi="http://www.w3.org/2001/XMLSchema-instance" xmlns:xsd="http://www.w3.org/2001/XMLSchema" Key="4112046924" Unknown="8">
  <Entries>
    <Entry Unknown0="2950861465" Unknown1="3606810315">
      <SDL2 Key="962055304">
        <Unknown />
        <Dialogs />
      </SDL2>
    </Entry>
    <Entry Unknown0="2714827423" Unknown1="3377697981">
      <SDL2 Key="962055304">
        <Unknown />
        <Dialogs />
      </SDL2>
    </Entry>
    <Entry Unknown0="2536042641" Unknown1="576292373">
      <SDL2 Key="962055304">
        <Unknown />
        <Dialogs />
      </SDL2>
    </Entry>
    <Entry Unknown0="4281516777" Unknown1="625729051">
      <SDL2 Key="962055304">
        <Unknown />
        <Dialogs />
      </SDL2>
    </Entry>
    <Entry Unknown0="4045417199" Unknown1="312730637">
      <SDL2 Key="962055304">
        <Unknown />
        <Dialogs />
      </SDL2>
    </Entry>
    <Entry Unknown0="3883409633" Unknown1="2074728037">
      <SDL2 Key="1503130595">
        <Unknown />
        <Dialogs />
      </SDL2>
    </Entry>
    <Entry Unknown0="1333932601" Unknown1="2056990315">
      <SDL2 Key="1503130595">
        <Unknown />
        <Dialogs />
      </SDL2>
    </Entry>
    <Entry Unknown0="1097898559" Unknown1="1710437469">
      <SDL2 Key="1503130595">
        <Unknown />
        <Dialogs />
      </SDL2>
    </Entry>
  </Entries>
</DBIN2>