<?xml version="1.0" encoding="utf-8"?>
<DBIN2 xmlns:xsi="http://www.w3.org/2001/XMLSchema-instance" xmlns:xsd="http://www.w3.org/2001/XMLSchema" Key="4283012762" Unknown="7">
  <Entries>
    <Entry Unknown0="2588346768" Unknown1="1133678402">
      <SDL2 Key="1134079013">
        <Unknown />
        <Dialogs />
      </SDL2>
    </Entry>
    <Entry Unknown0="881595966" Unknown1="2391293325">
      <SDL2 Key="1134079013">
        <Unknown />
        <Dialogs />
      </SDL2>
    </Entry>
    <Entry Unknown0="2173019273" Unknown1="2235271300">
      <SDL2 Key="1134079013">
        <Unknown />
        <Dialogs />
      </SDL2>
    </Entry>
    <Entry Unknown0="2318866816" Unknown1="1468235570">
      <SDL2 Key="1134079013">
        <Unknown />
        <Dialogs />
      </SDL2>
    </Entry>
    <Entry Unknown0="612165166" Unknown1="3061460349">
      <SDL2 Key="1674105727">
        <Unknown />
        <Dialogs />
      </SDL2>
    </Entry>
    <Entry Unknown0="1903539320" Unknown1="1495824500">
      <SDL2 Key="1674105727">
        <Unknown />
        <Dialogs />
      </SDL2>
    </Entry>
    <Entry Unknown0="2049436019" Unknown1="3413602082">
      <SDL2 Key="1674105727">
        <Unknown />
        <Dialogs />
      </SDL2>
    </Entry>
  </Entries>
</DBIN2>