<?xml version="1.0" encoding="utf-8"?>
<DBIN2 xmlns:xsi="http://www.w3.org/2001/XMLSchema-instance" xmlns:xsd="http://www.w3.org/2001/XMLSchema" Key="4283657975" Unknown="8">
  <Entries>
    <Entry Unknown0="1649241704" Unknown1="1307600716">
      <SDL2 Key="3341523286">
        <Unknown />
        <Dialogs />
      </SDL2>
    </Entry>
    <Entry Unknown0="1123023944" Unknown1="2405582826">
      <SDL2 Key="3341523286">
        <Unknown />
        <Dialogs />
      </SDL2>
    </Entry>
    <Entry Unknown0="3965574374" Unknown1="2504189276">
      <SDL2 Key="3341523286">
        <Unknown />
        <Dialogs />
      </SDL2>
    </Entry>
    <Entry Unknown0="1379761753" Unknown1="299915068">
      <SDL2 Key="3341523286">
        <Unknown />
        <Dialogs />
      </SDL2>
    </Entry>
    <Entry Unknown0="853527609" Unknown1="1263744986">
      <SDL2 Key="3341523286">
        <Unknown />
        <Dialogs />
      </SDL2>
    </Entry>
    <Entry Unknown0="3696078039" Unknown1="3710965068">
      <SDL2 Key="3341523286">
        <Unknown />
        <Dialogs />
      </SDL2>
    </Entry>
    <Entry Unknown0="1110265417" Unknown1="3184740140">
      <SDL2 Key="1539935649">
        <Unknown />
        <Dialogs />
      </SDL2>
    </Entry>
    <Entry Unknown0="584047657" Unknown1="1061300170">
      <SDL2 Key="1539935649">
        <Unknown />
        <Dialogs />
      </SDL2>
    </Entry>
  </Entries>
</DBIN2>