<?xml version="1.0" encoding="utf-8"?>
<DBIN2 xmlns:xsi="http://www.w3.org/2001/XMLSchema-instance" xmlns:xsd="http://www.w3.org/2001/XMLSchema" Key="825448050" Unknown="4">
  <Entries>
    <Entry Unknown0="1076575612" Unknown1="1506323850">
      <SDL2 Key="1539935649">
        <Unknown />
        <Dialogs />
      </SDL2>
    </Entry>
    <Entry Unknown0="378459214" Unknown1="3198189551">
      <SDL2 Key="1539935649">
        <Unknown />
        <Dialogs />
      </SDL2>
    </Entry>
    <Entry Unknown0="2305156787" Unknown1="2541216968">
      <SDL2 Key="4119589255">
        <Unknown />
        <Dialogs />
      </SDL2>
    </Entry>
    <Entry Unknown0="1346047372" Unknown1="1776139674">
      <SDL2 Key="4119589255">
        <Unknown />
        <Dialogs />
      </SDL2>
    </Entry>
  </Entries>
</DBIN2>