<?xml version="1.0" encoding="utf-8"?>
<DBIN2 xmlns:xsi="http://www.w3.org/2001/XMLSchema-instance" xmlns:xsd="http://www.w3.org/2001/XMLSchema" Key="598585817" Unknown="4">
  <Entries>
    <Entry Unknown0="1801391491" Unknown1="1976477346">
      <SDL2 Key="4119589255">
        <Unknown />
        <Dialogs />
      </SDL2>
    </Entry>
    <Entry Unknown0="5870638" Unknown1="2002014624">
      <SDL2 Key="4119589255">
        <Unknown />
        <Dialogs />
      </SDL2>
    </Entry>
    <Entry Unknown0="48397100" Unknown1="235032359">
      <SDL2 Key="4119589255">
        <Unknown />
        <Dialogs />
      </SDL2>
    </Entry>
    <Entry Unknown0="2609872307" Unknown1="2784876242">
      <SDL2 Key="4119589255">
        <Unknown />
        <Dialogs />
      </SDL2>
    </Entry>
  </Entries>
</DBIN2>