<?xml version="1.0" encoding="utf-8"?>
<DBIN2 xmlns:xsi="http://www.w3.org/2001/XMLSchema-instance" xmlns:xsd="http://www.w3.org/2001/XMLSchema" Key="2143916746" Unknown="22">
  <Entries>
    <Entry Unknown0="105344396" Unknown1="3275885378">
      <SDL2 Key="1463671036">
        <Unknown />
        <Dialogs />
      </SDL2>
    </Entry>
    <Entry Unknown0="3023875646" Unknown1="3196370237">
      <SDL2 Key="1463671036">
        <Unknown />
        <Dialogs />
      </SDL2>
    </Entry>
    <Entry Unknown0="2978025529" Unknown1="20691072">
      <SDL2 Key="1463671036">
        <Unknown />
        <Dialogs />
      </SDL2>
    </Entry>
    <Entry Unknown0="4130807164" Unknown1="2989685554">
      <SDL2 Key="1463671036">
        <Unknown />
        <Dialogs />
      </SDL2>
    </Entry>
    <Entry Unknown0="2754371118" Unknown1="2943659309">
      <SDL2 Key="4294863811">
        <Unknown />
        <Dialogs />
      </SDL2>
    </Entry>
    <Entry Unknown0="2708537385" Unknown1="4029393008">
      <SDL2 Key="4294863811">
        <Unknown />
        <Dialogs />
      </SDL2>
    </Entry>
    <Entry Unknown0="3861319020" Unknown1="2703420194">
      <SDL2 Key="4294863811">
        <Unknown />
        <Dialogs />
      </SDL2>
    </Entry>
    <Entry Unknown0="2484882974" Unknown1="2623839517">
      <SDL2 Key="4294863811">
        <Unknown />
        <Dialogs />
      </SDL2>
    </Entry>
    <Entry Unknown0="2439065625" Unknown1="3810236512">
      <SDL2 Key="4294863811">
        <Unknown />
        <Dialogs />
      </SDL2>
    </Entry>
    <Entry Unknown0="3591847260" Unknown1="2417154834">
      <SDL2 Key="4294863811">
        <Unknown />
        <Dialogs />
      </SDL2>
    </Entry>
    <Entry Unknown0="2215411214" Unknown1="2371128589">
      <SDL2 Key="1061061181">
        <Unknown />
        <Dialogs />
      </SDL2>
    </Entry>
    <Entry Unknown0="2169577481" Unknown1="3523971152">
      <SDL2 Key="1061061181">
        <Unknown />
        <Dialogs />
      </SDL2>
    </Entry>
    <Entry Unknown0="3322359116" Unknown1="2214775554">
      <SDL2 Key="1061061181">
        <Unknown />
        <Dialogs />
      </SDL2>
    </Entry>
    <Entry Unknown0="1962700542" Unknown1="2034531837">
      <SDL2 Key="1061061181">
        <Unknown />
        <Dialogs />
      </SDL2>
    </Entry>
    <Entry Unknown0="1900138745" Unknown1="3338369088">
      <SDL2 Key="1061061181">
        <Unknown />
        <Dialogs />
      </SDL2>
    </Entry>
    <Entry Unknown0="3069697340" Unknown1="2062793714">
      <SDL2 Key="1061061181">
        <Unknown />
        <Dialogs />
      </SDL2>
    </Entry>
    <Entry Unknown0="1693196014" Unknown1="1681288685">
      <SDL2 Key="1061061181">
        <Unknown />
        <Dialogs />
      </SDL2>
    </Entry>
    <Entry Unknown0="1630650601" Unknown1="3186124848">
      <SDL2 Key="3924891124">
        <Unknown />
        <Dialogs />
      </SDL2>
    </Entry>
    <Entry Unknown0="2800209196" Unknown1="1860414434">
      <SDL2 Key="3924891124">
        <Unknown />
        <Dialogs />
      </SDL2>
    </Entry>
    <Entry Unknown0="1423707870" Unknown1="1344691677">
      <SDL2 Key="3924891124">
        <Unknown />
        <Dialogs />
      </SDL2>
    </Entry>
    <Entry Unknown0="1361178841" Unknown1="2933413920">
      <SDL2 Key="3924891124">
        <Unknown />
        <Dialogs />
      </SDL2>
    </Entry>
    <Entry Unknown0="2530737436" Unknown1="1137941458">
      <SDL2 Key="3924891124">
        <Unknown />
        <Dialogs />
      </SDL2>
    </Entry>
  </Entries>
</DBIN2>