<?xml version="1.0" encoding="utf-8"?>
<DBIN2 xmlns:xsi="http://www.w3.org/2001/XMLSchema-instance" xmlns:xsd="http://www.w3.org/2001/XMLSchema" Key="2648558026" Unknown="5">
  <Entries>
    <Entry Unknown0="3522019703" Unknown1="2333414440">
      <SDL2 Key="1193624265">
        <Unknown>
          <Entry>
            <Values />
            <Value0>147456</Value0>
            <Value1>65536</Value1>
          </Entry>
          <Entry>
            <Values />
            <Value0>147456</Value0>
            <Value1>131072</Value1>
          </Entry>
          <Entry>
            <Values />
            <Value0>65539</Value0>
            <Value1>147456</Value1>
          </Entry>
          <Entry>
            <Values />
            <Value0>147456</Value0>
            <Value1>262144</Value1>
          </Entry>
          <Entry>
            <Values />
            <Value0>147456</Value0>
            <Value1>327680</Value1>
          </Entry>
          <Entry>
            <Values />
            <Value0>147456</Value0>
            <Value1>393216</Value1>
          </Entry>
          <Entry>
            <Values />
            <Value0>147456</Value0>
            <Value1>458752</Value1>
          </Entry>
          <Entry>
            <Values />
            <Value0>147456</Value0>
            <Value1>131072</Value1>
          </Entry>
          <Entry>
            <Values />
            <Value0>147456</Value0>
            <Value1>524288</Value1>
          </Entry>
          <Entry>
            <Values />
            <Value0>147456</Value0>
            <Value1>589824</Value1>
          </Entry>
          <Entry>
            <Values />
            <Value0>147456</Value0>
            <Value1>655360</Value1>
          </Entry>
          <Entry>
            <Values />
            <Value0>147456</Value0>
            <Value1>720896</Value1>
          </Entry>
          <Entry>
            <Values />
            <Value0>147456</Value0>
            <Value1>786432</Value1>
          </Entry>
          <Entry>
            <Values />
            <Value0>147456</Value0>
            <Value1>851968</Value1>
          </Entry>
          <Entry>
            <Values />
            <Value0>147456</Value0>
            <Value1>917504</Value1>
          </Entry>
          <Entry>
            <Values>
              <Entry>
                <Value0>36000</Value0>
                <Value1>0</Value1>
              </Entry>
            </Values>
            <Value0>147471</Value0>
            <Value1>1048576</Value1>
          </Entry>
          <Entry>
            <Values />
            <Value0>147456</Value0>
            <Value1>1114112</Value1>
          </Entry>
          <Entry>
            <Values />
            <Value0>147456</Value0>
            <Value1>1179648</Value1>
          </Entry>
          <Entry>
            <Values />
            <Value0>147456</Value0>
            <Value1>1245184</Value1>
          </Entry>
          <Entry>
            <Values />
            <Value0>147456</Value0>
            <Value1>1310720</Value1>
          </Entry>
          <Entry>
            <Values />
            <Value0>147456</Value0>
            <Value1>1376256</Value1>
          </Entry>
          <Entry>
            <Values />
            <Value0>147456</Value0>
            <Value1>1441792</Value1>
          </Entry>
          <Entry>
            <Values />
            <Value0>147456</Value0>
            <Value1>1507328</Value1>
          </Entry>
          <Entry>
            <Values />
            <Value0>147456</Value0>
            <Value1>1572864</Value1>
          </Entry>
          <Entry>
            <Values />
            <Value0>147456</Value0>
            <Value1>1638400</Value1>
          </Entry>
          <Entry>
            <Values />
            <Value0>147456</Value0>
            <Value1>1703936</Value1>
          </Entry>
          <Entry>
            <Values />
            <Value0>147456</Value0>
            <Value1>1769472</Value1>
          </Entry>
          <Entry>
            <Values />
            <Value0>147456</Value0>
            <Value1>1835008</Value1>
          </Entry>
          <Entry>
            <Values />
            <Value0>147456</Value0>
            <Value1>1900544</Value1>
          </Entry>
          <Entry>
            <Values />
            <Value0>147456</Value0>
            <Value1>1966080</Value1>
          </Entry>
          <Entry>
            <Values />
            <Value0>147456</Value0>
            <Value1>2031616</Value1>
          </Entry>
          <Entry>
            <Values />
            <Value0>147456</Value0>
            <Value1>2097152</Value1>
          </Entry>
          <Entry>
            <Values />
            <Value0>147456</Value0>
            <Value1>2162688</Value1>
          </Entry>
          <Entry>
            <Values />
            <Value0>147456</Value0>
            <Value1>2228224</Value1>
          </Entry>
          <Entry>
            <Values />
            <Value0>147456</Value0>
            <Value1>2293760</Value1>
          </Entry>
        </Unknown>
        <Dialogs>
          <Dialog>○○○○○○○○</Dialog>
          <Dialog>Huh, where am I？ It's all
white.</Dialog>
          <Dialog>......</Dialog>
          <Dialog>　　　　　　　・
　　　　　　　・
　　　　　　　・</Dialog>
          <Dialog>...It's starting to become a
little clearer.</Dialog>
          <Dialog>Eh？！
▲小早川＊▲！？</Dialog>
          <Dialog>Why am I here...？ So, this is
just a dream.</Dialog>
          <Dialog>Since it's a dream, maybe she
won't get angry if I touch
her.</Dialog>
          <Dialog>All right. I'll try touching
her.</Dialog>
          <Dialog>？！</Dialog>
          <Dialog>...I was surprised. Even in
the middle of a dream, she
gave a reaction.</Dialog>
          <Dialog>...I wonder if I could touch
her a little more.</Dialog>
          <Dialog>Seems like she's happy.</Dialog>
          <Dialog>...But there are times when
it's not good to touch her.</Dialog>
          <Dialog>It looks like she's really
enjoying it.</Dialog>
          <Dialog>小早川</Dialog>
          <Dialog>Someone might see us...</Dialog>
          <Dialog>Her responses are different
depending on where I touch
her.</Dialog>
          <Dialog>Depending on her mood, some
places will be good to touch,
and some bad.</Dialog>
          <Dialog>Looks like the number of times
I can touch her depends on her
mood, too.</Dialog>
          <Dialog>Where can I touch her？ I
guess I'll give it a go.</Dialog>
          <Dialog>Her hair... It's okay I guess,
because I'm her boyfriend.</Dialog>
          <Dialog>Her forehead... She looks so
cute.</Dialog>
          <Dialog>Her ear... I wonder if she's
ticklish.</Dialog>
          <Dialog>Her body... I have to be
careful with this.</Dialog>
          <Dialog>Her arm... It would be good if
we could walk arm in arm.</Dialog>
          <Dialog>Her hand.... I want to hold
her hand.</Dialog>
          <Dialog>Apparently, this won't do.</Dialog>
          <Dialog>Her hair, forehead, ear, body,
arm, and hand. That's about
all.</Dialog>
          <Dialog>...Hmm？</Dialog>
          <Dialog>Ah, the world is turning white
again... Is it over already？</Dialog>
          <Dialog>Just a bit more...
▲小早川＊▲！
WAIT！</Dialog>
          <Dialog>Huh？ Where am I？</Dialog>
          <Dialog>I see. A dream, huh？ What a
vivid and lively dream.</Dialog>
          <Dialog>But I won't be satisfied with
just a dream.</Dialog>
          <Dialog>All right. I'll do it right on
a date！</Dialog>
        </Dialogs>
      </SDL2>
    </Entry>
    <Entry Unknown0="4102697372" Unknown1="639908291">
      <SDL2 Key="1193624265">
        <Unknown>
          <Entry>
            <Values />
            <Value0>65536</Value0>
            <Value1>65537</Value1>
          </Entry>
          <Entry>
            <Values />
            <Value0>65537</Value0>
            <Value1>147458</Value1>
          </Entry>
          <Entry>
            <Values />
            <Value0>147458</Value0>
            <Value1>196608</Value1>
          </Entry>
          <Entry>
            <Values />
            <Value0>147458</Value0>
            <Value1>262144</Value1>
          </Entry>
        </Unknown>
        <Dialogs>
          <Dialog>Practice skinship</Dialog>
          <Dialog>Don't practice skinship</Dialog>
          <Dialog>○○○○○○○○</Dialog>
          <Dialog>...I'm getting sleepy.</Dialog>
          <Dialog>...This isn't good. I'm really
sleepy...</Dialog>
        </Dialogs>
      </SDL2>
    </Entry>
    <Entry Unknown0="2442794039" Unknown1="927651027">
      <SDL2 Key="1331044966">
        <Unknown>
          <Entry>
            <Values />
            <Value0>147456</Value0>
            <Value1>65536</Value1>
          </Entry>
          <Entry>
            <Values />
            <Value0>147456</Value0>
            <Value1>131072</Value1>
          </Entry>
          <Entry>
            <Values />
            <Value0>147456</Value0>
            <Value1>196608</Value1>
          </Entry>
          <Entry>
            <Values />
            <Value0>147456</Value0>
            <Value1>262144</Value1>
          </Entry>
          <Entry>
            <Values />
            <Value0>147456</Value0>
            <Value1>327680</Value1>
          </Entry>
          <Entry>
            <Values />
            <Value0>147456</Value0>
            <Value1>393216</Value1>
          </Entry>
          <Entry>
            <Values />
            <Value0>147456</Value0>
            <Value1>458752</Value1>
          </Entry>
          <Entry>
            <Values />
            <Value0>147456</Value0>
            <Value1>524288</Value1>
          </Entry>
          <Entry>
            <Values />
            <Value0>147456</Value0>
            <Value1>589824</Value1>
          </Entry>
          <Entry>
            <Values />
            <Value0>147456</Value0>
            <Value1>655360</Value1>
          </Entry>
          <Entry>
            <Values />
            <Value0>147456</Value0>
            <Value1>720896</Value1>
          </Entry>
          <Entry>
            <Values />
            <Value0>147456</Value0>
            <Value1>786432</Value1>
          </Entry>
          <Entry>
            <Values />
            <Value0>147456</Value0>
            <Value1>851968</Value1>
          </Entry>
          <Entry>
            <Values />
            <Value0>147456</Value0>
            <Value1>917504</Value1>
          </Entry>
          <Entry>
            <Values />
            <Value0>147456</Value0>
            <Value1>983040</Value1>
          </Entry>
          <Entry>
            <Values />
            <Value0>147456</Value0>
            <Value1>1048576</Value1>
          </Entry>
          <Entry>
            <Values />
            <Value0>147456</Value0>
            <Value1>1114112</Value1>
          </Entry>
          <Entry>
            <Values />
            <Value0>147456</Value0>
            <Value1>1179648</Value1>
          </Entry>
          <Entry>
            <Values />
            <Value0>147456</Value0>
            <Value1>1245184</Value1>
          </Entry>
          <Entry>
            <Values />
            <Value0>147456</Value0>
            <Value1>1310720</Value1>
          </Entry>
          <Entry>
            <Values />
            <Value0>147456</Value0>
            <Value1>1376256</Value1>
          </Entry>
          <Entry>
            <Values />
            <Value0>147456</Value0>
            <Value1>1441792</Value1>
          </Entry>
          <Entry>
            <Values />
            <Value0>147456</Value0>
            <Value1>1507328</Value1>
          </Entry>
          <Entry>
            <Values />
            <Value0>147456</Value0>
            <Value1>1572864</Value1>
          </Entry>
          <Entry>
            <Values />
            <Value0>147456</Value0>
            <Value1>1638400</Value1>
          </Entry>
          <Entry>
            <Values />
            <Value0>147456</Value0>
            <Value1>1703936</Value1>
          </Entry>
          <Entry>
            <Values />
            <Value0>147456</Value0>
            <Value1>1769472</Value1>
          </Entry>
          <Entry>
            <Values />
            <Value0>147456</Value0>
            <Value1>1835008</Value1>
          </Entry>
          <Entry>
            <Values />
            <Value0>147456</Value0>
            <Value1>1900544</Value1>
          </Entry>
          <Entry>
            <Values />
            <Value0>147456</Value0>
            <Value1>1966080</Value1>
          </Entry>
          <Entry>
            <Values />
            <Value0>147456</Value0>
            <Value1>2031616</Value1>
          </Entry>
          <Entry>
            <Values />
            <Value0>147456</Value0>
            <Value1>2097152</Value1>
          </Entry>
          <Entry>
            <Values />
            <Value0>147456</Value0>
            <Value1>2162688</Value1>
          </Entry>
          <Entry>
            <Values />
            <Value0>147456</Value0>
            <Value1>2228224</Value1>
          </Entry>
          <Entry>
            <Values />
            <Value0>147456</Value0>
            <Value1>2293760</Value1>
          </Entry>
          <Entry>
            <Values />
            <Value0>147456</Value0>
            <Value1>2359296</Value1>
          </Entry>
          <Entry>
            <Values />
            <Value0>147456</Value0>
            <Value1>2424832</Value1>
          </Entry>
          <Entry>
            <Values />
            <Value0>147456</Value0>
            <Value1>2490368</Value1>
          </Entry>
          <Entry>
            <Values />
            <Value0>147456</Value0>
            <Value1>2555904</Value1>
          </Entry>
          <Entry>
            <Values />
            <Value0>147456</Value0>
            <Value1>2621440</Value1>
          </Entry>
          <Entry>
            <Values />
            <Value0>147456</Value0>
            <Value1>1441792</Value1>
          </Entry>
          <Entry>
            <Values />
            <Value0>147456</Value0>
            <Value1>2686976</Value1>
          </Entry>
          <Entry>
            <Values />
            <Value0>147456</Value0>
            <Value1>2752512</Value1>
          </Entry>
          <Entry>
            <Values />
            <Value0>147456</Value0>
            <Value1>2818048</Value1>
          </Entry>
          <Entry>
            <Values />
            <Value0>147456</Value0>
            <Value1>2883584</Value1>
          </Entry>
          <Entry>
            <Values />
            <Value0>147456</Value0>
            <Value1>2949120</Value1>
          </Entry>
          <Entry>
            <Values />
            <Value0>147456</Value0>
            <Value1>3014656</Value1>
          </Entry>
          <Entry>
            <Values />
            <Value0>147456</Value0>
            <Value1>3080192</Value1>
          </Entry>
          <Entry>
            <Values />
            <Value0>147456</Value0>
            <Value1>3145728</Value1>
          </Entry>
          <Entry>
            <Values />
            <Value0>147456</Value0>
            <Value1>3211264</Value1>
          </Entry>
          <Entry>
            <Values />
            <Value0>147456</Value0>
            <Value1>3276800</Value1>
          </Entry>
          <Entry>
            <Values />
            <Value0>147456</Value0>
            <Value1>3342336</Value1>
          </Entry>
          <Entry>
            <Values />
            <Value0>147456</Value0>
            <Value1>3407872</Value1>
          </Entry>
          <Entry>
            <Values />
            <Value0>147456</Value0>
            <Value1>458752</Value1>
          </Entry>
          <Entry>
            <Values />
            <Value0>147456</Value0>
            <Value1>3473408</Value1>
          </Entry>
          <Entry>
            <Values />
            <Value0>147456</Value0>
            <Value1>3538944</Value1>
          </Entry>
          <Entry>
            <Values />
            <Value0>147456</Value0>
            <Value1>3604480</Value1>
          </Entry>
        </Unknown>
        <Dialogs>
          <Dialog>○○○○○○○○</Dialog>
          <Dialog>What is this place？ There's
no one here...</Dialog>
          <Dialog>...What？ It's all suddenly
turning white.</Dialog>
          <Dialog>That's right. I feel like I've
had this dream before...</Dialog>
          <Dialog>Whoa！</Dialog>
          <Dialog>▲小早川＊▲
is this close...</Dialog>
          <Dialog>The atmosphere now is nice,
too.</Dialog>
          <Dialog>......</Dialog>
          <Dialog>Maybe I can kiss her？</Dialog>
          <Dialog>Before, I could only touch
her. But I should try
something different now.</Dialog>
          <Dialog>Her reactions to being touched
change slightly.</Dialog>
          <Dialog>All right, this time I will
try her cheek.</Dialog>
          <Dialog>Hmm... You didn't want me to
touch there？</Dialog>
          <Dialog>I think it would be best not
to do that.</Dialog>
          <Dialog>I'll try touching her a little
longer.</Dialog>
          <Dialog>If I touch her longer, will
she like it？</Dialog>
          <Dialog>Depending on where I touch
her, her expression will
change from time to time.</Dialog>
          <Dialog>I wonder where I should touch.
I guess I'll try different
spots for now.</Dialog>
          <Dialog>Her head.... I can gently pat
her.</Dialog>
          <Dialog>Her forehead.... I can touch
here, too.</Dialog>
          <Dialog>Her cheek... I can touch here
as well.</Dialog>
          <Dialog>Her shoulder. Looks like it's
all right to touch her here as
well.</Dialog>
          <Dialog>Not the right place...</Dialog>
          <Dialog>Apparently, this won't do.</Dialog>
          <Dialog>Her head, forehead, cheek, and
shoulder... I think I've got
it.</Dialog>
          <Dialog>...Hm？</Dialog>
          <Dialog>In this situation...</Dialog>
          <Dialog>Whoa？！</Dialog>
          <Dialog>This is...</Dialog>
          <Dialog>I'm allowed to kiss her after
all？</Dialog>
          <Dialog>Because this is a dream, I
guess it's okay.</Dialog>
          <Dialog>Think of it as practice, this
should be good.</Dialog>
          <Dialog>Well, what now？ Lips are the
first thing you think of when
kissing, right？</Dialog>
          <Dialog>I think I can kiss her
forehead, cheek, or near her
mouth.</Dialog>
          <Dialog>All right. For now, I'll try
to test it out.</Dialog>
          <Dialog>Lightly touching her cheek
seems to be okay.</Dialog>
          <Dialog>Kissing her forehead... This
looks okay.</Dialog>
          <Dialog>Near her mouth... Seems it's
okay to lightly touch around
here.</Dialog>
          <Dialog>Now, maybe I can try touching
her lips lightly.</Dialog>
          <Dialog>Just for the lips, I guess I
can try a long kiss.</Dialog>
          <Dialog>...This is no good.</Dialog>
          <Dialog>Whoa... I just wound up doing
various things...</Dialog>
          <Dialog>Well, let me pull myself
together.</Dialog>
          <Dialog>It's okay to continue touching
her lips.</Dialog>
          <Dialog>Even though it's a dream, this
turned out to be quite a
strange feeling...</Dialog>
          <Dialog>It has to be longer...</Dialog>
          <Dialog>Wrong！ I have to kiss her
lips.</Dialog>
          <Dialog>This is no good.</Dialog>
          <Dialog>Phew...</Dialog>
          <Dialog>It's really frustrating to
think that this is only a
dream.</Dialog>
          <Dialog>I'm so embarrassed. I
definitely can't tell
▲小早川＊▲
about this.</Dialog>
          <Dialog>Ah, everything is going white
again... Is it over？</Dialog>
          <Dialog>I wish I could stay, but I
guess it's just a dream, after
all...</Dialog>
          <Dialog>After a dream like this, it
will be tough seeing
▲小早川＊▲.</Dialog>
          <Dialog>I hope that I can do this in
real life, not just in my
dreams...</Dialog>
          <Dialog>All right！ I'll try my best
on my next date.</Dialog>
        </Dialogs>
      </SDL2>
    </Entry>
    <Entry Unknown0="2713579847" Unknown1="1524950264">
      <SDL2 Key="1905613234">
        <Unknown>
          <Entry>
            <Values />
            <Value0>65536</Value0>
            <Value1>65537</Value1>
          </Entry>
          <Entry>
            <Values />
            <Value0>65537</Value0>
            <Value1>147458</Value1>
          </Entry>
          <Entry>
            <Values />
            <Value0>147458</Value0>
            <Value1>196608</Value1>
          </Entry>
          <Entry>
            <Values />
            <Value0>147458</Value0>
            <Value1>262144</Value1>
          </Entry>
        </Unknown>
        <Dialogs>
          <Dialog>Practice kissing</Dialog>
          <Dialog>Don't practice kissing</Dialog>
          <Dialog>○○○○○○○○</Dialog>
          <Dialog>So sleepy...</Dialog>
          <Dialog>I'm really sleepy... I'm...
going to...</Dialog>
        </Dialogs>
      </SDL2>
    </Entry>
    <Entry Unknown0="3294290284" Unknown1="4109699475">
      <SDL2 Key="962055304">
        <Unknown>
          <Entry>
            <Values />
            <Value0>147456</Value0>
            <Value1>65536</Value1>
          </Entry>
          <Entry>
            <Values />
            <Value0>147456</Value0>
            <Value1>131072</Value1>
          </Entry>
          <Entry>
            <Values />
            <Value0>147456</Value0>
            <Value1>196608</Value1>
          </Entry>
        </Unknown>
        <Dialogs>
          <Dialog>○○○○○○○○</Dialog>
          <Dialog>Something doesn't work...</Dialog>
          <Dialog>Not yet!</Dialog>
          <Dialog>This is not good</Dialog>
        </Dialogs>
      </SDL2>
    </Entry>
  </Entries>
</DBIN2>