<?xml version="1.0" encoding="utf-8"?>
<DBIN2 xmlns:xsi="http://www.w3.org/2001/XMLSchema-instance" xmlns:xsd="http://www.w3.org/2001/XMLSchema" Key="526184737" Unknown="5">
  <Entries>
    <Entry Unknown0="2280921003" Unknown1="385534517">
      <SDL2 Key="427453431">
        <Unknown />
        <Dialogs />
      </SDL2>
    </Entry>
    <Entry Unknown0="2574617265" Unknown1="2506412212">
      <SDL2 Key="1269469778">
        <Unknown />
        <Dialogs />
      </SDL2>
    </Entry>
    <Entry Unknown0="451051568" Unknown1="6901535">
      <SDL2 Key="1269469778">
        <Unknown />
        <Dialogs />
      </SDL2>
    </Entry>
    <Entry Unknown0="2011432859" Unknown1="115980837">
      <SDL2 Key="1269469778">
        <Unknown />
        <Dialogs />
      </SDL2>
    </Entry>
    <Entry Unknown0="2305161889" Unknown1="2220212388">
      <SDL2 Key="1269469778">
        <Unknown />
        <Dialogs />
      </SDL2>
    </Entry>
  </Entries>
</DBIN2>