<?xml version="1.0" encoding="utf-8"?>
<DBIN2 xmlns:xsi="http://www.w3.org/2001/XMLSchema-instance" xmlns:xsd="http://www.w3.org/2001/XMLSchema" Key="3953464430" Unknown="2">
  <Entries>
    <Entry Unknown0="2688499094" Unknown1="668696850">
      <SDL2 Key="1269469778">
        <Unknown />
        <Dialogs />
      </SDL2>
    </Entry>
    <Entry Unknown0="3632586942" Unknown1="1930996061">
      <SDL2 Key="1269469778">
        <Unknown />
        <Dialogs />
      </SDL2>
    </Entry>
  </Entries>
</DBIN2>