<?xml version="1.0" encoding="utf-8"?>
<DBIN2 xmlns:xsi="http://www.w3.org/2001/XMLSchema-instance" xmlns:xsd="http://www.w3.org/2001/XMLSchema" Key="4186448872" Unknown="15">
  <Entries>
    <Entry Unknown0="275103481" Unknown1="1589113431">
      <SDL2 Key="4088872785">
        <Unknown>
          <Entry>
            <Values />
            <Value0>147456</Value0>
            <Value1>65536</Value1>
          </Entry>
          <Entry>
            <Values />
            <Value0>147456</Value0>
            <Value1>131072</Value1>
          </Entry>
          <Entry>
            <Values />
            <Value0>147456</Value0>
            <Value1>196608</Value1>
          </Entry>
        </Unknown>
        <Dialogs>
          <Dialog>○○○○○○○○</Dialog>
          <Dialog>So this is Towano City, huh...</Dialog>
          <Dialog>I just moved here due to
family circumstances...</Dialog>
          <Dialog>I'll be living and attending
school in this city from now
on.</Dialog>
        </Dialogs>
      </SDL2>
    </Entry>
    <Entry Unknown0="1385944635" Unknown1="2664379533">
      <SDL2 Key="3317334964">
        <Unknown>
          <Entry>
            <Values />
            <Value0>147456</Value0>
            <Value1>65536</Value1>
          </Entry>
          <Entry>
            <Values />
            <Value0>147456</Value0>
            <Value1>131072</Value1>
          </Entry>
        </Unknown>
        <Dialogs>
          <Dialog>○○○○○○○○</Dialog>
          <Dialog>It seems like a nice city, and
there's a public park close to
the station.</Dialog>
          <Dialog>Walking down these springtime
streets... This is definitely
the feeling of a new life.</Dialog>
        </Dialogs>
      </SDL2>
    </Entry>
    <Entry Unknown0="1756567665" Unknown1="2802936485">
      <SDL2 Key="3317334964">
        <Unknown>
          <Entry>
            <Values />
            <Value0>147456</Value0>
            <Value1>65536</Value1>
          </Entry>
          <Entry>
            <Values />
            <Value0>147456</Value0>
            <Value1>131072</Value1>
          </Entry>
        </Unknown>
        <Dialogs>
          <Dialog>○○○○○○○○</Dialog>
          <Dialog>It seems like a nice city, and
there's a public park close to
the station.</Dialog>
          <Dialog>It's hot... It sure does feel
like the middle of summer.</Dialog>
        </Dialogs>
      </SDL2>
    </Entry>
    <Entry Unknown0="2163560073" Unknown1="3796337383">
      <SDL2 Key="3317334964">
        <Unknown>
          <Entry>
            <Values />
            <Value0>147456</Value0>
            <Value1>65536</Value1>
          </Entry>
          <Entry>
            <Values />
            <Value0>147456</Value0>
            <Value1>131072</Value1>
          </Entry>
        </Unknown>
        <Dialogs>
          <Dialog>○○○○○○○○</Dialog>
          <Dialog>It seems like a nice city, and
there's a public park close to
the station.</Dialog>
          <Dialog>The ambiance of the tree-lined
streets in the fall is great,
but I should get going.</Dialog>
        </Dialogs>
      </SDL2>
    </Entry>
    <Entry Unknown0="3257624267" Unknown1="694141981">
      <SDL2 Key="3857365550">
        <Unknown>
          <Entry>
            <Values />
            <Value0>147456</Value0>
            <Value1>65536</Value1>
          </Entry>
          <Entry>
            <Values />
            <Value0>147456</Value0>
            <Value1>131072</Value1>
          </Entry>
        </Unknown>
        <Dialogs>
          <Dialog>○○○○○○○○</Dialog>
          <Dialog>It seems like a nice city, and
there's a public park close to
the station.</Dialog>
          <Dialog>As expected, it sure is cold
walking around this time of
year. I should go.</Dialog>
        </Dialogs>
      </SDL2>
    </Entry>
    <Entry Unknown0="407087105" Unknown1="681703989">
      <SDL2 Key="3857365550">
        <Unknown>
          <Entry>
            <Values />
            <Value0>147456</Value0>
            <Value1>65536</Value1>
          </Entry>
          <Entry>
            <Values />
            <Value0>147456</Value0>
            <Value1>131072</Value1>
          </Entry>
          <Entry>
            <Values />
            <Value0>65539</Value0>
            <Value1>65540</Value1>
          </Entry>
          <Entry>
            <Values />
            <Value0>65540</Value0>
            <Value1>65541</Value1>
          </Entry>
          <Entry>
            <Values />
            <Value0>65541</Value0>
            <Value1>147456</Value1>
          </Entry>
          <Entry>
            <Values />
            <Value0>147456</Value0>
            <Value1>393216</Value1>
          </Entry>
          <Entry>
            <Values />
            <Value0>147456</Value0>
            <Value1>458752</Value1>
          </Entry>
          <Entry>
            <Values />
            <Value0>147456</Value0>
            <Value1>524288</Value1>
          </Entry>
          <Entry>
            <Values />
            <Value0>147456</Value0>
            <Value1>589824</Value1>
          </Entry>
          <Entry>
            <Values />
            <Value0>147456</Value0>
            <Value1>655360</Value1>
          </Entry>
          <Entry>
            <Values />
            <Value0>65547</Value0>
            <Value1>65548</Value1>
          </Entry>
          <Entry>
            <Values />
            <Value0>65548</Value0>
            <Value1>147456</Value1>
          </Entry>
          <Entry>
            <Values />
            <Value0>147456</Value0>
            <Value1>720896</Value1>
          </Entry>
          <Entry>
            <Values />
            <Value0>147456</Value0>
            <Value1>851968</Value1>
          </Entry>
          <Entry>
            <Values />
            <Value0>147456</Value0>
            <Value1>917504</Value1>
          </Entry>
          <Entry>
            <Values />
            <Value0>147456</Value0>
            <Value1>983040</Value1>
          </Entry>
          <Entry>
            <Values />
            <Value0>147456</Value0>
            <Value1>1048576</Value1>
          </Entry>
          <Entry>
            <Values />
            <Value0>147456</Value0>
            <Value1>1114112</Value1>
          </Entry>
          <Entry>
            <Values />
            <Value0>147456</Value0>
            <Value1>1179648</Value1>
          </Entry>
          <Entry>
            <Values />
            <Value0>147456</Value0>
            <Value1>1245184</Value1>
          </Entry>
          <Entry>
            <Values />
            <Value0>147456</Value0>
            <Value1>1310720</Value1>
          </Entry>
          <Entry>
            <Values />
            <Value0>147456</Value0>
            <Value1>1376256</Value1>
          </Entry>
        </Unknown>
        <Dialogs>
          <Dialog>○○○○○○○○</Dialog>
          <Dialog>The place where I'll be
staying should be somewhere
around here...</Dialog>
          <Dialog>Let's see. My new room was...</Dialog>
          <Dialog>A simple student-like
room</Dialog>
          <Dialog>A fashionable adult-like
room</Dialog>
          <Dialog>A quiet Japanese style
room</Dialog>
          <Dialog>I am a student after all, so I
went with a simple room.</Dialog>
          <Dialog>It's my long awaited new life
after all, so I went with a
fashionable room.</Dialog>
          <Dialog>Tatami mats are definitely the
best！ So I went with the
Japanese style room.</Dialog>
          <Dialog>Ah, it's over there... First,
I need to unpack my things.</Dialog>
          <Dialog>All right, that should do
it...</Dialog>
          <Dialog>This is my room from now
on！</Dialog>
          <Dialog>So this will be my room
from now on, huh？</Dialog>
          <Dialog>So this will be my room from
now on, huh？</Dialog>
          <Dialog>That's right. I need to go to
the school today and take care
of the transfer procedures.</Dialog>
          <Dialog>I guess I should head out
soon...</Dialog>
          <Dialog>I'm transferring in as a
second year, and the admission
exam was pretty difficult...</Dialog>
          <Dialog>I managed to pass it though. I
wonder if I did well...</Dialog>
          <Dialog>All right, I've arrived.</Dialog>
          <Dialog>Towano Private High School.
This is the school I'll be
attending.</Dialog>
          <Dialog>Even though it's quite an old
school, I found its tradition
of student freedom attractive.</Dialog>
          <Dialog>I'm looking forward to my
future high school life！</Dialog>
        </Dialogs>
      </SDL2>
    </Entry>
    <Entry Unknown0="814079513" Unknown1="3067548279">
      <SDL2 Key="3723191391">
        <Unknown>
          <Entry>
            <Values />
            <Value0>147456</Value0>
            <Value1>65536</Value1>
          </Entry>
          <Entry>
            <Values />
            <Value0>147456</Value0>
            <Value1>131072</Value1>
          </Entry>
          <Entry>
            <Values />
            <Value0>147456</Value0>
            <Value1>196608</Value1>
          </Entry>
          <Entry>
            <Values />
            <Value0>147456</Value0>
            <Value1>262144</Value1>
          </Entry>
          <Entry>
            <Values />
            <Value0>147456</Value0>
            <Value1>327680</Value1>
          </Entry>
          <Entry>
            <Values />
            <Value0>147456</Value0>
            <Value1>393216</Value1>
          </Entry>
        </Unknown>
        <Dialogs>
          <Dialog>○○○○○○○○</Dialog>
          <Dialog>The transfer procedures went
smoothly.</Dialog>
          <Dialog>The tennis coach who happened
to be in the staff room
overpowered me by persistently
asking me to join his club.</Dialog>
          <Dialog>I planned on entering a club
anyway, so why not？</Dialog>
          <Dialog>This school's athletics
department doesn't seem to be
overly strict, so it might
actually be fun.</Dialog>
          <Dialog>It might make me popular with
the girls too, hmm...</Dialog>
          <Dialog>All right, I'll go and tell
them that I'll join！</Dialog>
        </Dialogs>
      </SDL2>
    </Entry>
    <Entry Unknown0="1924920923" Unknown1="2112836781">
      <SDL2 Key="3085770098">
        <Unknown>
          <Entry>
            <Values />
            <Value0>147456</Value0>
            <Value1>65536</Value1>
          </Entry>
          <Entry>
            <Values />
            <Value0>147456</Value0>
            <Value1>131072</Value1>
          </Entry>
          <Entry>
            <Values />
            <Value0>147456</Value0>
            <Value1>196608</Value1>
          </Entry>
          <Entry>
            <Values />
            <Value0>147456</Value0>
            <Value1>262144</Value1>
          </Entry>
          <Entry>
            <Values />
            <Value0>147456</Value0>
            <Value1>327680</Value1>
          </Entry>
          <Entry>
            <Values />
            <Value0>147456</Value0>
            <Value1>393216</Value1>
          </Entry>
        </Unknown>
        <Dialogs>
          <Dialog>○○○○○○○○</Dialog>
          <Dialog>My new school life has already
started. It might be a good
idea to join a club.</Dialog>
          <Dialog>That reminds me, I hear that
the members of the school
tennis club get along well...</Dialog>
          <Dialog>Alright, I'll try joining the
tennis club！</Dialog>
          <Dialog>I'll go and talk with the
advisor.</Dialog>
          <Dialog>...Okay, I filled out the club
enrollment form. Now I just
need to submit it.</Dialog>
          <Dialog>Maybe I'll become popular with
girls if I join the tennis
club. Yeah right...</Dialog>
        </Dialogs>
      </SDL2>
    </Entry>
    <Entry Unknown0="2295543953" Unknown1="506563269">
      <SDL2 Key="2951657379">
        <Unknown>
          <Entry>
            <Values />
            <Value0>147456</Value0>
            <Value1>65536</Value1>
          </Entry>
          <Entry>
            <Values />
            <Value0>147456</Value0>
            <Value1>131072</Value1>
          </Entry>
          <Entry>
            <Values />
            <Value0>147456</Value0>
            <Value1>196608</Value1>
          </Entry>
          <Entry>
            <Values />
            <Value0>147456</Value0>
            <Value1>262144</Value1>
          </Entry>
          <Entry>
            <Values />
            <Value0>147456</Value0>
            <Value1>327680</Value1>
          </Entry>
          <Entry>
            <Values />
            <Value0>147456</Value0>
            <Value1>393216</Value1>
          </Entry>
        </Unknown>
        <Dialogs>
          <Dialog>○○○○○○○○</Dialog>
          <Dialog>Excuse me.</Dialog>
          <Dialog>It's nice that there were no
problems with the transfer
procedures, but...</Dialog>
          <Dialog>I was told that they're short
on library committee members
at the moment.</Dialog>
          <Dialog>Was it really okay to ask a
transfer student who doesn't
know anything here at the
school yet to join？</Dialog>
          <Dialog>But if I become a member, I
can probably make more
friends...</Dialog>
          <Dialog>It's a bit of a hassle, but I
should try it out.</Dialog>
        </Dialogs>
      </SDL2>
    </Entry>
    <Entry Unknown0="2685759145" Unknown1="3714556423">
      <SDL2 Key="2839517263">
        <Unknown>
          <Entry>
            <Values />
            <Value0>147456</Value0>
            <Value1>65536</Value1>
          </Entry>
          <Entry>
            <Values />
            <Value0>147456</Value0>
            <Value1>131072</Value1>
          </Entry>
          <Entry>
            <Values />
            <Value0>147456</Value0>
            <Value1>196608</Value1>
          </Entry>
          <Entry>
            <Values />
            <Value0>147456</Value0>
            <Value1>262144</Value1>
          </Entry>
          <Entry>
            <Values />
            <Value0>147456</Value0>
            <Value1>327680</Value1>
          </Entry>
          <Entry>
            <Values />
            <Value0>147456</Value0>
            <Value1>393216</Value1>
          </Entry>
          <Entry>
            <Values />
            <Value0>147456</Value0>
            <Value1>458752</Value1>
          </Entry>
          <Entry>
            <Values />
            <Value0>147456</Value0>
            <Value1>524288</Value1>
          </Entry>
        </Unknown>
        <Dialogs>
          <Dialog>○○○○○○○○</Dialog>
          <Dialog>I wonder why the teacher
suddenly called for me.</Dialog>
          <Dialog>Guess I'll head to the staff
room...</Dialog>
          <Dialog>I'll be leaving now.</Dialog>
          <Dialog>I've just been appointed to
the library committee.</Dialog>
          <Dialog>I was told they're short on
library committee members at
the moment.</Dialog>
          <Dialog>I've only just transferred,
though...</Dialog>
          <Dialog>But if I become a member, I
can probably make some more
friends...</Dialog>
          <Dialog>It's a bit of a hassle, but I
should try it out.</Dialog>
        </Dialogs>
      </SDL2>
    </Entry>
    <Entry Unknown0="3796600555" Unknown1="2558518333">
      <SDL2 Key="2435924594">
        <Unknown>
          <Entry>
            <Values />
            <Value0>147456</Value0>
            <Value1>65536</Value1>
          </Entry>
          <Entry>
            <Values />
            <Value0>147456</Value0>
            <Value1>131072</Value1>
          </Entry>
          <Entry>
            <Values />
            <Value0>147456</Value0>
            <Value1>196608</Value1>
          </Entry>
          <Entry>
            <Values />
            <Value0>147456</Value0>
            <Value1>262144</Value1>
          </Entry>
          <Entry>
            <Values />
            <Value0>147456</Value0>
            <Value1>327680</Value1>
          </Entry>
          <Entry>
            <Values />
            <Value0>147456</Value0>
            <Value1>393216</Value1>
          </Entry>
          <Entry>
            <Values />
            <Value0>147456</Value0>
            <Value1>458752</Value1>
          </Entry>
          <Entry>
            <Values />
            <Value0>147456</Value0>
            <Value1>524288</Value1>
          </Entry>
        </Unknown>
        <Dialogs>
          <Dialog>○○○○○○○○</Dialog>
          <Dialog>Well, that's it for the
transfer procedures.</Dialog>
          <Dialog>Which means, next I need to...</Dialog>
          <Dialog>...Find a part-time job.</Dialog>
          <Dialog>If I go to the station, there
should be some hiring
notices...</Dialog>
          <Dialog>There they are; the help
wanted ads.</Dialog>
          <Dialog>A family restaurant...
"Dixie's," huh？</Dialog>
          <Dialog>They accept high school
students, and apparently they
treat employees with respect.
I've decided on this one！</Dialog>
          <Dialog>I'll call right away...</Dialog>
        </Dialogs>
      </SDL2>
    </Entry>
    <Entry Unknown0="946063393" Unknown1="2176916053">
      <SDL2 Key="3817975335">
        <Unknown>
          <Entry>
            <Values />
            <Value0>147456</Value0>
            <Value1>65536</Value1>
          </Entry>
          <Entry>
            <Values />
            <Value0>147456</Value0>
            <Value1>131072</Value1>
          </Entry>
          <Entry>
            <Values />
            <Value0>147456</Value0>
            <Value1>196608</Value1>
          </Entry>
          <Entry>
            <Values />
            <Value0>147456</Value0>
            <Value1>262144</Value1>
          </Entry>
          <Entry>
            <Values />
            <Value0>147456</Value0>
            <Value1>327680</Value1>
          </Entry>
          <Entry>
            <Values />
            <Value0>147456</Value0>
            <Value1>393216</Value1>
          </Entry>
          <Entry>
            <Values />
            <Value0>147456</Value0>
            <Value1>458752</Value1>
          </Entry>
          <Entry>
            <Values />
            <Value0>147456</Value0>
            <Value1>524288</Value1>
          </Entry>
        </Unknown>
        <Dialogs>
          <Dialog>○○○○○○○○</Dialog>
          <Dialog>That reminds me...</Dialog>
          <Dialog>It wouldn't be a bad idea to
get a part-time job.</Dialog>
          <Dialog>My new life just started, so
I'm going to have to cover
various expenses.</Dialog>
          <Dialog>If I go to the station, there
should be some hiring
notices...</Dialog>
          <Dialog>There they are; the help
wanted ads.</Dialog>
          <Dialog>A family restaurant...
"Dixie's," huh？</Dialog>
          <Dialog>They accept high school
students, and apparently they
treat employees with respect.
I've decided on this one！</Dialog>
          <Dialog>I'll call right away...</Dialog>
        </Dialogs>
      </SDL2>
    </Entry>
    <Entry Unknown0="1353055800" Unknown1="3002544791">
      <SDL2 Key="3817975335">
        <Unknown>
          <Entry>
            <Values />
            <Value0>147456</Value0>
            <Value1>65536</Value1>
          </Entry>
          <Entry>
            <Values />
            <Value0>147456</Value0>
            <Value1>131072</Value1>
          </Entry>
          <Entry>
            <Values />
            <Value0>147456</Value0>
            <Value1>196608</Value1>
          </Entry>
        </Unknown>
        <Dialogs>
          <Dialog>○○○○○○○○</Dialog>
          <Dialog>My new life has only just
begun, and I already got to
know some interesting girls.
I'm pretty lucky.</Dialog>
          <Dialog>She was so cute. I would be
happy to have a girlfriend
like her.</Dialog>
          <Dialog>All right！ From now on, I'll
work hard to get a
girlfriend！</Dialog>
        </Dialogs>
      </SDL2>
    </Entry>
    <Entry Unknown0="2463831674" Unknown1="4178539725">
      <SDL2 Key="3817975335">
        <Unknown>
          <Entry>
            <Values />
            <Value0>147456</Value0>
            <Value1>65536</Value1>
          </Entry>
          <Entry>
            <Values />
            <Value0>147456</Value0>
            <Value1>131072</Value1>
          </Entry>
        </Unknown>
        <Dialogs>
          <Dialog>○○○○○○○○</Dialog>
          <Dialog>The girl I met today was
cute...</Dialog>
          <Dialog>Somehow, it makes me feel
energetic！</Dialog>
        </Dialogs>
      </SDL2>
    </Entry>
    <Entry Unknown0="2834520240" Unknown1="3260132069">
      <SDL2 Key="3817975335">
        <Unknown>
          <Entry>
            <Values />
            <Value0>147456</Value0>
            <Value1>65536</Value1>
          </Entry>
          <Entry>
            <Values />
            <Value0>147456</Value0>
            <Value1>131072</Value1>
          </Entry>
        </Unknown>
        <Dialogs>
          <Dialog>○○○○○○○○</Dialog>
          <Dialog>I was fortunate enough to meet
three great girls. Isn't it
wonderful？</Dialog>
          <Dialog>I have a feeling that my new
life will be full of
excitement！</Dialog>
        </Dialogs>
      </SDL2>
    </Entry>
  </Entries>
</DBIN2>