<?xml version="1.0" encoding="utf-8"?>
<DBIN2 xmlns:xsi="http://www.w3.org/2001/XMLSchema-instance" xmlns:xsd="http://www.w3.org/2001/XMLSchema" Key="589832593" Unknown="16">
  <Entries>
    <Entry Unknown0="3235344371" Unknown1="4203091485">
      <SDL2 Key="3283369623">
        <Unknown>
          <Entry>
            <Values />
            <Value0>147456</Value0>
            <Value1>65536</Value1>
          </Entry>
          <Entry>
            <Values />
            <Value0>147456</Value0>
            <Value1>131072</Value1>
          </Entry>
          <Entry>
            <Values />
            <Value0>147456</Value0>
            <Value1>196608</Value1>
          </Entry>
          <Entry>
            <Values />
            <Value0>147456</Value0>
            <Value1>262144</Value1>
          </Entry>
          <Entry>
            <Values />
            <Value0>147456</Value0>
            <Value1>327680</Value1>
          </Entry>
          <Entry>
            <Values />
            <Value0>65542</Value0>
            <Value1>65543</Value1>
          </Entry>
          <Entry>
            <Values />
            <Value0>65543</Value0>
            <Value1>147456</Value1>
          </Entry>
          <Entry>
            <Values />
            <Value0>147456</Value0>
            <Value1>524288</Value1>
          </Entry>
          <Entry>
            <Values />
            <Value0>147456</Value0>
            <Value1>589824</Value1>
          </Entry>
          <Entry>
            <Values />
            <Value0>147456</Value0>
            <Value1>655360</Value1>
          </Entry>
          <Entry>
            <Values />
            <Value0>147456</Value0>
            <Value1>720896</Value1>
          </Entry>
          <Entry>
            <Values />
            <Value0>147456</Value0>
            <Value1>786432</Value1>
          </Entry>
          <Entry>
            <Values />
            <Value0>147456</Value0>
            <Value1>851968</Value1>
          </Entry>
          <Entry>
            <Values />
            <Value0>147456</Value0>
            <Value1>917504</Value1>
          </Entry>
          <Entry>
            <Values />
            <Value0>147456</Value0>
            <Value1>983040</Value1>
          </Entry>
          <Entry>
            <Values />
            <Value0>147456</Value0>
            <Value1>1048576</Value1>
          </Entry>
        </Unknown>
        <Dialogs>
          <Dialog>○○○○○○○○</Dialog>
          <Dialog>I finally got myself a
girlfriend, huh？</Dialog>
          <Dialog>After getting a girlfriend,
I'm sure my life will change
somehow.</Dialog>
          <Dialog>What do I do now？</Dialog>
          <Dialog>......</Dialog>
          <Dialog>Should I take a look at how
I'll spend my life from now
on？</Dialog>
          <Dialog>I'm anxious to examine it.</Dialog>
          <Dialog>That's not necessary.</Dialog>
          <Dialog>All right. I'd better take a
look. This will be like
practice.</Dialog>
          <Dialog>I get to hang out with her
normally, but this time it
will be an actual date.</Dialog>
          <Dialog>If she's in a good mood, I can
try touching her, too...</Dialog>
          <Dialog>If things go well, I might
even get to kiss her！</Dialog>
          <Dialog>But of course, I probably
won't master it on the first
try.</Dialog>
          <Dialog>First off, if I don't fix
myself up, I can't possibly
ask her out on a date.</Dialog>
          <Dialog>In that case, I'll have to
carefully choose my activities
each day.</Dialog>
          <Dialog>f course, I already know how
to manage it.</Dialog>
          <Dialog>Now then, I need to decide
what I'll do today.</Dialog>
        </Dialogs>
      </SDL2>
    </Entry>
    <Entry Unknown0="2517806761" Unknown1="885378136">
      <SDL2 Key="3283369623">
        <Unknown>
          <Entry>
            <Values />
            <Value0>147456</Value0>
            <Value1>65536</Value1>
          </Entry>
        </Unknown>
        <Dialogs>
          <Dialog>○○○○○○○○</Dialog>
          <Dialog>What should I do today？</Dialog>
        </Dialogs>
      </SDL2>
    </Entry>
    <Entry Unknown0="3511768292" Unknown1="1987774359">
      <SDL2 Key="3283369623">
        <Unknown>
          <Entry>
            <Values />
            <Value0>147456</Value0>
            <Value1>65536</Value1>
          </Entry>
          <Entry>
            <Values />
            <Value0>147456</Value0>
            <Value1>131072</Value1>
          </Entry>
          <Entry>
            <Values />
            <Value0>147456</Value0>
            <Value1>196608</Value1>
          </Entry>
          <Entry>
            <Values />
            <Value0>147456</Value0>
            <Value1>262144</Value1>
          </Entry>
        </Unknown>
        <Dialogs>
          <Dialog>○○○○○○○○</Dialog>
          <Dialog>On the day that she confessed
to me...</Dialog>
          <Dialog>I promised her that I'd go on
a date with her. I'd better
decide on the location.</Dialog>
          <Dialog>Okay. I'll call and ask her
out.</Dialog>
          <Dialog>It's a good idea to ask her
out on a holiday...</Dialog>
        </Dialogs>
      </SDL2>
    </Entry>
    <Entry Unknown0="268934947" Unknown1="699811405">
      <SDL2 Key="3283369623">
        <Unknown>
          <Entry>
            <Values />
            <Value0>147456</Value0>
            <Value1>65536</Value1>
          </Entry>
          <Entry>
            <Values />
            <Value0>147456</Value0>
            <Value1>131072</Value1>
          </Entry>
          <Entry>
            <Values />
            <Value0>147456</Value0>
            <Value1>196608</Value1>
          </Entry>
          <Entry>
            <Values />
            <Value0>147456</Value0>
            <Value1>262144</Value1>
          </Entry>
        </Unknown>
        <Dialogs>
          <Dialog>○○○○○○○○</Dialog>
          <Dialog>Speaking of which, I haven't
discussed the date with her
yet...</Dialog>
          <Dialog>I told her I'd schedule a
date, right...？</Dialog>
          <Dialog>All right. I'll invite her out
on a date.</Dialog>
          <Dialog>It's a good idea to ask her
out on a holiday...</Dialog>
        </Dialogs>
      </SDL2>
    </Entry>
    <Entry Unknown0="2789400281" Unknown1="1643510920">
      <SDL2 Key="3283369623">
        <Unknown>
          <Entry>
            <Values />
            <Value0>147456</Value0>
            <Value1>65536</Value1>
          </Entry>
        </Unknown>
        <Dialogs>
          <Dialog>○○○○○○○○</Dialog>
          <Dialog>It's unreasonable to call at
this hour. I'll make the call
later.</Dialog>
        </Dialogs>
      </SDL2>
    </Entry>
    <Entry Unknown0="3783361556" Unknown1="2712352711">
      <SDL2 Key="3283369623">
        <Unknown>
          <Entry>
            <Values />
            <Value0>147456</Value0>
            <Value1>65536</Value1>
          </Entry>
        </Unknown>
        <Dialogs>
          <Dialog>○○○○○○○○</Dialog>
          <Dialog>I think it's okay to call her
now.</Dialog>
        </Dialogs>
      </SDL2>
    </Entry>
    <Entry Unknown0="540528467" Unknown1="1558607485">
      <SDL2 Key="3283369623">
        <Unknown>
          <Entry>
            <Values />
            <Value0>147456</Value0>
            <Value1>65536</Value1>
          </Entry>
        </Unknown>
        <Dialogs>
          <Dialog>○○○○○○○○</Dialog>
          <Dialog>▲彼女＊＊▲...
I should call her now.</Dialog>
        </Dialogs>
      </SDL2>
    </Entry>
    <Entry Unknown0="4134669833" Unknown1="2451909816">
      <SDL2 Key="2339807853">
        <Unknown>
          <Entry>
            <Values />
            <Value0>147456</Value0>
            <Value1>65536</Value1>
          </Entry>
          <Entry>
            <Values />
            <Value0>147456</Value0>
            <Value1>131072</Value1>
          </Entry>
        </Unknown>
        <Dialogs>
          <Dialog>○○○○○○○○</Dialog>
          <Dialog>I can only invite her to a
date on Sunday or on a
holiday, but I can still ask
her to hang out with me
somewhere nearby.</Dialog>
          <Dialog>As long as I call at a
reasonable time when I ask her
out, it should be fine.</Dialog>
        </Dialogs>
      </SDL2>
    </Entry>
    <Entry Unknown0="833729604" Unknown1="3705366519">
      <SDL2 Key="2339807853">
        <Unknown>
          <Entry>
            <Values />
            <Value0>147456</Value0>
            <Value1>65536</Value1>
          </Entry>
        </Unknown>
        <Dialogs>
          <Dialog>○○○○○○○○</Dialog>
          <Dialog>But I don't think now is a
good time to ask her out. I'd
better do it later.</Dialog>
        </Dialogs>
      </SDL2>
    </Entry>
    <Entry Unknown0="1885863811" Unknown1="2199299757">
      <SDL2 Key="2339807853">
        <Unknown>
          <Entry>
            <Values />
            <Value0>147456</Value0>
            <Value1>65536</Value1>
          </Entry>
        </Unknown>
        <Dialogs>
          <Dialog>○○○○○○○○</Dialog>
          <Dialog>I think now is a good time to
try calling her.</Dialog>
        </Dialogs>
      </SDL2>
    </Entry>
    <Entry Unknown0="111296057" Unknown1="3478478056">
      <SDL2 Key="2339807853">
        <Unknown>
          <Entry>
            <Values />
            <Value0>147456</Value0>
            <Value1>65536</Value1>
          </Entry>
        </Unknown>
        <Dialogs>
          <Dialog>○○○○○○○○</Dialog>
          <Dialog>▲彼女＊＊▲...
I should call her now.</Dialog>
        </Dialogs>
      </SDL2>
    </Entry>
    <Entry Unknown0="1105323124" Unknown1="252417831">
      <SDL2 Key="2339807853">
        <Unknown>
          <Entry>
            <Values />
            <Value0>147456</Value0>
            <Value1>65536</Value1>
          </Entry>
          <Entry>
            <Values />
            <Value0>147456</Value0>
            <Value1>131072</Value1>
          </Entry>
        </Unknown>
        <Dialogs>
          <Dialog>○○○○○○○○</Dialog>
          <Dialog>Phew, it feels great.</Dialog>
          <Dialog>▲彼女＊＊▲'s
mail？</Dialog>
        </Dialogs>
      </SDL2>
    </Entry>
    <Entry Unknown0="2157391795" Unknown1="3058095837">
      <SDL2 Key="2339807853">
        <Unknown>
          <Entry>
            <Values />
            <Value0>147456</Value0>
            <Value1>65536</Value1>
          </Entry>
        </Unknown>
        <Dialogs>
          <Dialog>○○○○○○○○</Dialog>
          <Dialog>I'll have to check my messages
then...</Dialog>
        </Dialogs>
      </SDL2>
    </Entry>
    <Entry Unknown0="1456631401" Unknown1="4169501720">
      <SDL2 Key="2339807853">
        <Unknown>
          <Entry>
            <Values />
            <Value0>147456</Value0>
            <Value1>65536</Value1>
          </Entry>
        </Unknown>
        <Dialogs>
          <Dialog>○○○○○○○○</Dialog>
          <Dialog>Okay, message sent.</Dialog>
        </Dialogs>
      </SDL2>
    </Entry>
    <Entry Unknown0="2433815716" Unknown1="976996183">
      <SDL2 Key="2339807853">
        <Unknown>
          <Entry>
            <Values />
            <Value0>147456</Value0>
            <Value1>65536</Value1>
          </Entry>
          <Entry>
            <Values />
            <Value0>147456</Value0>
            <Value1>131072</Value1>
          </Entry>
          <Entry>
            <Values />
            <Value0>147456</Value0>
            <Value1>196608</Value1>
          </Entry>
        </Unknown>
        <Dialogs>
          <Dialog>○○○○○○○○</Dialog>
          <Dialog>I'd better check my calendar
to confirm my schedule, and
then check the web for some
info.</Dialog>
          <Dialog>Then, I'll have to check date
spots on the map. Sometimes, I
may exchange gifts with her,
so I'd better check my items.</Dialog>
          <Dialog>It's not easy to be a girl's
boyfriend, eh？</Dialog>
        </Dialogs>
      </SDL2>
    </Entry>
    <Entry Unknown0="3502727139" Unknown1="3849717261">
      <SDL2 Key="2339807853">
        <Unknown>
          <Entry>
            <Values />
            <Value0>147456</Value0>
            <Value1>65536</Value1>
          </Entry>
        </Unknown>
        <Dialogs>
          <Dialog>○○○○○○○○</Dialog>
          <Dialog>It's not good to call her now.
I'll do it later.</Dialog>
        </Dialogs>
      </SDL2>
    </Entry>
  </Entries>
</DBIN2>