<?xml version="1.0" encoding="utf-8"?>
<DBIN2 xmlns:xsi="http://www.w3.org/2001/XMLSchema-instance" xmlns:xsd="http://www.w3.org/2001/XMLSchema" Key="3742507447" Unknown="3">
  <Entries>
    <Entry Unknown0="1819148123" Unknown1="1288714795">
      <SDL2 Key="3149256904">
        <Unknown>
          <Entry>
            <Values />
            <Value0>147456</Value0>
            <Value1>65536</Value1>
          </Entry>
          <Entry>
            <Values />
            <Value0>147456</Value0>
            <Value1>131072</Value1>
          </Entry>
        </Unknown>
        <Dialogs>
          <Dialog>○○○○○○○○</Dialog>
          <Dialog>Right now, I shouldn't invite
her on a date.</Dialog>
          <Dialog>Let me fix myself up more
before doing that.</Dialog>
        </Dialogs>
      </SDL2>
    </Entry>
    <Entry Unknown0="3628906663" Unknown1="714442250">
      <SDL2 Key="3149256904">
        <Unknown>
          <Entry>
            <Values />
            <Value0>147456</Value0>
            <Value1>65536</Value1>
          </Entry>
          <Entry>
            <Values />
            <Value0>147456</Value0>
            <Value1>131072</Value1>
          </Entry>
        </Unknown>
        <Dialogs>
          <Dialog>○○○○○○○○</Dialog>
          <Dialog>I'm in pretty bad shape...</Dialog>
          <Dialog>I should wait until I'm in a
better condition before asking
her out.</Dialog>
        </Dialogs>
      </SDL2>
    </Entry>
    <Entry Unknown0="3071347846" Unknown1="2497799631">
      <SDL2 Key="3149256904">
        <Unknown>
          <Entry>
            <Values />
            <Value0>147456</Value0>
            <Value1>65536</Value1>
          </Entry>
        </Unknown>
        <Dialogs>
          <Dialog>○○○○○○○○</Dialog>
          <Dialog>Come to think of it, we
already promised to meet up
later. There's no need to call
her...</Dialog>
        </Dialogs>
      </SDL2>
    </Entry>
  </Entries>
</DBIN2>