<?xml version="1.0" encoding="utf-8"?>
<DBIN2 xmlns:xsi="http://www.w3.org/2001/XMLSchema-instance" xmlns:xsd="http://www.w3.org/2001/XMLSchema" Key="2775744033" Unknown="10">
  <Entries>
    <Entry Unknown0="2813044316" Unknown1="1352925685">
      <SDL2 Key="3014181543">
        <Unknown>
          <Entry>
            <Values />
            <Value0>147456</Value0>
            <Value1>65536</Value1>
          </Entry>
          <Entry>
            <Values />
            <Value0>147456</Value0>
            <Value1>131072</Value1>
          </Entry>
          <Entry>
            <Values />
            <Value0>147456</Value0>
            <Value1>196608</Value1>
          </Entry>
          <Entry>
            <Values />
            <Value0>147456</Value0>
            <Value1>262144</Value1>
          </Entry>
          <Entry>
            <Values />
            <Value0>147456</Value0>
            <Value1>196608</Value1>
          </Entry>
          <Entry>
            <Values />
            <Value0>147456</Value0>
            <Value1>327680</Value1>
          </Entry>
          <Entry>
            <Values />
            <Value0>147456</Value0>
            <Value1>393216</Value1>
          </Entry>
          <Entry>
            <Values />
            <Value0>147456</Value0>
            <Value1>458752</Value1>
          </Entry>
          <Entry>
            <Values />
            <Value0>147456</Value0>
            <Value1>524288</Value1>
          </Entry>
          <Entry>
            <Values />
            <Value0>147456</Value0>
            <Value1>589824</Value1>
          </Entry>
        </Unknown>
        <Dialogs>
          <Dialog>○○○○○○○○</Dialog>
          <Dialog>Hmm, I received an email...</Dialog>
          <Dialog>Oh, it’s a notification about
a prize！</Dialog>
          <Dialog>......</Dialog>
          <Dialog>Come to think of it, I think I
applied. Could it be another
trip to Atami？</Dialog>
          <Dialog>A field trip invitation for
couples to a 2 days 1 night
stay at the Nikko Kinugawa hot
springs.</Dialog>
          <Dialog>Visit with a friend to relive
the memories of your student
days and relieve stress in our
hot springs and theme park！</Dialog>
          <Dialog>I wonder if high school
students are allowed to go...</Dialog>
          <Dialog>Seems there are no age
restrictions so it should be
fine.</Dialog>
          <Dialog>(2 days and 1 night in
kinugawa... Should I go with
▲彼女＊＊▲？)</Dialog>
        </Dialogs>
      </SDL2>
    </Entry>
    <Entry Unknown0="4097363081" Unknown1="3694800514">
      <SDL2 Key="3152650819">
        <Unknown>
          <Entry>
            <Values />
            <Value0>147456</Value0>
            <Value1>65536</Value1>
          </Entry>
          <Entry>
            <Values />
            <Value0>147456</Value0>
            <Value1>131072</Value1>
          </Entry>
          <Entry>
            <Values />
            <Value0>147456</Value0>
            <Value1>196608</Value1>
          </Entry>
          <Entry>
            <Values />
            <Value0>147456</Value0>
            <Value1>262144</Value1>
          </Entry>
          <Entry>
            <Values />
            <Value0>147456</Value0>
            <Value1>327680</Value1>
          </Entry>
          <Entry>
            <Values />
            <Value0>147456</Value0>
            <Value1>393216</Value1>
          </Entry>
          <Entry>
            <Values />
            <Value0>147456</Value0>
            <Value1>458752</Value1>
          </Entry>
          <Entry>
            <Values />
            <Value0>65544</Value0>
            <Value1>65545</Value1>
          </Entry>
          <Entry>
            <Values />
            <Value0>65545</Value0>
            <Value1>147456</Value1>
          </Entry>
          <Entry>
            <Values />
            <Value0>147456</Value0>
            <Value1>655360</Value1>
          </Entry>
          <Entry>
            <Values />
            <Value0>147456</Value0>
            <Value1>720896</Value1>
          </Entry>
        </Unknown>
        <Dialogs>
          <Dialog>○○○○○○○○</Dialog>
          <Dialog>Hmm, I received an email...</Dialog>
          <Dialog>Oh, it seems I won a prize！</Dialog>
          <Dialog>Could this be...</Dialog>
          <Dialog>......</Dialog>
          <Dialog>A field trip invitation for
couples to a 2 days 1 night
stay at the Nikko Kinugawa hot
springs.</Dialog>
          <Dialog>I really won again...  Maybe
I'm super lucky？</Dialog>
          <Dialog>(Should I go with
▲彼女＊＊▲？...
What should I do？...)</Dialog>
          <Dialog>I want to go！</Dialog>
          <Dialog>I guess I'll go next time</Dialog>
          <Dialog>I can't miss this chance, I'll
try inviting her to this trip.</Dialog>
          <Dialog>(It feels like such a wasted
chance, but I can go on a trip
at another time...)</Dialog>
        </Dialogs>
      </SDL2>
    </Entry>
    <Entry Unknown0="1640930070" Unknown1="1902623512">
      <SDL2 Key="3152650819">
        <Unknown>
          <Entry>
            <Values />
            <Value0>147456</Value0>
            <Value1>65536</Value1>
          </Entry>
          <Entry>
            <Values />
            <Value0>147456</Value0>
            <Value1>131072</Value1>
          </Entry>
        </Unknown>
        <Dialogs>
          <Dialog>○○○○○○○○</Dialog>
          <Dialog>...Ah！</Dialog>
          <Dialog>(Damn it, the ticket for the
trip to Kinugawa Nikko has
expired. What a waste...)</Dialog>
        </Dialogs>
      </SDL2>
    </Entry>
    <Entry Unknown0="402331308" Unknown1="3304345925">
      <SDL2 Key="3945388446">
        <Unknown>
          <Entry>
            <Values />
            <Value0>147456</Value0>
            <Value1>65536</Value1>
          </Entry>
          <Entry>
            <Values />
            <Value0>147456</Value0>
            <Value1>131072</Value1>
          </Entry>
          <Entry>
            <Values />
            <Value0>147456</Value0>
            <Value1>196608</Value1>
          </Entry>
        </Unknown>
        <Dialogs>
          <Dialog>○○○○○○○○</Dialog>
          <Dialog>Come to think of it, today is
our Anniversary！</Dialog>
          <Dialog>I shouldn’t forget to bring a
present.</Dialog>
          <Dialog>I hope I'm not forgetting
anything. I'll hurry so I
don't make her wait.</Dialog>
        </Dialogs>
      </SDL2>
    </Entry>
    <Entry Unknown0="612941017" Unknown1="4052385490">
      <SDL2 Key="3945388446">
        <Unknown>
          <Entry>
            <Values>
              <Entry>
                <Value0>91745</Value0>
                <Value1>0</Value1>
              </Entry>
            </Values>
            <Value0>147456</Value0>
            <Value1>65536</Value1>
          </Entry>
        </Unknown>
        <Dialogs>
          <Dialog>Announcement</Dialog>
          <Dialog>We apologise for the delay,
This bus goes to Nishisando
via the Chuzenji hot springs…</Dialog>
        </Dialogs>
      </SDL2>
    </Entry>
    <Entry Unknown0="3508423526" Unknown1="632753000">
      <SDL2 Key="3945388446">
        <Unknown>
          <Entry>
            <Values>
              <Entry>
                <Value0>91746</Value0>
                <Value1>0</Value1>
              </Entry>
            </Values>
            <Value0>147456</Value0>
            <Value1>65536</Value1>
          </Entry>
        </Unknown>
        <Dialogs>
          <Dialog>Announcement</Dialog>
          <Dialog>This is the
Kagennotakiiriguchi station.</Dialog>
        </Dialogs>
      </SDL2>
    </Entry>
    <Entry Unknown0="1196148476" Unknown1="4497813">
      <SDL2 Key="3945388446">
        <Unknown>
          <Entry>
            <Values>
              <Entry>
                <Value0>91747</Value0>
                <Value1>0</Value1>
              </Entry>
            </Values>
            <Value0>147456</Value0>
            <Value1>65536</Value1>
          </Entry>
        </Unknown>
        <Dialogs>
          <Dialog>Announcement</Dialog>
          <Dialog>This is the Chuzenji Onsen
station.</Dialog>
        </Dialogs>
      </SDL2>
    </Entry>
    <Entry Unknown0="2497211432" Unknown1="2044382754">
      <SDL2 Key="3945388446">
        <Unknown>
          <Entry>
            <Values>
              <Entry>
                <Value0>91748</Value0>
                <Value1>0</Value1>
              </Entry>
            </Values>
            <Value0>147456</Value0>
            <Value1>65536</Value1>
          </Entry>
        </Unknown>
        <Dialogs>
          <Dialog>Announcement</Dialog>
          <Dialog>This is the Shinkyo station.</Dialog>
        </Dialogs>
      </SDL2>
    </Entry>
    <Entry Unknown0="24001463" Unknown1="1862753208">
      <SDL2 Key="3945388446">
        <Unknown>
          <Entry>
            <Values />
            <Value0>147456</Value0>
            <Value1>65536</Value1>
          </Entry>
          <Entry>
            <Values />
            <Value0>147456</Value0>
            <Value1>131072</Value1>
          </Entry>
        </Unknown>
        <Dialogs>
          <Dialog>○○○○○○○○</Dialog>
          <Dialog>Come to think of it, today is
our Anniversary.</Dialog>
          <Dialog>What should I give her？</Dialog>
        </Dialogs>
      </SDL2>
    </Entry>
    <Entry Unknown0="3080435279" Unknown1="2828333541">
      <SDL2 Key="3945388446">
        <Unknown>
          <Entry>
            <Values />
            <Value0>147456</Value0>
            <Value1>65536</Value1>
          </Entry>
        </Unknown>
        <Dialogs>
          <Dialog>○○○○○○○○</Dialog>
          <Dialog>(Let’s reschedule our date for
another day...)</Dialog>
        </Dialogs>
      </SDL2>
    </Entry>
  </Entries>
</DBIN2>