<?xml version="1.0" encoding="utf-8"?>
<DBIN2 xmlns:xsi="http://www.w3.org/2001/XMLSchema-instance" xmlns:xsd="http://www.w3.org/2001/XMLSchema" Key="1772771349" Unknown="2">
  <Entries>
    <Entry Unknown0="1974980814" Unknown1="552875913">
      <SDL2 Key="3713753948">
        <Unknown>
          <Entry>
            <Values />
            <Value0>147456</Value0>
            <Value1>65536</Value1>
          </Entry>
          <Entry>
            <Values />
            <Value0>65538</Value0>
            <Value1>65539</Value1>
          </Entry>
          <Entry>
            <Values />
            <Value0>65539</Value0>
            <Value1>1630871</Value1>
          </Entry>
        </Unknown>
        <Dialogs>
          <Dialog>○○○○○○○○</Dialog>
          <Dialog>......</Dialog>
          <Dialog>Can I kiss you...？</Dialog>
          <Dialog>Better not do it around
here...</Dialog>
        </Dialogs>
      </SDL2>
    </Entry>
    <Entry Unknown0="3566764077" Unknown1="189044330">
      <SDL2 Key="2942220223">
        <Unknown>
          <Entry>
            <Values />
            <Value0>147456</Value0>
            <Value1>65536</Value1>
          </Entry>
          <Entry>
            <Values />
            <Value0>147458</Value0>
            <Value1>196608</Value1>
          </Entry>
          <Entry>
            <Values />
            <Value0>147456</Value0>
            <Value1>262144</Value1>
          </Entry>
          <Entry>
            <Values />
            <Value0>147456</Value0>
            <Value1>327680</Value1>
          </Entry>
          <Entry>
            <Values />
            <Value0>147458</Value0>
            <Value1>393216</Value1>
          </Entry>
          <Entry>
            <Values />
            <Value0>147456</Value0>
            <Value1>458752</Value1>
          </Entry>
          <Entry>
            <Values />
            <Value0>147458</Value0>
            <Value1>524288</Value1>
          </Entry>
          <Entry>
            <Values />
            <Value0>147458</Value0>
            <Value1>589824</Value1>
          </Entry>
          <Entry>
            <Values />
            <Value0>147456</Value0>
            <Value1>655360</Value1>
          </Entry>
          <Entry>
            <Values />
            <Value0>147458</Value0>
            <Value1>720896</Value1>
          </Entry>
          <Entry>
            <Values />
            <Value0>147456</Value0>
            <Value1>786432</Value1>
          </Entry>
          <Entry>
            <Values />
            <Value0>147458</Value0>
            <Value1>851968</Value1>
          </Entry>
          <Entry>
            <Values />
            <Value0>147456</Value0>
            <Value1>917504</Value1>
          </Entry>
          <Entry>
            <Values />
            <Value0>147458</Value0>
            <Value1>983040</Value1>
          </Entry>
          <Entry>
            <Values />
            <Value0>147456</Value0>
            <Value1>1048576</Value1>
          </Entry>
          <Entry>
            <Values />
            <Value0>147458</Value0>
            <Value1>1114112</Value1>
          </Entry>
          <Entry>
            <Values />
            <Value0>147456</Value0>
            <Value1>1179648</Value1>
          </Entry>
          <Entry>
            <Values />
            <Value0>65555</Value0>
            <Value1>65556</Value1>
          </Entry>
          <Entry>
            <Values />
            <Value0>65556</Value0>
            <Value1>147458</Value1>
          </Entry>
          <Entry>
            <Values />
            <Value0>147458</Value0>
            <Value1>1376256</Value1>
          </Entry>
          <Entry>
            <Values />
            <Value0>147456</Value0>
            <Value1>1441792</Value1>
          </Entry>
          <Entry>
            <Values />
            <Value0>147458</Value0>
            <Value1>1507328</Value1>
          </Entry>
          <Entry>
            <Values />
            <Value0>147456</Value0>
            <Value1>1572864</Value1>
          </Entry>
          <Entry>
            <Values />
            <Value0>147456</Value0>
            <Value1>1638400</Value1>
          </Entry>
          <Entry>
            <Values />
            <Value0>147458</Value0>
            <Value1>1703936</Value1>
          </Entry>
          <Entry>
            <Values />
            <Value0>147456</Value0>
            <Value1>1769472</Value1>
          </Entry>
          <Entry>
            <Values />
            <Value0>147456</Value0>
            <Value1>1835008</Value1>
          </Entry>
          <Entry>
            <Values />
            <Value0>147458</Value0>
            <Value1>1900544</Value1>
          </Entry>
          <Entry>
            <Values />
            <Value0>147456</Value0>
            <Value1>1966080</Value1>
          </Entry>
          <Entry>
            <Values />
            <Value0>147458</Value0>
            <Value1>2031616</Value1>
          </Entry>
          <Entry>
            <Values />
            <Value0>147456</Value0>
            <Value1>2097152</Value1>
          </Entry>
          <Entry>
            <Values />
            <Value0>147458</Value0>
            <Value1>2162688</Value1>
          </Entry>
          <Entry>
            <Values />
            <Value0>147456</Value0>
            <Value1>2228224</Value1>
          </Entry>
          <Entry>
            <Values />
            <Value0>147458</Value0>
            <Value1>2293760</Value1>
          </Entry>
          <Entry>
            <Values />
            <Value0>147456</Value0>
            <Value1>2359296</Value1>
          </Entry>
          <Entry>
            <Values />
            <Value0>147456</Value0>
            <Value1>2424832</Value1>
          </Entry>
          <Entry>
            <Values />
            <Value0>147458</Value0>
            <Value1>2490368</Value1>
          </Entry>
          <Entry>
            <Values />
            <Value0>147456</Value0>
            <Value1>2555904</Value1>
          </Entry>
          <Entry>
            <Values />
            <Value0>65576</Value0>
            <Value1>65577</Value1>
          </Entry>
          <Entry>
            <Values />
            <Value0>65577</Value0>
            <Value1>147458</Value1>
          </Entry>
          <Entry>
            <Values />
            <Value0>147458</Value0>
            <Value1>2752512</Value1>
          </Entry>
          <Entry>
            <Values />
            <Value0>147456</Value0>
            <Value1>2818048</Value1>
          </Entry>
          <Entry>
            <Values />
            <Value0>147458</Value0>
            <Value1>2883584</Value1>
          </Entry>
          <Entry>
            <Values />
            <Value0>147456</Value0>
            <Value1>2949120</Value1>
          </Entry>
          <Entry>
            <Values />
            <Value0>147456</Value0>
            <Value1>3014656</Value1>
          </Entry>
          <Entry>
            <Values />
            <Value0>147458</Value0>
            <Value1>3080192</Value1>
          </Entry>
          <Entry>
            <Values />
            <Value0>147456</Value0>
            <Value1>3145728</Value1>
          </Entry>
          <Entry>
            <Values />
            <Value0>147458</Value0>
            <Value1>3211264</Value1>
          </Entry>
          <Entry>
            <Values />
            <Value0>147456</Value0>
            <Value1>3276800</Value1>
          </Entry>
          <Entry>
            <Values />
            <Value0>147456</Value0>
            <Value1>3342336</Value1>
          </Entry>
          <Entry>
            <Values />
            <Value0>147458</Value0>
            <Value1>3407872</Value1>
          </Entry>
          <Entry>
            <Values />
            <Value0>147458</Value0>
            <Value1>3473408</Value1>
          </Entry>
          <Entry>
            <Values />
            <Value0>147456</Value0>
            <Value1>3538944</Value1>
          </Entry>
          <Entry>
            <Values />
            <Value0>147458</Value0>
            <Value1>3604480</Value1>
          </Entry>
          <Entry>
            <Values />
            <Value0>147456</Value0>
            <Value1>3670016</Value1>
          </Entry>
          <Entry>
            <Values />
            <Value0>147458</Value0>
            <Value1>3735552</Value1>
          </Entry>
          <Entry>
            <Values />
            <Value0>147456</Value0>
            <Value1>3801088</Value1>
          </Entry>
          <Entry>
            <Values />
            <Value0>147458</Value0>
            <Value1>3866624</Value1>
          </Entry>
          <Entry>
            <Values />
            <Value0>147456</Value0>
            <Value1>3932160</Value1>
          </Entry>
          <Entry>
            <Values />
            <Value0>147456</Value0>
            <Value1>3997696</Value1>
          </Entry>
          <Entry>
            <Values />
            <Value0>147458</Value0>
            <Value1>4063232</Value1>
          </Entry>
          <Entry>
            <Values />
            <Value0>147456</Value0>
            <Value1>4128768</Value1>
          </Entry>
          <Entry>
            <Values />
            <Value0>147458</Value0>
            <Value1>4194304</Value1>
          </Entry>
          <Entry>
            <Values />
            <Value0>147456</Value0>
            <Value1>4259840</Value1>
          </Entry>
          <Entry>
            <Values />
            <Value0>147456</Value0>
            <Value1>4325376</Value1>
          </Entry>
          <Entry>
            <Values />
            <Value0>147458</Value0>
            <Value1>4390912</Value1>
          </Entry>
          <Entry>
            <Values />
            <Value0>147456</Value0>
            <Value1>4456448</Value1>
          </Entry>
          <Entry>
            <Values />
            <Value0>147458</Value0>
            <Value1>4521984</Value1>
          </Entry>
          <Entry>
            <Values />
            <Value0>147456</Value0>
            <Value1>4587520</Value1>
          </Entry>
          <Entry>
            <Values />
            <Value0>147456</Value0>
            <Value1>4653056</Value1>
          </Entry>
          <Entry>
            <Values />
            <Value0>147458</Value0>
            <Value1>4718592</Value1>
          </Entry>
          <Entry>
            <Values />
            <Value0>147458</Value0>
            <Value1>4784128</Value1>
          </Entry>
          <Entry>
            <Values />
            <Value0>147456</Value0>
            <Value1>4849664</Value1>
          </Entry>
          <Entry>
            <Values />
            <Value0>147456</Value0>
            <Value1>4915200</Value1>
          </Entry>
          <Entry>
            <Values />
            <Value0>147458</Value0>
            <Value1>4980736</Value1>
          </Entry>
          <Entry>
            <Values />
            <Value0>147456</Value0>
            <Value1>5046272</Value1>
          </Entry>
          <Entry>
            <Values />
            <Value0>147458</Value0>
            <Value1>5111808</Value1>
          </Entry>
          <Entry>
            <Values />
            <Value0>147456</Value0>
            <Value1>5177344</Value1>
          </Entry>
          <Entry>
            <Values />
            <Value0>147458</Value0>
            <Value1>5242880</Value1>
          </Entry>
          <Entry>
            <Values />
            <Value0>147456</Value0>
            <Value1>5308416</Value1>
          </Entry>
          <Entry>
            <Values />
            <Value0>147458</Value0>
            <Value1>5373952</Value1>
          </Entry>
          <Entry>
            <Values />
            <Value0>147456</Value0>
            <Value1>5439488</Value1>
          </Entry>
          <Entry>
            <Values />
            <Value0>147458</Value0>
            <Value1>5505024</Value1>
          </Entry>
          <Entry>
            <Values />
            <Value0>147456</Value0>
            <Value1>5570560</Value1>
          </Entry>
          <Entry>
            <Values />
            <Value0>147456</Value0>
            <Value1>5636096</Value1>
          </Entry>
          <Entry>
            <Values />
            <Value0>147458</Value0>
            <Value1>5701632</Value1>
          </Entry>
          <Entry>
            <Values />
            <Value0>147456</Value0>
            <Value1>5767168</Value1>
          </Entry>
          <Entry>
            <Values />
            <Value0>147456</Value0>
            <Value1>5832704</Value1>
          </Entry>
          <Entry>
            <Values />
            <Value0>147458</Value0>
            <Value1>5898240</Value1>
          </Entry>
          <Entry>
            <Values />
            <Value0>147456</Value0>
            <Value1>5963776</Value1>
          </Entry>
          <Entry>
            <Values />
            <Value0>147456</Value0>
            <Value1>6029312</Value1>
          </Entry>
          <Entry>
            <Values />
            <Value0>147456</Value0>
            <Value1>6094848</Value1>
          </Entry>
          <Entry>
            <Values />
            <Value0>147458</Value0>
            <Value1>6160384</Value1>
          </Entry>
          <Entry>
            <Values />
            <Value0>147456</Value0>
            <Value1>6225920</Value1>
          </Entry>
          <Entry>
            <Values />
            <Value0>147458</Value0>
            <Value1>6291456</Value1>
          </Entry>
          <Entry>
            <Values />
            <Value0>147456</Value0>
            <Value1>6356992</Value1>
          </Entry>
          <Entry>
            <Values />
            <Value0>147458</Value0>
            <Value1>6422528</Value1>
          </Entry>
          <Entry>
            <Values />
            <Value0>147456</Value0>
            <Value1>6488064</Value1>
          </Entry>
          <Entry>
            <Values />
            <Value0>147458</Value0>
            <Value1>6553600</Value1>
          </Entry>
          <Entry>
            <Values />
            <Value0>147456</Value0>
            <Value1>6619136</Value1>
          </Entry>
          <Entry>
            <Values />
            <Value0>147458</Value0>
            <Value1>6684672</Value1>
          </Entry>
        </Unknown>
        <Dialogs>
          <Dialog>Fingertip Guide Man</Dialog>
          <Dialog>I shall teach you an essential
way to be more intimate with
your girlfriend！ Come on！
Check it out now！</Dialog>
          <Dialog>○○○○○○○○</Dialog>
          <Dialog>(Hmm...？ I got a weird mail.
Let's check it out for now.)</Dialog>
          <Dialog>Ossu！ for an intimate
relationship to flourish,
Skinship is necessary.</Dialog>
          <Dialog>As a master in Skinship, I
shall pass down the knowledge
to you. It might be a lot to
remember, but it's worth it.</Dialog>
          <Dialog>(Skinship with my
girlfriend... Let's see what's
this all about.)</Dialog>
          <Dialog>First, try hard to remember
her outward appearance...</Dialog>
          <Dialog>(So I should just imagine
her...？)</Dialog>
          <Dialog>(▲彼女＊＊▲,

▲彼女＊＊▲...
There...)</Dialog>
          <Dialog>During conversations, a
Skinship icon will appear.
That's your chance！</Dialog>
          <Dialog>(Icon？ Ah, this...？)</Dialog>
          <Dialog>Now try touching the girl.</Dialog>
          <Dialog>(T-then, if you say so...)</Dialog>
          <Dialog>Damn, you're helpless... If
there are too many people
around and staring, of course
she'll be too shy！</Dialog>
          <Dialog>(People？！)</Dialog>
          <Dialog>Look closely at the attention
meter！ You need to be more
aware of your surroundings,
this is basic！</Dialog>
          <Dialog>(Okay！ When the attention is
low, it's time... Got it！...)</Dialog>
          <Dialog>It seems her excitement isn't
enough. Care to challenge it
once more？</Dialog>
          <Dialog>Of course I would！</Dialog>
          <Dialog>Skip to the next part！</Dialog>
          <Dialog>(Of course I would！)</Dialog>
          <Dialog>Good！ Make sure to make her
feel all lovey-dovey this
time！</Dialog>
          <Dialog>(Never-mind that, skip to the
next part！)</Dialog>
          <Dialog>Aren't we getting a bit
cocky？ Well then, Let's move
on to the next part！</Dialog>
          <Dialog>Nice Touch！ That's quite the
technique you've got there！</Dialog>
          <Dialog>(Is that a praise？)</Dialog>
          <Dialog>Now have a look at the Heart
Tank on the left.</Dialog>
          <Dialog>If you make a satisfying chain
during Skinship, the Heart
Tank will start to fill up.</Dialog>
          <Dialog>(Could this be...？！)</Dialog>
          <Dialog>Correct. The more you fill up
the Heart Tank, the more the
mood between you two will
become touchy-feely.</Dialog>
          <Dialog>(Touchy-feely？！)</Dialog>
          <Dialog>And when you fill the Heart
Tank up to the brim...</Dialog>
          <Dialog>(Gulp...)</Dialog>
          <Dialog>Now！ Take a closer look at
the mood between you two...</Dialog>
          <Dialog>(W-what's all this？！
Everything around us became
invisible, it's almost as if
we're transferred to a
different world meant just for
the two of us...)</Dialog>
          <Dialog>Anyway, now that you have
reached this far, all that is
left is to rush away！</Dialog>
          <Dialog>Go！！ Touch her to your
heart's content！ Pat her head
by sliding your stylus on the
screen！</Dialog>
          <Dialog>(Okay, a pat to the head it
is！)</Dialog>
          <Dialog>How was it？ Do you want to
try again？</Dialog>
          <Dialog>I wanna do it again！</Dialog>
          <Dialog>Skip to the next part！</Dialog>
          <Dialog>(I wanna do it again！)</Dialog>
          <Dialog>Hahaha！ So you enjoyed it,
too~. Also, you can keep
patting the spot where many
hearts appear！</Dialog>
          <Dialog>(Never-mind that, skip to the
next part！)</Dialog>
          <Dialog>Hey, Calm those hormones
down！ Well then, lets
continue！</Dialog>
          <Dialog>That Skinship session was
pretty neat. Your girlfriend
is happy too, see？</Dialog>
          <Dialog>(Alright！ Let's keep it up！)</Dialog>
          <Dialog>Stop！ If you keep touching
the same place, she won't like
it！</Dialog>
          <Dialog>(I should be careful of blue
hearts...)</Dialog>
          <Dialog>Yahoo~！ We've entered Fever
Time！</Dialog>
          <Dialog>During this period, you are
invincible. You can touch
anywhere you want！</Dialog>
          <Dialog>(No way！ Look at all these
hearts！！)</Dialog>
          <Dialog>(Huh？！ Suddenly there's a
strange, somewhat erotic
mark！)</Dialog>
          <Dialog>Hahaha, what？ You've never
seen a Kiss Mark before？！</Dialog>
          <Dialog>(Ah！ No way！ Could it
be...？！)</Dialog>
          <Dialog>Yes！ The moment you've been
looking forward to so much...
That is...</Dialog>
          <Dialog>(Don't tell me...？)</Dialog>
          <Dialog>Fuahahaha！ Indeed！ It is
time for you to Kiss！</Dialog>
          <Dialog>(K-kiiiiiss！？)</Dialog>
          <Dialog>When she closes her eyes like
this it's your cue！ Now go
forth！</Dialog>
          <Dialog>NO！ Wrong！ Not like that！
She wants you to kiss her on
another spot！</Dialog>
          <Dialog>(Oops！ I need to understand
my girl’s needs better！)</Dialog>
          <Dialog>Good！ Correct. ‘Kiss me
there...’ is what your girl
was hinting at.</Dialog>
          <Dialog>(Alright, I think I understand
my girl's needs a little bit
better now！)</Dialog>
          <Dialog>Well then, I’m sure you want
to learn more about kissing,
but there’s not much more I
can teach you.</Dialog>
          <Dialog>From here on you have to think
for yourself. Work hard on
finding a way to have a more
pleasurable Skinship with your
girlfriend.</Dialog>
          <Dialog>(Thank you, Finger Tip Guide
Man！...)</Dialog>
          <Dialog>Fare thee well！</Dialog>
          <Dialog>(Alright！！ I’ve learned the
ways of Skinship, now let’s
aim to be more lovey-dovey！)</Dialog>
          <Dialog>Even Though I taught you the
ways of Skinship, I actually
have never done it myself.</Dialog>
          <Dialog>Now then, you can show me your
gratitude with some ramen！
I’ll be waiting☆</Dialog>
          <Dialog>(What was that？... That
voice... I think I’ve heard it
before...)</Dialog>
          <Dialog>(Aah...！ She refused me...)</Dialog>
          <Dialog>...Do you have an exhibition
fetish or something？ If there
are too many people around, of
course she’ll be turned off,
you know？</Dialog>
          <Dialog>What a sinful man you are...
To leave your girl hanging
like that...</Dialog>
          <Dialog>(Sinful？！)</Dialog>
          <Dialog>Can’t you see that she is
waiting for you to touch
her？！</Dialog>
          <Dialog>(Oops！ I made her wait too
long...！)</Dialog>
          <Dialog>Hey！ You pervert！！
inconsiderate men are disliked
you know？！</Dialog>
          <Dialog>(Inconsiderate？！)</Dialog>
          <Dialog>How can you impress a lady if
you keep touching the same
place, or if you touch her
somewhere inappropriately？！</Dialog>
          <Dialog>(Indeed... I have to think
carefully before I touch.)</Dialog>
          <Dialog>Aim for when people's
attention is low, then touch
her to initiate Skinship！</Dialog>
          <Dialog>(Eh？ It ended...)</Dialog>
          <Dialog>No-No！ You have to fill the
Heart Tank.</Dialog>
          <Dialog>Just before the blue heart
appears, you lift your hand
and... Oops, can’t say more
than that...</Dialog>
          <Dialog>(Is there something I should
know？)</Dialog>
          <Dialog>Don't rush it, just try to
remember...</Dialog>
          <Dialog>The moment she closes her
eyes, that's the sign that she
wants to kiss！</Dialog>
          <Dialog>(I see！ The moment she closes
her eyes, got it！)</Dialog>
          <Dialog>What’s wrong？ Can’t you
understand her feelings？</Dialog>
          <Dialog>If she looks straight at you,
that means she wants a kiss on
the lips！</Dialog>
          <Dialog>Let's keep this between us,
but depending on the length of
the kiss, you can enjoy
different variations of
kissing.</Dialog>
          <Dialog>(I see. I should try a variety
of kisses...)</Dialog>
          <Dialog>Wrong, you’re wrong. You
should touch her here.</Dialog>
          <Dialog>(Err... Is this okay？)</Dialog>
          <Dialog>Be sure to tell me about your
Skinship experiences next
time！</Dialog>
          <Dialog>(Oh well！)</Dialog>
          <Dialog>Does the woman heart confuse
you？！</Dialog>
          <Dialog>(The woman heart...)</Dialog>
          <Dialog>The moment she closes her
eyes, that’s a sign when she
wants to kiss！ Just keep that
in mind！</Dialog>
          <Dialog>(The moment she closes her
eyes, huh？ I'll make sure to
remember that.)</Dialog>
        </Dialogs>
      </SDL2>
    </Entry>
  </Entries>
</DBIN2>