<?xml version="1.0" encoding="utf-8"?>
<DBIN2 xmlns:xsi="http://www.w3.org/2001/XMLSchema-instance" xmlns:xsd="http://www.w3.org/2001/XMLSchema" Key="465466286" Unknown="1">
  <Entries>
    <Entry Unknown0="3930520085" Unknown1="1617637499">
      <SDL2 Key="1901206051">
        <Unknown>
          <Entry>
            <Values />
            <Value0>147456</Value0>
            <Value1>65536</Value1>
          </Entry>
          <Entry>
            <Values />
            <Value0>147456</Value0>
            <Value1>131072</Value1>
          </Entry>
          <Entry>
            <Values />
            <Value0>65539</Value0>
            <Value1>65540</Value1>
          </Entry>
          <Entry>
            <Values />
            <Value0>65540</Value0>
            <Value1>65541</Value1>
          </Entry>
          <Entry>
            <Values />
            <Value0>65541</Value0>
            <Value1>65542</Value1>
          </Entry>
          <Entry>
            <Values />
            <Value0>65542</Value0>
            <Value1>65543</Value1>
          </Entry>
          <Entry>
            <Values />
            <Value0>65543</Value0>
            <Value1>147456</Value1>
          </Entry>
          <Entry>
            <Values />
            <Value0>147456</Value0>
            <Value1>524288</Value1>
          </Entry>
          <Entry>
            <Values />
            <Value0>147456</Value0>
            <Value1>589824</Value1>
          </Entry>
          <Entry>
            <Values />
            <Value0>147456</Value0>
            <Value1>655360</Value1>
          </Entry>
          <Entry>
            <Values />
            <Value0>147456</Value0>
            <Value1>720896</Value1>
          </Entry>
          <Entry>
            <Values />
            <Value0>147456</Value0>
            <Value1>786432</Value1>
          </Entry>
          <Entry>
            <Values />
            <Value0>147456</Value0>
            <Value1>851968</Value1>
          </Entry>
          <Entry>
            <Values />
            <Value0>147456</Value0>
            <Value1>917504</Value1>
          </Entry>
        </Unknown>
        <Dialogs>
          <Dialog>○○○○○○○○</Dialog>
          <Dialog>......</Dialog>
          <Dialog>It's about time I head out.</Dialog>
          <Dialog>▲生成選択肢１▲...
Was it？</Dialog>
          <Dialog>▲生成選択肢２▲...
Was it？</Dialog>
          <Dialog>▲生成選択肢３▲...
Was it？</Dialog>
          <Dialog>▲生成選択肢４▲...
Was it？</Dialog>
          <Dialog>もちろん、▲主人公＊▲</Dialog>
          <Dialog>▲新主人公▲...
Am I right？</Dialog>
          <Dialog>Yep, right. It was 
▲主人公＊▲.</Dialog>
          <Dialog>...I might be wrong. Oh well.</Dialog>
          <Dialog>▲主人公＊▲,
right. It's obvious.</Dialog>
          <Dialog>Entering her room is nerve-wrecking....</Dialog>
          <Dialog>I shouldn't fool around, I'll be late. Let's hurry.</Dialog>
          <Dialog>Okay, I arrived.</Dialog>
        </Dialogs>
      </SDL2>
    </Entry>
  </Entries>
</DBIN2>