<?xml version="1.0" encoding="utf-8"?>
<DBIN2 xmlns:xsi="http://www.w3.org/2001/XMLSchema-instance" xmlns:xsd="http://www.w3.org/2001/XMLSchema" Key="3319708305" Unknown="2">
  <Entries>
    <Entry Unknown0="2209670488" Unknown1="2012486977">
      <SDL2 Key="2244262732">
        <Unknown />
        <Dialogs />
      </SDL2>
    </Entry>
    <Entry Unknown0="2148268885" Unknown1="3656784530">
      <SDL2 Key="2244262732">
        <Unknown />
        <Dialogs />
      </SDL2>
    </Entry>
  </Entries>
</DBIN2>