<?xml version="1.0" encoding="utf-8"?>
<DBIN2 xmlns:xsi="http://www.w3.org/2001/XMLSchema-instance" xmlns:xsd="http://www.w3.org/2001/XMLSchema" Key="362131900" Unknown="26">
  <Entries>
    <Entry Unknown0="184414511" Unknown1="424625192">
      <SDL2 Key="1207540333">
        <Unknown />
        <Dialogs />
      </SDL2>
    </Entry>
    <Entry Unknown0="2006995836" Unknown1="2897056205">
      <SDL2 Key="1207540333">
        <Unknown />
        <Dialogs />
      </SDL2>
    </Entry>
    <Entry Unknown0="469904929" Unknown1="150615595">
      <SDL2 Key="1207540333">
        <Unknown />
        <Dialogs />
      </SDL2>
    </Entry>
    <Entry Unknown0="2051883391" Unknown1="1268749432">
      <SDL2 Key="1207540333">
        <Unknown />
        <Dialogs />
      </SDL2>
    </Entry>
    <Entry Unknown0="2817532876" Unknown1="989716765">
      <SDL2 Key="1207540333">
        <Unknown />
        <Dialogs />
      </SDL2>
    </Entry>
    <Entry Unknown0="1280507505" Unknown1="3830089339">
      <SDL2 Key="1207540333">
        <Unknown />
        <Dialogs />
      </SDL2>
    </Entry>
    <Entry Unknown0="2862420431" Unknown1="1072686280">
      <SDL2 Key="1207540333">
        <Unknown />
        <Dialogs />
      </SDL2>
    </Entry>
    <Entry Unknown0="390132508" Unknown1="3461165421">
      <SDL2 Key="1207540333">
        <Unknown />
        <Dialogs />
      </SDL2>
    </Entry>
    <Entry Unknown0="3164753601" Unknown1="379246283">
      <SDL2 Key="1207540333">
        <Unknown />
        <Dialogs />
      </SDL2>
    </Entry>
    <Entry Unknown0="451797279" Unknown1="2839491608">
      <SDL2 Key="1207540333">
        <Unknown />
        <Dialogs />
      </SDL2>
    </Entry>
    <Entry Unknown0="1200636780" Unknown1="480084413">
      <SDL2 Key="1207540333">
        <Unknown />
        <Dialogs />
      </SDL2>
    </Entry>
    <Entry Unknown0="3975290385" Unknown1="3102352923">
      <SDL2 Key="1207540333">
        <Unknown />
        <Dialogs />
      </SDL2>
    </Entry>
    <Entry Unknown0="1245557103" Unknown1="2744091752">
      <SDL2 Key="1207540333">
        <Unknown />
        <Dialogs />
      </SDL2>
    </Entry>
    <Entry Unknown0="3084915645" Unknown1="3773681933">
      <SDL2 Key="1207540333">
        <Unknown />
        <Dialogs />
      </SDL2>
    </Entry>
    <Entry Unknown0="1547890272" Unknown1="1949988459">
      <SDL2 Key="1207540333">
        <Unknown />
        <Dialogs />
      </SDL2>
    </Entry>
    <Entry Unknown0="3129803198" Unknown1="2413810872">
      <SDL2 Key="1207540333">
        <Unknown />
        <Dialogs />
      </SDL2>
    </Entry>
    <Entry Unknown0="3878740749" Unknown1="2117935453">
      <SDL2 Key="1207540333">
        <Unknown />
        <Dialogs />
      </SDL2>
    </Entry>
    <Entry Unknown0="2358427312" Unknown1="3867854523">
      <SDL2 Key="1207540333">
        <Unknown />
        <Dialogs />
      </SDL2>
    </Entry>
    <Entry Unknown0="3940405518" Unknown1="3106874376">
      <SDL2 Key="2000273848">
        <Unknown />
        <Dialogs />
      </SDL2>
    </Entry>
    <Entry Unknown0="1468052317" Unknown1="3431821741">
      <SDL2 Key="2000273848">
        <Unknown />
        <Dialogs />
      </SDL2>
    </Entry>
    <Entry Unknown0="4242673157" Unknown1="2128221707">
      <SDL2 Key="2000273848">
        <Unknown />
        <Dialogs />
      </SDL2>
    </Entry>
    <Entry Unknown0="1512939867" Unknown1="3514791000">
      <SDL2 Key="2000273848">
        <Unknown />
        <Dialogs />
      </SDL2>
    </Entry>
    <Entry Unknown0="2278556584" Unknown1="1960690173">
      <SDL2 Key="2000273848">
        <Unknown />
        <Dialogs />
      </SDL2>
    </Entry>
    <Entry Unknown0="741531221" Unknown1="3760875099">
      <SDL2 Key="2000273848">
        <Unknown />
        <Dialogs />
      </SDL2>
    </Entry>
    <Entry Unknown0="2323476904" Unknown1="1137689768">
      <SDL2 Key="2000273848">
        <Unknown>
          <Entry>
            <Values />
            <Value0>147456</Value0>
            <Value1>65536</Value1>
          </Entry>
          <Entry>
            <Values />
            <Value0>147456</Value0>
            <Value1>131072</Value1>
          </Entry>
          <Entry>
            <Values />
            <Value0>147456</Value0>
            <Value1>196608</Value1>
          </Entry>
          <Entry>
            <Values />
            <Value0>147456</Value0>
            <Value1>262144</Value1>
          </Entry>
          <Entry>
            <Values />
            <Value0>147456</Value0>
            <Value1>327680</Value1>
          </Entry>
          <Entry>
            <Values />
            <Value0>147456</Value0>
            <Value1>393216</Value1>
          </Entry>
        </Unknown>
        <Dialogs>
          <Dialog>○○○○○○○○</Dialog>
          <Dialog>Corridor</Dialog>
          <Dialog>Courtyard</Dialog>
          <Dialog>Backyard</Dialog>
          <Dialog>Club Room</Dialog>
          <Dialog>Library</Dialog>
          <Dialog>Rooftop</Dialog>
        </Dialogs>
      </SDL2>
    </Entry>
    <Entry Unknown0="4146123767" Unknown1="2150437197">
      <SDL2 Key="2000273848">
        <Unknown>
          <Entry>
            <Values />
            <Value0>65536</Value0>
            <Value1>65537</Value1>
          </Entry>
          <Entry>
            <Values />
            <Value0>65537</Value0>
            <Value1>65538</Value1>
          </Entry>
          <Entry>
            <Values />
            <Value0>65538</Value0>
            <Value1>65539</Value1>
          </Entry>
          <Entry>
            <Values />
            <Value0>65539</Value0>
            <Value1>65540</Value1>
          </Entry>
          <Entry>
            <Values />
            <Value0>65540</Value0>
            <Value1>65541</Value1>
          </Entry>
          <Entry>
            <Values />
            <Value0>65541</Value0>
            <Value1>648065</Value1>
          </Entry>
        </Unknown>
        <Dialogs>
          <Dialog>Other</Dialog>
          <Dialog>Towano Castle</Dialog>
          <Dialog>Temple</Dialog>
          <Dialog>Valley</Dialog>
          <Dialog>Amusement Park</Dialog>
          <Dialog>Shopping Mall</Dialog>
        </Dialogs>
      </SDL2>
    </Entry>
  </Entries>
</DBIN2>