<?xml version="1.0" encoding="utf-8"?>
<DBIN2 xmlns:xsi="http://www.w3.org/2001/XMLSchema-instance" xmlns:xsd="http://www.w3.org/2001/XMLSchema" Key="1667088956" Unknown="4">
  <Entries>
    <Entry Unknown0="2773257748" Unknown1="2952099602">
      <SDL2 Key="1362787050">
        <Unknown>
          <Entry>
            <Values />
            <Value0>147456</Value0>
            <Value1>65536</Value1>
          </Entry>
          <Entry>
            <Values>
              <Entry>
                <Value0>5197</Value0>
                <Value1>0</Value1>
              </Entry>
            </Values>
            <Value0>147458</Value0>
            <Value1>196608</Value1>
          </Entry>
          <Entry>
            <Values />
            <Value0>147456</Value0>
            <Value1>262144</Value1>
          </Entry>
          <Entry>
            <Values />
            <Value0>147456</Value0>
            <Value1>327680</Value1>
          </Entry>
          <Entry>
            <Values />
            <Value0>147456</Value0>
            <Value1>393216</Value1>
          </Entry>
          <Entry>
            <Values />
            <Value0>147456</Value0>
            <Value1>458752</Value1>
          </Entry>
          <Entry>
            <Values />
            <Value0>147456</Value0>
            <Value1>524288</Value1>
          </Entry>
          <Entry>
            <Values>
              <Entry>
                <Value0>5198</Value0>
                <Value1>0</Value1>
              </Entry>
            </Values>
            <Value0>147465</Value0>
            <Value1>655360</Value1>
          </Entry>
          <Entry>
            <Values>
              <Entry>
                <Value0>5199</Value0>
                <Value1>0</Value1>
              </Entry>
            </Values>
            <Value0>147465</Value0>
            <Value1>720896</Value1>
          </Entry>
          <Entry>
            <Values />
            <Value0>147456</Value0>
            <Value1>786432</Value1>
          </Entry>
          <Entry>
            <Values>
              <Entry>
                <Value0>5200</Value0>
                <Value1>0</Value1>
              </Entry>
            </Values>
            <Value0>147465</Value0>
            <Value1>851968</Value1>
          </Entry>
          <Entry>
            <Values />
            <Value0>147456</Value0>
            <Value1>917504</Value1>
          </Entry>
          <Entry>
            <Values>
              <Entry>
                <Value0>5201</Value0>
                <Value1>0</Value1>
              </Entry>
            </Values>
            <Value0>147465</Value0>
            <Value1>983040</Value1>
          </Entry>
          <Entry>
            <Values />
            <Value0>147456</Value0>
            <Value1>1048576</Value1>
          </Entry>
          <Entry>
            <Values>
              <Entry>
                <Value0>5202</Value0>
                <Value1>0</Value1>
              </Entry>
            </Values>
            <Value0>147473</Value0>
            <Value1>1179648</Value1>
          </Entry>
          <Entry>
            <Values />
            <Value0>147456</Value0>
            <Value1>1245184</Value1>
          </Entry>
          <Entry>
            <Values />
            <Value0>147456</Value0>
            <Value1>1310720</Value1>
          </Entry>
          <Entry>
            <Values>
              <Entry>
                <Value0>5203</Value0>
                <Value1>0</Value1>
              </Entry>
            </Values>
            <Value0>147473</Value0>
            <Value1>1376256</Value1>
          </Entry>
          <Entry>
            <Values />
            <Value0>147456</Value0>
            <Value1>1441792</Value1>
          </Entry>
          <Entry>
            <Values />
            <Value0>147456</Value0>
            <Value1>1507328</Value1>
          </Entry>
          <Entry>
            <Values>
              <Entry>
                <Value0>5204</Value0>
                <Value1>0</Value1>
              </Entry>
            </Values>
            <Value0>147473</Value0>
            <Value1>1572864</Value1>
          </Entry>
          <Entry>
            <Values />
            <Value0>147456</Value0>
            <Value1>1638400</Value1>
          </Entry>
          <Entry>
            <Values>
              <Entry>
                <Value0>5205</Value0>
                <Value1>0</Value1>
              </Entry>
            </Values>
            <Value0>147473</Value0>
            <Value1>1703936</Value1>
          </Entry>
          <Entry>
            <Values />
            <Value0>147456</Value0>
            <Value1>1769472</Value1>
          </Entry>
          <Entry>
            <Values>
              <Entry>
                <Value0>5206</Value0>
                <Value1>0</Value1>
              </Entry>
            </Values>
            <Value0>147473</Value0>
            <Value1>1835008</Value1>
          </Entry>
          <Entry>
            <Values />
            <Value0>147456</Value0>
            <Value1>1900544</Value1>
          </Entry>
        </Unknown>
        <Dialogs>
          <Dialog>○○○○○○○○</Dialog>
          <Dialog>Excuse me. I came to turn in
my club enrollment form. Is
Suzuki-sensei of the tennis
club here？</Dialog>
          <Dialog>Teacher</Dialog>
          <Dialog>Suzuki-sensei just left. Why
don't you go directly to the
tennis club？</Dialog>
          <Dialog>I see. Okay then...</Dialog>
          <Dialog>(Hmm... They have such
wonderful tennis courts
here...)</Dialog>
          <Dialog>(Eh？ Classes are already
over, so why is no one here？)</Dialog>
          <Dialog>(Ah, there is someone！)</Dialog>
          <Dialog>Um, excuse me！</Dialog>
          <Dialog>？？？</Dialog>
          <Dialog>Yes~！</Dialog>
          <Dialog>Yes. Is there something I can
help you with？</Dialog>
          <Dialog>(Whoa... Such a pretty
girl...)</Dialog>
          <Dialog>Um, is there something...？</Dialog>
          <Dialog>Ah, I'm a second year,
▲苗字▲　▲名前▲.
I just transferred in and I
was thinking of joining the
tennis club today...</Dialog>
          <Dialog>Then you must be the new
member that Suzuki-sensei
mentioned...</Dialog>
          <Dialog>I guess that's right.</Dialog>
          <Dialog>高嶺</Dialog>
          <Dialog>I am a member of the girls'
tennis club and a second year,
Takane Manaka.</Dialog>
          <Dialog>So we're in the same grade.
Nice to meet you！</Dialog>
          <Dialog>By the way,
▲高嶺＊＊▲.
Does the club have the day off
today？ It seems like you are
the only person here...</Dialog>
          <Dialog>Today's special. All the male
and female members went to a
social gathering.</Dialog>
          <Dialog>I see. I have the enrollment
form with me, but seems like
no one's here-- ...Eh！？</Dialog>
          <Dialog>▲高嶺＊＊▲,
is it okay that you didn't
join them？</Dialog>
          <Dialog>I... I just have something to
do here.</Dialog>
          <Dialog>？</Dialog>
          <Dialog>How about I take care of the
enrollment form for you then？
I'll pass it on to the club
captain.</Dialog>
          <Dialog>But, aren't you in the middle
of practicing？</Dialog>
          <Dialog>It's fine. Always help out one
another when in trouble,
right？</Dialog>
          <Dialog>(▲高嶺＊＊▲,
huh？ I bet my life here will
be great！)</Dialog>
        </Dialogs>
      </SDL2>
    </Entry>
    <Entry Unknown0="796722078" Unknown1="3932291395">
      <SDL2 Key="960177195">
        <Unknown>
          <Entry>
            <Values />
            <Value0>147456</Value0>
            <Value1>65536</Value1>
          </Entry>
          <Entry>
            <Values>
              <Entry>
                <Value0>5207</Value0>
                <Value1>0</Value1>
              </Entry>
            </Values>
            <Value0>147458</Value0>
            <Value1>196608</Value1>
          </Entry>
          <Entry>
            <Values />
            <Value0>147456</Value0>
            <Value1>262144</Value1>
          </Entry>
          <Entry>
            <Values />
            <Value0>147456</Value0>
            <Value1>327680</Value1>
          </Entry>
          <Entry>
            <Values>
              <Entry>
                <Value0>5208</Value0>
                <Value1>0</Value1>
              </Entry>
            </Values>
            <Value0>147462</Value0>
            <Value1>458752</Value1>
          </Entry>
          <Entry>
            <Values />
            <Value0>147456</Value0>
            <Value1>524288</Value1>
          </Entry>
          <Entry>
            <Values />
            <Value0>147456</Value0>
            <Value1>589824</Value1>
          </Entry>
          <Entry>
            <Values>
              <Entry>
                <Value0>5209</Value0>
                <Value1>0</Value1>
              </Entry>
            </Values>
            <Value0>147462</Value0>
            <Value1>655360</Value1>
          </Entry>
          <Entry>
            <Values>
              <Entry>
                <Value0>5210</Value0>
                <Value1>0</Value1>
              </Entry>
            </Values>
            <Value0>147462</Value0>
            <Value1>720896</Value1>
          </Entry>
          <Entry>
            <Values />
            <Value0>147456</Value0>
            <Value1>786432</Value1>
          </Entry>
          <Entry>
            <Values>
              <Entry>
                <Value0>5211</Value0>
                <Value1>0</Value1>
              </Entry>
            </Values>
            <Value0>147462</Value0>
            <Value1>851968</Value1>
          </Entry>
          <Entry>
            <Values />
            <Value0>147456</Value0>
            <Value1>917504</Value1>
          </Entry>
          <Entry>
            <Values>
              <Entry>
                <Value0>5212</Value0>
                <Value1>0</Value1>
              </Entry>
            </Values>
            <Value0>147462</Value0>
            <Value1>983040</Value1>
          </Entry>
          <Entry>
            <Values />
            <Value0>147456</Value0>
            <Value1>1048576</Value1>
          </Entry>
          <Entry>
            <Values>
              <Entry>
                <Value0>5213</Value0>
                <Value1>0</Value1>
              </Entry>
            </Values>
            <Value0>147462</Value0>
            <Value1>1114112</Value1>
          </Entry>
          <Entry>
            <Values />
            <Value0>147456</Value0>
            <Value1>1179648</Value1>
          </Entry>
          <Entry>
            <Values>
              <Entry>
                <Value0>5214</Value0>
                <Value1>0</Value1>
              </Entry>
              <Entry>
                <Value0>5215</Value0>
                <Value1>1667</Value1>
              </Entry>
            </Values>
            <Value0>147475</Value0>
            <Value1>1310720</Value1>
          </Entry>
          <Entry>
            <Values />
            <Value0>147456</Value0>
            <Value1>1376256</Value1>
          </Entry>
          <Entry>
            <Values>
              <Entry>
                <Value0>5216</Value0>
                <Value1>0</Value1>
              </Entry>
            </Values>
            <Value0>147475</Value0>
            <Value1>1441792</Value1>
          </Entry>
          <Entry>
            <Values />
            <Value0>147456</Value0>
            <Value1>1507328</Value1>
          </Entry>
          <Entry>
            <Values>
              <Entry>
                <Value0>5217</Value0>
                <Value1>0</Value1>
              </Entry>
              <Entry>
                <Value0>5218</Value0>
                <Value1>1667</Value1>
              </Entry>
            </Values>
            <Value0>147475</Value0>
            <Value1>1572864</Value1>
          </Entry>
          <Entry>
            <Values />
            <Value0>147456</Value0>
            <Value1>1638400</Value1>
          </Entry>
          <Entry>
            <Values>
              <Entry>
                <Value0>5219</Value0>
                <Value1>0</Value1>
              </Entry>
            </Values>
            <Value0>147475</Value0>
            <Value1>1703936</Value1>
          </Entry>
          <Entry>
            <Values />
            <Value0>147456</Value0>
            <Value1>1769472</Value1>
          </Entry>
          <Entry>
            <Values>
              <Entry>
                <Value0>5220</Value0>
                <Value1>0</Value1>
              </Entry>
            </Values>
            <Value0>147475</Value0>
            <Value1>1835008</Value1>
          </Entry>
          <Entry>
            <Values />
            <Value0>147456</Value0>
            <Value1>1900544</Value1>
          </Entry>
          <Entry>
            <Values>
              <Entry>
                <Value0>5221</Value0>
                <Value1>0</Value1>
              </Entry>
            </Values>
            <Value0>147475</Value0>
            <Value1>1966080</Value1>
          </Entry>
          <Entry>
            <Values />
            <Value0>147456</Value0>
            <Value1>2031616</Value1>
          </Entry>
          <Entry>
            <Values />
            <Value0>147456</Value0>
            <Value1>2097152</Value1>
          </Entry>
        </Unknown>
        <Dialogs>
          <Dialog>○○○○○○○○</Dialog>
          <Dialog>Excuse me. I came to turn in
my club enrollment form. Is
Suzuki-sensei of the tennis
club here？</Dialog>
          <Dialog>Teacher</Dialog>
          <Dialog>Suzuki-sensei just left. Why
don't you try looking around
the tennis courts？</Dialog>
          <Dialog>I see. Okay then...</Dialog>
          <Dialog>(Seems like no one's here.
Plus, it's so hot out...)</Dialog>
          <Dialog>？？？</Dialog>
          <Dialog>Hmm... All right...</Dialog>
          <Dialog>(A girl carrying a huge
teapot...？ Ah, is she the
manager？)</Dialog>
          <Dialog>Excuse me！</Dialog>
          <Dialog>Yes~！</Dialog>
          <Dialog>Yes. Is there something I can
help you with？</Dialog>
          <Dialog>(Whoa... What a cute
manager...)</Dialog>
          <Dialog>Um, is there something...？</Dialog>
          <Dialog>Ah, I'm a second year,
▲苗字▲　▲名前▲.
I just transferred in and I'm
here to submit my club
enrollment form...</Dialog>
          <Dialog>Then you must be the new
member that Suzuki-sensei
mentioned...</Dialog>
          <Dialog>I guess so. Are you the tennis
club's manager？</Dialog>
          <Dialog>Hehe...</Dialog>
          <Dialog>？</Dialog>
          <Dialog>高嶺</Dialog>
          <Dialog>I'm a second year in the
girls' tennis club, Takane
Manaka. ...I'm a team member
though.</Dialog>
          <Dialog>Team member？ But you're
carrying that huge teapot so I
thought...</Dialog>
          <Dialog>This？ I just brewed some tea
for everyone.</Dialog>
          <Dialog>You had to brew tea in this
hot weather...？ Are you being
punished or something？</Dialog>
          <Dialog>Haha, no. If I didn't brew it
early, it wouldn't cool down
in time for the club practice.</Dialog>
          <Dialog>Well, you're right... 
Ah, do you know where
Suzuki-sensei is？</Dialog>
          <Dialog>He said he had to go out in
the afternoon. Shall I take
your enrollment form to the
club captain then？</Dialog>
          <Dialog>Sorry to bother you. 
You already have to carry
that teapot...</Dialog>
          <Dialog>Always help out one another
when in trouble, right？</Dialog>
          <Dialog>I'll help you carry that
teapot then.</Dialog>
          <Dialog>Hehe. Thanks. Shall we go？</Dialog>
          <Dialog>(▲高嶺＊＊▲, huh？ 
I bet my life here will be
great！)</Dialog>
          <Dialog>(There's no one around... Oh,
is this the clubroom？)</Dialog>
        </Dialogs>
      </SDL2>
    </Entry>
    <Entry Unknown0="2029161935" Unknown1="1106522808">
      <SDL2 Key="1768643447">
        <Unknown>
          <Entry>
            <Values />
            <Value0>147456</Value0>
            <Value1>65536</Value1>
          </Entry>
          <Entry>
            <Values>
              <Entry>
                <Value0>5222</Value0>
                <Value1>0</Value1>
              </Entry>
            </Values>
            <Value0>147458</Value0>
            <Value1>196608</Value1>
          </Entry>
          <Entry>
            <Values />
            <Value0>147456</Value0>
            <Value1>262144</Value1>
          </Entry>
          <Entry>
            <Values />
            <Value0>147456</Value0>
            <Value1>327680</Value1>
          </Entry>
          <Entry>
            <Values />
            <Value0>147456</Value0>
            <Value1>393216</Value1>
          </Entry>
          <Entry>
            <Values>
              <Entry>
                <Value0>5223</Value0>
                <Value1>0</Value1>
              </Entry>
            </Values>
            <Value0>147463</Value0>
            <Value1>524288</Value1>
          </Entry>
          <Entry>
            <Values />
            <Value0>147456</Value0>
            <Value1>589824</Value1>
          </Entry>
          <Entry>
            <Values>
              <Entry>
                <Value0>5224</Value0>
                <Value1>0</Value1>
              </Entry>
            </Values>
            <Value0>147463</Value0>
            <Value1>655360</Value1>
          </Entry>
          <Entry>
            <Values>
              <Entry>
                <Value0>5225</Value0>
                <Value1>0</Value1>
              </Entry>
            </Values>
            <Value0>147463</Value0>
            <Value1>720896</Value1>
          </Entry>
          <Entry>
            <Values />
            <Value0>147456</Value0>
            <Value1>786432</Value1>
          </Entry>
          <Entry>
            <Values>
              <Entry>
                <Value0>5226</Value0>
                <Value1>0</Value1>
              </Entry>
            </Values>
            <Value0>147463</Value0>
            <Value1>851968</Value1>
          </Entry>
          <Entry>
            <Values />
            <Value0>147456</Value0>
            <Value1>917504</Value1>
          </Entry>
          <Entry>
            <Values />
            <Value0>147456</Value0>
            <Value1>983040</Value1>
          </Entry>
          <Entry>
            <Values>
              <Entry>
                <Value0>5227</Value0>
                <Value1>0</Value1>
              </Entry>
            </Values>
            <Value0>147463</Value0>
            <Value1>1048576</Value1>
          </Entry>
          <Entry>
            <Values>
              <Entry>
                <Value0>5228</Value0>
                <Value1>0</Value1>
              </Entry>
              <Entry>
                <Value0>5229</Value0>
                <Value1>1667</Value1>
              </Entry>
            </Values>
            <Value0>147473</Value0>
            <Value1>1179648</Value1>
          </Entry>
          <Entry>
            <Values />
            <Value0>147456</Value0>
            <Value1>1245184</Value1>
          </Entry>
          <Entry>
            <Values>
              <Entry>
                <Value0>5230</Value0>
                <Value1>0</Value1>
              </Entry>
            </Values>
            <Value0>147473</Value0>
            <Value1>1310720</Value1>
          </Entry>
          <Entry>
            <Values />
            <Value0>147456</Value0>
            <Value1>1376256</Value1>
          </Entry>
          <Entry>
            <Values>
              <Entry>
                <Value0>5231</Value0>
                <Value1>0</Value1>
              </Entry>
            </Values>
            <Value0>147473</Value0>
            <Value1>1441792</Value1>
          </Entry>
          <Entry>
            <Values />
            <Value0>147456</Value0>
            <Value1>1507328</Value1>
          </Entry>
          <Entry>
            <Values>
              <Entry>
                <Value0>5232</Value0>
                <Value1>0</Value1>
              </Entry>
            </Values>
            <Value0>147473</Value0>
            <Value1>1572864</Value1>
          </Entry>
          <Entry>
            <Values />
            <Value0>147456</Value0>
            <Value1>1638400</Value1>
          </Entry>
          <Entry>
            <Values>
              <Entry>
                <Value0>5233</Value0>
                <Value1>0</Value1>
              </Entry>
            </Values>
            <Value0>147473</Value0>
            <Value1>1703936</Value1>
          </Entry>
          <Entry>
            <Values />
            <Value0>147456</Value0>
            <Value1>1769472</Value1>
          </Entry>
          <Entry>
            <Values>
              <Entry>
                <Value0>5234</Value0>
                <Value1>0</Value1>
              </Entry>
            </Values>
            <Value0>147473</Value0>
            <Value1>1835008</Value1>
          </Entry>
          <Entry>
            <Values />
            <Value0>147456</Value0>
            <Value1>1900544</Value1>
          </Entry>
        </Unknown>
        <Dialogs>
          <Dialog>○○○○○○○○</Dialog>
          <Dialog>Excuse me. I came to turn in
my club enrollment form. Is
Suzuki-sensei of the tennis
club here？</Dialog>
          <Dialog>Teacher</Dialog>
          <Dialog>Suzuki-sensei just left. Why
don't you try looking around
the tennis courts？</Dialog>
          <Dialog>Is that so？ Okay, then.</Dialog>
          <Dialog>(Wow, they have such nice
tennis courts ...Hm？)</Dialog>
          <Dialog>Even though it's lunchtime,
there is someone cleaning the
courts.</Dialog>
          <Dialog>？？？</Dialog>
          <Dialog>Phew... This should do it！</Dialog>
          <Dialog>Excuse me！</Dialog>
          <Dialog>Eh？ Ah, yes！</Dialog>
          <Dialog>Yes. Is there something I can
help you with？</Dialog>
          <Dialog>(Wow, what a beautiful girl
...)</Dialog>
          <Dialog>Um, is there something...？</Dialog>
          <Dialog>Ah, um, well..</Dialog>
          <Dialog>I am a second year,
▲苗字▲ ▲名前▲.
I just transferred in and I'm
here to join the tennis club
today...</Dialog>
          <Dialog>Then you're the one our
advisor Suzuki-sensei
mentioned...</Dialog>
          <Dialog>高嶺</Dialog>
          <Dialog>I'm a second year in the
girls' tennis club, Takane
Manaka. Let's get along,
okay？</Dialog>
          <Dialog>(Wow, her smile is also
cute...)</Dialog>
          <Dialog>So then, what is it that you
need？</Dialog>
          <Dialog>Ah, that's right！ I'm looking
for Suzuki-sensei. He wasn't
in the staff room. Do you know
where he is？</Dialog>
          <Dialog>Suzuki-sensei always takes a
nap on the roof during
lunchtime. So surely...</Dialog>
          <Dialog>I got it. The roof？ ...How do
I get to the roof？</Dialog>
          <Dialog>Hehe... Then I'll take you
there.</Dialog>
          <Dialog>What about the cleaning？
Aren't you on duty？</Dialog>
          <Dialog>It's dangerous to play with
leaves on the court, so I was
just cleaning it on my own.</Dialog>
          <Dialog>I see. Then, if you don't
mind.</Dialog>
          <Dialog>Always help out one another
when in trouble, right？</Dialog>
          <Dialog>(▲高嶺＊＊▲,
huh...？ I'm sure my new life
will have good things！)</Dialog>
        </Dialogs>
      </SDL2>
    </Entry>
    <Entry Unknown0="4118593092" Unknown1="3240470338">
      <SDL2 Key="997109465">
        <Unknown>
          <Entry>
            <Values />
            <Value0>147456</Value0>
            <Value1>65536</Value1>
          </Entry>
          <Entry>
            <Values>
              <Entry>
                <Value0>5235</Value0>
                <Value1>0</Value1>
              </Entry>
            </Values>
            <Value0>147458</Value0>
            <Value1>196608</Value1>
          </Entry>
          <Entry>
            <Values />
            <Value0>147456</Value0>
            <Value1>262144</Value1>
          </Entry>
          <Entry>
            <Values />
            <Value0>147456</Value0>
            <Value1>327680</Value1>
          </Entry>
          <Entry>
            <Values />
            <Value0>147456</Value0>
            <Value1>393216</Value1>
          </Entry>
          <Entry>
            <Values />
            <Value0>147456</Value0>
            <Value1>458752</Value1>
          </Entry>
          <Entry>
            <Values />
            <Value0>147456</Value0>
            <Value1>524288</Value1>
          </Entry>
          <Entry>
            <Values>
              <Entry>
                <Value0>5236</Value0>
                <Value1>0</Value1>
              </Entry>
            </Values>
            <Value0>147465</Value0>
            <Value1>655360</Value1>
          </Entry>
          <Entry>
            <Values>
              <Entry>
                <Value0>5237</Value0>
                <Value1>0</Value1>
              </Entry>
            </Values>
            <Value0>147465</Value0>
            <Value1>720896</Value1>
          </Entry>
          <Entry>
            <Values />
            <Value0>147456</Value0>
            <Value1>786432</Value1>
          </Entry>
          <Entry>
            <Values>
              <Entry>
                <Value0>5238</Value0>
                <Value1>0</Value1>
              </Entry>
            </Values>
            <Value0>147465</Value0>
            <Value1>851968</Value1>
          </Entry>
          <Entry>
            <Values />
            <Value0>147456</Value0>
            <Value1>917504</Value1>
          </Entry>
          <Entry>
            <Values>
              <Entry>
                <Value0>5239</Value0>
                <Value1>0</Value1>
              </Entry>
            </Values>
            <Value0>147465</Value0>
            <Value1>983040</Value1>
          </Entry>
          <Entry>
            <Values />
            <Value0>147456</Value0>
            <Value1>1048576</Value1>
          </Entry>
          <Entry>
            <Values>
              <Entry>
                <Value0>5240</Value0>
                <Value1>0</Value1>
              </Entry>
            </Values>
            <Value0>147465</Value0>
            <Value1>1114112</Value1>
          </Entry>
          <Entry>
            <Values />
            <Value0>147456</Value0>
            <Value1>1179648</Value1>
          </Entry>
          <Entry>
            <Values>
              <Entry>
                <Value0>5241</Value0>
                <Value1>0</Value1>
              </Entry>
              <Entry>
                <Value0>5242</Value0>
                <Value1>1667</Value1>
              </Entry>
            </Values>
            <Value0>147475</Value0>
            <Value1>1310720</Value1>
          </Entry>
          <Entry>
            <Values />
            <Value0>147456</Value0>
            <Value1>1376256</Value1>
          </Entry>
          <Entry>
            <Values>
              <Entry>
                <Value0>5243</Value0>
                <Value1>0</Value1>
              </Entry>
            </Values>
            <Value0>147475</Value0>
            <Value1>1441792</Value1>
          </Entry>
          <Entry>
            <Values />
            <Value0>147456</Value0>
            <Value1>1507328</Value1>
          </Entry>
          <Entry>
            <Values>
              <Entry>
                <Value0>5244</Value0>
                <Value1>0</Value1>
              </Entry>
            </Values>
            <Value0>147475</Value0>
            <Value1>1572864</Value1>
          </Entry>
          <Entry>
            <Values />
            <Value0>147456</Value0>
            <Value1>1638400</Value1>
          </Entry>
          <Entry>
            <Values>
              <Entry>
                <Value0>5245</Value0>
                <Value1>0</Value1>
              </Entry>
            </Values>
            <Value0>147475</Value0>
            <Value1>1703936</Value1>
          </Entry>
          <Entry>
            <Values />
            <Value0>147456</Value0>
            <Value1>1769472</Value1>
          </Entry>
        </Unknown>
        <Dialogs>
          <Dialog>○○○○○○○○</Dialog>
          <Dialog>Excuse me. I came to turn in
my club enrollment form. Is
Suzuki-sensei of the tennis
club here？</Dialog>
          <Dialog>Teacher</Dialog>
          <Dialog>Suzuki-sensei just left. Why
don't you try looking around
the tennis courts？</Dialog>
          <Dialog>Is that so？ Okay, then.</Dialog>
          <Dialog>(There's no one here... It's
so cold！)</Dialog>
          <Dialog>(I'll head for the
clubroom...)</Dialog>
          <Dialog>(Even out in this cold,
there's someone cleaning the
clubroom？)</Dialog>
          <Dialog>Um, excuse me！</Dialog>
          <Dialog>？？？</Dialog>
          <Dialog>Yes~！</Dialog>
          <Dialog>Yes. Is there something I can
help you with？</Dialog>
          <Dialog>(Wow, what a beautiful girl...
I wonder if she is the
manager.)</Dialog>
          <Dialog>Um, is there something...？</Dialog>
          <Dialog>Ah, I am a second year,
▲苗字▲　▲名前▲.
I just transferred in. I came
to turn in my club enrollment
form, but I can't find the
advisor...</Dialog>
          <Dialog>Then you must be the new
member that Suzuki-sensei
mentioned...</Dialog>
          <Dialog>That's probably me, I guess.
Can I give you my club
enrollment form, Manager？</Dialog>
          <Dialog>Hehe...</Dialog>
          <Dialog>？</Dialog>
          <Dialog>高嶺</Dialog>
          <Dialog>I'm a second year in the
girls' tennis club, Takane
Manaka. ...I'm a team member
though.</Dialog>
          <Dialog>Team member？ Since you were
cleaning the clubroom by
yourself, I thought...</Dialog>
          <Dialog>I wanted to clean the room
before the new member arrived.
I just finished.</Dialog>
          <Dialog>Is that so？ Thank you.</Dialog>
          <Dialog>You're welcome. I'll turn in
the club enrollment form to
Suzuki-sensei, okay？</Dialog>
          <Dialog>Sorry to trouble you.</Dialog>
          <Dialog>Always help out one another
when in trouble, right？</Dialog>
          <Dialog>(▲高嶺＊＊▲,
huh...？ I'm sure my new life
will have good things！)</Dialog>
        </Dialogs>
      </SDL2>
    </Entry>
  </Entries>
</DBIN2>