<?xml version="1.0" encoding="utf-8"?>
<DBIN2 xmlns:xsi="http://www.w3.org/2001/XMLSchema-instance" xmlns:xsd="http://www.w3.org/2001/XMLSchema" Key="3578643089" Unknown="15">
  <Entries>
    <Entry Unknown0="4285959616" Unknown1="1264620832">
      <SDL2 Key="2076053825">
        <Unknown>
          <Entry>
            <Values>
              <Entry>
                <Value0>5552</Value0>
                <Value1>0</Value1>
              </Entry>
            </Values>
            <Value0>147456</Value0>
            <Value1>65536</Value1>
          </Entry>
          <Entry>
            <Values>
              <Entry>
                <Value0>5326</Value0>
                <Value1>0</Value1>
              </Entry>
            </Values>
            <Value0>147458</Value0>
            <Value1>196608</Value1>
          </Entry>
          <Entry>
            <Values />
            <Value0>147460</Value0>
            <Value1>327680</Value1>
          </Entry>
          <Entry>
            <Values />
            <Value0>147460</Value0>
            <Value1>393216</Value1>
          </Entry>
          <Entry>
            <Values>
              <Entry>
                <Value0>5553</Value0>
                <Value1>0</Value1>
              </Entry>
            </Values>
            <Value0>147463</Value0>
            <Value1>524288</Value1>
          </Entry>
          <Entry>
            <Values />
            <Value0>147460</Value0>
            <Value1>589824</Value1>
          </Entry>
          <Entry>
            <Values />
            <Value0>147460</Value0>
            <Value1>655360</Value1>
          </Entry>
          <Entry>
            <Values>
              <Entry>
                <Value0>5554</Value0>
                <Value1>0</Value1>
              </Entry>
            </Values>
            <Value0>147463</Value0>
            <Value1>720896</Value1>
          </Entry>
          <Entry>
            <Values />
            <Value0>147460</Value0>
            <Value1>786432</Value1>
          </Entry>
          <Entry>
            <Values>
              <Entry>
                <Value0>5555</Value0>
                <Value1>0</Value1>
              </Entry>
            </Values>
            <Value0>147463</Value0>
            <Value1>851968</Value1>
          </Entry>
          <Entry>
            <Values />
            <Value0>147460</Value0>
            <Value1>917504</Value1>
          </Entry>
          <Entry>
            <Values />
            <Value0>147460</Value0>
            <Value1>983040</Value1>
          </Entry>
          <Entry>
            <Values />
            <Value0>147460</Value0>
            <Value1>1048576</Value1>
          </Entry>
          <Entry>
            <Values>
              <Entry>
                <Value0>4294901760</Value0>
                <Value1>0</Value1>
              </Entry>
            </Values>
            <Value0>147473</Value0>
            <Value1>1179648</Value1>
          </Entry>
          <Entry>
            <Values />
            <Value0>147460</Value0>
            <Value1>1245184</Value1>
          </Entry>
          <Entry>
            <Values>
              <Entry>
                <Value0>5556</Value0>
                <Value1>0</Value1>
              </Entry>
            </Values>
            <Value0>147473</Value0>
            <Value1>1310720</Value1>
          </Entry>
          <Entry>
            <Values>
              <Entry>
                <Value0>5557</Value0>
                <Value1>0</Value1>
              </Entry>
            </Values>
            <Value0>147473</Value0>
            <Value1>1376256</Value1>
          </Entry>
          <Entry>
            <Values />
            <Value0>147460</Value0>
            <Value1>1441792</Value1>
          </Entry>
          <Entry>
            <Values>
              <Entry>
                <Value0>5558</Value0>
                <Value1>0</Value1>
              </Entry>
            </Values>
            <Value0>147473</Value0>
            <Value1>1507328</Value1>
          </Entry>
          <Entry>
            <Values>
              <Entry>
                <Value0>5559</Value0>
                <Value1>0</Value1>
              </Entry>
            </Values>
            <Value0>147473</Value0>
            <Value1>1572864</Value1>
          </Entry>
          <Entry>
            <Values />
            <Value0>147460</Value0>
            <Value1>1638400</Value1>
          </Entry>
          <Entry>
            <Values>
              <Entry>
                <Value0>5560</Value0>
                <Value1>0</Value1>
              </Entry>
            </Values>
            <Value0>147473</Value0>
            <Value1>1703936</Value1>
          </Entry>
          <Entry>
            <Values>
              <Entry>
                <Value0>5564</Value0>
                <Value1>0</Value1>
              </Entry>
            </Values>
            <Value0>147473</Value0>
            <Value1>1769472</Value1>
          </Entry>
          <Entry>
            <Values>
              <Entry>
                <Value0>5565</Value0>
                <Value1>0</Value1>
              </Entry>
            </Values>
            <Value0>147473</Value0>
            <Value1>1572864</Value1>
          </Entry>
          <Entry>
            <Values />
            <Value0>147460</Value0>
            <Value1>1835008</Value1>
          </Entry>
          <Entry>
            <Values>
              <Entry>
                <Value0>5563</Value0>
                <Value1>0</Value1>
              </Entry>
            </Values>
            <Value0>147473</Value0>
            <Value1>1900544</Value1>
          </Entry>
          <Entry>
            <Values>
              <Entry>
                <Value0>5564</Value0>
                <Value1>0</Value1>
              </Entry>
            </Values>
            <Value0>147473</Value0>
            <Value1>1769472</Value1>
          </Entry>
          <Entry>
            <Values>
              <Entry>
                <Value0>5565</Value0>
                <Value1>0</Value1>
              </Entry>
            </Values>
            <Value0>147473</Value0>
            <Value1>1572864</Value1>
          </Entry>
          <Entry>
            <Values />
            <Value0>147460</Value0>
            <Value1>1966080</Value1>
          </Entry>
          <Entry>
            <Values>
              <Entry>
                <Value0>5566</Value0>
                <Value1>0</Value1>
              </Entry>
            </Values>
            <Value0>147473</Value0>
            <Value1>2031616</Value1>
          </Entry>
          <Entry>
            <Values />
            <Value0>147460</Value0>
            <Value1>2097152</Value1>
          </Entry>
          <Entry>
            <Values>
              <Entry>
                <Value0>5567</Value0>
                <Value1>0</Value1>
              </Entry>
            </Values>
            <Value0>147473</Value0>
            <Value1>2162688</Value1>
          </Entry>
          <Entry>
            <Values>
              <Entry>
                <Value0>5568</Value0>
                <Value1>0</Value1>
              </Entry>
            </Values>
            <Value0>147473</Value0>
            <Value1>2228224</Value1>
          </Entry>
          <Entry>
            <Values />
            <Value0>147460</Value0>
            <Value1>2293760</Value1>
          </Entry>
          <Entry>
            <Values>
              <Entry>
                <Value0>5569</Value0>
                <Value1>0</Value1>
              </Entry>
            </Values>
            <Value0>147473</Value0>
            <Value1>2359296</Value1>
          </Entry>
          <Entry>
            <Values>
              <Entry>
                <Value0>5570</Value0>
                <Value1>0</Value1>
              </Entry>
            </Values>
            <Value0>147473</Value0>
            <Value1>2424832</Value1>
          </Entry>
          <Entry>
            <Values>
              <Entry>
                <Value0>5571</Value0>
                <Value1>0</Value1>
              </Entry>
            </Values>
            <Value0>147473</Value0>
            <Value1>2490368</Value1>
          </Entry>
          <Entry>
            <Values>
              <Entry>
                <Value0>5572</Value0>
                <Value1>0</Value1>
              </Entry>
            </Values>
            <Value0>147473</Value0>
            <Value1>2555904</Value1>
          </Entry>
          <Entry>
            <Values>
              <Entry>
                <Value0>5573</Value0>
                <Value1>0</Value1>
              </Entry>
            </Values>
            <Value0>147473</Value0>
            <Value1>2621440</Value1>
          </Entry>
          <Entry>
            <Values>
              <Entry>
                <Value0>5574</Value0>
                <Value1>0</Value1>
              </Entry>
            </Values>
            <Value0>147473</Value0>
            <Value1>2686976</Value1>
          </Entry>
          <Entry>
            <Values />
            <Value0>147460</Value0>
            <Value1>2752512</Value1>
          </Entry>
          <Entry>
            <Values>
              <Entry>
                <Value0>5575</Value0>
                <Value1>0</Value1>
              </Entry>
            </Values>
            <Value0>147473</Value0>
            <Value1>2818048</Value1>
          </Entry>
          <Entry>
            <Values>
              <Entry>
                <Value0>5576</Value0>
                <Value1>0</Value1>
              </Entry>
            </Values>
            <Value0>147473</Value0>
            <Value1>2883584</Value1>
          </Entry>
          <Entry>
            <Values>
              <Entry>
                <Value0>5577</Value0>
                <Value1>0</Value1>
              </Entry>
            </Values>
            <Value0>147473</Value0>
            <Value1>2949120</Value1>
          </Entry>
          <Entry>
            <Values>
              <Entry>
                <Value0>5578</Value0>
                <Value1>0</Value1>
              </Entry>
            </Values>
            <Value0>147473</Value0>
            <Value1>3014656</Value1>
          </Entry>
          <Entry>
            <Values />
            <Value0>147460</Value0>
            <Value1>3080192</Value1>
          </Entry>
          <Entry>
            <Values>
              <Entry>
                <Value0>5579</Value0>
                <Value1>0</Value1>
              </Entry>
            </Values>
            <Value0>147473</Value0>
            <Value1>3145728</Value1>
          </Entry>
          <Entry>
            <Values>
              <Entry>
                <Value0>5580</Value0>
                <Value1>0</Value1>
              </Entry>
            </Values>
            <Value0>147473</Value0>
            <Value1>3211264</Value1>
          </Entry>
          <Entry>
            <Values>
              <Entry>
                <Value0>5581</Value0>
                <Value1>0</Value1>
              </Entry>
            </Values>
            <Value0>147473</Value0>
            <Value1>3276800</Value1>
          </Entry>
          <Entry>
            <Values />
            <Value0>147460</Value0>
            <Value1>3080192</Value1>
          </Entry>
          <Entry>
            <Values>
              <Entry>
                <Value0>5582</Value0>
                <Value1>0</Value1>
              </Entry>
            </Values>
            <Value0>147473</Value0>
            <Value1>3342336</Value1>
          </Entry>
          <Entry>
            <Values>
              <Entry>
                <Value0>5583</Value0>
                <Value1>0</Value1>
              </Entry>
            </Values>
            <Value0>147473</Value0>
            <Value1>3407872</Value1>
          </Entry>
          <Entry>
            <Values>
              <Entry>
                <Value0>5584</Value0>
                <Value1>0</Value1>
              </Entry>
            </Values>
            <Value0>147473</Value0>
            <Value1>3473408</Value1>
          </Entry>
          <Entry>
            <Values />
            <Value0>147460</Value0>
            <Value1>3538944</Value1>
          </Entry>
          <Entry>
            <Values />
            <Value0>65591</Value0>
            <Value1>65592</Value1>
          </Entry>
          <Entry>
            <Values />
            <Value0>65592</Value0>
            <Value1>147460</Value1>
          </Entry>
          <Entry>
            <Values />
            <Value0>147460</Value0>
            <Value1>3735552</Value1>
          </Entry>
          <Entry>
            <Values>
              <Entry>
                <Value0>5585</Value0>
                <Value1>0</Value1>
              </Entry>
            </Values>
            <Value0>147473</Value0>
            <Value1>3801088</Value1>
          </Entry>
          <Entry>
            <Values />
            <Value0>147460</Value0>
            <Value1>3866624</Value1>
          </Entry>
          <Entry>
            <Values />
            <Value0>147473</Value0>
            <Value1>2752512</Value1>
          </Entry>
          <Entry>
            <Values />
            <Value0>147460</Value0>
            <Value1>3932160</Value1>
          </Entry>
          <Entry>
            <Values>
              <Entry>
                <Value0>5586</Value0>
                <Value1>0</Value1>
              </Entry>
            </Values>
            <Value0>147473</Value0>
            <Value1>3997696</Value1>
          </Entry>
          <Entry>
            <Values />
            <Value0>147460</Value0>
            <Value1>4063232</Value1>
          </Entry>
          <Entry>
            <Values>
              <Entry>
                <Value0>5587</Value0>
                <Value1>0</Value1>
              </Entry>
            </Values>
            <Value0>147473</Value0>
            <Value1>4128768</Value1>
          </Entry>
          <Entry>
            <Values />
            <Value0>147460</Value0>
            <Value1>4194304</Value1>
          </Entry>
          <Entry>
            <Values />
            <Value0>147473</Value0>
            <Value1>2752512</Value1>
          </Entry>
          <Entry>
            <Values />
            <Value0>147460</Value0>
            <Value1>4259840</Value1>
          </Entry>
          <Entry>
            <Values>
              <Entry>
                <Value0>5588</Value0>
                <Value1>0</Value1>
              </Entry>
            </Values>
            <Value0>147473</Value0>
            <Value1>4325376</Value1>
          </Entry>
          <Entry>
            <Values />
            <Value0>147460</Value0>
            <Value1>4390912</Value1>
          </Entry>
          <Entry>
            <Values>
              <Entry>
                <Value0>5589</Value0>
                <Value1>0</Value1>
              </Entry>
            </Values>
            <Value0>147473</Value0>
            <Value1>4456448</Value1>
          </Entry>
          <Entry>
            <Values />
            <Value0>147460</Value0>
            <Value1>4521984</Value1>
          </Entry>
          <Entry>
            <Values />
            <Value0>147473</Value0>
            <Value1>2752512</Value1>
          </Entry>
          <Entry>
            <Values />
            <Value0>147460</Value0>
            <Value1>2752512</Value1>
          </Entry>
          <Entry>
            <Values>
              <Entry>
                <Value0>5590</Value0>
                <Value1>0</Value1>
              </Entry>
            </Values>
            <Value0>147473</Value0>
            <Value1>4587520</Value1>
          </Entry>
          <Entry>
            <Values />
            <Value0>147460</Value0>
            <Value1>4653056</Value1>
          </Entry>
          <Entry>
            <Values>
              <Entry>
                <Value0>5591</Value0>
                <Value1>0</Value1>
              </Entry>
            </Values>
            <Value0>147473</Value0>
            <Value1>4718592</Value1>
          </Entry>
          <Entry>
            <Values />
            <Value0>147460</Value0>
            <Value1>3080192</Value1>
          </Entry>
          <Entry>
            <Values>
              <Entry>
                <Value0>5592</Value0>
                <Value1>0</Value1>
              </Entry>
            </Values>
            <Value0>147473</Value0>
            <Value1>4784128</Value1>
          </Entry>
          <Entry>
            <Values />
            <Value0>147460</Value0>
            <Value1>4849664</Value1>
          </Entry>
          <Entry>
            <Values />
            <Value0>147460</Value0>
            <Value1>4915200</Value1>
          </Entry>
          <Entry>
            <Values />
            <Value0>147460</Value0>
            <Value1>4980736</Value1>
          </Entry>
          <Entry>
            <Values />
            <Value0>147473</Value0>
            <Value1>2752512</Value1>
          </Entry>
          <Entry>
            <Values />
            <Value0>147460</Value0>
            <Value1>5046272</Value1>
          </Entry>
          <Entry>
            <Values>
              <Entry>
                <Value0>5593</Value0>
                <Value1>0</Value1>
              </Entry>
            </Values>
            <Value0>147473</Value0>
            <Value1>5111808</Value1>
          </Entry>
          <Entry>
            <Values />
            <Value0>147460</Value0>
            <Value1>3080192</Value1>
          </Entry>
          <Entry>
            <Values>
              <Entry>
                <Value0>5594</Value0>
                <Value1>0</Value1>
              </Entry>
            </Values>
            <Value0>147473</Value0>
            <Value1>5177344</Value1>
          </Entry>
          <Entry>
            <Values />
            <Value0>147460</Value0>
            <Value1>5242880</Value1>
          </Entry>
          <Entry>
            <Values>
              <Entry>
                <Value0>5595</Value0>
                <Value1>0</Value1>
              </Entry>
            </Values>
            <Value0>147473</Value0>
            <Value1>5308416</Value1>
          </Entry>
          <Entry>
            <Values>
              <Entry>
                <Value0>5596</Value0>
                <Value1>0</Value1>
              </Entry>
            </Values>
            <Value0>147473</Value0>
            <Value1>5373952</Value1>
          </Entry>
          <Entry>
            <Values />
            <Value0>147460</Value0>
            <Value1>5439488</Value1>
          </Entry>
          <Entry>
            <Values>
              <Entry>
                <Value0>5597</Value0>
                <Value1>0</Value1>
              </Entry>
            </Values>
            <Value0>147473</Value0>
            <Value1>5505024</Value1>
          </Entry>
        </Unknown>
        <Dialogs>
          <Dialog>手塚</Dialog>
          <Dialog>That's all for today！</Dialog>
          <Dialog>男女部員</Dialog>
          <Dialog>Good work！</Dialog>
          <Dialog>○○○○○○○○</Dialog>
          <Dialog>(▲高嶺＊＊▲...)</Dialog>
          <Dialog>(She's not here？ What am I
doing anyway...？)</Dialog>
          <Dialog>三好</Dialog>
          <Dialog>If you're looking for Takane,
she just headed towards the
tennis courts.</Dialog>
          <Dialog>！？</Dialog>
          <Dialog>Um, you are...</Dialog>
          <Dialog>Oh, I'm Takane's friend.</Dialog>
          <Dialog>I see...</Dialog>
          <Dialog>I don't know if I should say
this, but Takane was crying
when she was at Dixie's with
us.</Dialog>
          <Dialog>▲高嶺＊＊▲
was crying...？</Dialog>
          <Dialog>She went to the courts,
right？ Thank you！</Dialog>
          <Dialog>▲高嶺＊＊▲！</Dialog>
          <Dialog>高嶺</Dialog>
          <Dialog>▲主人公＊▲...</Dialog>
          <Dialog>What are you doing here...？</Dialog>
          <Dialog>Hmm... I...</Dialog>
          <Dialog>This is where we met for the
first time, do you
remember...？</Dialog>
          <Dialog>I remember...
▲高嶺＊＊▲,
you were practicing your
serves alone, right？</Dialog>
          <Dialog>Yes... I can't imagine what
would've happened to me if I
hadn't met you that day...</Dialog>
          <Dialog>I'm sure things would have
remained the same, even now...</Dialog>
          <Dialog>It was on a hot day... And,
▲高嶺＊＊▲,
you were carrying a very huge
teapot by yourself. It was
hard work, wasn't it？</Dialog>
          <Dialog>Yes... And now, all the other
girl members would offer to
help if I wanted to do
something like that.</Dialog>
          <Dialog>But, I can't imagine what
would've happened if I hadn't
met you that day...</Dialog>
          <Dialog>▲高嶺＊＊▲,
you were sweeping fallen
leaves on the courts by
yourself, right？</Dialog>
          <Dialog>Yet now, all the other girl
members would offer to help if
I wanted to do something like
that.</Dialog>
          <Dialog>It was on a cold day...
▲高嶺＊＊▲,
you were cleaning the clubroom
by yourself. You did all that
to welcome me when I was a new
member.</Dialog>
          <Dialog>Yeah, I kept wondering what
kind of person would join us,
and...</Dialog>
          <Dialog>What kind of person am I？</Dialog>
          <Dialog>You are... the person who
changed me.</Dialog>
          <Dialog>At that time, I had a strange
feeling when I saw you. I
still remember it.</Dialog>
          <Dialog>Strange feeling？</Dialog>
          <Dialog>Yes. On that day, I felt like
good things were going to come
my way.</Dialog>
          <Dialog>And it was true... Even now,
everything still seems like a
dream.</Dialog>
          <Dialog>That's why... I couldn't help
but want to escape from it.</Dialog>
          <Dialog>When everyone began to raise
questions about our
relationship... I became so
afraid.</Dialog>
          <Dialog>I've changed so much since the
time I met you...</Dialog>
          <Dialog>You have been so kind to me
ever since we met, but...</Dialog>
          <Dialog>......</Dialog>
          <Dialog>I don't know if this is all
one-sided or if I'm making any
sense and I have no
confidence...</Dialog>
          <Dialog>That's why, even if you'd hate
me for this...</Dialog>
          <Dialog>There is something that I
really want to tell you.</Dialog>
          <Dialog>I've fallen in love with you.</Dialog>
          <Dialog>▲高嶺＊＊▲...</Dialog>
          <Dialog>No matter what I do, I can't
stop thinking of you...</Dialog>
          <Dialog>It is as if I can't control
myself anymore and I'm so
afraid...</Dialog>
          <Dialog>I love you so much that it
makes me want to cry.</Dialog>
          <Dialog>I... love you.</Dialog>
          <Dialog>So, I wish you would also love
me... And...</Dialog>
          <Dialog>I want to hear you say,
"Manaka is my girlfriend"...</Dialog>
          <Dialog>▲高嶺＊＊▲...</Dialog>
          <Dialog>I love you, too</Dialog>
          <Dialog>I'm sorry</Dialog>
          <Dialog>▲高嶺＊＊▲
is my girlfriend.</Dialog>
          <Dialog>Really？</Dialog>
          <Dialog>Yes. I have wanted to say this
for a really long time.</Dialog>
          <Dialog>Sorry, I should have said
something earlier...</Dialog>
          <Dialog>It's fine... It's fine... So,
from now on, we are...</Dialog>
          <Dialog>...Yeah.</Dialog>
          <Dialog>Right... What am I going to
do？ I'm too nervous.</Dialog>
          <Dialog>▲高嶺＊＊▲.
...Come here.</Dialog>
          <Dialog>Can I... kiss you？</Dialog>
          <Dialog>Is it... something we
shouldn't do？</Dialog>
          <Dialog>I wonder...</Dialog>
          <Dialog>We will know if we try it,
right？</Dialog>
          <Dialog>I guess...</Dialog>
          <Dialog>It really was something we
shouldn't try...</Dialog>
          <Dialog>Why？</Dialog>
          <Dialog>Because... from now on, I
don't think I'll be able to
find anything else that can
give me the same feeling of
happiness...</Dialog>
          <Dialog>I love you... I really love
you.</Dialog>
          <Dialog>The truth is, I don't think of
you that way...</Dialog>
          <Dialog>▲高嶺＊＊▲,
I really like you, but I don't
think it's the sort of "like"
that you were hoping for.</Dialog>
          <Dialog>That's why...</Dialog>
          <Dialog>I'm sorry...</Dialog>
          <Dialog>Don't apologize. I don't want
to trouble you. I really do
love you, so I don't want to
see you sad.</Dialog>
          <Dialog>What will happen to us after
this...？</Dialog>
          <Dialog>Let's stay good friends. We
can be each other's best
friend.</Dialog>
          <Dialog>Best friend...？ Yes, let's do
that.</Dialog>
          <Dialog>This way, we can still be
together...</Dialog>
          <Dialog>Yeah...</Dialog>
          <Dialog>So, please continue to be kind
to me, okay？</Dialog>
        </Dialogs>
      </SDL2>
    </Entry>
    <Entry Unknown0="2344151924" Unknown1="2277132642">
      <SDL2 Key="864125991">
        <Unknown>
          <Entry>
            <Values>
              <Entry>
                <Value0>5598</Value0>
                <Value1>0</Value1>
              </Entry>
            </Values>
            <Value0>147456</Value0>
            <Value1>65536</Value1>
          </Entry>
          <Entry>
            <Values>
              <Entry>
                <Value0>5599</Value0>
                <Value1>0</Value1>
              </Entry>
            </Values>
            <Value0>147458</Value0>
            <Value1>196608</Value1>
          </Entry>
          <Entry>
            <Values>
              <Entry>
                <Value0>4294901760</Value0>
                <Value1>0</Value1>
              </Entry>
            </Values>
            <Value0>147460</Value0>
            <Value1>327680</Value1>
          </Entry>
          <Entry>
            <Values />
            <Value0>147462</Value0>
            <Value1>458752</Value1>
          </Entry>
          <Entry>
            <Values>
              <Entry>
                <Value0>5600</Value0>
                <Value1>0</Value1>
              </Entry>
            </Values>
            <Value0>147460</Value0>
            <Value1>524288</Value1>
          </Entry>
          <Entry>
            <Values />
            <Value0>147462</Value0>
            <Value1>589824</Value1>
          </Entry>
          <Entry>
            <Values>
              <Entry>
                <Value0>5601</Value0>
                <Value1>0</Value1>
              </Entry>
            </Values>
            <Value0>147466</Value0>
            <Value1>720896</Value1>
          </Entry>
          <Entry>
            <Values />
            <Value0>147462</Value0>
            <Value1>786432</Value1>
          </Entry>
          <Entry>
            <Values>
              <Entry>
                <Value0>5602</Value0>
                <Value1>0</Value1>
              </Entry>
            </Values>
            <Value0>147460</Value0>
            <Value1>851968</Value1>
          </Entry>
          <Entry>
            <Values />
            <Value0>147462</Value0>
            <Value1>917504</Value1>
          </Entry>
          <Entry>
            <Values>
              <Entry>
                <Value0>5603</Value0>
                <Value1>0</Value1>
              </Entry>
            </Values>
            <Value0>147471</Value0>
            <Value1>1048576</Value1>
          </Entry>
          <Entry>
            <Values>
              <Entry>
                <Value0>5604</Value0>
                <Value1>0</Value1>
              </Entry>
            </Values>
            <Value0>147460</Value0>
            <Value1>1114112</Value1>
          </Entry>
          <Entry>
            <Values />
            <Value0>147462</Value0>
            <Value1>1179648</Value1>
          </Entry>
          <Entry>
            <Values>
              <Entry>
                <Value0>5605</Value0>
                <Value1>0</Value1>
              </Entry>
            </Values>
            <Value0>147475</Value0>
            <Value1>1310720</Value1>
          </Entry>
          <Entry>
            <Values>
              <Entry>
                <Value0>4294901760</Value0>
                <Value1>0</Value1>
              </Entry>
            </Values>
            <Value0>147460</Value0>
            <Value1>327680</Value1>
          </Entry>
          <Entry>
            <Values />
            <Value0>147462</Value0>
            <Value1>1376256</Value1>
          </Entry>
          <Entry>
            <Values>
              <Entry>
                <Value0>5606</Value0>
                <Value1>0</Value1>
              </Entry>
            </Values>
            <Value0>147471</Value0>
            <Value1>1441792</Value1>
          </Entry>
          <Entry>
            <Values />
            <Value0>147462</Value0>
            <Value1>1507328</Value1>
          </Entry>
          <Entry>
            <Values>
              <Entry>
                <Value0>5607</Value0>
                <Value1>0</Value1>
              </Entry>
            </Values>
            <Value0>147460</Value0>
            <Value1>1572864</Value1>
          </Entry>
          <Entry>
            <Values />
            <Value0>147462</Value0>
            <Value1>1638400</Value1>
          </Entry>
          <Entry>
            <Values>
              <Entry>
                <Value0>5608</Value0>
                <Value1>0</Value1>
              </Entry>
            </Values>
            <Value0>147460</Value0>
            <Value1>1703936</Value1>
          </Entry>
          <Entry>
            <Values>
              <Entry>
                <Value0>5609</Value0>
                <Value1>0</Value1>
              </Entry>
            </Values>
            <Value0>147460</Value0>
            <Value1>1769472</Value1>
          </Entry>
          <Entry>
            <Values />
            <Value0>147462</Value0>
            <Value1>1835008</Value1>
          </Entry>
          <Entry>
            <Values>
              <Entry>
                <Value0>5610</Value0>
                <Value1>0</Value1>
              </Entry>
            </Values>
            <Value0>147460</Value0>
            <Value1>1900544</Value1>
          </Entry>
          <Entry>
            <Values>
              <Entry>
                <Value0>5611</Value0>
                <Value1>0</Value1>
              </Entry>
            </Values>
            <Value0>147460</Value0>
            <Value1>1966080</Value1>
          </Entry>
          <Entry>
            <Values />
            <Value0>147462</Value0>
            <Value1>2031616</Value1>
          </Entry>
          <Entry>
            <Values>
              <Entry>
                <Value0>5612</Value0>
                <Value1>0</Value1>
              </Entry>
            </Values>
            <Value0>147460</Value0>
            <Value1>2097152</Value1>
          </Entry>
          <Entry>
            <Values>
              <Entry>
                <Value0>5613</Value0>
                <Value1>0</Value1>
              </Entry>
            </Values>
            <Value0>147460</Value0>
            <Value1>2162688</Value1>
          </Entry>
          <Entry>
            <Values>
              <Entry>
                <Value0>5614</Value0>
                <Value1>0</Value1>
              </Entry>
            </Values>
            <Value0>147460</Value0>
            <Value1>2228224</Value1>
          </Entry>
          <Entry>
            <Values />
            <Value0>147462</Value0>
            <Value1>2293760</Value1>
          </Entry>
          <Entry>
            <Values>
              <Entry>
                <Value0>5615</Value0>
                <Value1>0</Value1>
              </Entry>
            </Values>
            <Value0>147460</Value0>
            <Value1>2359296</Value1>
          </Entry>
          <Entry>
            <Values />
            <Value0>147462</Value0>
            <Value1>2424832</Value1>
          </Entry>
          <Entry>
            <Values>
              <Entry>
                <Value0>5616</Value0>
                <Value1>0</Value1>
              </Entry>
            </Values>
            <Value0>147460</Value0>
            <Value1>2490368</Value1>
          </Entry>
          <Entry>
            <Values />
            <Value0>147462</Value0>
            <Value1>2555904</Value1>
          </Entry>
          <Entry>
            <Values>
              <Entry>
                <Value0>5617</Value0>
                <Value1>0</Value1>
              </Entry>
            </Values>
            <Value0>147460</Value0>
            <Value1>2359296</Value1>
          </Entry>
          <Entry>
            <Values />
            <Value0>147462</Value0>
            <Value1>2424832</Value1>
          </Entry>
          <Entry>
            <Values>
              <Entry>
                <Value0>5618</Value0>
                <Value1>0</Value1>
              </Entry>
            </Values>
            <Value0>147460</Value0>
            <Value1>2490368</Value1>
          </Entry>
          <Entry>
            <Values />
            <Value0>147462</Value0>
            <Value1>2621440</Value1>
          </Entry>
          <Entry>
            <Values>
              <Entry>
                <Value0>5619</Value0>
                <Value1>0</Value1>
              </Entry>
            </Values>
            <Value0>147460</Value0>
            <Value1>2686976</Value1>
          </Entry>
          <Entry>
            <Values>
              <Entry>
                <Value0>5620</Value0>
                <Value1>0</Value1>
              </Entry>
            </Values>
            <Value0>147460</Value0>
            <Value1>2752512</Value1>
          </Entry>
          <Entry>
            <Values>
              <Entry>
                <Value0>5621</Value0>
                <Value1>0</Value1>
              </Entry>
            </Values>
            <Value0>147460</Value0>
            <Value1>2818048</Value1>
          </Entry>
          <Entry>
            <Values />
            <Value0>147462</Value0>
            <Value1>2883584</Value1>
          </Entry>
          <Entry>
            <Values>
              <Entry>
                <Value0>5622</Value0>
                <Value1>0</Value1>
              </Entry>
            </Values>
            <Value0>147460</Value0>
            <Value1>2949120</Value1>
          </Entry>
          <Entry>
            <Values>
              <Entry>
                <Value0>5623</Value0>
                <Value1>0</Value1>
              </Entry>
            </Values>
            <Value0>147460</Value0>
            <Value1>3014656</Value1>
          </Entry>
          <Entry>
            <Values>
              <Entry>
                <Value0>5624</Value0>
                <Value1>0</Value1>
              </Entry>
            </Values>
            <Value0>147460</Value0>
            <Value1>3080192</Value1>
          </Entry>
          <Entry>
            <Values />
            <Value0>147462</Value0>
            <Value1>1179648</Value1>
          </Entry>
          <Entry>
            <Values>
              <Entry>
                <Value0>5625</Value0>
                <Value1>0</Value1>
              </Entry>
            </Values>
            <Value0>147460</Value0>
            <Value1>3145728</Value1>
          </Entry>
          <Entry>
            <Values>
              <Entry>
                <Value0>5626</Value0>
                <Value1>0</Value1>
              </Entry>
            </Values>
            <Value0>147460</Value0>
            <Value1>3211264</Value1>
          </Entry>
          <Entry>
            <Values>
              <Entry>
                <Value0>5627</Value0>
                <Value1>0</Value1>
              </Entry>
            </Values>
            <Value0>147460</Value0>
            <Value1>3276800</Value1>
          </Entry>
          <Entry>
            <Values>
              <Entry>
                <Value0>5628</Value0>
                <Value1>0</Value1>
              </Entry>
            </Values>
            <Value0>147460</Value0>
            <Value1>3342336</Value1>
          </Entry>
          <Entry>
            <Values>
              <Entry>
                <Value0>5629</Value0>
                <Value1>0</Value1>
              </Entry>
            </Values>
            <Value0>147460</Value0>
            <Value1>3407872</Value1>
          </Entry>
          <Entry>
            <Values>
              <Entry>
                <Value0>5630</Value0>
                <Value1>0</Value1>
              </Entry>
            </Values>
            <Value0>147460</Value0>
            <Value1>3473408</Value1>
          </Entry>
          <Entry>
            <Values>
              <Entry>
                <Value0>5631</Value0>
                <Value1>0</Value1>
              </Entry>
            </Values>
            <Value0>147460</Value0>
            <Value1>3538944</Value1>
          </Entry>
          <Entry>
            <Values>
              <Entry>
                <Value0>5632</Value0>
                <Value1>0</Value1>
              </Entry>
            </Values>
            <Value0>147460</Value0>
            <Value1>3604480</Value1>
          </Entry>
          <Entry>
            <Values />
            <Value0>147462</Value0>
            <Value1>1179648</Value1>
          </Entry>
          <Entry>
            <Values>
              <Entry>
                <Value0>5633</Value0>
                <Value1>0</Value1>
              </Entry>
            </Values>
            <Value0>147460</Value0>
            <Value1>3670016</Value1>
          </Entry>
          <Entry>
            <Values />
            <Value0>147462</Value0>
            <Value1>3735552</Value1>
          </Entry>
          <Entry>
            <Values />
            <Value0>65594</Value0>
            <Value1>65595</Value1>
          </Entry>
          <Entry>
            <Values />
            <Value0>65595</Value0>
            <Value1>147462</Value1>
          </Entry>
          <Entry>
            <Values />
            <Value0>147462</Value0>
            <Value1>3932160</Value1>
          </Entry>
          <Entry>
            <Values>
              <Entry>
                <Value0>5634</Value0>
                <Value1>0</Value1>
              </Entry>
            </Values>
            <Value0>147460</Value0>
            <Value1>3997696</Value1>
          </Entry>
          <Entry>
            <Values />
            <Value0>147462</Value0>
            <Value1>4063232</Value1>
          </Entry>
          <Entry>
            <Values>
              <Entry>
                <Value0>5635</Value0>
                <Value1>0</Value1>
              </Entry>
            </Values>
            <Value0>147460</Value0>
            <Value1>4128768</Value1>
          </Entry>
          <Entry>
            <Values />
            <Value0>147462</Value0>
            <Value1>4194304</Value1>
          </Entry>
          <Entry>
            <Values>
              <Entry>
                <Value0>5636</Value0>
                <Value1>0</Value1>
              </Entry>
            </Values>
            <Value0>147460</Value0>
            <Value1>4259840</Value1>
          </Entry>
          <Entry>
            <Values>
              <Entry>
                <Value0>5637</Value0>
                <Value1>0</Value1>
              </Entry>
            </Values>
            <Value0>147460</Value0>
            <Value1>4325376</Value1>
          </Entry>
          <Entry>
            <Values />
            <Value0>147462</Value0>
            <Value1>4390912</Value1>
          </Entry>
          <Entry>
            <Values />
            <Value0>147462</Value0>
            <Value1>4456448</Value1>
          </Entry>
          <Entry>
            <Values>
              <Entry>
                <Value0>5638</Value0>
                <Value1>0</Value1>
              </Entry>
            </Values>
            <Value0>147460</Value0>
            <Value1>4521984</Value1>
          </Entry>
          <Entry>
            <Values />
            <Value0>147462</Value0>
            <Value1>4587520</Value1>
          </Entry>
          <Entry>
            <Values>
              <Entry>
                <Value0>5639</Value0>
                <Value1>0</Value1>
              </Entry>
            </Values>
            <Value0>147460</Value0>
            <Value1>4653056</Value1>
          </Entry>
          <Entry>
            <Values />
            <Value0>147462</Value0>
            <Value1>524288</Value1>
          </Entry>
          <Entry>
            <Values />
            <Value0>147460</Value0>
            <Value1>4718592</Value1>
          </Entry>
          <Entry>
            <Values />
            <Value0>147462</Value0>
            <Value1>4718592</Value1>
          </Entry>
          <Entry>
            <Values>
              <Entry>
                <Value0>5640</Value0>
                <Value1>0</Value1>
              </Entry>
            </Values>
            <Value0>147460</Value0>
            <Value1>4784128</Value1>
          </Entry>
          <Entry>
            <Values />
            <Value0>147462</Value0>
            <Value1>4849664</Value1>
          </Entry>
          <Entry>
            <Values>
              <Entry>
                <Value0>5641</Value0>
                <Value1>0</Value1>
              </Entry>
            </Values>
            <Value0>147460</Value0>
            <Value1>4915200</Value1>
          </Entry>
          <Entry>
            <Values />
            <Value0>147462</Value0>
            <Value1>4980736</Value1>
          </Entry>
          <Entry>
            <Values>
              <Entry>
                <Value0>5642</Value0>
                <Value1>0</Value1>
              </Entry>
            </Values>
            <Value0>147460</Value0>
            <Value1>5046272</Value1>
          </Entry>
          <Entry>
            <Values />
            <Value0>147462</Value0>
            <Value1>5111808</Value1>
          </Entry>
          <Entry>
            <Values />
            <Value0>147462</Value0>
            <Value1>5177344</Value1>
          </Entry>
          <Entry>
            <Values />
            <Value0>147462</Value0>
            <Value1>5242880</Value1>
          </Entry>
          <Entry>
            <Values />
            <Value0>147460</Value0>
            <Value1>4718592</Value1>
          </Entry>
          <Entry>
            <Values />
            <Value0>147462</Value0>
            <Value1>5308416</Value1>
          </Entry>
          <Entry>
            <Values>
              <Entry>
                <Value0>5643</Value0>
                <Value1>0</Value1>
              </Entry>
            </Values>
            <Value0>147460</Value0>
            <Value1>5373952</Value1>
          </Entry>
          <Entry>
            <Values>
              <Entry>
                <Value0>5644</Value0>
                <Value1>0</Value1>
              </Entry>
            </Values>
            <Value0>147460</Value0>
            <Value1>5439488</Value1>
          </Entry>
          <Entry>
            <Values>
              <Entry>
                <Value0>5645</Value0>
                <Value1>0</Value1>
              </Entry>
            </Values>
            <Value0>147460</Value0>
            <Value1>5505024</Value1>
          </Entry>
          <Entry>
            <Values>
              <Entry>
                <Value0>5646</Value0>
                <Value1>0</Value1>
              </Entry>
            </Values>
            <Value0>147460</Value0>
            <Value1>5570560</Value1>
          </Entry>
          <Entry>
            <Values>
              <Entry>
                <Value0>5647</Value0>
                <Value1>0</Value1>
              </Entry>
            </Values>
            <Value0>147460</Value0>
            <Value1>5636096</Value1>
          </Entry>
          <Entry>
            <Values />
            <Value0>147462</Value0>
            <Value1>5701632</Value1>
          </Entry>
          <Entry>
            <Values>
              <Entry>
                <Value0>5648</Value0>
                <Value1>0</Value1>
              </Entry>
            </Values>
            <Value0>147460</Value0>
            <Value1>5767168</Value1>
          </Entry>
          <Entry>
            <Values />
            <Value0>147462</Value0>
            <Value1>5832704</Value1>
          </Entry>
          <Entry>
            <Values>
              <Entry>
                <Value0>5649</Value0>
                <Value1>0</Value1>
              </Entry>
            </Values>
            <Value0>147460</Value0>
            <Value1>5898240</Value1>
          </Entry>
          <Entry>
            <Values />
            <Value0>147462</Value0>
            <Value1>5963776</Value1>
          </Entry>
          <Entry>
            <Values>
              <Entry>
                <Value0>5650</Value0>
                <Value1>0</Value1>
              </Entry>
            </Values>
            <Value0>147460</Value0>
            <Value1>6029312</Value1>
          </Entry>
        </Unknown>
        <Dialogs>
          <Dialog>手塚</Dialog>
          <Dialog>That's all for today！</Dialog>
          <Dialog>男女部員</Dialog>
          <Dialog>Good work！</Dialog>
          <Dialog>高嶺</Dialog>
          <Dialog>▲主人公＊▲.</Dialog>
          <Dialog>○○○○○○○○</Dialog>
          <Dialog>What's up...？ Want to go home
together？</Dialog>
          <Dialog>Sure.</Dialog>
          <Dialog>Wait a second... Those people
are...</Dialog>
          <Dialog>成戸</Dialog>
          <Dialog>Hey, let's get some noodles.
Noodles！</Dialog>
          <Dialog>As I thought... Well, I'm
sorry, but...</Dialog>
          <Dialog>No！</Dialog>
          <Dialog>！？</Dialog>
          <Dialog>男子部員</Dialog>
          <Dialog>Takane-chan...？ W-What's
wrong？</Dialog>
          <Dialog>I'm sorry... But I want to be
alone with him.</Dialog>
          <Dialog>▲高嶺＊＊▲...</Dialog>
          <Dialog>男子Ｂ</Dialog>
          <Dialog>Eh！？ Could it be that you
two...</Dialog>
          <Dialog>Ah, y-yes... Then let's go
that way！</Dialog>
          <Dialog>For real~！？ Say it ain't so,
Takane-chan~！</Dialog>
          <Dialog>What is this all of a
sudden...？</Dialog>
          <Dialog>Yeah... What's wrong with
me...？</Dialog>
          <Dialog>...？</Dialog>
          <Dialog>I really wanted to walk home
with you today no matter
what...</Dialog>
          <Dialog>I didn't want anyone to
interrupt us. And without me
realizing, I just did that...</Dialog>
          <Dialog>Well, that's okay.
▲高嶺＊＊▲,
you really have changed.</Dialog>
          <Dialog>Yeah... I think so too.</Dialog>
          <Dialog>Hey, do you remember？ On that
day, we met here for the first
time.</Dialog>
          <Dialog>I remember...
▲高嶺＊＊▲,
you were practicing your
serves alone, right？</Dialog>
          <Dialog>Yeah, at that time...</Dialog>
          <Dialog>I thought that as long as I
did the right thing, it would
be okay even if I had to be
alone.</Dialog>
          <Dialog>That's why I was practicing by
myself when everyone else went
out to have fun.</Dialog>
          <Dialog>It was such a hot day... And
▲高嶺＊＊▲,
you were carrying a really
huge teapot by yourself.</Dialog>
          <Dialog>But now, I know that all the
other girl members would offer
to help me.</Dialog>
          <Dialog>Isn't that great？</Dialog>
          <Dialog>Back then, I didn't know that
becoming friends with everyone
could be this much fun.</Dialog>
          <Dialog>▲高嶺＊＊▲,
you were sweeping fallen
leaves on the courts by
yourself.</Dialog>
          <Dialog>It was such a cold day...
▲高嶺＊＊▲,
you were cleaning the clubroom
by yourself.</Dialog>
          <Dialog>Yeah, I kept wondering what
kind of person would join our
club...</Dialog>
          <Dialog>So finishing the cleaning by
myself was not all that
difficult.</Dialog>
          <Dialog>Geez, I feel like it was
something that happened a long
time ago.</Dialog>
          <Dialog>Um, well...</Dialog>
          <Dialog>Back then, I would never have
imagined that I could become
the way I am now...</Dialog>
          <Dialog>While I was waiting for you
this evening, I was
thinking...</Dialog>
          <Dialog>I was thinking of why I wanted
to see you so much...</Dialog>
          <Dialog>I am sure that I really have
changed.</Dialog>
          <Dialog>You were the one who taught me
to be honest with my feelings.</Dialog>
          <Dialog>I have finally realized...</Dialog>
          <Dialog>The way I am now... You're the
one who made it possible.</Dialog>
          <Dialog>I kept wondering how many
times our eyes met today, or
when we would be able to meet
again...</Dialog>
          <Dialog>I wanted to hear your voice. I
wanted to be closer to you.</Dialog>
          <Dialog>It's embarrassing how much I
thought of you...</Dialog>
          <Dialog>That's why... I want you to
allow me to be by your side.</Dialog>
          <Dialog>I can't stop thinking of you.
I love you so much. So,
please...</Dialog>
          <Dialog>▲高嶺＊＊▲...</Dialog>
          <Dialog>I love you, too</Dialog>
          <Dialog>I'm sorry</Dialog>
          <Dialog>▲高嶺＊＊▲,
I have always been thinking of
you.</Dialog>
          <Dialog>Eh？</Dialog>
          <Dialog>For a long time now, I have
been thinking only of
▲高嶺＊＊▲.</Dialog>
          <Dialog>Really？</Dialog>
          <Dialog>Yeah...
▲高嶺＊＊▲
and I, we feel the same way
then.</Dialog>
          <Dialog>I'm so happy...</Dialog>
          <Dialog>Then... Do you know what I am
thinking right now？</Dialog>
          <Dialog>...I probably do.</Dialog>
          <Dialog>...Can I kiss you？</Dialog>
          <Dialog>Don't ask...</Dialog>
          <Dialog>Sorry...</Dialog>
          <Dialog>Hehe... Do it.</Dialog>
          <Dialog>......</Dialog>
          <Dialog>It's a little embarrassing...</Dialog>
          <Dialog>Yeah...</Dialog>
          <Dialog>Um...</Dialog>
          <Dialog>Hmm？</Dialog>
          <Dialog>I love you...</Dialog>
          <Dialog>Actually, I don't think of you
that way...</Dialog>
          <Dialog>▲高嶺＊＊▲'s
feelings are probably
different from mine...</Dialog>
          <Dialog>For me, I only think of
▲高嶺＊＊▲
as a very dear friend.</Dialog>
          <Dialog>I'm sorry.</Dialog>
          <Dialog>No.</Dialog>
          <Dialog>Thank you... At least you told
me your true feelings.</Dialog>
          <Dialog>Actually, I kind of knew that
it might turn out like this.</Dialog>
          <Dialog>But I wanted to be honest with
myself. That's why...</Dialog>
          <Dialog>From now on, we'll both be
fine, right？</Dialog>
          <Dialog>I see... That's why
▲高嶺＊＊▲
has been trying so hard...</Dialog>
          <Dialog>That's right. I worked hard,
didn't I？</Dialog>
          <Dialog>Yeah, you did great.</Dialog>
          <Dialog>Yeah... Then let's be best
friends from now on.</Dialog>
          <Dialog>Yeah, sure.</Dialog>
          <Dialog>Thank you. See you later,
okay？</Dialog>
        </Dialogs>
      </SDL2>
    </Entry>
    <Entry Unknown0="4111638454" Unknown1="4084632508">
      <SDL2 Key="1707063923">
        <Unknown>
          <Entry>
            <Values />
            <Value0>147456</Value0>
            <Value1>65536</Value1>
          </Entry>
          <Entry>
            <Values>
              <Entry>
                <Value0>5651</Value0>
                <Value1>0</Value1>
              </Entry>
            </Values>
            <Value0>147458</Value0>
            <Value1>196608</Value1>
          </Entry>
          <Entry>
            <Values />
            <Value0>147456</Value0>
            <Value1>262144</Value1>
          </Entry>
          <Entry>
            <Values>
              <Entry>
                <Value0>5652</Value0>
                <Value1>0</Value1>
              </Entry>
            </Values>
            <Value0>147461</Value0>
            <Value1>393216</Value1>
          </Entry>
          <Entry>
            <Values>
              <Entry>
                <Value0>5653</Value0>
                <Value1>0</Value1>
              </Entry>
            </Values>
            <Value0>147463</Value0>
            <Value1>524288</Value1>
          </Entry>
          <Entry>
            <Values />
            <Value0>147456</Value0>
            <Value1>589824</Value1>
          </Entry>
          <Entry>
            <Values>
              <Entry>
                <Value0>5654</Value0>
                <Value1>0</Value1>
              </Entry>
            </Values>
            <Value0>147466</Value0>
            <Value1>720896</Value1>
          </Entry>
          <Entry>
            <Values>
              <Entry>
                <Value0>5655</Value0>
                <Value1>0</Value1>
              </Entry>
            </Values>
            <Value0>147468</Value0>
            <Value1>851968</Value1>
          </Entry>
          <Entry>
            <Values />
            <Value0>147456</Value0>
            <Value1>917504</Value1>
          </Entry>
          <Entry>
            <Values>
              <Entry>
                <Value0>5656</Value0>
                <Value1>0</Value1>
              </Entry>
            </Values>
            <Value0>147468</Value0>
            <Value1>983040</Value1>
          </Entry>
          <Entry>
            <Values />
            <Value0>147456</Value0>
            <Value1>1048576</Value1>
          </Entry>
          <Entry>
            <Values>
              <Entry>
                <Value0>5657</Value0>
                <Value1>0</Value1>
              </Entry>
            </Values>
            <Value0>147468</Value0>
            <Value1>1114112</Value1>
          </Entry>
          <Entry>
            <Values />
            <Value0>147456</Value0>
            <Value1>1179648</Value1>
          </Entry>
          <Entry>
            <Values>
              <Entry>
                <Value0>5658</Value0>
                <Value1>0</Value1>
              </Entry>
            </Values>
            <Value0>147468</Value0>
            <Value1>1245184</Value1>
          </Entry>
          <Entry>
            <Values />
            <Value0>147456</Value0>
            <Value1>1310720</Value1>
          </Entry>
          <Entry>
            <Values>
              <Entry>
                <Value0>5660</Value0>
                <Value1>0</Value1>
              </Entry>
            </Values>
            <Value0>147468</Value0>
            <Value1>1376256</Value1>
          </Entry>
          <Entry>
            <Values />
            <Value0>147456</Value0>
            <Value1>1441792</Value1>
          </Entry>
          <Entry>
            <Values>
              <Entry>
                <Value0>5661</Value0>
                <Value1>0</Value1>
              </Entry>
            </Values>
            <Value0>147468</Value0>
            <Value1>1507328</Value1>
          </Entry>
          <Entry>
            <Values>
              <Entry>
                <Value0>5662</Value0>
                <Value1>0</Value1>
              </Entry>
            </Values>
            <Value0>147468</Value0>
            <Value1>1572864</Value1>
          </Entry>
          <Entry>
            <Values />
            <Value0>147456</Value0>
            <Value1>1638400</Value1>
          </Entry>
          <Entry>
            <Values>
              <Entry>
                <Value0>5663</Value0>
                <Value1>0</Value1>
              </Entry>
            </Values>
            <Value0>147468</Value0>
            <Value1>1703936</Value1>
          </Entry>
          <Entry>
            <Values />
            <Value0>147456</Value0>
            <Value1>917504</Value1>
          </Entry>
          <Entry>
            <Values>
              <Entry>
                <Value0>5664</Value0>
                <Value1>0</Value1>
              </Entry>
            </Values>
            <Value0>147468</Value0>
            <Value1>1769472</Value1>
          </Entry>
          <Entry>
            <Values />
            <Value0>147456</Value0>
            <Value1>1835008</Value1>
          </Entry>
          <Entry>
            <Values>
              <Entry>
                <Value0>5665</Value0>
                <Value1>0</Value1>
              </Entry>
            </Values>
            <Value0>147468</Value0>
            <Value1>1900544</Value1>
          </Entry>
          <Entry>
            <Values />
            <Value0>147456</Value0>
            <Value1>1966080</Value1>
          </Entry>
          <Entry>
            <Values>
              <Entry>
                <Value0>5666</Value0>
                <Value1>0</Value1>
              </Entry>
            </Values>
            <Value0>147468</Value0>
            <Value1>2031616</Value1>
          </Entry>
          <Entry>
            <Values>
              <Entry>
                <Value0>5667</Value0>
                <Value1>0</Value1>
              </Entry>
            </Values>
            <Value0>147468</Value0>
            <Value1>2097152</Value1>
          </Entry>
          <Entry>
            <Values />
            <Value0>147456</Value0>
            <Value1>2162688</Value1>
          </Entry>
          <Entry>
            <Values>
              <Entry>
                <Value0>5668</Value0>
                <Value1>0</Value1>
              </Entry>
            </Values>
            <Value0>147468</Value0>
            <Value1>1376256</Value1>
          </Entry>
          <Entry>
            <Values>
              <Entry>
                <Value0>5669</Value0>
                <Value1>0</Value1>
              </Entry>
            </Values>
            <Value0>147468</Value0>
            <Value1>2228224</Value1>
          </Entry>
          <Entry>
            <Values />
            <Value0>147456</Value0>
            <Value1>2293760</Value1>
          </Entry>
          <Entry>
            <Values>
              <Entry>
                <Value0>5670</Value0>
                <Value1>0</Value1>
              </Entry>
            </Values>
            <Value0>147468</Value0>
            <Value1>1376256</Value1>
          </Entry>
          <Entry>
            <Values>
              <Entry>
                <Value0>5671</Value0>
                <Value1>0</Value1>
              </Entry>
            </Values>
            <Value0>147468</Value0>
            <Value1>2228224</Value1>
          </Entry>
          <Entry>
            <Values />
            <Value0>147456</Value0>
            <Value1>2359296</Value1>
          </Entry>
          <Entry>
            <Values>
              <Entry>
                <Value0>5672</Value0>
                <Value1>0</Value1>
              </Entry>
            </Values>
            <Value0>147468</Value0>
            <Value1>2424832</Value1>
          </Entry>
          <Entry>
            <Values>
              <Entry>
                <Value0>5673</Value0>
                <Value1>0</Value1>
              </Entry>
            </Values>
            <Value0>147468</Value0>
            <Value1>2490368</Value1>
          </Entry>
          <Entry>
            <Values>
              <Entry>
                <Value0>5674</Value0>
                <Value1>0</Value1>
              </Entry>
            </Values>
            <Value0>147468</Value0>
            <Value1>2555904</Value1>
          </Entry>
          <Entry>
            <Values />
            <Value0>147456</Value0>
            <Value1>917504</Value1>
          </Entry>
          <Entry>
            <Values>
              <Entry>
                <Value0>5675</Value0>
                <Value1>0</Value1>
              </Entry>
            </Values>
            <Value0>147468</Value0>
            <Value1>2621440</Value1>
          </Entry>
          <Entry>
            <Values />
            <Value0>147456</Value0>
            <Value1>2686976</Value1>
          </Entry>
          <Entry>
            <Values>
              <Entry>
                <Value0>5676</Value0>
                <Value1>0</Value1>
              </Entry>
            </Values>
            <Value0>147468</Value0>
            <Value1>2752512</Value1>
          </Entry>
          <Entry>
            <Values>
              <Entry>
                <Value0>5677</Value0>
                <Value1>0</Value1>
              </Entry>
            </Values>
            <Value0>147468</Value0>
            <Value1>2818048</Value1>
          </Entry>
          <Entry>
            <Values>
              <Entry>
                <Value0>5678</Value0>
                <Value1>0</Value1>
              </Entry>
            </Values>
            <Value0>147468</Value0>
            <Value1>2883584</Value1>
          </Entry>
          <Entry>
            <Values>
              <Entry>
                <Value0>5679</Value0>
                <Value1>0</Value1>
              </Entry>
            </Values>
            <Value0>147468</Value0>
            <Value1>2949120</Value1>
          </Entry>
          <Entry>
            <Values>
              <Entry>
                <Value0>5680</Value0>
                <Value1>0</Value1>
              </Entry>
            </Values>
            <Value0>147468</Value0>
            <Value1>3014656</Value1>
          </Entry>
          <Entry>
            <Values>
              <Entry>
                <Value0>5681</Value0>
                <Value1>0</Value1>
              </Entry>
            </Values>
            <Value0>147468</Value0>
            <Value1>3080192</Value1>
          </Entry>
          <Entry>
            <Values>
              <Entry>
                <Value0>5682</Value0>
                <Value1>0</Value1>
              </Entry>
            </Values>
            <Value0>147468</Value0>
            <Value1>3145728</Value1>
          </Entry>
          <Entry>
            <Values />
            <Value0>147456</Value0>
            <Value1>3211264</Value1>
          </Entry>
          <Entry>
            <Values />
            <Value0>65586</Value0>
            <Value1>65587</Value1>
          </Entry>
          <Entry>
            <Values />
            <Value0>65587</Value0>
            <Value1>147456</Value1>
          </Entry>
          <Entry>
            <Values />
            <Value0>147456</Value0>
            <Value1>3407872</Value1>
          </Entry>
          <Entry>
            <Values>
              <Entry>
                <Value0>5683</Value0>
                <Value1>0</Value1>
              </Entry>
            </Values>
            <Value0>147468</Value0>
            <Value1>3473408</Value1>
          </Entry>
          <Entry>
            <Values />
            <Value0>147456</Value0>
            <Value1>3538944</Value1>
          </Entry>
          <Entry>
            <Values />
            <Value0>147468</Value0>
            <Value1>3211264</Value1>
          </Entry>
          <Entry>
            <Values />
            <Value0>147456</Value0>
            <Value1>3604480</Value1>
          </Entry>
          <Entry>
            <Values>
              <Entry>
                <Value0>5684</Value0>
                <Value1>0</Value1>
              </Entry>
            </Values>
            <Value0>147468</Value0>
            <Value1>3670016</Value1>
          </Entry>
          <Entry>
            <Values>
              <Entry>
                <Value0>5685</Value0>
                <Value1>0</Value1>
              </Entry>
            </Values>
            <Value0>147468</Value0>
            <Value1>3735552</Value1>
          </Entry>
          <Entry>
            <Values />
            <Value0>147456</Value0>
            <Value1>3801088</Value1>
          </Entry>
          <Entry>
            <Values>
              <Entry>
                <Value0>5686</Value0>
                <Value1>0</Value1>
              </Entry>
            </Values>
            <Value0>147468</Value0>
            <Value1>3866624</Value1>
          </Entry>
          <Entry>
            <Values />
            <Value0>147456</Value0>
            <Value1>65536</Value1>
          </Entry>
          <Entry>
            <Values />
            <Value0>147456</Value0>
            <Value1>3932160</Value1>
          </Entry>
          <Entry>
            <Values>
              <Entry>
                <Value0>5687</Value0>
                <Value1>0</Value1>
              </Entry>
            </Values>
            <Value0>147468</Value0>
            <Value1>1376256</Value1>
          </Entry>
          <Entry>
            <Values />
            <Value0>147456</Value0>
            <Value1>3997696</Value1>
          </Entry>
          <Entry>
            <Values>
              <Entry>
                <Value0>5688</Value0>
                <Value1>0</Value1>
              </Entry>
            </Values>
            <Value0>147468</Value0>
            <Value1>4063232</Value1>
          </Entry>
          <Entry>
            <Values />
            <Value0>147456</Value0>
            <Value1>4128768</Value1>
          </Entry>
          <Entry>
            <Values>
              <Entry>
                <Value0>5692</Value0>
                <Value1>0</Value1>
              </Entry>
            </Values>
            <Value0>147468</Value0>
            <Value1>3211264</Value1>
          </Entry>
          <Entry>
            <Values />
            <Value0>147456</Value0>
            <Value1>3211264</Value1>
          </Entry>
          <Entry>
            <Values>
              <Entry>
                <Value0>5689</Value0>
                <Value1>0</Value1>
              </Entry>
            </Values>
            <Value0>147468</Value0>
            <Value1>4194304</Value1>
          </Entry>
          <Entry>
            <Values />
            <Value0>147456</Value0>
            <Value1>4259840</Value1>
          </Entry>
          <Entry>
            <Values>
              <Entry>
                <Value0>5690</Value0>
                <Value1>0</Value1>
              </Entry>
            </Values>
            <Value0>147468</Value0>
            <Value1>4325376</Value1>
          </Entry>
          <Entry>
            <Values />
            <Value0>147456</Value0>
            <Value1>917504</Value1>
          </Entry>
          <Entry>
            <Values>
              <Entry>
                <Value0>5691</Value0>
                <Value1>0</Value1>
              </Entry>
            </Values>
            <Value0>147468</Value0>
            <Value1>4390912</Value1>
          </Entry>
          <Entry>
            <Values />
            <Value0>147456</Value0>
            <Value1>4456448</Value1>
          </Entry>
          <Entry>
            <Values />
            <Value0>147456</Value0>
            <Value1>4521984</Value1>
          </Entry>
          <Entry>
            <Values />
            <Value0>147456</Value0>
            <Value1>4587520</Value1>
          </Entry>
          <Entry>
            <Values>
              <Entry>
                <Value0>5692</Value0>
                <Value1>0</Value1>
              </Entry>
            </Values>
            <Value0>147468</Value0>
            <Value1>3211264</Value1>
          </Entry>
          <Entry>
            <Values />
            <Value0>147456</Value0>
            <Value1>4653056</Value1>
          </Entry>
          <Entry>
            <Values>
              <Entry>
                <Value0>5693</Value0>
                <Value1>0</Value1>
              </Entry>
            </Values>
            <Value0>147468</Value0>
            <Value1>4718592</Value1>
          </Entry>
          <Entry>
            <Values>
              <Entry>
                <Value0>5694</Value0>
                <Value1>0</Value1>
              </Entry>
            </Values>
            <Value0>147468</Value0>
            <Value1>4784128</Value1>
          </Entry>
          <Entry>
            <Values>
              <Entry>
                <Value0>5695</Value0>
                <Value1>0</Value1>
              </Entry>
            </Values>
            <Value0>147468</Value0>
            <Value1>4849664</Value1>
          </Entry>
          <Entry>
            <Values>
              <Entry>
                <Value0>5696</Value0>
                <Value1>0</Value1>
              </Entry>
            </Values>
            <Value0>147468</Value0>
            <Value1>4915200</Value1>
          </Entry>
          <Entry>
            <Values />
            <Value0>147456</Value0>
            <Value1>917504</Value1>
          </Entry>
          <Entry>
            <Values>
              <Entry>
                <Value0>5697</Value0>
                <Value1>0</Value1>
              </Entry>
            </Values>
            <Value0>147468</Value0>
            <Value1>4980736</Value1>
          </Entry>
          <Entry>
            <Values>
              <Entry>
                <Value0>5698</Value0>
                <Value1>0</Value1>
              </Entry>
            </Values>
            <Value0>147468</Value0>
            <Value1>5046272</Value1>
          </Entry>
          <Entry>
            <Values />
            <Value0>147456</Value0>
            <Value1>5111808</Value1>
          </Entry>
          <Entry>
            <Values>
              <Entry>
                <Value0>5699</Value0>
                <Value1>0</Value1>
              </Entry>
            </Values>
            <Value0>147468</Value0>
            <Value1>5177344</Value1>
          </Entry>
          <Entry>
            <Values />
            <Value0>147456</Value0>
            <Value1>5242880</Value1>
          </Entry>
          <Entry>
            <Values>
              <Entry>
                <Value0>5700</Value0>
                <Value1>0</Value1>
              </Entry>
            </Values>
            <Value0>147468</Value0>
            <Value1>5308416</Value1>
          </Entry>
        </Unknown>
        <Dialogs>
          <Dialog>○○○○○○○○</Dialog>
          <Dialog>...？</Dialog>
          <Dialog>三好</Dialog>
          <Dialog>Ah, he's coming！</Dialog>
          <Dialog>W-What's going on？</Dialog>
          <Dialog>成戸</Dialog>
          <Dialog>Yo！ Lady-killer！</Dialog>
          <Dialog>男子Ｂ</Dialog>
          <Dialog>I don't get it... Why him...？</Dialog>
          <Dialog>What is this all about！？</Dialog>
          <Dialog>女子Ｂ</Dialog>
          <Dialog>Takane, come on. Hurry up！</Dialog>
          <Dialog>高嶺</Dialog>
          <Dialog>U-Um...</Dialog>
          <Dialog>▲高嶺＊＊▲...</Dialog>
          <Dialog>Hey...</Dialog>
          <Dialog>Hey.</Dialog>
          <Dialog>Hey, can we go to the tennis
courts right now...？</Dialog>
          <Dialog>Sure, okay...</Dialog>
          <Dialog>Shall we go？</Dialog>
          <Dialog>Somehow, I get the feeling
that they were making fun of
us...</Dialog>
          <Dialog>Yeah...</Dialog>
          <Dialog>What's with them, huh？</Dialog>
          <Dialog>I'm sorry. It's my fault.</Dialog>
          <Dialog>I only told one girl I was
really close with, but now the
whole club seems to know about
it...</Dialog>
          <Dialog>...？</Dialog>
          <Dialog>I told her... that I would
confess to you today...</Dialog>
          <Dialog>Hey, do you remember that this
is the place where we first
met？</Dialog>
          <Dialog>I remember. On that day, no
one else was here. Only
▲高嶺＊＊▲...</Dialog>
          <Dialog>Yeah... I was practicing my
serves at the time.</Dialog>
          <Dialog>That's right...</Dialog>
          <Dialog>Even when everyone else went
on a break, I just couldn't
stop practicing.</Dialog>
          <Dialog>I thought that it was the
right thing to do...</Dialog>
          <Dialog>It was a really hot day... And
▲高嶺＊＊▲
was carrying a huge teapot,
right？ You were really
working hard.</Dialog>
          <Dialog>I did that for everyone and I
thought that it was what I had
to do...</Dialog>
          <Dialog>▲高嶺＊＊▲,
you were cleaning fallen
leaves on the courts by
yourself, right？</Dialog>
          <Dialog>It was a cold day...
▲高嶺＊＊▲
was cleaning the clubroom,
right？</Dialog>
          <Dialog>Yeah... Although no one asked
me to do that...</Dialog>
          <Dialog>I thought that I had to make
it clean...</Dialog>
          <Dialog>Actually, at that time, I felt
so lonely that I almost
cried...</Dialog>
          <Dialog>When you called out to me, I
was really happy.</Dialog>
          <Dialog>Is that so...？</Dialog>
          <Dialog>I've wanted to tell you this
ever since we met.</Dialog>
          <Dialog>It's very simple but it
requires courage... And I
don't want to hold it in
anymore.</Dialog>
          <Dialog>I will be honest with myself.</Dialog>
          <Dialog>When I want to see you, I'll
say it.</Dialog>
          <Dialog>When I'm lonely, I'll tell you
that I want to be by your
side.</Dialog>
          <Dialog>I've really fallen in love
with you.</Dialog>
          <Dialog>I... love you...</Dialog>
          <Dialog>......</Dialog>
          <Dialog>I love you, too</Dialog>
          <Dialog>Sorry</Dialog>
          <Dialog>▲高嶺＊＊▲...
I want you to always be by my
side.</Dialog>
          <Dialog>...I'm so happy.</Dialog>
          <Dialog>I'm also happy. Because I love
you too,
▲高嶺＊＊▲.</Dialog>
          <Dialog>▲高嶺＊＊▲？</Dialog>
          <Dialog>I thought my feelings for you
would remain unrequited
forever...</Dialog>
          <Dialog>I'm so happy... But I still
can't believe that this is
really happening.</Dialog>
          <Dialog>▲高嶺＊＊▲,
this is real...</Dialog>
          <Dialog>Then make me believe...</Dialog>
          <Dialog>...Can I kiss you？</Dialog>
          <Dialog>I think the other club members
are looking this way... Is
that okay...？</Dialog>
          <Dialog>Then... You just need to look
at me, only me...</Dialog>
          <Dialog>That's true...</Dialog>
          <Dialog>Hey, is it okay for me to be
honest with you？</Dialog>
          <Dialog>What is it？</Dialog>
          <Dialog>Just one time isn't enough...</Dialog>
          <Dialog>I love you...</Dialog>
          <Dialog>I don't think of you that
way...</Dialog>
          <Dialog>▲高嶺＊＊▲'s
feelings are probably
different from mine...</Dialog>
          <Dialog>That's why if I said yes, I
would just be lying to you...</Dialog>
          <Dialog>I'm sorry.</Dialog>
          <Dialog>No.</Dialog>
          <Dialog>I kind of knew it that it
might turn out to be like
this.</Dialog>
          <Dialog>So, just to be able to tell
you my true feelings was
enough.</Dialog>
          <Dialog>Nevertheless, unrequited love
is something I'll have to bear
with...</Dialog>
          <Dialog>May I ask you for one last
thing？</Dialog>
          <Dialog>Is it all right if I continue
to love you？</Dialog>
          <Dialog>But, I...</Dialog>
          <Dialog>It's fine like this. Because
at least you don't hate me.</Dialog>
          <Dialog>Okay, I understand.</Dialog>
          <Dialog>Thank you. See you later,
okay？</Dialog>
        </Dialogs>
      </SDL2>
    </Entry>
    <Entry Unknown0="801561872" Unknown1="4290110832">
      <SDL2 Key="1707063923">
        <Unknown>
          <Entry>
            <Values>
              <Entry>
                <Value0>4294901760</Value0>
                <Value1>0</Value1>
              </Entry>
            </Values>
            <Value0>147456</Value0>
            <Value1>65536</Value1>
          </Entry>
          <Entry>
            <Values>
              <Entry>
                <Value0>5701</Value0>
                <Value1>0</Value1>
              </Entry>
            </Values>
            <Value0>147456</Value0>
            <Value1>131072</Value1>
          </Entry>
          <Entry>
            <Values />
            <Value0>65539</Value0>
            <Value1>65540</Value1>
          </Entry>
          <Entry>
            <Values />
            <Value0>65540</Value0>
            <Value1>65541</Value1>
          </Entry>
          <Entry>
            <Values />
            <Value0>65541</Value0>
            <Value1>147456</Value1>
          </Entry>
          <Entry>
            <Values>
              <Entry>
                <Value0>5702</Value0>
                <Value1>0</Value1>
              </Entry>
            </Values>
            <Value0>147456</Value0>
            <Value1>393216</Value1>
          </Entry>
          <Entry>
            <Values>
              <Entry>
                <Value0>4294901760</Value0>
                <Value1>0</Value1>
              </Entry>
              <Entry>
                <Value0>5703</Value0>
                <Value1>500</Value1>
              </Entry>
            </Values>
            <Value0>147456</Value0>
            <Value1>458752</Value1>
          </Entry>
          <Entry>
            <Values>
              <Entry>
                <Value0>5704</Value0>
                <Value1>0</Value1>
              </Entry>
            </Values>
            <Value0>147456</Value0>
            <Value1>524288</Value1>
          </Entry>
          <Entry>
            <Values>
              <Entry>
                <Value0>5705</Value0>
                <Value1>0</Value1>
              </Entry>
            </Values>
            <Value0>147456</Value0>
            <Value1>589824</Value1>
          </Entry>
        </Unknown>
        <Dialogs>
          <Dialog>高嶺</Dialog>
          <Dialog>▲主人公＊▲.</Dialog>
          <Dialog>Hey, can I call you by your
given name from now on？</Dialog>
          <Dialog>Sure, that's fine</Dialog>
          <Dialog>It's fine as it is</Dialog>
          <Dialog>......</Dialog>
          <Dialog>Then...</Dialog>
          <Dialog>▲主人公＊▲.
Please be nice to me from now
on...</Dialog>
          <Dialog>Okay... Then I won't change
how I call you for now.</Dialog>
          <Dialog>Geez, why the pause？ Well,
I'll call you by your given
name now, okay？</Dialog>
        </Dialogs>
      </SDL2>
    </Entry>
    <Entry Unknown0="4211620804" Unknown1="3104610738">
      <SDL2 Key="1707063923">
        <Unknown>
          <Entry>
            <Values>
              <Entry>
                <Value0>4294901760</Value0>
                <Value1>0</Value1>
              </Entry>
            </Values>
            <Value0>147456</Value0>
            <Value1>65536</Value1>
          </Entry>
          <Entry>
            <Values>
              <Entry>
                <Value0>5706</Value0>
                <Value1>0</Value1>
              </Entry>
            </Values>
            <Value0>147456</Value0>
            <Value1>131072</Value1>
          </Entry>
          <Entry>
            <Values />
            <Value0>65539</Value0>
            <Value1>65540</Value1>
          </Entry>
          <Entry>
            <Values />
            <Value0>65540</Value0>
            <Value1>65541</Value1>
          </Entry>
          <Entry>
            <Values />
            <Value0>65541</Value0>
            <Value1>147456</Value1>
          </Entry>
          <Entry>
            <Values>
              <Entry>
                <Value0>5707</Value0>
                <Value1>0</Value1>
              </Entry>
            </Values>
            <Value0>147456</Value0>
            <Value1>393216</Value1>
          </Entry>
          <Entry>
            <Values>
              <Entry>
                <Value0>4294901760</Value0>
                <Value1>0</Value1>
              </Entry>
              <Entry>
                <Value0>5708</Value0>
                <Value1>500</Value1>
              </Entry>
            </Values>
            <Value0>147456</Value0>
            <Value1>458752</Value1>
          </Entry>
          <Entry>
            <Values>
              <Entry>
                <Value0>5709</Value0>
                <Value1>0</Value1>
              </Entry>
            </Values>
            <Value0>147456</Value0>
            <Value1>524288</Value1>
          </Entry>
          <Entry>
            <Values>
              <Entry>
                <Value0>5710</Value0>
                <Value1>0</Value1>
              </Entry>
            </Values>
            <Value0>147456</Value0>
            <Value1>589824</Value1>
          </Entry>
        </Unknown>
        <Dialogs>
          <Dialog>高嶺</Dialog>
          <Dialog>▲主人公＊▲.</Dialog>
          <Dialog>If you don't mind, can I call
you by your given name from
now on？</Dialog>
          <Dialog>Sure, that's fine</Dialog>
          <Dialog>It's fine as it is</Dialog>
          <Dialog>......</Dialog>
          <Dialog>Ah...</Dialog>
          <Dialog>▲主人公＊▲.
I'll be in your care...</Dialog>
          <Dialog>I see... Okay. I won't change
how I call you.</Dialog>
          <Dialog>Um... If you don't answer,
does it mean it's okay？ So
I'll call you by your given
name then.</Dialog>
        </Dialogs>
      </SDL2>
    </Entry>
    <Entry Unknown0="627240710" Unknown1="1405213452">
      <SDL2 Key="2247090653">
        <Unknown>
          <Entry>
            <Values>
              <Entry>
                <Value0>4294901760</Value0>
                <Value1>0</Value1>
              </Entry>
            </Values>
            <Value0>147456</Value0>
            <Value1>65536</Value1>
          </Entry>
          <Entry>
            <Values>
              <Entry>
                <Value0>5711</Value0>
                <Value1>0</Value1>
              </Entry>
            </Values>
            <Value0>147456</Value0>
            <Value1>131072</Value1>
          </Entry>
          <Entry>
            <Values />
            <Value0>65539</Value0>
            <Value1>65540</Value1>
          </Entry>
          <Entry>
            <Values />
            <Value0>65540</Value0>
            <Value1>65541</Value1>
          </Entry>
          <Entry>
            <Values />
            <Value0>65541</Value0>
            <Value1>147456</Value1>
          </Entry>
          <Entry>
            <Values>
              <Entry>
                <Value0>5712</Value0>
                <Value1>0</Value1>
              </Entry>
            </Values>
            <Value0>147456</Value0>
            <Value1>393216</Value1>
          </Entry>
          <Entry>
            <Values>
              <Entry>
                <Value0>4294901760</Value0>
                <Value1>0</Value1>
              </Entry>
              <Entry>
                <Value0>5713</Value0>
                <Value1>500</Value1>
              </Entry>
            </Values>
            <Value0>147456</Value0>
            <Value1>458752</Value1>
          </Entry>
          <Entry>
            <Values>
              <Entry>
                <Value0>5714</Value0>
                <Value1>0</Value1>
              </Entry>
            </Values>
            <Value0>147456</Value0>
            <Value1>524288</Value1>
          </Entry>
          <Entry>
            <Values>
              <Entry>
                <Value0>5715</Value0>
                <Value1>0</Value1>
              </Entry>
            </Values>
            <Value0>147456</Value0>
            <Value1>589824</Value1>
          </Entry>
        </Unknown>
        <Dialogs>
          <Dialog>高嶺</Dialog>
          <Dialog>▲主人公＊▲.</Dialog>
          <Dialog>Hey, I kind of want to call
you by your given name. Is
that okay？</Dialog>
          <Dialog>Sure, that's fine</Dialog>
          <Dialog>It's fine as it is</Dialog>
          <Dialog>......</Dialog>
          <Dialog>Yay！</Dialog>
          <Dialog>▲主人公＊▲.
I'll be in your care.</Dialog>
          <Dialog>Really？ That's too bad... I
won't change how I call you
then.</Dialog>
          <Dialog>Geez, what's the problem？
...I'll just call you by your
given name, okay？</Dialog>
        </Dialogs>
      </SDL2>
    </Entry>
    <Entry Unknown0="2669030752" Unknown1="587544000">
      <SDL2 Key="1303536804">
        <Unknown>
          <Entry>
            <Values>
              <Entry>
                <Value0>5716</Value0>
                <Value1>0</Value1>
              </Entry>
            </Values>
            <Value0>147456</Value0>
            <Value1>65536</Value1>
          </Entry>
          <Entry>
            <Values />
            <Value0>65538</Value0>
            <Value1>65539</Value1>
          </Entry>
          <Entry>
            <Values />
            <Value0>65539</Value0>
            <Value1>65540</Value1>
          </Entry>
          <Entry>
            <Values />
            <Value0>65540</Value0>
            <Value1>147456</Value1>
          </Entry>
          <Entry>
            <Values>
              <Entry>
                <Value0>5717</Value0>
                <Value1>0</Value1>
              </Entry>
            </Values>
            <Value0>147456</Value0>
            <Value1>327680</Value1>
          </Entry>
          <Entry>
            <Values>
              <Entry>
                <Value0>5718</Value0>
                <Value1>0</Value1>
              </Entry>
            </Values>
            <Value0>147456</Value0>
            <Value1>393216</Value1>
          </Entry>
          <Entry>
            <Values>
              <Entry>
                <Value0>5719</Value0>
                <Value1>0</Value1>
              </Entry>
            </Values>
            <Value0>147456</Value0>
            <Value1>458752</Value1>
          </Entry>
          <Entry>
            <Values />
            <Value0>147464</Value0>
            <Value1>589824</Value1>
          </Entry>
          <Entry>
            <Values>
              <Entry>
                <Value0>5720</Value0>
                <Value1>0</Value1>
              </Entry>
            </Values>
            <Value0>147456</Value0>
            <Value1>655360</Value1>
          </Entry>
        </Unknown>
        <Dialogs>
          <Dialog>高嶺</Dialog>
          <Dialog>Um, will it be okay if we go
on a date this coming
Sunday...？</Dialog>
          <Dialog>Okay, sounds good</Dialog>
          <Dialog>I'll think about it</Dialog>
          <Dialog>......</Dialog>
          <Dialog>Thank you...</Dialog>
          <Dialog>Really？ Fine. Just let me
know then...</Dialog>
          <Dialog>Um, what's the matter？</Dialog>
          <Dialog>○○○○○○○○</Dialog>
          <Dialog>Sorry, I spaced out for a bit.
A date, right？ Okay.</Dialog>
          <Dialog>Ah... I'm so glad. Thank you.</Dialog>
        </Dialogs>
      </SDL2>
    </Entry>
    <Entry Unknown0="727223060" Unknown1="3848071426">
      <SDL2 Key="1303536804">
        <Unknown>
          <Entry>
            <Values>
              <Entry>
                <Value0>5721</Value0>
                <Value1>0</Value1>
              </Entry>
            </Values>
            <Value0>147456</Value0>
            <Value1>65536</Value1>
          </Entry>
          <Entry>
            <Values />
            <Value0>65538</Value0>
            <Value1>65539</Value1>
          </Entry>
          <Entry>
            <Values />
            <Value0>65539</Value0>
            <Value1>65540</Value1>
          </Entry>
          <Entry>
            <Values />
            <Value0>65540</Value0>
            <Value1>147456</Value1>
          </Entry>
          <Entry>
            <Values>
              <Entry>
                <Value0>5722</Value0>
                <Value1>0</Value1>
              </Entry>
            </Values>
            <Value0>147456</Value0>
            <Value1>327680</Value1>
          </Entry>
          <Entry>
            <Values>
              <Entry>
                <Value0>5723</Value0>
                <Value1>0</Value1>
              </Entry>
            </Values>
            <Value0>147456</Value0>
            <Value1>393216</Value1>
          </Entry>
          <Entry>
            <Values>
              <Entry>
                <Value0>5724</Value0>
                <Value1>0</Value1>
              </Entry>
            </Values>
            <Value0>147456</Value0>
            <Value1>458752</Value1>
          </Entry>
          <Entry>
            <Values />
            <Value0>147464</Value0>
            <Value1>589824</Value1>
          </Entry>
          <Entry>
            <Values>
              <Entry>
                <Value0>5725</Value0>
                <Value1>0</Value1>
              </Entry>
            </Values>
            <Value0>147456</Value0>
            <Value1>655360</Value1>
          </Entry>
        </Unknown>
        <Dialogs>
          <Dialog>高嶺</Dialog>
          <Dialog>Um, how about we go on a date
this Sunday？ Is it okay？</Dialog>
          <Dialog>Sure, that's fine</Dialog>
          <Dialog>I'll think about it</Dialog>
          <Dialog>......</Dialog>
          <Dialog>Really？ Thank you.</Dialog>
          <Dialog>I see... That's too bad...</Dialog>
          <Dialog>Um, so it is a problem？</Dialog>
          <Dialog>○○○○○○○○</Dialog>
          <Dialog>Sorry, I spaced out for a bit.
A date, right？ Okay.</Dialog>
          <Dialog>Great. I'm so happy.</Dialog>
        </Dialogs>
      </SDL2>
    </Entry>
    <Entry Unknown0="2511486806" Unknown1="1326525276">
      <SDL2 Key="1843502078">
        <Unknown>
          <Entry>
            <Values>
              <Entry>
                <Value0>5726</Value0>
                <Value1>0</Value1>
              </Entry>
            </Values>
            <Value0>147456</Value0>
            <Value1>65536</Value1>
          </Entry>
          <Entry>
            <Values />
            <Value0>65538</Value0>
            <Value1>65539</Value1>
          </Entry>
          <Entry>
            <Values />
            <Value0>65539</Value0>
            <Value1>65540</Value1>
          </Entry>
          <Entry>
            <Values />
            <Value0>65540</Value0>
            <Value1>147456</Value1>
          </Entry>
          <Entry>
            <Values>
              <Entry>
                <Value0>5727</Value0>
                <Value1>0</Value1>
              </Entry>
            </Values>
            <Value0>147456</Value0>
            <Value1>327680</Value1>
          </Entry>
          <Entry>
            <Values>
              <Entry>
                <Value0>5728</Value0>
                <Value1>0</Value1>
              </Entry>
            </Values>
            <Value0>147456</Value0>
            <Value1>393216</Value1>
          </Entry>
          <Entry>
            <Values>
              <Entry>
                <Value0>5729</Value0>
                <Value1>0</Value1>
              </Entry>
            </Values>
            <Value0>147456</Value0>
            <Value1>458752</Value1>
          </Entry>
          <Entry>
            <Values />
            <Value0>147464</Value0>
            <Value1>589824</Value1>
          </Entry>
          <Entry>
            <Values>
              <Entry>
                <Value0>5730</Value0>
                <Value1>0</Value1>
              </Entry>
            </Values>
            <Value0>147456</Value0>
            <Value1>655360</Value1>
          </Entry>
        </Unknown>
        <Dialogs>
          <Dialog>高嶺</Dialog>
          <Dialog>I wonder if we can go on a
date together this Sunday...</Dialog>
          <Dialog>Sure, that's fine</Dialog>
          <Dialog>I'll think about it</Dialog>
          <Dialog>......</Dialog>
          <Dialog>Hehe, thanks.</Dialog>
          <Dialog>Eh？ Really？ Okay, got it.
Just let me know, okay？</Dialog>
          <Dialog>...Is it an inconvenience to
you...？</Dialog>
          <Dialog>○○○○○○○○</Dialog>
          <Dialog>Sorry, I spaced out for a bit.
A date, right？ Okay.</Dialog>
          <Dialog>Yay！ I'm happy. Then I'll be
counting on you.</Dialog>
        </Dialogs>
      </SDL2>
    </Entry>
    <Entry Unknown0="3479600561" Unknown1="391480592">
      <SDL2 Key="1843502078">
        <Unknown>
          <Entry>
            <Values>
              <Entry>
                <Value0>4294901760</Value0>
                <Value1>0</Value1>
              </Entry>
              <Entry>
                <Value0>5731</Value0>
                <Value1>500</Value1>
              </Entry>
            </Values>
            <Value0>147456</Value0>
            <Value1>65536</Value1>
          </Entry>
          <Entry>
            <Values />
            <Value0>147458</Value0>
            <Value1>196608</Value1>
          </Entry>
          <Entry>
            <Values>
              <Entry>
                <Value0>5732</Value0>
                <Value1>0</Value1>
              </Entry>
            </Values>
            <Value0>147456</Value0>
            <Value1>262144</Value1>
          </Entry>
          <Entry>
            <Values />
            <Value0>147458</Value0>
            <Value1>327680</Value1>
          </Entry>
        </Unknown>
        <Dialogs>
          <Dialog>高嶺</Dialog>
          <Dialog>▲主人公＊▲.
From now on... I'll be in your
care.</Dialog>
          <Dialog>○○○○○○○○</Dialog>
          <Dialog>Yeah, same here.</Dialog>
          <Dialog>Then... Bye-bye. See you
later.</Dialog>
          <Dialog>Bye-bye. See you.</Dialog>
        </Dialogs>
      </SDL2>
    </Entry>
    <Entry Unknown0="2611534693" Unknown1="1370241362">
      <SDL2 Key="1843502078">
        <Unknown>
          <Entry>
            <Values>
              <Entry>
                <Value0>4294901760</Value0>
                <Value1>0</Value1>
              </Entry>
              <Entry>
                <Value0>5733</Value0>
                <Value1>500</Value1>
              </Entry>
            </Values>
            <Value0>147456</Value0>
            <Value1>65536</Value1>
          </Entry>
          <Entry>
            <Values />
            <Value0>147458</Value0>
            <Value1>196608</Value1>
          </Entry>
          <Entry>
            <Values>
              <Entry>
                <Value0>5734</Value0>
                <Value1>0</Value1>
              </Entry>
            </Values>
            <Value0>147456</Value0>
            <Value1>262144</Value1>
          </Entry>
          <Entry>
            <Values />
            <Value0>147458</Value0>
            <Value1>327680</Value1>
          </Entry>
        </Unknown>
        <Dialogs>
          <Dialog>高嶺</Dialog>
          <Dialog>▲主人公＊▲.
From now on, I'll be counting
on you.</Dialog>
          <Dialog>○○○○○○○○</Dialog>
          <Dialog>Yeah, same here.</Dialog>
          <Dialog>Bye-bye... See you later.</Dialog>
          <Dialog>Bye-bye. See you.</Dialog>
        </Dialogs>
      </SDL2>
    </Entry>
    <Entry Unknown0="3305279399" Unknown1="4217469868">
      <SDL2 Key="1843502078">
        <Unknown>
          <Entry>
            <Values>
              <Entry>
                <Value0>4294901760</Value0>
                <Value1>0</Value1>
              </Entry>
              <Entry>
                <Value0>5735</Value0>
                <Value1>500</Value1>
              </Entry>
            </Values>
            <Value0>147456</Value0>
            <Value1>65536</Value1>
          </Entry>
          <Entry>
            <Values />
            <Value0>147458</Value0>
            <Value1>196608</Value1>
          </Entry>
          <Entry>
            <Values>
              <Entry>
                <Value0>5736</Value0>
                <Value1>0</Value1>
              </Entry>
            </Values>
            <Value0>147456</Value0>
            <Value1>262144</Value1>
          </Entry>
          <Entry>
            <Values />
            <Value0>147458</Value0>
            <Value1>327680</Value1>
          </Entry>
        </Unknown>
        <Dialogs>
          <Dialog>高嶺</Dialog>
          <Dialog>▲主人公＊▲.
From now on, I'll be counting
on you, okay？</Dialog>
          <Dialog>○○○○○○○○</Dialog>
          <Dialog>Yeah, same here.</Dialog>
          <Dialog>Bye-bye！ See you later.</Dialog>
          <Dialog>Bye-bye. See you.</Dialog>
        </Dialogs>
      </SDL2>
    </Entry>
    <Entry Unknown0="1068944641" Unknown1="463852896">
      <SDL2 Key="1843502078">
        <Unknown>
          <Entry>
            <Values>
              <Entry>
                <Value0>4294901760</Value0>
                <Value1>0</Value1>
              </Entry>
            </Values>
            <Value0>147456</Value0>
            <Value1>65536</Value1>
          </Entry>
          <Entry>
            <Values>
              <Entry>
                <Value0>5737</Value0>
                <Value1>0</Value1>
              </Entry>
            </Values>
            <Value0>147456</Value0>
            <Value1>131072</Value1>
          </Entry>
        </Unknown>
        <Dialogs>
          <Dialog>高嶺</Dialog>
          <Dialog>▲主人公＊▲.</Dialog>
          <Dialog>From now on... we'll always be
together, right...？</Dialog>
        </Dialogs>
      </SDL2>
    </Entry>
    <Entry Unknown0="3422038965" Unknown1="1576831394">
      <SDL2 Key="632495829">
        <Unknown>
          <Entry>
            <Values>
              <Entry>
                <Value0>4294901760</Value0>
                <Value1>0</Value1>
              </Entry>
            </Values>
            <Value0>147456</Value0>
            <Value1>65536</Value1>
          </Entry>
          <Entry>
            <Values>
              <Entry>
                <Value0>5738</Value0>
                <Value1>0</Value1>
              </Entry>
            </Values>
            <Value0>147456</Value0>
            <Value1>131072</Value1>
          </Entry>
        </Unknown>
        <Dialogs>
          <Dialog>高嶺</Dialog>
          <Dialog>▲主人公＊▲.</Dialog>
          <Dialog>From now on... you and I will
always be together, right...？</Dialog>
        </Dialogs>
      </SDL2>
    </Entry>
    <Entry Unknown0="894623735" Unknown1="3081882620">
      <SDL2 Key="632495829">
        <Unknown>
          <Entry>
            <Values>
              <Entry>
                <Value0>4294901760</Value0>
                <Value1>0</Value1>
              </Entry>
            </Values>
            <Value0>147456</Value0>
            <Value1>65536</Value1>
          </Entry>
          <Entry>
            <Values>
              <Entry>
                <Value0>5739</Value0>
                <Value1>0</Value1>
              </Entry>
            </Values>
            <Value0>147456</Value0>
            <Value1>131072</Value1>
          </Entry>
        </Unknown>
        <Dialogs>
          <Dialog>高嶺</Dialog>
          <Dialog>▲主人公＊▲.</Dialog>
          <Dialog>From now on, we will always be
together, right？</Dialog>
        </Dialogs>
      </SDL2>
    </Entry>
  </Entries>
</DBIN2>