<?xml version="1.0" encoding="utf-8"?>
<DBIN2 xmlns:xsi="http://www.w3.org/2001/XMLSchema-instance" xmlns:xsd="http://www.w3.org/2001/XMLSchema" Key="1565004927" Unknown="83">
  <Entries>
    <Entry Unknown0="4044988482" Unknown1="1979949011">
      <SDL2 Key="2849497398">
        <Unknown>
          <Entry>
            <Values>
              <Entry>
                <Value0>7071</Value0>
                <Value1>0</Value1>
              </Entry>
            </Values>
            <Value0>147456</Value0>
            <Value1>65536</Value1>
          </Entry>
        </Unknown>
        <Dialogs>
          <Dialog>高嶺</Dialog>
          <Dialog>Are you not in a good mood
today？</Dialog>
        </Dialogs>
      </SDL2>
    </Entry>
    <Entry Unknown0="4269678151" Unknown1="3665404984">
      <SDL2 Key="2849497398">
        <Unknown>
          <Entry>
            <Values>
              <Entry>
                <Value0>7072</Value0>
                <Value1>0</Value1>
              </Entry>
            </Values>
            <Value0>147456</Value0>
            <Value1>65536</Value1>
          </Entry>
        </Unknown>
        <Dialogs>
          <Dialog>高嶺</Dialog>
          <Dialog>Hey. Do you feel sick or
something？</Dialog>
        </Dialogs>
      </SDL2>
    </Entry>
    <Entry Unknown0="1541674412" Unknown1="1132202398">
      <SDL2 Key="2849497398">
        <Unknown>
          <Entry>
            <Values>
              <Entry>
                <Value0>7073</Value0>
                <Value1>0</Value1>
              </Entry>
            </Values>
            <Value0>147456</Value0>
            <Value1>65536</Value1>
          </Entry>
        </Unknown>
        <Dialogs>
          <Dialog>高嶺</Dialog>
          <Dialog>You've been like this all day.</Dialog>
        </Dialogs>
      </SDL2>
    </Entry>
    <Entry Unknown0="2716430354" Unknown1="1288925091">
      <SDL2 Key="2849497398">
        <Unknown>
          <Entry>
            <Values>
              <Entry>
                <Value0>7074</Value0>
                <Value1>0</Value1>
              </Entry>
            </Values>
            <Value0>147456</Value0>
            <Value1>65536</Value1>
          </Entry>
        </Unknown>
        <Dialogs>
          <Dialog>高嶺</Dialog>
          <Dialog>Hey... Are you tired？</Dialog>
        </Dialogs>
      </SDL2>
    </Entry>
    <Entry Unknown0="2924408343" Unknown1="2689168392">
      <SDL2 Key="2849497398">
        <Unknown>
          <Entry>
            <Values>
              <Entry>
                <Value0>7075</Value0>
                <Value1>0</Value1>
              </Entry>
            </Values>
            <Value0>147456</Value0>
            <Value1>65536</Value1>
          </Entry>
        </Unknown>
        <Dialogs>
          <Dialog>高嶺</Dialog>
          <Dialog>Did I make you angry or what？</Dialog>
        </Dialogs>
      </SDL2>
    </Entry>
    <Entry Unknown0="196404604" Unknown1="491575662">
      <SDL2 Key="3642107778">
        <Unknown>
          <Entry>
            <Values>
              <Entry>
                <Value0>7076</Value0>
                <Value1>0</Value1>
              </Entry>
            </Values>
            <Value0>147456</Value0>
            <Value1>65536</Value1>
          </Entry>
        </Unknown>
        <Dialogs>
          <Dialog>高嶺</Dialog>
          <Dialog>Are you going to be like this
all day？ Huh？</Dialog>
        </Dialogs>
      </SDL2>
    </Entry>
    <Entry Unknown0="2444837090" Unknown1="44253043">
      <SDL2 Key="3642107778">
        <Unknown>
          <Entry>
            <Values>
              <Entry>
                <Value0>7077</Value0>
                <Value1>0</Value1>
              </Entry>
            </Values>
            <Value0>147456</Value0>
            <Value1>65536</Value1>
          </Entry>
        </Unknown>
        <Dialogs>
          <Dialog>高嶺</Dialog>
          <Dialog>Hey... Why are you being so
quiet？</Dialog>
        </Dialogs>
      </SDL2>
    </Entry>
    <Entry Unknown0="2652815079" Unknown1="1847149784">
      <SDL2 Key="3642107778">
        <Unknown>
          <Entry>
            <Values>
              <Entry>
                <Value0>7078</Value0>
                <Value1>0</Value1>
              </Entry>
            </Values>
            <Value0>147456</Value0>
            <Value1>65536</Value1>
          </Entry>
        </Unknown>
        <Dialogs>
          <Dialog>高嶺</Dialog>
          <Dialog>Am I boring you？</Dialog>
        </Dialogs>
      </SDL2>
    </Entry>
    <Entry Unknown0="4219778380" Unknown1="4145850686">
      <SDL2 Key="3642107778">
        <Unknown>
          <Entry>
            <Values>
              <Entry>
                <Value0>7079</Value0>
                <Value1>0</Value1>
              </Entry>
            </Values>
            <Value0>147456</Value0>
            <Value1>65536</Value1>
          </Entry>
        </Unknown>
        <Dialogs>
          <Dialog>高嶺</Dialog>
          <Dialog>Is it so difficult to talk,
huh？</Dialog>
        </Dialogs>
      </SDL2>
    </Entry>
    <Entry Unknown0="1099501746" Unknown1="4050849603">
      <SDL2 Key="3642107778">
        <Unknown>
          <Entry>
            <Values>
              <Entry>
                <Value0>7080</Value0>
                <Value1>0</Value1>
              </Entry>
            </Values>
            <Value0>147456</Value0>
            <Value1>65536</Value1>
          </Entry>
        </Unknown>
        <Dialogs>
          <Dialog>高嶺</Dialog>
          <Dialog>It's a very quiet day today.
Sort of.</Dialog>
        </Dialogs>
      </SDL2>
    </Entry>
    <Entry Unknown0="1324256951" Unknown1="803280040">
      <SDL2 Key="3642107778">
        <Unknown>
          <Entry>
            <Values>
              <Entry>
                <Value0>7081</Value0>
                <Value1>0</Value1>
              </Entry>
            </Values>
            <Value0>147456</Value0>
            <Value1>65536</Value1>
          </Entry>
        </Unknown>
        <Dialogs>
          <Dialog>高嶺</Dialog>
          <Dialog>Hey... You know what to do,
don't you？</Dialog>
        </Dialogs>
      </SDL2>
    </Entry>
    <Entry Unknown0="2874443036" Unknown1="3588716814">
      <SDL2 Key="3642107778">
        <Unknown>
          <Entry>
            <Values>
              <Entry>
                <Value0>7082</Value0>
                <Value1>0</Value1>
              </Entry>
            </Values>
            <Value0>147456</Value0>
            <Value1>65536</Value1>
          </Entry>
        </Unknown>
        <Dialogs>
          <Dialog>高嶺</Dialog>
          <Dialog>I kind of want to be
spoiled... Sort of.</Dialog>
        </Dialogs>
      </SDL2>
    </Entry>
    <Entry Unknown0="827973762" Unknown1="3528056595">
      <SDL2 Key="3642107778">
        <Unknown>
          <Entry>
            <Values>
              <Entry>
                <Value0>7083</Value0>
                <Value1>0</Value1>
              </Entry>
            </Values>
            <Value0>147456</Value0>
            <Value1>65536</Value1>
          </Entry>
        </Unknown>
        <Dialogs>
          <Dialog>高嶺</Dialog>
          <Dialog>I've been waiting... Sort of.
Hehe！</Dialog>
        </Dialogs>
      </SDL2>
    </Entry>
    <Entry Unknown0="1052663431" Unknown1="2142561400">
      <SDL2 Key="3642107778">
        <Unknown>
          <Entry>
            <Values>
              <Entry>
                <Value0>7084</Value0>
                <Value1>0</Value1>
              </Entry>
            </Values>
            <Value0>147456</Value0>
            <Value1>65536</Value1>
          </Entry>
        </Unknown>
        <Dialogs>
          <Dialog>高嶺</Dialog>
          <Dialog>Having fun？ Hehe！</Dialog>
        </Dialogs>
      </SDL2>
    </Entry>
    <Entry Unknown0="2602849772" Unknown1="1236552158">
      <SDL2 Key="3642107778">
        <Unknown>
          <Entry>
            <Values>
              <Entry>
                <Value0>7085</Value0>
                <Value1>0</Value1>
              </Entry>
            </Values>
            <Value0>147456</Value0>
            <Value1>65536</Value1>
          </Entry>
        </Unknown>
        <Dialogs>
          <Dialog>高嶺</Dialog>
          <Dialog>I wonder if you want to hold
my hand... Sort of.</Dialog>
        </Dialogs>
      </SDL2>
    </Entry>
    <Entry Unknown0="3777605714" Unknown1="1310240739">
      <SDL2 Key="3642107778">
        <Unknown>
          <Entry>
            <Values>
              <Entry>
                <Value0>7086</Value0>
                <Value1>0</Value1>
              </Entry>
            </Values>
            <Value0>147456</Value0>
            <Value1>65536</Value1>
          </Entry>
        </Unknown>
        <Dialogs>
          <Dialog>高嶺</Dialog>
          <Dialog>Don't you like to hold
hands...？</Dialog>
        </Dialogs>
      </SDL2>
    </Entry>
    <Entry Unknown0="4002295383" Unknown1="595833928">
      <SDL2 Key="3642107778">
        <Unknown>
          <Entry>
            <Values>
              <Entry>
                <Value0>7087</Value0>
                <Value1>0</Value1>
              </Entry>
            </Values>
            <Value0>147456</Value0>
            <Value1>65536</Value1>
          </Entry>
        </Unknown>
        <Dialogs>
          <Dialog>高嶺</Dialog>
          <Dialog>I think my hand is saying that
it's lonely.</Dialog>
        </Dialogs>
      </SDL2>
    </Entry>
    <Entry Unknown0="1274291644" Unknown1="2558794158">
      <SDL2 Key="3642107778">
        <Unknown>
          <Entry>
            <Values>
              <Entry>
                <Value0>7088</Value0>
                <Value1>0</Value1>
              </Entry>
            </Values>
            <Value0>147456</Value0>
            <Value1>65536</Value1>
          </Entry>
        </Unknown>
        <Dialogs>
          <Dialog>高嶺</Dialog>
          <Dialog>Um... Yeah, I also wanted to
do this.</Dialog>
        </Dialogs>
      </SDL2>
    </Entry>
    <Entry Unknown0="3522789410" Unknown1="2682814387">
      <SDL2 Key="3642107778">
        <Unknown>
          <Entry>
            <Values>
              <Entry>
                <Value0>7089</Value0>
                <Value1>0</Value1>
              </Entry>
            </Values>
            <Value0>147456</Value0>
            <Value1>65536</Value1>
          </Entry>
        </Unknown>
        <Dialogs>
          <Dialog>高嶺</Dialog>
          <Dialog>Yeah. I'm happy...</Dialog>
        </Dialogs>
      </SDL2>
    </Entry>
    <Entry Unknown0="3730767399" Unknown1="1918075928">
      <SDL2 Key="2212010600">
        <Unknown>
          <Entry>
            <Values>
              <Entry>
                <Value0>7090</Value0>
                <Value1>0</Value1>
              </Entry>
            </Values>
            <Value0>147456</Value0>
            <Value1>65536</Value1>
          </Entry>
        </Unknown>
        <Dialogs>
          <Dialog>高嶺</Dialog>
          <Dialog>Hehe, I also wanted to do
this.</Dialog>
        </Dialogs>
      </SDL2>
    </Entry>
    <Entry Unknown0="1002763660" Unknown1="3948210558">
      <SDL2 Key="2212010600">
        <Unknown>
          <Entry>
            <Values>
              <Entry>
                <Value0>7091</Value0>
                <Value1>0</Value1>
              </Entry>
            </Values>
            <Value0>147456</Value0>
            <Value1>65536</Value1>
          </Entry>
        </Unknown>
        <Dialogs>
          <Dialog>高嶺</Dialog>
          <Dialog>Sorry. I don't feel like it
now.</Dialog>
        </Dialogs>
      </SDL2>
    </Entry>
    <Entry Unknown0="2177454322" Unknown1="3971501955">
      <SDL2 Key="2212010600">
        <Unknown>
          <Entry>
            <Values>
              <Entry>
                <Value0>7092</Value0>
                <Value1>0</Value1>
              </Entry>
            </Values>
            <Value0>147456</Value0>
            <Value1>65536</Value1>
          </Entry>
        </Unknown>
        <Dialogs>
          <Dialog>高嶺</Dialog>
          <Dialog>I'm so sorry. Don't do this
now.</Dialog>
        </Dialogs>
      </SDL2>
    </Entry>
    <Entry Unknown0="2385432311" Unknown1="1092834536">
      <SDL2 Key="2212010600">
        <Unknown>
          <Entry>
            <Values>
              <Entry>
                <Value0>7093</Value0>
                <Value1>0</Value1>
              </Entry>
            </Values>
            <Value0>147456</Value0>
            <Value1>65536</Value1>
          </Entry>
        </Unknown>
        <Dialogs>
          <Dialog>高嶺</Dialog>
          <Dialog>Don't do this now. Hey...</Dialog>
        </Dialogs>
      </SDL2>
    </Entry>
    <Entry Unknown0="3952395612" Unknown1="589609294">
      <SDL2 Key="2212010600">
        <Unknown>
          <Entry>
            <Values>
              <Entry>
                <Value0>7094</Value0>
                <Value1>0</Value1>
              </Entry>
            </Values>
            <Value0>147456</Value0>
            <Value1>65536</Value1>
          </Entry>
          <Entry>
            <Values />
            <Value0>147458</Value0>
            <Value1>196608</Value1>
          </Entry>
          <Entry>
            <Values>
              <Entry>
                <Value0>7095</Value0>
                <Value1>0</Value1>
              </Entry>
            </Values>
            <Value0>147456</Value0>
            <Value1>262144</Value1>
          </Entry>
        </Unknown>
        <Dialogs>
          <Dialog>高嶺</Dialog>
          <Dialog>We must look like lovers now,
right？</Dialog>
          <Dialog>○○○○○○○○</Dialog>
          <Dialog>I guess.</Dialog>
          <Dialog>Um, really...？ I see. Hehe.</Dialog>
        </Dialogs>
      </SDL2>
    </Entry>
    <Entry Unknown0="1905860802" Unknown1="612900691">
      <SDL2 Key="2212010600">
        <Unknown>
          <Entry>
            <Values>
              <Entry>
                <Value0>7096</Value0>
                <Value1>0</Value1>
              </Entry>
            </Values>
            <Value0>147456</Value0>
            <Value1>65536</Value1>
          </Entry>
          <Entry>
            <Values />
            <Value0>147458</Value0>
            <Value1>196608</Value1>
          </Entry>
          <Entry>
            <Values>
              <Entry>
                <Value0>7097</Value0>
                <Value1>0</Value1>
              </Entry>
            </Values>
            <Value0>147456</Value0>
            <Value1>262144</Value1>
          </Entry>
        </Unknown>
        <Dialogs>
          <Dialog>高嶺</Dialog>
          <Dialog>Hey... Do you feel a little
embarrassed？</Dialog>
          <Dialog>○○○○○○○○</Dialog>
          <Dialog>Well, a little.</Dialog>
          <Dialog>Me too... But I'm happy.
Hehe！</Dialog>
        </Dialogs>
      </SDL2>
    </Entry>
    <Entry Unknown0="2130616007" Unknown1="2314413240">
      <SDL2 Key="2212010600">
        <Unknown>
          <Entry>
            <Values>
              <Entry>
                <Value0>7098</Value0>
                <Value1>0</Value1>
              </Entry>
            </Values>
            <Value0>147456</Value0>
            <Value1>65536</Value1>
          </Entry>
          <Entry>
            <Values />
            <Value0>147458</Value0>
            <Value1>196608</Value1>
          </Entry>
          <Entry>
            <Values>
              <Entry>
                <Value0>7099</Value0>
                <Value1>0</Value1>
              </Entry>
            </Values>
            <Value0>147456</Value0>
            <Value1>262144</Value1>
          </Entry>
        </Unknown>
        <Dialogs>
          <Dialog>高嶺</Dialog>
          <Dialog>You like it like this？</Dialog>
          <Dialog>○○○○○○○○</Dialog>
          <Dialog>Well, yeah.</Dialog>
          <Dialog>Ah, you're being shy. So cute.
Hehe！</Dialog>
        </Dialogs>
      </SDL2>
    </Entry>
    <Entry Unknown0="3680802092" Unknown1="318015774">
      <SDL2 Key="2212010600">
        <Unknown>
          <Entry>
            <Values>
              <Entry>
                <Value0>7100</Value0>
                <Value1>0</Value1>
              </Entry>
            </Values>
            <Value0>147456</Value0>
            <Value1>65536</Value1>
          </Entry>
          <Entry>
            <Values />
            <Value0>147458</Value0>
            <Value1>196608</Value1>
          </Entry>
          <Entry>
            <Values>
              <Entry>
                <Value0>7101</Value0>
                <Value1>0</Value1>
              </Entry>
            </Values>
            <Value0>147456</Value0>
            <Value1>262144</Value1>
          </Entry>
        </Unknown>
        <Dialogs>
          <Dialog>高嶺</Dialog>
          <Dialog>Your hand is warm.</Dialog>
          <Dialog>○○○○○○○○</Dialog>
          <Dialog>Really？</Dialog>
          <Dialog>Yes. I... like warm hands...
Sort of.</Dialog>
        </Dialogs>
      </SDL2>
    </Entry>
    <Entry Unknown0="560590994" Unknown1="358149923">
      <SDL2 Key="2212010600">
        <Unknown>
          <Entry>
            <Values>
              <Entry>
                <Value0>7102</Value0>
                <Value1>0</Value1>
              </Entry>
            </Values>
            <Value0>147456</Value0>
            <Value1>65536</Value1>
          </Entry>
          <Entry>
            <Values />
            <Value0>147458</Value0>
            <Value1>196608</Value1>
          </Entry>
          <Entry>
            <Values>
              <Entry>
                <Value0>7103</Value0>
                <Value1>0</Value1>
              </Entry>
            </Values>
            <Value0>147456</Value0>
            <Value1>262144</Value1>
          </Entry>
        </Unknown>
        <Dialogs>
          <Dialog>高嶺</Dialog>
          <Dialog>As I thought. A guy's hand is
so strong.</Dialog>
          <Dialog>○○○○○○○○</Dialog>
          <Dialog>Sorry. Does it hurt？</Dialog>
          <Dialog>Not at all... I mean I... like
it.</Dialog>
        </Dialogs>
      </SDL2>
    </Entry>
    <Entry Unknown0="785280663" Unknown1="4173591688">
      <SDL2 Key="2212010600">
        <Unknown>
          <Entry>
            <Values>
              <Entry>
                <Value0>7104</Value0>
                <Value1>0</Value1>
              </Entry>
            </Values>
            <Value0>147456</Value0>
            <Value1>65536</Value1>
          </Entry>
          <Entry>
            <Values />
            <Value0>147458</Value0>
            <Value1>196608</Value1>
          </Entry>
          <Entry>
            <Values>
              <Entry>
                <Value0>7105</Value0>
                <Value1>0</Value1>
              </Entry>
            </Values>
            <Value0>147456</Value0>
            <Value1>262144</Value1>
          </Entry>
        </Unknown>
        <Dialogs>
          <Dialog>高嶺</Dialog>
          <Dialog>Sweaty hand...</Dialog>
          <Dialog>○○○○○○○○</Dialog>
          <Dialog>Ah, sorry...</Dialog>
          <Dialog>No. ...This is cute. Sort of.
Hehe.</Dialog>
        </Dialogs>
      </SDL2>
    </Entry>
    <Entry Unknown0="2335467004" Unknown1="1170495982">
      <SDL2 Key="2212010600">
        <Unknown>
          <Entry>
            <Values>
              <Entry>
                <Value0>7106</Value0>
                <Value1>0</Value1>
              </Entry>
            </Values>
            <Value0>147456</Value0>
            <Value1>65536</Value1>
          </Entry>
          <Entry>
            <Values />
            <Value0>147458</Value0>
            <Value1>196608</Value1>
          </Entry>
          <Entry>
            <Values>
              <Entry>
                <Value0>7107</Value0>
                <Value1>0</Value1>
              </Entry>
            </Values>
            <Value0>147456</Value0>
            <Value1>262144</Value1>
          </Entry>
        </Unknown>
        <Dialogs>
          <Dialog>高嶺</Dialog>
          <Dialog>You know... If I do this...</Dialog>
          <Dialog>○○○○○○○○</Dialog>
          <Dialog>Wanna hold hands？</Dialog>
          <Dialog>Yes. ...It's so embarrassing
but I'm happy.</Dialog>
        </Dialogs>
      </SDL2>
    </Entry>
    <Entry Unknown0="288997474" Unknown1="1109966835">
      <SDL2 Key="2212010600">
        <Unknown>
          <Entry>
            <Values>
              <Entry>
                <Value0>7108</Value0>
                <Value1>0</Value1>
              </Entry>
            </Values>
            <Value0>147456</Value0>
            <Value1>65536</Value1>
          </Entry>
          <Entry>
            <Values />
            <Value0>147458</Value0>
            <Value1>196608</Value1>
          </Entry>
          <Entry>
            <Values>
              <Entry>
                <Value0>7109</Value0>
                <Value1>0</Value1>
              </Entry>
            </Values>
            <Value0>147456</Value0>
            <Value1>262144</Value1>
          </Entry>
        </Unknown>
        <Dialogs>
          <Dialog>高嶺</Dialog>
          <Dialog>Your hand is big...</Dialog>
          <Dialog>○○○○○○○○</Dialog>
          <Dialog>Really？</Dialog>
          <Dialog>Yeah, so big... Hey, can you
hold my hand tighter？</Dialog>
        </Dialogs>
      </SDL2>
    </Entry>
    <Entry Unknown0="513687143" Unknown1="798213208">
      <SDL2 Key="2212010600">
        <Unknown>
          <Entry>
            <Values>
              <Entry>
                <Value0>7110</Value0>
                <Value1>0</Value1>
              </Entry>
            </Values>
            <Value0>147456</Value0>
            <Value1>65536</Value1>
          </Entry>
          <Entry>
            <Values />
            <Value0>147458</Value0>
            <Value1>196608</Value1>
          </Entry>
          <Entry>
            <Values>
              <Entry>
                <Value0>7111</Value0>
                <Value1>0</Value1>
              </Entry>
            </Values>
            <Value0>147456</Value0>
            <Value1>262144</Value1>
          </Entry>
        </Unknown>
        <Dialogs>
          <Dialog>高嶺</Dialog>
          <Dialog>I really like holding hands
with you.</Dialog>
          <Dialog>○○○○○○○○</Dialog>
          <Dialog>Really？ That's great.</Dialog>
          <Dialog>Hehe. That's why I won't let
go. Is it okay？</Dialog>
        </Dialogs>
      </SDL2>
    </Entry>
    <Entry Unknown0="2063873484" Unknown1="3180603838">
      <SDL2 Key="2212010600">
        <Unknown>
          <Entry>
            <Values>
              <Entry>
                <Value0>7112</Value0>
                <Value1>0</Value1>
              </Entry>
            </Values>
            <Value0>147456</Value0>
            <Value1>65536</Value1>
          </Entry>
          <Entry>
            <Values />
            <Value0>147458</Value0>
            <Value1>196608</Value1>
          </Entry>
          <Entry>
            <Values>
              <Entry>
                <Value0>7113</Value0>
                <Value1>0</Value1>
              </Entry>
            </Values>
            <Value0>147456</Value0>
            <Value1>262144</Value1>
          </Entry>
        </Unknown>
        <Dialogs>
          <Dialog>高嶺</Dialog>
          <Dialog>You're only holding my hand,
but I...</Dialog>
          <Dialog>○○○○○○○○</Dialog>
          <Dialog>Hm？</Dialog>
          <Dialog>I can't say it... It's too
embarrassing.</Dialog>
        </Dialogs>
      </SDL2>
    </Entry>
    <Entry Unknown0="3238629426" Unknown1="3136851907">
      <SDL2 Key="622379699">
        <Unknown>
          <Entry>
            <Values>
              <Entry>
                <Value0>7114</Value0>
                <Value1>0</Value1>
              </Entry>
            </Values>
            <Value0>147456</Value0>
            <Value1>65536</Value1>
          </Entry>
          <Entry>
            <Values />
            <Value0>147458</Value0>
            <Value1>196608</Value1>
          </Entry>
          <Entry>
            <Values>
              <Entry>
                <Value0>7115</Value0>
                <Value1>0</Value1>
              </Entry>
            </Values>
            <Value0>147456</Value0>
            <Value1>262144</Value1>
          </Entry>
        </Unknown>
        <Dialogs>
          <Dialog>高嶺</Dialog>
          <Dialog>It'd be bad if any of our
friends saw us like this,
right？</Dialog>
          <Dialog>○○○○○○○○</Dialog>
          <Dialog>Well... I don't know.</Dialog>
          <Dialog>Don't play dumb. But I also
can't resist. Sorry.</Dialog>
        </Dialogs>
      </SDL2>
    </Entry>
    <Entry Unknown0="3463319095" Unknown1="392401960">
      <SDL2 Key="622379699">
        <Unknown>
          <Entry>
            <Values>
              <Entry>
                <Value0>7116</Value0>
                <Value1>0</Value1>
              </Entry>
            </Values>
            <Value0>147456</Value0>
            <Value1>65536</Value1>
          </Entry>
          <Entry>
            <Values />
            <Value0>147458</Value0>
            <Value1>196608</Value1>
          </Entry>
          <Entry>
            <Values>
              <Entry>
                <Value0>7117</Value0>
                <Value1>0</Value1>
              </Entry>
            </Values>
            <Value0>147456</Value0>
            <Value1>262144</Value1>
          </Entry>
        </Unknown>
        <Dialogs>
          <Dialog>高嶺</Dialog>
          <Dialog>It's like I can feel what
you're thinking when we do
this.</Dialog>
          <Dialog>○○○○○○○○</Dialog>
          <Dialog>Is that so？ Can you tell what
I'm thinking？</Dialog>
          <Dialog>Yes. I can feel it when you
think about something
perverted too. Hehe. Just
kidding.</Dialog>
        </Dialogs>
      </SDL2>
    </Entry>
    <Entry Unknown0="735315356" Unknown1="3966040462">
      <SDL2 Key="622379699">
        <Unknown>
          <Entry>
            <Values>
              <Entry>
                <Value0>7118</Value0>
                <Value1>0</Value1>
              </Entry>
            </Values>
            <Value0>147456</Value0>
            <Value1>65536</Value1>
          </Entry>
          <Entry>
            <Values />
            <Value0>147458</Value0>
            <Value1>196608</Value1>
          </Entry>
          <Entry>
            <Values>
              <Entry>
                <Value0>7119</Value0>
                <Value1>0</Value1>
              </Entry>
            </Values>
            <Value0>147456</Value0>
            <Value1>262144</Value1>
          </Entry>
          <Entry>
            <Values>
              <Entry>
                <Value0>7120</Value0>
                <Value1>0</Value1>
              </Entry>
            </Values>
            <Value0>147456</Value0>
            <Value1>327680</Value1>
          </Entry>
        </Unknown>
        <Dialogs>
          <Dialog>高嶺</Dialog>
          <Dialog>You should let go of my hand.</Dialog>
          <Dialog>○○○○○○○○</Dialog>
          <Dialog>Why？</Dialog>
          <Dialog>Because I'm afraid that you
might be forcing yourself to
do this...</Dialog>
          <Dialog>Actually, no. Don't let go.</Dialog>
        </Dialogs>
      </SDL2>
    </Entry>
    <Entry Unknown0="2983813122" Unknown1="3955777427">
      <SDL2 Key="622379699">
        <Unknown>
          <Entry>
            <Values>
              <Entry>
                <Value0>7121</Value0>
                <Value1>0</Value1>
              </Entry>
            </Values>
            <Value0>147456</Value0>
            <Value1>65536</Value1>
          </Entry>
          <Entry>
            <Values />
            <Value0>147458</Value0>
            <Value1>196608</Value1>
          </Entry>
          <Entry>
            <Values>
              <Entry>
                <Value0>7122</Value0>
                <Value1>0</Value1>
              </Entry>
            </Values>
            <Value0>147456</Value0>
            <Value1>262144</Value1>
          </Entry>
        </Unknown>
        <Dialogs>
          <Dialog>高嶺</Dialog>
          <Dialog>Is it improper for a girl to
grab a guy's hand？</Dialog>
          <Dialog>○○○○○○○○</Dialog>
          <Dialog>Not at all...</Dialog>
          <Dialog>That's great... I can't resist
anymore.</Dialog>
        </Dialogs>
      </SDL2>
    </Entry>
    <Entry Unknown0="3191791111" Unknown1="1177773304">
      <SDL2 Key="622379699">
        <Unknown>
          <Entry>
            <Values>
              <Entry>
                <Value0>7123</Value0>
                <Value1>0</Value1>
              </Entry>
            </Values>
            <Value0>147456</Value0>
            <Value1>65536</Value1>
          </Entry>
          <Entry>
            <Values />
            <Value0>147458</Value0>
            <Value1>196608</Value1>
          </Entry>
          <Entry>
            <Values>
              <Entry>
                <Value0>7124</Value0>
                <Value1>0</Value1>
              </Entry>
            </Values>
            <Value0>147456</Value0>
            <Value1>262144</Value1>
          </Entry>
        </Unknown>
        <Dialogs>
          <Dialog>高嶺</Dialog>
          <Dialog>I'm glad you're holding my
hand.</Dialog>
          <Dialog>○○○○○○○○</Dialog>
          <Dialog>I really want to hold your
hand.</Dialog>
          <Dialog>Um, I was afraid that you
might not want to do that... I
guess.</Dialog>
        </Dialogs>
      </SDL2>
    </Entry>
    <Entry Unknown0="463787372" Unknown1="3744778590">
      <SDL2 Key="622379699">
        <Unknown>
          <Entry>
            <Values>
              <Entry>
                <Value0>7125</Value0>
                <Value1>0</Value1>
              </Entry>
            </Values>
            <Value0>147456</Value0>
            <Value1>65536</Value1>
          </Entry>
          <Entry>
            <Values />
            <Value0>147458</Value0>
            <Value1>196608</Value1>
          </Entry>
          <Entry>
            <Values>
              <Entry>
                <Value0>7126</Value0>
                <Value1>0</Value1>
              </Entry>
            </Values>
            <Value0>147456</Value0>
            <Value1>262144</Value1>
          </Entry>
        </Unknown>
        <Dialogs>
          <Dialog>高嶺</Dialog>
          <Dialog>Hey...</Dialog>
          <Dialog>○○○○○○○○</Dialog>
          <Dialog>What？</Dialog>
          <Dialog>Why am I the only one that
gets so nervous？ It's not
fair.</Dialog>
        </Dialogs>
      </SDL2>
    </Entry>
    <Entry Unknown0="1638478034" Unknown1="3633852259">
      <SDL2 Key="622379699">
        <Unknown>
          <Entry>
            <Values>
              <Entry>
                <Value0>7127</Value0>
                <Value1>0</Value1>
              </Entry>
            </Values>
            <Value0>147456</Value0>
            <Value1>65536</Value1>
          </Entry>
          <Entry>
            <Values />
            <Value0>147458</Value0>
            <Value1>196608</Value1>
          </Entry>
          <Entry>
            <Values>
              <Entry>
                <Value0>7128</Value0>
                <Value1>0</Value1>
              </Entry>
            </Values>
            <Value0>147456</Value0>
            <Value1>262144</Value1>
          </Entry>
        </Unknown>
        <Dialogs>
          <Dialog>高嶺</Dialog>
          <Dialog>Sorry for saying something
selfish.</Dialog>
          <Dialog>○○○○○○○○</Dialog>
          <Dialog>Not at all. I also feel the
same way.</Dialog>
          <Dialog>Thank you. Since you said
that, I'll never let you go...</Dialog>
        </Dialogs>
      </SDL2>
    </Entry>
    <Entry Unknown0="1846456023" Unknown1="3036886216">
      <SDL2 Key="622379699">
        <Unknown>
          <Entry>
            <Values>
              <Entry>
                <Value0>7129</Value0>
                <Value1>0</Value1>
              </Entry>
            </Values>
            <Value0>147456</Value0>
            <Value1>65536</Value1>
          </Entry>
          <Entry>
            <Values />
            <Value0>147458</Value0>
            <Value1>196608</Value1>
          </Entry>
          <Entry>
            <Values>
              <Entry>
                <Value0>7130</Value0>
                <Value1>0</Value1>
              </Entry>
            </Values>
            <Value0>147456</Value0>
            <Value1>262144</Value1>
          </Entry>
        </Unknown>
        <Dialogs>
          <Dialog>高嶺</Dialog>
          <Dialog>Hey, did you get it？</Dialog>
          <Dialog>○○○○○○○○</Dialog>
          <Dialog>What？</Dialog>
          <Dialog>Hey... Now, can you hold my
hand tighter？</Dialog>
        </Dialogs>
      </SDL2>
    </Entry>
    <Entry Unknown0="3413419325" Unknown1="4245002542">
      <SDL2 Key="622379699">
        <Unknown>
          <Entry>
            <Values>
              <Entry>
                <Value0>7131</Value0>
                <Value1>0</Value1>
              </Entry>
            </Values>
            <Value0>147456</Value0>
            <Value1>65536</Value1>
          </Entry>
        </Unknown>
        <Dialogs>
          <Dialog>高嶺</Dialog>
          <Dialog>Before we realized it, we have
arrived. Hehe.</Dialog>
        </Dialogs>
      </SDL2>
    </Entry>
    <Entry Unknown0="1366884515" Unknown1="4218093363">
      <SDL2 Key="622379699">
        <Unknown>
          <Entry>
            <Values>
              <Entry>
                <Value0>7132</Value0>
                <Value1>0</Value1>
              </Entry>
            </Values>
            <Value0>147456</Value0>
            <Value1>65536</Value1>
          </Entry>
        </Unknown>
        <Dialogs>
          <Dialog>高嶺</Dialog>
          <Dialog>Hey, isn't it here？</Dialog>
        </Dialogs>
      </SDL2>
    </Entry>
    <Entry Unknown0="1591639718" Unknown1="382993560">
      <SDL2 Key="622379699">
        <Unknown>
          <Entry>
            <Values>
              <Entry>
                <Value0>7133</Value0>
                <Value1>0</Value1>
              </Entry>
            </Values>
            <Value0>147456</Value0>
            <Value1>65536</Value1>
          </Entry>
        </Unknown>
        <Dialogs>
          <Dialog>高嶺</Dialog>
          <Dialog>Ah, right here.</Dialog>
        </Dialogs>
      </SDL2>
    </Entry>
    <Entry Unknown0="3141825805" Unknown1="2413128190">
      <SDL2 Key="622379699">
        <Unknown>
          <Entry>
            <Values>
              <Entry>
                <Value0>7134</Value0>
                <Value1>0</Value1>
              </Entry>
            </Values>
            <Value0>147456</Value0>
            <Value1>65536</Value1>
          </Entry>
        </Unknown>
        <Dialogs>
          <Dialog>高嶺</Dialog>
          <Dialog>We've finally arrived.</Dialog>
        </Dialogs>
      </SDL2>
    </Entry>
    <Entry Unknown0="21614707" Unknown1="2419773187">
      <SDL2 Key="2077836697">
        <Unknown>
          <Entry>
            <Values>
              <Entry>
                <Value0>7135</Value0>
                <Value1>0</Value1>
              </Entry>
            </Values>
            <Value0>147456</Value0>
            <Value1>65536</Value1>
          </Entry>
        </Unknown>
        <Dialogs>
          <Dialog>高嶺</Dialog>
          <Dialog>We've already arrived...</Dialog>
        </Dialogs>
      </SDL2>
    </Entry>
    <Entry Unknown0="246304374" Unknown1="1017173096">
      <SDL2 Key="2077836697">
        <Unknown>
          <Entry>
            <Values>
              <Entry>
                <Value0>7136</Value0>
                <Value1>0</Value1>
              </Entry>
            </Values>
            <Value0>147456</Value0>
            <Value1>65536</Value1>
          </Entry>
        </Unknown>
        <Dialogs>
          <Dialog>高嶺</Dialog>
          <Dialog>Hey, we are almost there.</Dialog>
        </Dialogs>
      </SDL2>
    </Entry>
    <Entry Unknown0="1796490717" Unknown1="1184971214">
      <SDL2 Key="2077836697">
        <Unknown>
          <Entry>
            <Values>
              <Entry>
                <Value0>7137</Value0>
                <Value1>0</Value1>
              </Entry>
            </Values>
            <Value0>147456</Value0>
            <Value1>65536</Value1>
          </Entry>
        </Unknown>
        <Dialogs>
          <Dialog>高嶺</Dialog>
          <Dialog>Ah, it's here.</Dialog>
        </Dialogs>
      </SDL2>
    </Entry>
    <Entry Unknown0="4044988483" Unknown1="1309319123">
      <SDL2 Key="2077836697">
        <Unknown>
          <Entry>
            <Values>
              <Entry>
                <Value0>7138</Value0>
                <Value1>0</Value1>
              </Entry>
            </Values>
            <Value0>147456</Value0>
            <Value1>65536</Value1>
          </Entry>
        </Unknown>
        <Dialogs>
          <Dialog>高嶺</Dialog>
          <Dialog>Hah... We finally arrived.</Dialog>
        </Dialogs>
      </SDL2>
    </Entry>
    <Entry Unknown0="4269678150" Unknown1="2607916088">
      <SDL2 Key="2077836697">
        <Unknown>
          <Entry>
            <Values>
              <Entry>
                <Value0>7139</Value0>
                <Value1>0</Value1>
              </Entry>
            </Values>
            <Value0>147456</Value0>
            <Value1>65536</Value1>
          </Entry>
        </Unknown>
        <Dialogs>
          <Dialog>高嶺</Dialog>
          <Dialog>Hey, you don't like to hold my
hand？</Dialog>
        </Dialogs>
      </SDL2>
    </Entry>
    <Entry Unknown0="1541674413" Unknown1="24578462">
      <SDL2 Key="2077836697">
        <Unknown>
          <Entry>
            <Values>
              <Entry>
                <Value0>7140</Value0>
                <Value1>0</Value1>
              </Entry>
            </Values>
            <Value0>147456</Value0>
            <Value1>65536</Value1>
          </Entry>
        </Unknown>
        <Dialogs>
          <Dialog>高嶺</Dialog>
          <Dialog>I'm sorry about earlier... It
was improper, right？</Dialog>
        </Dialogs>
      </SDL2>
    </Entry>
    <Entry Unknown0="2716430355" Unknown1="114913187">
      <SDL2 Key="2077836697">
        <Unknown>
          <Entry>
            <Values>
              <Entry>
                <Value0>7141</Value0>
                <Value1>0</Value1>
              </Entry>
            </Values>
            <Value0>147456</Value0>
            <Value1>65536</Value1>
          </Entry>
        </Unknown>
        <Dialogs>
          <Dialog>高嶺</Dialog>
          <Dialog>If you're getting embarrassed,
it's fine... But... Never
mind.</Dialog>
        </Dialogs>
      </SDL2>
    </Entry>
    <Entry Unknown0="2924408342" Unknown1="994079752">
      <SDL2 Key="2602138597">
        <Unknown>
          <Entry>
            <Values>
              <Entry>
                <Value0>7142</Value0>
                <Value1>0</Value1>
              </Entry>
            </Values>
            <Value0>147456</Value0>
            <Value1>65536</Value1>
          </Entry>
          <Entry>
            <Values />
            <Value0>147458</Value0>
            <Value1>196608</Value1>
          </Entry>
          <Entry>
            <Values>
              <Entry>
                <Value0>7143</Value0>
                <Value1>0</Value1>
              </Entry>
            </Values>
            <Value0>147456</Value0>
            <Value1>262144</Value1>
          </Entry>
          <Entry>
            <Values />
            <Value0>147458</Value0>
            <Value1>327680</Value1>
          </Entry>
          <Entry>
            <Values>
              <Entry>
                <Value0>7144</Value0>
                <Value1>0</Value1>
              </Entry>
            </Values>
            <Value0>147456</Value0>
            <Value1>393216</Value1>
          </Entry>
        </Unknown>
        <Dialogs>
          <Dialog>高嶺</Dialog>
          <Dialog>Ah！ Such a beautiful garden.</Dialog>
          <Dialog>○○○○○○○○</Dialog>
          <Dialog>Hmm？ The maintenance must be
difficult.</Dialog>
          <Dialog>But, if you do it for the one
you love, it must be
enjoyable.</Dialog>
          <Dialog>Ah, that's right.</Dialog>
          <Dialog>Living with the one you love
is the best. I wish for that
as well...</Dialog>
        </Dialogs>
      </SDL2>
    </Entry>
    <Entry Unknown0="196404605" Unknown1="2152061294">
      <SDL2 Key="2602138597">
        <Unknown>
          <Entry>
            <Values>
              <Entry>
                <Value0>7145</Value0>
                <Value1>0</Value1>
              </Entry>
            </Values>
            <Value0>147456</Value0>
            <Value1>65536</Value1>
          </Entry>
          <Entry>
            <Values />
            <Value0>147458</Value0>
            <Value1>196608</Value1>
          </Entry>
          <Entry>
            <Values>
              <Entry>
                <Value0>7146</Value0>
                <Value1>0</Value1>
              </Entry>
            </Values>
            <Value0>147456</Value0>
            <Value1>262144</Value1>
          </Entry>
          <Entry>
            <Values />
            <Value0>147458</Value0>
            <Value1>327680</Value1>
          </Entry>
          <Entry>
            <Values>
              <Entry>
                <Value0>7147</Value0>
                <Value1>0</Value1>
              </Entry>
            </Values>
            <Value0>147456</Value0>
            <Value1>393216</Value1>
          </Entry>
        </Unknown>
        <Dialogs>
          <Dialog>高嶺</Dialog>
          <Dialog>Wow... Such a beautiful house.</Dialog>
          <Dialog>○○○○○○○○</Dialog>
          <Dialog>You're right. It's like a
house from a fairy tale.</Dialog>
          <Dialog>Yeah. I want to live in a
house like that someday...</Dialog>
          <Dialog>Hmm...？ With who？</Dialog>
          <Dialog>...Hey. Look at your face. You
knew my answer already. Don't
tease me.</Dialog>
        </Dialogs>
      </SDL2>
    </Entry>
    <Entry Unknown0="2444837091" Unknown1="2225749875">
      <SDL2 Key="3411649119">
        <Unknown>
          <Entry>
            <Values>
              <Entry>
                <Value0>7148</Value0>
                <Value1>0</Value1>
              </Entry>
            </Values>
            <Value0>147456</Value0>
            <Value1>65536</Value1>
          </Entry>
          <Entry>
            <Values />
            <Value0>147458</Value0>
            <Value1>196608</Value1>
          </Entry>
          <Entry>
            <Values>
              <Entry>
                <Value0>7149</Value0>
                <Value1>0</Value1>
              </Entry>
            </Values>
            <Value0>147456</Value0>
            <Value1>262144</Value1>
          </Entry>
          <Entry>
            <Values />
            <Value0>147458</Value0>
            <Value1>327680</Value1>
          </Entry>
          <Entry>
            <Values>
              <Entry>
                <Value0>7150</Value0>
                <Value1>0</Value1>
              </Entry>
            </Values>
            <Value0>147456</Value0>
            <Value1>393216</Value1>
          </Entry>
        </Unknown>
        <Dialogs>
          <Dialog>高嶺</Dialog>
          <Dialog>I want to live in an apartment
like that.</Dialog>
          <Dialog>○○○○○○○○</Dialog>
          <Dialog>Ah, the one that looks like a
castle？ You know... They
restrict their residents to
rich people only...</Dialog>
          <Dialog>The interior must be very
beautiful. ...It must be nice
to live there with the one you
love, right？</Dialog>
          <Dialog>Um, well... I'll do my best...</Dialog>
          <Dialog>Hehe. I'll be cheering for
you▼</Dialog>
        </Dialogs>
      </SDL2>
    </Entry>
    <Entry Unknown0="2652815078" Unknown1="3893380312">
      <SDL2 Key="2233083174">
        <Unknown>
          <Entry>
            <Values>
              <Entry>
                <Value0>7151</Value0>
                <Value1>0</Value1>
              </Entry>
            </Values>
            <Value0>147456</Value0>
            <Value1>65536</Value1>
          </Entry>
          <Entry>
            <Values />
            <Value0>147458</Value0>
            <Value1>196608</Value1>
          </Entry>
          <Entry>
            <Values>
              <Entry>
                <Value0>7152</Value0>
                <Value1>0</Value1>
              </Entry>
            </Values>
            <Value0>147456</Value0>
            <Value1>262144</Value1>
          </Entry>
          <Entry>
            <Values />
            <Value0>147458</Value0>
            <Value1>327680</Value1>
          </Entry>
          <Entry>
            <Values>
              <Entry>
                <Value0>7153</Value0>
                <Value1>0</Value1>
              </Entry>
            </Values>
            <Value0>147456</Value0>
            <Value1>393216</Value1>
          </Entry>
        </Unknown>
        <Dialogs>
          <Dialog>高嶺</Dialog>
          <Dialog>I wonder how big a room in
that apartment is.</Dialog>
          <Dialog>○○○○○○○○</Dialog>
          <Dialog>The biggest one should be
around 80 square feet. The
older rooms might be smaller
than that.</Dialog>
          <Dialog>It would be too small for us
to live in together, huh？</Dialog>
          <Dialog>Yeah, I guess... Eh！？</Dialog>
          <Dialog>Hehe. I was speaking to
myself！</Dialog>
        </Dialogs>
      </SDL2>
    </Entry>
    <Entry Unknown0="4219778381" Unknown1="1964353854">
      <SDL2 Key="2233083174">
        <Unknown>
          <Entry>
            <Values>
              <Entry>
                <Value0>7154</Value0>
                <Value1>0</Value1>
              </Entry>
            </Values>
            <Value0>147456</Value0>
            <Value1>65536</Value1>
          </Entry>
          <Entry>
            <Values />
            <Value0>147458</Value0>
            <Value1>196608</Value1>
          </Entry>
          <Entry>
            <Values>
              <Entry>
                <Value0>7155</Value0>
                <Value1>0</Value1>
              </Entry>
            </Values>
            <Value0>147456</Value0>
            <Value1>262144</Value1>
          </Entry>
          <Entry>
            <Values />
            <Value0>147458</Value0>
            <Value1>327680</Value1>
          </Entry>
          <Entry>
            <Values>
              <Entry>
                <Value0>7156</Value0>
                <Value1>0</Value1>
              </Entry>
            </Values>
            <Value0>147456</Value0>
            <Value1>393216</Value1>
          </Entry>
        </Unknown>
        <Dialogs>
          <Dialog>高嶺</Dialog>
          <Dialog>I don't think anyone lives in
that house. It looks a little
scary, right？</Dialog>
          <Dialog>○○○○○○○○</Dialog>
          <Dialog>Hey, do you know...？
Something dreadful happened in
that house...</Dialog>
          <Dialog>...Geez, are you trying to
scare me？</Dialog>
          <Dialog>Well...</Dialog>
          <Dialog>Hehe... If something came out
of that house, you'd protect
me, right？</Dialog>
        </Dialogs>
      </SDL2>
    </Entry>
    <Entry Unknown0="1099501747" Unknown1="1937379139">
      <SDL2 Key="2774162306">
        <Unknown>
          <Entry>
            <Values>
              <Entry>
                <Value0>7157</Value0>
                <Value1>0</Value1>
              </Entry>
            </Values>
            <Value0>147456</Value0>
            <Value1>65536</Value1>
          </Entry>
          <Entry>
            <Values />
            <Value0>147458</Value0>
            <Value1>196608</Value1>
          </Entry>
          <Entry>
            <Values />
            <Value0>147456</Value0>
            <Value1>262144</Value1>
          </Entry>
          <Entry>
            <Values />
            <Value0>147458</Value0>
            <Value1>327680</Value1>
          </Entry>
          <Entry>
            <Values>
              <Entry>
                <Value0>7158</Value0>
                <Value1>0</Value1>
              </Entry>
            </Values>
            <Value0>147456</Value0>
            <Value1>393216</Value1>
          </Entry>
        </Unknown>
        <Dialogs>
          <Dialog>高嶺</Dialog>
          <Dialog>Look！ There are birds on that
twig. A pair, I think.</Dialog>
          <Dialog>○○○○○○○○</Dialog>
          <Dialog>Yeah. They're nestling close
together. They must be very
intimate.</Dialog>
          <Dialog>......</Dialog>
          <Dialog>Huh？</Dialog>
          <Dialog>Can we be like them？ Is it
okay if I get closer to you？</Dialog>
        </Dialogs>
      </SDL2>
    </Entry>
    <Entry Unknown0="1324256950" Unknown1="3722450088">
      <SDL2 Key="2774162306">
        <Unknown>
          <Entry>
            <Values>
              <Entry>
                <Value0>7159</Value0>
                <Value1>0</Value1>
              </Entry>
            </Values>
            <Value0>147456</Value0>
            <Value1>65536</Value1>
          </Entry>
          <Entry>
            <Values />
            <Value0>147458</Value0>
            <Value1>196608</Value1>
          </Entry>
          <Entry>
            <Values>
              <Entry>
                <Value0>7160</Value0>
                <Value1>0</Value1>
              </Entry>
              <Entry>
                <Value0>7161</Value0>
                <Value1>500</Value1>
              </Entry>
            </Values>
            <Value0>147456</Value0>
            <Value1>262144</Value1>
          </Entry>
          <Entry>
            <Values />
            <Value0>147458</Value0>
            <Value1>327680</Value1>
          </Entry>
          <Entry>
            <Values>
              <Entry>
                <Value0>7162</Value0>
                <Value1>0</Value1>
              </Entry>
              <Entry>
                <Value0>7163</Value0>
                <Value1>500</Value1>
              </Entry>
            </Values>
            <Value0>147456</Value0>
            <Value1>393216</Value1>
          </Entry>
        </Unknown>
        <Dialogs>
          <Dialog>高嶺</Dialog>
          <Dialog>Ah... On that power cable...</Dialog>
          <Dialog>○○○○○○○○</Dialog>
          <Dialog>Whoa！ So many crows. Somehow,
it looks like they're staring
at us.</Dialog>
          <Dialog>They have cute eyes, so I
don't mind them staring at
us... But I don't think I want
to walk pass them.</Dialog>
          <Dialog>It could be dangerous. Let's
take a detour.</Dialog>
          <Dialog>I agree. Now, I can be with
you a little longer. I'll have
to say thanks to those crows.</Dialog>
        </Dialogs>
      </SDL2>
    </Entry>
    <Entry Unknown0="2874443037" Unknown1="652572942">
      <SDL2 Key="1830604376">
        <Unknown>
          <Entry>
            <Values>
              <Entry>
                <Value0>7164</Value0>
                <Value1>0</Value1>
              </Entry>
            </Values>
            <Value0>147456</Value0>
            <Value1>65536</Value1>
          </Entry>
          <Entry>
            <Values />
            <Value0>147458</Value0>
            <Value1>196608</Value1>
          </Entry>
          <Entry>
            <Values>
              <Entry>
                <Value0>7165</Value0>
                <Value1>0</Value1>
              </Entry>
            </Values>
            <Value0>147456</Value0>
            <Value1>262144</Value1>
          </Entry>
          <Entry>
            <Values />
            <Value0>147458</Value0>
            <Value1>327680</Value1>
          </Entry>
          <Entry>
            <Values>
              <Entry>
                <Value0>7166</Value0>
                <Value1>0</Value1>
              </Entry>
            </Values>
            <Value0>147456</Value0>
            <Value1>393216</Value1>
          </Entry>
        </Unknown>
        <Dialogs>
          <Dialog>高嶺</Dialog>
          <Dialog>Look. That cat really enjoys
its naptime.</Dialog>
          <Dialog>○○○○○○○○</Dialog>
          <Dialog>It sleeps on the fence. That's
quite skillful.</Dialog>
          <Dialog>Yeah, if that were me, I would
fall immediately.</Dialog>
          <Dialog>▲高嶺＊＊▲,
do you move a lot when you
sleep？</Dialog>
          <Dialog>Hey. How could you ask that
question to a girl？</Dialog>
        </Dialogs>
      </SDL2>
    </Entry>
    <Entry Unknown0="827973763" Unknown1="776658707">
      <SDL2 Key="1830604376">
        <Unknown>
          <Entry>
            <Values>
              <Entry>
                <Value0>7167</Value0>
                <Value1>0</Value1>
              </Entry>
            </Values>
            <Value0>147456</Value0>
            <Value1>65536</Value1>
          </Entry>
          <Entry>
            <Values />
            <Value0>147458</Value0>
            <Value1>196608</Value1>
          </Entry>
          <Entry>
            <Values>
              <Entry>
                <Value0>7168</Value0>
                <Value1>0</Value1>
              </Entry>
            </Values>
            <Value0>147456</Value0>
            <Value1>262144</Value1>
          </Entry>
          <Entry>
            <Values />
            <Value0>147458</Value0>
            <Value1>327680</Value1>
          </Entry>
          <Entry>
            <Values>
              <Entry>
                <Value0>7169</Value0>
                <Value1>0</Value1>
              </Entry>
            </Values>
            <Value0>147456</Value0>
            <Value1>393216</Value1>
          </Entry>
        </Unknown>
        <Dialogs>
          <Dialog>高嶺</Dialog>
          <Dialog>That dog that the couple over
there is taking for a walk is
so cute！</Dialog>
          <Dialog>○○○○○○○○</Dialog>
          <Dialog>Ah, a Shiba Inu, right？ Look
at its eyebrows. That's cool.</Dialog>
          <Dialog>Yeah. If we could take a dog
for a walk like that someday,
it would be nice.</Dialog>
          <Dialog>Yeah... Huh？</Dialog>
          <Dialog>Hehe！</Dialog>
        </Dialogs>
      </SDL2>
    </Entry>
    <Entry Unknown0="1052663430" Unknown1="2192630904">
      <SDL2 Key="2370565795">
        <Unknown>
          <Entry>
            <Values>
              <Entry>
                <Value0>7170</Value0>
                <Value1>0</Value1>
              </Entry>
            </Values>
            <Value0>147456</Value0>
            <Value1>65536</Value1>
          </Entry>
          <Entry>
            <Values />
            <Value0>147458</Value0>
            <Value1>196608</Value1>
          </Entry>
          <Entry>
            <Values>
              <Entry>
                <Value0>7171</Value0>
                <Value1>0</Value1>
              </Entry>
            </Values>
            <Value0>147456</Value0>
            <Value1>262144</Value1>
          </Entry>
          <Entry>
            <Values />
            <Value0>147458</Value0>
            <Value1>327680</Value1>
          </Entry>
          <Entry>
            <Values>
              <Entry>
                <Value0>7172</Value0>
                <Value1>0</Value1>
              </Entry>
            </Values>
            <Value0>147456</Value0>
            <Value1>393216</Value1>
          </Entry>
        </Unknown>
        <Dialogs>
          <Dialog>高嶺</Dialog>
          <Dialog>Hey, did you see？ That person
is walking with a sheep.</Dialog>
          <Dialog>○○○○○○○○</Dialog>
          <Dialog>A sheep？</Dialog>
          <Dialog>Yeah. He's wearing
Western-style clothes. He must
be raising it.</Dialog>
          <Dialog>Western-style clothes...？ Are
they made from wool then？</Dialog>
          <Dialog>If that's the case, I feel
pitiful for the sheep... I
thought they were nice
companions...</Dialog>
        </Dialogs>
      </SDL2>
    </Entry>
    <Entry Unknown0="2602849773" Unknown1="464865758">
      <SDL2 Key="3180018717">
        <Unknown>
          <Entry>
            <Values>
              <Entry>
                <Value0>7173</Value0>
                <Value1>0</Value1>
              </Entry>
            </Values>
            <Value0>147456</Value0>
            <Value1>65536</Value1>
          </Entry>
          <Entry>
            <Values />
            <Value0>147458</Value0>
            <Value1>196608</Value1>
          </Entry>
          <Entry>
            <Values>
              <Entry>
                <Value0>7174</Value0>
                <Value1>0</Value1>
              </Entry>
            </Values>
            <Value0>147456</Value0>
            <Value1>262144</Value1>
          </Entry>
          <Entry>
            <Values />
            <Value0>147458</Value0>
            <Value1>327680</Value1>
          </Entry>
          <Entry>
            <Values>
              <Entry>
                <Value0>7175</Value0>
                <Value1>0</Value1>
              </Entry>
            </Values>
            <Value0>147456</Value0>
            <Value1>393216</Value1>
          </Entry>
        </Unknown>
        <Dialogs>
          <Dialog>高嶺</Dialog>
          <Dialog>The cloud's shapes keep
changing...</Dialog>
          <Dialog>○○○○○○○○</Dialog>
          <Dialog>Ah, we have strong wind today.</Dialog>
          <Dialog>If people's feelings changed
quickly like that, it would be
sad.</Dialog>
          <Dialog>But, my feelings won't change,
so this discussion won't apply
to me...</Dialog>
          <Dialog>...Hehe. Okay, I got it... Ah,
look！ That cloud looks like a
donut！</Dialog>
        </Dialogs>
      </SDL2>
    </Entry>
    <Entry Unknown0="3777605715" Unknown1="488288227">
      <SDL2 Key="3180018717">
        <Unknown>
          <Entry>
            <Values>
              <Entry>
                <Value0>7176</Value0>
                <Value1>0</Value1>
              </Entry>
            </Values>
            <Value0>147456</Value0>
            <Value1>65536</Value1>
          </Entry>
          <Entry>
            <Values />
            <Value0>147458</Value0>
            <Value1>196608</Value1>
          </Entry>
          <Entry>
            <Values>
              <Entry>
                <Value0>7177</Value0>
                <Value1>0</Value1>
              </Entry>
              <Entry>
                <Value0>7178</Value0>
                <Value1>500</Value1>
              </Entry>
            </Values>
            <Value0>147456</Value0>
            <Value1>262144</Value1>
          </Entry>
          <Entry>
            <Values />
            <Value0>147458</Value0>
            <Value1>327680</Value1>
          </Entry>
          <Entry>
            <Values>
              <Entry>
                <Value0>7179</Value0>
                <Value1>0</Value1>
              </Entry>
            </Values>
            <Value0>147456</Value0>
            <Value1>393216</Value1>
          </Entry>
        </Unknown>
        <Dialogs>
          <Dialog>高嶺</Dialog>
          <Dialog>Ah, a shooting star！</Dialog>
          <Dialog>○○○○○○○○</Dialog>
          <Dialog>At this hour？ I think it
might be a satellite rather
than a shooting star.</Dialog>
          <Dialog>Geez. You have no imagination
at all... The stars won't
grant your wish if you're like
this.</Dialog>
          <Dialog>I'm worried. I wanted to wish
that
▲高嶺＊＊▲
and I would be happy ever
after.</Dialog>
          <Dialog>I've already wished for that,
so you can rest assured▼
Yeah. Hehe！</Dialog>
        </Dialogs>
      </SDL2>
    </Entry>
    <Entry Unknown0="4002295382" Unknown1="2004923464">
      <SDL2 Key="3180018717">
        <Unknown>
          <Entry>
            <Values>
              <Entry>
                <Value0>7180</Value0>
                <Value1>0</Value1>
              </Entry>
            </Values>
            <Value0>147456</Value0>
            <Value1>65536</Value1>
          </Entry>
          <Entry>
            <Values />
            <Value0>147458</Value0>
            <Value1>196608</Value1>
          </Entry>
          <Entry>
            <Values>
              <Entry>
                <Value0>7181</Value0>
                <Value1>0</Value1>
              </Entry>
            </Values>
            <Value0>147456</Value0>
            <Value1>262144</Value1>
          </Entry>
          <Entry>
            <Values />
            <Value0>147458</Value0>
            <Value1>327680</Value1>
          </Entry>
          <Entry>
            <Values>
              <Entry>
                <Value0>7182</Value0>
                <Value1>0</Value1>
              </Entry>
            </Values>
            <Value0>147456</Value0>
            <Value1>393216</Value1>
          </Entry>
        </Unknown>
        <Dialogs>
          <Dialog>高嶺</Dialog>
          <Dialog>Ah, something smelled nice...</Dialog>
          <Dialog>○○○○○○○○</Dialog>
          <Dialog>Eh？ I didn't notice. What was
it？</Dialog>
          <Dialog>There was something that
smelled really nice...
Something I've never smelled
before, I think.</Dialog>
          <Dialog>Wow, now I'm curious...</Dialog>
          <Dialog>Right？ If we pass the same
place again, we might know.
Maybe on our next date.</Dialog>
        </Dialogs>
      </SDL2>
    </Entry>
    <Entry Unknown0="1274291645" Unknown1="3431274926">
      <SDL2 Key="2001579988">
        <Unknown>
          <Entry>
            <Values>
              <Entry>
                <Value0>7183</Value0>
                <Value1>0</Value1>
              </Entry>
            </Values>
            <Value0>147456</Value0>
            <Value1>65536</Value1>
          </Entry>
          <Entry>
            <Values />
            <Value0>147458</Value0>
            <Value1>196608</Value1>
          </Entry>
          <Entry>
            <Values>
              <Entry>
                <Value0>7184</Value0>
                <Value1>0</Value1>
              </Entry>
            </Values>
            <Value0>147456</Value0>
            <Value1>262144</Value1>
          </Entry>
          <Entry>
            <Values />
            <Value0>147458</Value0>
            <Value1>327680</Value1>
          </Entry>
          <Entry>
            <Values>
              <Entry>
                <Value0>7185</Value0>
                <Value1>0</Value1>
              </Entry>
            </Values>
            <Value0>147456</Value0>
            <Value1>393216</Value1>
          </Entry>
        </Unknown>
        <Dialogs>
          <Dialog>高嶺</Dialog>
          <Dialog>Ah, look！ The sky over there
is so dark.</Dialog>
          <Dialog>○○○○○○○○</Dialog>
          <Dialog>You're right. Maybe it'll
rain. We should hurry.</Dialog>
          <Dialog>I have a folding umbrella.</Dialog>
          <Dialog>Oh, then we don't have to
worry about the rain. As I
could expect from
▲高嶺＊＊▲.</Dialog>
          <Dialog>Hehe. It's nice if we can get
all lovey-dovey under an
umbrella.</Dialog>
        </Dialogs>
      </SDL2>
    </Entry>
    <Entry Unknown0="3522789411" Unknown1="3370811315">
      <SDL2 Key="2001579988">
        <Unknown>
          <Entry>
            <Values>
              <Entry>
                <Value0>7186</Value0>
                <Value1>0</Value1>
              </Entry>
            </Values>
            <Value0>147456</Value0>
            <Value1>65536</Value1>
          </Entry>
          <Entry>
            <Values>
              <Entry>
                <Value0>7187</Value0>
                <Value1>0</Value1>
              </Entry>
            </Values>
            <Value0>147456</Value0>
            <Value1>131072</Value1>
          </Entry>
          <Entry>
            <Values />
            <Value0>147459</Value0>
            <Value1>262144</Value1>
          </Entry>
          <Entry>
            <Values>
              <Entry>
                <Value0>7188</Value0>
                <Value1>0</Value1>
              </Entry>
            </Values>
            <Value0>147456</Value0>
            <Value1>327680</Value1>
          </Entry>
          <Entry>
            <Values />
            <Value0>147459</Value0>
            <Value1>393216</Value1>
          </Entry>
        </Unknown>
        <Dialogs>
          <Dialog>高嶺</Dialog>
          <Dialog>Ah, my eyes hurt... Can you
take a look？</Dialog>
          <Dialog>...C-Can you？</Dialog>
          <Dialog>○○○○○○○○</Dialog>
          <Dialog>I'm... quite nervous.</Dialog>
          <Dialog>Eh？</Dialog>
          <Dialog>A-Anyway, I don't see any dust
in there. You should be fine！</Dialog>
        </Dialogs>
      </SDL2>
    </Entry>
    <Entry Unknown0="3730767398" Unknown1="609256472">
      <SDL2 Key="2001579988">
        <Unknown>
          <Entry>
            <Values>
              <Entry>
                <Value0>7189</Value0>
                <Value1>0</Value1>
              </Entry>
            </Values>
            <Value0>147456</Value0>
            <Value1>65536</Value1>
          </Entry>
          <Entry>
            <Values />
            <Value0>147458</Value0>
            <Value1>196608</Value1>
          </Entry>
          <Entry>
            <Values>
              <Entry>
                <Value0>7190</Value0>
                <Value1>0</Value1>
              </Entry>
            </Values>
            <Value0>147456</Value0>
            <Value1>262144</Value1>
          </Entry>
          <Entry>
            <Values />
            <Value0>147458</Value0>
            <Value1>327680</Value1>
          </Entry>
          <Entry>
            <Values>
              <Entry>
                <Value0>7191</Value0>
                <Value1>0</Value1>
              </Entry>
            </Values>
            <Value0>147456</Value0>
            <Value1>393216</Value1>
          </Entry>
        </Unknown>
        <Dialogs>
          <Dialog>高嶺</Dialog>
          <Dialog>Hehe, such a cute couple.</Dialog>
          <Dialog>○○○○○○○○</Dialog>
          <Dialog>Ah, they're probably in junior
high.</Dialog>
          <Dialog>I guess. They're holding
hands. So nice...</Dialog>
          <Dialog>So nice...</Dialog>
          <Dialog>Hey, I wonder what they're
talking about. Hehe.</Dialog>
        </Dialogs>
      </SDL2>
    </Entry>
    <Entry Unknown0="1002763661" Unknown1="2169891198">
      <SDL2 Key="2542655055">
        <Unknown>
          <Entry>
            <Values>
              <Entry>
                <Value0>7192</Value0>
                <Value1>0</Value1>
              </Entry>
            </Values>
            <Value0>147456</Value0>
            <Value1>65536</Value1>
          </Entry>
          <Entry>
            <Values />
            <Value0>147458</Value0>
            <Value1>196608</Value1>
          </Entry>
          <Entry>
            <Values>
              <Entry>
                <Value0>7193</Value0>
                <Value1>0</Value1>
              </Entry>
            </Values>
            <Value0>147456</Value0>
            <Value1>262144</Value1>
          </Entry>
          <Entry>
            <Values />
            <Value0>147458</Value0>
            <Value1>327680</Value1>
          </Entry>
          <Entry>
            <Values>
              <Entry>
                <Value0>7194</Value0>
                <Value1>0</Value1>
              </Entry>
            </Values>
            <Value0>147456</Value0>
            <Value1>393216</Value1>
          </Entry>
        </Unknown>
        <Dialogs>
          <Dialog>高嶺</Dialog>
          <Dialog>Hehe, such a cute couple. ...I
don't know if saying cute
would be rude to them.</Dialog>
          <Dialog>○○○○○○○○</Dialog>
          <Dialog>That grandpa and grandma,
they're smiling happily. They
have such good vibes.</Dialog>
          <Dialog>If we can be together like
that when we are their age, we
must be very happy.</Dialog>
          <Dialog>Yeah. Let's set it as our goal
then.</Dialog>
          <Dialog>Hehe. Agreed！ We'll start
becoming like them little by
little, right？</Dialog>
        </Dialogs>
      </SDL2>
    </Entry>
    <Entry Unknown0="2177454323" Unknown1="2277134211">
      <SDL2 Key="2542655055">
        <Unknown>
          <Entry>
            <Values>
              <Entry>
                <Value0>7195</Value0>
                <Value1>0</Value1>
              </Entry>
            </Values>
            <Value0>147456</Value0>
            <Value1>65536</Value1>
          </Entry>
          <Entry>
            <Values />
            <Value0>147458</Value0>
            <Value1>196608</Value1>
          </Entry>
          <Entry>
            <Values>
              <Entry>
                <Value0>7196</Value0>
                <Value1>0</Value1>
              </Entry>
            </Values>
            <Value0>147456</Value0>
            <Value1>262144</Value1>
          </Entry>
          <Entry>
            <Values />
            <Value0>147458</Value0>
            <Value1>327680</Value1>
          </Entry>
          <Entry>
            <Values>
              <Entry>
                <Value0>7197</Value0>
                <Value1>0</Value1>
              </Entry>
            </Values>
            <Value0>147456</Value0>
            <Value1>393216</Value1>
          </Entry>
        </Unknown>
        <Dialogs>
          <Dialog>高嶺</Dialog>
          <Dialog>Ah, that guy looked exactly
like you...</Dialog>
          <Dialog>○○○○○○○○</Dialog>
          <Dialog>Which one？</Dialog>
          <Dialog>He's gone already. I think
he's a business man because he
wore suit... Hehe...</Dialog>
          <Dialog>What？</Dialog>
          <Dialog>He looked cool. I can't wait
to see you become like that▼</Dialog>
        </Dialogs>
      </SDL2>
    </Entry>
    <Entry Unknown0="2385432310" Unknown1="689984744">
      <SDL2 Key="2542655055">
        <Unknown>
          <Entry>
            <Values>
              <Entry>
                <Value0>7198</Value0>
                <Value1>0</Value1>
              </Entry>
            </Values>
            <Value0>147456</Value0>
            <Value1>65536</Value1>
          </Entry>
          <Entry>
            <Values />
            <Value0>147458</Value0>
            <Value1>196608</Value1>
          </Entry>
          <Entry>
            <Values>
              <Entry>
                <Value0>7199</Value0>
                <Value1>0</Value1>
              </Entry>
            </Values>
            <Value0>147456</Value0>
            <Value1>262144</Value1>
          </Entry>
          <Entry>
            <Values />
            <Value0>147458</Value0>
            <Value1>327680</Value1>
          </Entry>
          <Entry>
            <Values>
              <Entry>
                <Value0>7200</Value0>
                <Value1>0</Value1>
              </Entry>
            </Values>
            <Value0>147456</Value0>
            <Value1>393216</Value1>
          </Entry>
        </Unknown>
        <Dialogs>
          <Dialog>高嶺</Dialog>
          <Dialog>Wow, such a beautiful woman...</Dialog>
          <Dialog>○○○○○○○○</Dialog>
          <Dialog>She looks stylish, too！</Dialog>
          <Dialog>...You can't look at her.</Dialog>
          <Dialog>...Huh？</Dialog>
          <Dialog>You can't. Okay, let's go！</Dialog>
        </Dialogs>
      </SDL2>
    </Entry>
    <Entry Unknown0="3952395613" Unknown1="1378203982">
      <SDL2 Key="1598970134">
        <Unknown>
          <Entry>
            <Values>
              <Entry>
                <Value0>7201</Value0>
                <Value1>0</Value1>
              </Entry>
            </Values>
            <Value0>147456</Value0>
            <Value1>65536</Value1>
          </Entry>
          <Entry>
            <Values />
            <Value0>147458</Value0>
            <Value1>196608</Value1>
          </Entry>
          <Entry>
            <Values>
              <Entry>
                <Value0>7202</Value0>
                <Value1>0</Value1>
              </Entry>
              <Entry>
                <Value0>7203</Value0>
                <Value1>500</Value1>
              </Entry>
            </Values>
            <Value0>147456</Value0>
            <Value1>262144</Value1>
          </Entry>
          <Entry>
            <Values />
            <Value0>147458</Value0>
            <Value1>327680</Value1>
          </Entry>
          <Entry>
            <Values>
              <Entry>
                <Value0>7204</Value0>
                <Value1>0</Value1>
              </Entry>
            </Values>
            <Value0>147456</Value0>
            <Value1>393216</Value1>
          </Entry>
        </Unknown>
        <Dialogs>
          <Dialog>高嶺</Dialog>
          <Dialog>I think that girl is in grade
school. She's just so
energetic.</Dialog>
          <Dialog>○○○○○○○○</Dialog>
          <Dialog>She runs around like that
without being tired.</Dialog>
          <Dialog>...I'm quite jealous of her. I
wish I could stay as a child.
It would be more fun.</Dialog>
          <Dialog>But now we're having a great
time, so it's good like this,
too, right？</Dialog>
          <Dialog>...Yes！</Dialog>
        </Dialogs>
      </SDL2>
    </Entry>
    <Entry Unknown0="1905860803" Unknown1="1384783699">
      <SDL2 Key="1401851761">
        <Unknown>
          <Entry>
            <Values>
              <Entry>
                <Value0>7205</Value0>
                <Value1>0</Value1>
              </Entry>
            </Values>
            <Value0>147456</Value0>
            <Value1>65536</Value1>
          </Entry>
          <Entry>
            <Values />
            <Value0>147458</Value0>
            <Value1>196608</Value1>
          </Entry>
          <Entry>
            <Values>
              <Entry>
                <Value0>7206</Value0>
                <Value1>0</Value1>
              </Entry>
              <Entry>
                <Value0>7207</Value0>
                <Value1>500</Value1>
              </Entry>
            </Values>
            <Value0>147456</Value0>
            <Value1>262144</Value1>
          </Entry>
          <Entry>
            <Values />
            <Value0>147458</Value0>
            <Value1>327680</Value1>
          </Entry>
          <Entry>
            <Values>
              <Entry>
                <Value0>7208</Value0>
                <Value1>0</Value1>
              </Entry>
              <Entry>
                <Value0>7209</Value0>
                <Value1>500</Value1>
              </Entry>
            </Values>
            <Value0>147456</Value0>
            <Value1>393216</Value1>
          </Entry>
        </Unknown>
        <Dialogs>
          <Dialog>高嶺</Dialog>
          <Dialog>That bicycle that just passed
us... That was a wrong thing
to do, right？</Dialog>
          <Dialog>○○○○○○○○</Dialog>
          <Dialog>Ah, having two people on a
bicycle is against the law.</Dialog>
          <Dialog>It's dangerous, right？ But
somehow, I want to try that
just once... If I could sit
very close to you...</Dialog>
          <Dialog>...Yeah, that would be nice.</Dialog>
          <Dialog>Hehe. But it's absolutely not
good to go against the law. We
can get that close in other
kinds of vehicles then▼</Dialog>
        </Dialogs>
      </SDL2>
    </Entry>
    <Entry Unknown0="2130616006" Unknown1="4277150904">
      <SDL2 Key="1770994339">
        <Unknown>
          <Entry>
            <Values>
              <Entry>
                <Value0>7210</Value0>
                <Value1>0</Value1>
              </Entry>
            </Values>
            <Value0>147456</Value0>
            <Value1>65536</Value1>
          </Entry>
          <Entry>
            <Values />
            <Value0>147458</Value0>
            <Value1>196608</Value1>
          </Entry>
          <Entry>
            <Values>
              <Entry>
                <Value0>7211</Value0>
                <Value1>0</Value1>
              </Entry>
            </Values>
            <Value0>147456</Value0>
            <Value1>262144</Value1>
          </Entry>
          <Entry>
            <Values />
            <Value0>147458</Value0>
            <Value1>327680</Value1>
          </Entry>
          <Entry>
            <Values>
              <Entry>
                <Value0>7212</Value0>
                <Value1>0</Value1>
              </Entry>
            </Values>
            <Value0>147456</Value0>
            <Value1>393216</Value1>
          </Entry>
        </Unknown>
        <Dialogs>
          <Dialog>高嶺</Dialog>
          <Dialog>Have you ever wanted to ride
on a big motorbike like the
one that just passed by？</Dialog>
          <Dialog>○○○○○○○○</Dialog>
          <Dialog>Ah, the one with the sidecar？
I don't know...</Dialog>
          <Dialog>I'm afraid of sitting on the
back, but I think it'd be more
fun like that.</Dialog>
          <Dialog>All right. If I plan to buy a
motorbike in the future, I'll
choose that type.</Dialog>
          <Dialog>Hehe！ I'm looking forward to
it.</Dialog>
        </Dialogs>
      </SDL2>
    </Entry>
    <Entry Unknown0="3680802093" Unknown1="1744144670">
      <SDL2 Key="2579452413">
        <Unknown>
          <Entry>
            <Values>
              <Entry>
                <Value0>7213</Value0>
                <Value1>0</Value1>
              </Entry>
            </Values>
            <Value0>147456</Value0>
            <Value1>65536</Value1>
          </Entry>
          <Entry>
            <Values />
            <Value0>147458</Value0>
            <Value1>196608</Value1>
          </Entry>
          <Entry>
            <Values>
              <Entry>
                <Value0>7214</Value0>
                <Value1>0</Value1>
              </Entry>
              <Entry>
                <Value0>7215</Value0>
                <Value1>500</Value1>
              </Entry>
            </Values>
            <Value0>147456</Value0>
            <Value1>262144</Value1>
          </Entry>
          <Entry>
            <Values />
            <Value0>147458</Value0>
            <Value1>327680</Value1>
          </Entry>
          <Entry>
            <Values>
              <Entry>
                <Value0>7216</Value0>
                <Value1>0</Value1>
              </Entry>
              <Entry>
                <Value0>7217</Value0>
                <Value1>500</Value1>
              </Entry>
            </Values>
            <Value0>147456</Value0>
            <Value1>393216</Value1>
          </Entry>
        </Unknown>
        <Dialogs>
          <Dialog>高嶺</Dialog>
          <Dialog>I wonder if it's difficult to
get a driver's license.</Dialog>
          <Dialog>○○○○○○○○</Dialog>
          <Dialog>I don't know... You wanna get
one？ I thought you'd say that
it's dangerous or that your
parents won't allow you to.</Dialog>
          <Dialog>If I become a doctor in the
future, I'll need a car,
right？ My family runs a
hospital, after all.</Dialog>
          <Dialog>I see... You really thought it
out.</Dialog>
          <Dialog>But, if I said that I wanted
to go for a drive with you, my
parents wouldn't allow it. So,
keep this a secret, okay？</Dialog>
        </Dialogs>
      </SDL2>
    </Entry>
    <Entry Unknown0="560590995" Unknown1="1633349411">
      <SDL2 Key="2579452413">
        <Unknown>
          <Entry>
            <Values>
              <Entry>
                <Value0>7218</Value0>
                <Value1>0</Value1>
              </Entry>
            </Values>
            <Value0>147456</Value0>
            <Value1>65536</Value1>
          </Entry>
          <Entry>
            <Values />
            <Value0>147458</Value0>
            <Value1>196608</Value1>
          </Entry>
          <Entry>
            <Values>
              <Entry>
                <Value0>7219</Value0>
                <Value1>0</Value1>
              </Entry>
            </Values>
            <Value0>147456</Value0>
            <Value1>262144</Value1>
          </Entry>
          <Entry>
            <Values />
            <Value0>147458</Value0>
            <Value1>327680</Value1>
          </Entry>
          <Entry>
            <Values>
              <Entry>
                <Value0>7220</Value0>
                <Value1>0</Value1>
              </Entry>
            </Values>
            <Value0>147456</Value0>
            <Value1>393216</Value1>
          </Entry>
          <Entry>
            <Values />
            <Value0>147458</Value0>
            <Value1>458752</Value1>
          </Entry>
        </Unknown>
        <Dialogs>
          <Dialog>高嶺</Dialog>
          <Dialog>Ah！ My dad's car.</Dialog>
          <Dialog>○○○○○○○○</Dialog>
          <Dialog>That luxury one！？</Dialog>
          <Dialog>I thought it was, but it
wasn't. Haha, you don't have
to panic.</Dialog>
          <Dialog>If he sees us, he'll think
that I'm taking his daughter
away.</Dialog>
          <Dialog>Yeah, but he'll listen to us.
You'll have to confront him
when the time comes, okay？</Dialog>
          <Dialog>(Are you serious...？)</Dialog>
        </Dialogs>
      </SDL2>
    </Entry>
    <Entry Unknown0="785280662" Unknown1="2210460808">
      <SDL2 Key="4047602388">
        <Unknown>
          <Entry>
            <Values>
              <Entry>
                <Value0>7221</Value0>
                <Value1>0</Value1>
              </Entry>
            </Values>
            <Value0>147456</Value0>
            <Value1>65536</Value1>
          </Entry>
          <Entry>
            <Values />
            <Value0>147458</Value0>
            <Value1>196608</Value1>
          </Entry>
          <Entry>
            <Values>
              <Entry>
                <Value0>7222</Value0>
                <Value1>0</Value1>
              </Entry>
              <Entry>
                <Value0>7223</Value0>
                <Value1>500</Value1>
              </Entry>
            </Values>
            <Value0>147456</Value0>
            <Value1>262144</Value1>
          </Entry>
          <Entry>
            <Values />
            <Value0>147458</Value0>
            <Value1>327680</Value1>
          </Entry>
          <Entry>
            <Values>
              <Entry>
                <Value0>7224</Value0>
                <Value1>0</Value1>
              </Entry>
            </Values>
            <Value0>147456</Value0>
            <Value1>393216</Value1>
          </Entry>
        </Unknown>
        <Dialogs>
          <Dialog>高嶺</Dialog>
          <Dialog>Ah！ An ambulance...</Dialog>
          <Dialog>○○○○○○○○</Dialog>
          <Dialog>What's wrong？</Dialog>
          <Dialog>Hey, you need to be very
careful. Don't get sick or
hurt yourself, okay？ I don't
know what I'd do if I didn't
have you...</Dialog>
          <Dialog>▲高嶺＊＊▲,
too. You must be careful. If I
didn't have
▲高嶺＊＊▲,
I would be very sad.</Dialog>
          <Dialog>Okay...</Dialog>
        </Dialogs>
      </SDL2>
    </Entry>
    <Entry Unknown0="2335467005" Unknown1="952457710">
      <SDL2 Key="1941043775">
        <Unknown>
          <Entry>
            <Values>
              <Entry>
                <Value0>7225</Value0>
                <Value1>0</Value1>
              </Entry>
            </Values>
            <Value0>147456</Value0>
            <Value1>65536</Value1>
          </Entry>
          <Entry>
            <Values />
            <Value0>147458</Value0>
            <Value1>196608</Value1>
          </Entry>
          <Entry>
            <Values>
              <Entry>
                <Value0>7226</Value0>
                <Value1>0</Value1>
              </Entry>
            </Values>
            <Value0>147456</Value0>
            <Value1>262144</Value1>
          </Entry>
          <Entry>
            <Values />
            <Value0>147458</Value0>
            <Value1>327680</Value1>
          </Entry>
          <Entry>
            <Values>
              <Entry>
                <Value0>7227</Value0>
                <Value1>0</Value1>
              </Entry>
              <Entry>
                <Value0>7228</Value0>
                <Value1>500</Value1>
              </Entry>
            </Values>
            <Value0>147456</Value0>
            <Value1>393216</Value1>
          </Entry>
        </Unknown>
        <Dialogs>
          <Dialog>高嶺</Dialog>
          <Dialog>Kyaa！</Dialog>
          <Dialog>○○○○○○○○</Dialog>
          <Dialog>What's wrong？ What happened？</Dialog>
          <Dialog>N-No... I just saw something
that looked like a space
alien... Didn't you see it？</Dialog>
          <Dialog>I didn't... You probably
mistook something for it.
Maybe it was a balloon？</Dialog>
          <Dialog>...That might be so. Its
movement was so strange, but I
guess you were right. Yeah...</Dialog>
        </Dialogs>
      </SDL2>
    </Entry>
    <Entry Unknown0="288997475" Unknown1="1009434611">
      <SDL2 Key="2481009034">
        <Unknown>
          <Entry>
            <Values>
              <Entry>
                <Value0>7229</Value0>
                <Value1>0</Value1>
              </Entry>
            </Values>
            <Value0>147456</Value0>
            <Value1>65536</Value1>
          </Entry>
          <Entry>
            <Values />
            <Value0>147458</Value0>
            <Value1>196608</Value1>
          </Entry>
          <Entry>
            <Values />
            <Value0>147458</Value0>
            <Value1>262144</Value1>
          </Entry>
          <Entry>
            <Values />
            <Value0>147458</Value0>
            <Value1>327680</Value1>
          </Entry>
          <Entry>
            <Values>
              <Entry>
                <Value0>7230</Value0>
                <Value1>0</Value1>
              </Entry>
            </Values>
            <Value0>147456</Value0>
            <Value1>393216</Value1>
          </Entry>
          <Entry>
            <Values />
            <Value0>147458</Value0>
            <Value1>458752</Value1>
          </Entry>
        </Unknown>
        <Dialogs>
          <Dialog>高嶺</Dialog>
          <Dialog>There's a lion running...</Dialog>
          <Dialog>○○○○○○○○</Dialog>
          <Dialog>Where！？ No way！ Did a lion
flee from a zoo or
something！？</Dialog>
          <Dialog>But I don't hear anyone
screaming... Ah！ You just
wanted to scare me, right？
Nice job,
▲高嶺＊＊▲.</Dialog>
          <Dialog>▲高嶺＊＊▲...？</Dialog>
          <Dialog>Y-Yes！ I just wanted to scare
you！ Big success...</Dialog>
          <Dialog>(Was she serious about it...？
No way...)</Dialog>
        </Dialogs>
      </SDL2>
    </Entry>
    <Entry Unknown0="513687142" Unknown1="1351664728">
      <SDL2 Key="2481009034">
        <Unknown>
          <Entry>
            <Values>
              <Entry>
                <Value0>7231</Value0>
                <Value1>0</Value1>
              </Entry>
            </Values>
            <Value0>147456</Value0>
            <Value1>65536</Value1>
          </Entry>
          <Entry>
            <Values />
            <Value0>147458</Value0>
            <Value1>196608</Value1>
          </Entry>
          <Entry>
            <Values>
              <Entry>
                <Value0>7232</Value0>
                <Value1>0</Value1>
              </Entry>
            </Values>
            <Value0>147456</Value0>
            <Value1>262144</Value1>
          </Entry>
          <Entry>
            <Values />
            <Value0>147458</Value0>
            <Value1>327680</Value1>
          </Entry>
          <Entry>
            <Values>
              <Entry>
                <Value0>7233</Value0>
                <Value1>0</Value1>
              </Entry>
            </Values>
            <Value0>147456</Value0>
            <Value1>393216</Value1>
          </Entry>
        </Unknown>
        <Dialogs>
          <Dialog>高嶺</Dialog>
          <Dialog>！！ Did you see that？ A
fast-walking turtle！</Dialog>
          <Dialog>○○○○○○○○</Dialog>
          <Dialog>Turtle！？</Dialog>
          <Dialog>Yeah, I think it was a giant
turtle. I never imagined I
would see the real thing.</Dialog>
          <Dialog>Could it be a radio-controlled
toy？ It's too rare...</Dialog>
          <Dialog>Hehe. Its eyes were so cute▼
You should have seen it.</Dialog>
        </Dialogs>
      </SDL2>
    </Entry>
    <Entry Unknown0="2063873485" Unknown1="3449104830">
      <SDL2 Key="1538499681">
        <Unknown>
          <Entry>
            <Values>
              <Entry>
                <Value0>7234</Value0>
                <Value1>0</Value1>
              </Entry>
            </Values>
            <Value0>147456</Value0>
            <Value1>65536</Value1>
          </Entry>
          <Entry>
            <Values />
            <Value0>147458</Value0>
            <Value1>196608</Value1>
          </Entry>
          <Entry>
            <Values>
              <Entry>
                <Value0>7235</Value0>
                <Value1>0</Value1>
              </Entry>
            </Values>
            <Value0>147456</Value0>
            <Value1>262144</Value1>
          </Entry>
          <Entry>
            <Values />
            <Value0>147458</Value0>
            <Value1>327680</Value1>
          </Entry>
          <Entry>
            <Values>
              <Entry>
                <Value0>7236</Value0>
                <Value1>0</Value1>
              </Entry>
            </Values>
            <Value0>147456</Value0>
            <Value1>393216</Value1>
          </Entry>
          <Entry>
            <Values />
            <Value0>147458</Value0>
            <Value1>458752</Value1>
          </Entry>
        </Unknown>
        <Dialogs>
          <Dialog>高嶺</Dialog>
          <Dialog>Wow... Hey, they make cars
that look like bugs, right？</Dialog>
          <Dialog>○○○○○○○○</Dialog>
          <Dialog>Why？</Dialog>
          <Dialog>That brown car that passed us
just now looked like a bug and
had 2 antennas sticking out.</Dialog>
          <Dialog>I don't think that kind of car
exists though...</Dialog>
          <Dialog>That's what I thought. But if
that wasn't a car, then what
could it be...？</Dialog>
          <Dialog>(Something brown with antennas
and looks like a bug...
Huh...？)</Dialog>
        </Dialogs>
      </SDL2>
    </Entry>
    <Entry Unknown0="3238629427" Unknown1="3422195651">
      <SDL2 Key="2346900411">
        <Unknown>
          <Entry>
            <Values>
              <Entry>
                <Value0>7237</Value0>
                <Value1>0</Value1>
              </Entry>
            </Values>
            <Value0>147456</Value0>
            <Value1>65536</Value1>
          </Entry>
          <Entry>
            <Values />
            <Value0>147458</Value0>
            <Value1>196608</Value1>
          </Entry>
          <Entry>
            <Values />
            <Value0>147458</Value0>
            <Value1>262144</Value1>
          </Entry>
          <Entry>
            <Values>
              <Entry>
                <Value0>7238</Value0>
                <Value1>0</Value1>
              </Entry>
            </Values>
            <Value0>147456</Value0>
            <Value1>327680</Value1>
          </Entry>
          <Entry>
            <Values />
            <Value0>147458</Value0>
            <Value1>393216</Value1>
          </Entry>
          <Entry>
            <Values>
              <Entry>
                <Value0>7239</Value0>
                <Value1>0</Value1>
              </Entry>
            </Values>
            <Value0>147456</Value0>
            <Value1>458752</Value1>
          </Entry>
        </Unknown>
        <Dialogs>
          <Dialog>高嶺</Dialog>
          <Dialog>Ah... My favorite sumo
wrestler！</Dialog>
          <Dialog>○○○○○○○○</Dialog>
          <Dialog>Where？</Dialog>
          <Dialog>He's gone...</Dialog>
          <Dialog>...I think I mistook someone
as him. Sorry to leave you
alone.</Dialog>
          <Dialog>Don't feel so down. Next time
I'll chase after him with you.</Dialog>
          <Dialog>...Okay！ Thank you.</Dialog>
        </Dialogs>
      </SDL2>
    </Entry>
    <Entry Unknown0="3463319094" Unknown1="1684050984">
      <SDL2 Key="2346900411">
        <Unknown>
          <Entry>
            <Values>
              <Entry>
                <Value0>7240</Value0>
                <Value1>0</Value1>
              </Entry>
            </Values>
            <Value0>147456</Value0>
            <Value1>65536</Value1>
          </Entry>
          <Entry>
            <Values />
            <Value0>147458</Value0>
            <Value1>196608</Value1>
          </Entry>
          <Entry>
            <Values />
            <Value0>147458</Value0>
            <Value1>262144</Value1>
          </Entry>
          <Entry>
            <Values>
              <Entry>
                <Value0>7241</Value0>
                <Value1>0</Value1>
              </Entry>
            </Values>
            <Value0>147456</Value0>
            <Value1>327680</Value1>
          </Entry>
          <Entry>
            <Values />
            <Value0>147458</Value0>
            <Value1>393216</Value1>
          </Entry>
        </Unknown>
        <Dialogs>
          <Dialog>高嶺</Dialog>
          <Dialog>The weather is nice.</Dialog>
          <Dialog>○○○○○○○○</Dialog>
          <Dialog>Yeah... Ah！
▲高嶺＊＊▲.
This way！</Dialog>
          <Dialog>It's dangerous... What are you
doing？</Dialog>
          <Dialog>Thank you... I couldn't
imagine how I would be if I
fell down there...</Dialog>
          <Dialog>(Next time we come here, I
have to watch out for her.)</Dialog>
        </Dialogs>
      </SDL2>
    </Entry>
  </Entries>
</DBIN2>