<?xml version="1.0" encoding="utf-8"?>
<DBIN2 xmlns:xsi="http://www.w3.org/2001/XMLSchema-instance" xmlns:xsd="http://www.w3.org/2001/XMLSchema" Key="4145728585" Unknown="5">
  <Entries>
    <Entry Unknown0="2347566742" Unknown1="3825438171">
      <SDL2 Key="732372413">
        <Unknown />
        <Dialogs />
      </SDL2>
    </Entry>
    <Entry Unknown0="3571874999" Unknown1="3697913556">
      <SDL2 Key="732372413">
        <Unknown>
          <Entry>
            <Values>
              <Entry>
                <Value0>4294901760</Value0>
                <Value1>0</Value1>
              </Entry>
              <Entry>
                <Value0>7753</Value0>
                <Value1>500</Value1>
              </Entry>
            </Values>
            <Value0>147456</Value0>
            <Value1>65536</Value1>
          </Entry>
          <Entry>
            <Values />
            <Value0>147458</Value0>
            <Value1>196608</Value1>
          </Entry>
        </Unknown>
        <Dialogs>
          <Dialog>高嶺</Dialog>
          <Dialog>▲主人公＊▲.
May I ask you a question？</Dialog>
          <Dialog>○○○○○○○○</Dialog>
          <Dialog>Um, yes.</Dialog>
        </Dialogs>
      </SDL2>
    </Entry>
    <Entry Unknown0="2906431408" Unknown1="965257002">
      <SDL2 Key="3313074580">
        <Unknown>
          <Entry>
            <Values>
              <Entry>
                <Value0>7754</Value0>
                <Value1>0</Value1>
              </Entry>
            </Values>
            <Value0>147456</Value0>
            <Value1>65536</Value1>
          </Entry>
          <Entry>
            <Values />
            <Value0>147458</Value0>
            <Value1>196608</Value1>
          </Entry>
          <Entry>
            <Values>
              <Entry>
                <Value0>7755</Value0>
                <Value1>0</Value1>
              </Entry>
            </Values>
            <Value0>147456</Value0>
            <Value1>262144</Value1>
          </Entry>
          <Entry>
            <Values />
            <Value0>147458</Value0>
            <Value1>327680</Value1>
          </Entry>
          <Entry>
            <Values>
              <Entry>
                <Value0>7756</Value0>
                <Value1>0</Value1>
              </Entry>
            </Values>
            <Value0>147456</Value0>
            <Value1>393216</Value1>
          </Entry>
        </Unknown>
        <Dialogs>
          <Dialog>高嶺</Dialog>
          <Dialog>This morning, I read a fortune
telling column in a newspaper.</Dialog>
          <Dialog>○○○○○○○○</Dialog>
          <Dialog>Hmm？ And what did it say？</Dialog>
          <Dialog>Hehe. It said, "Everything
will go smoothly. You are very
lucky."</Dialog>
          <Dialog>Oh, that's good. And did you
find anything lucky today？</Dialog>
          <Dialog>Having a chance to talk with
you like this... No, there's
nothing. Hehe！</Dialog>
        </Dialogs>
      </SDL2>
    </Entry>
    <Entry Unknown0="459118086" Unknown1="1601437003">
      <SDL2 Key="3313074580">
        <Unknown>
          <Entry>
            <Values>
              <Entry>
                <Value0>7757</Value0>
                <Value1>0</Value1>
              </Entry>
            </Values>
            <Value0>147456</Value0>
            <Value1>65536</Value1>
          </Entry>
          <Entry>
            <Values />
            <Value0>147458</Value0>
            <Value1>196608</Value1>
          </Entry>
          <Entry>
            <Values>
              <Entry>
                <Value0>7758</Value0>
                <Value1>0</Value1>
              </Entry>
            </Values>
            <Value0>147456</Value0>
            <Value1>262144</Value1>
          </Entry>
          <Entry>
            <Values />
            <Value0>147458</Value0>
            <Value1>327680</Value1>
          </Entry>
          <Entry>
            <Values>
              <Entry>
                <Value0>7759</Value0>
                <Value1>0</Value1>
              </Entry>
              <Entry>
                <Value0>7760</Value0>
                <Value1>500</Value1>
              </Entry>
            </Values>
            <Value0>147456</Value0>
            <Value1>393216</Value1>
          </Entry>
        </Unknown>
        <Dialogs>
          <Dialog>高嶺</Dialog>
          <Dialog>This morning, I read a fortune
telling column in a newspaper.</Dialog>
          <Dialog>○○○○○○○○</Dialog>
          <Dialog>Hmm？ And what did it say？</Dialog>
          <Dialog>It said, "Things go like
flowing water. You are lucky."</Dialog>
          <Dialog>Eh...？ It sounds so
philosophical.</Dialog>
          <Dialog>Hehe, is that so？ I think
today will be a good day just
like the other days.</Dialog>
        </Dialogs>
      </SDL2>
    </Entry>
    <Entry Unknown0="609668135" Unknown1="1104748100">
      <SDL2 Key="4121540846">
        <Unknown>
          <Entry>
            <Values>
              <Entry>
                <Value0>7761</Value0>
                <Value1>0</Value1>
              </Entry>
            </Values>
            <Value0>147456</Value0>
            <Value1>65536</Value1>
          </Entry>
          <Entry>
            <Values />
            <Value0>147458</Value0>
            <Value1>196608</Value1>
          </Entry>
          <Entry>
            <Values>
              <Entry>
                <Value0>7762</Value0>
                <Value1>0</Value1>
              </Entry>
            </Values>
            <Value0>147456</Value0>
            <Value1>262144</Value1>
          </Entry>
          <Entry>
            <Values />
            <Value0>147458</Value0>
            <Value1>327680</Value1>
          </Entry>
          <Entry>
            <Values>
              <Entry>
                <Value0>7763</Value0>
                <Value1>0</Value1>
              </Entry>
            </Values>
            <Value0>147456</Value0>
            <Value1>393216</Value1>
          </Entry>
          <Entry>
            <Values />
            <Value0>147458</Value0>
            <Value1>458752</Value1>
          </Entry>
        </Unknown>
        <Dialogs>
          <Dialog>高嶺</Dialog>
          <Dialog>This morning, I read a fortune
telling column in a newspaper.</Dialog>
          <Dialog>○○○○○○○○</Dialog>
          <Dialog>Hmm？ And what did it say？</Dialog>
          <Dialog>It said, "Be careful. Today is
bad."</Dialog>
          <Dialog>...Really？ Well, don't take
it too seriously！</Dialog>
          <Dialog>Yeah... After all, it's just a
fortune, right？ ...Just let
it be. It's merely a
fortune...</Dialog>
          <Dialog>(She takes these things
surprisingly seriously.)</Dialog>
        </Dialogs>
      </SDL2>
    </Entry>
  </Entries>
</DBIN2>