<?xml version="1.0" encoding="utf-8"?>
<DBIN2 xmlns:xsi="http://www.w3.org/2001/XMLSchema-instance" xmlns:xsd="http://www.w3.org/2001/XMLSchema" Key="1001772578" Unknown="33">
  <Entries>
    <Entry Unknown0="3923546680" Unknown1="398291794">
      <SDL2 Key="634973770">
        <Unknown>
          <Entry>
            <Values />
            <Value0>147456</Value0>
            <Value1>65536</Value1>
          </Entry>
          <Entry>
            <Values>
              <Entry>
                <Value0>7764</Value0>
                <Value1>0</Value1>
              </Entry>
            </Values>
            <Value0>147458</Value0>
            <Value1>196608</Value1>
          </Entry>
          <Entry>
            <Values />
            <Value0>147456</Value0>
            <Value1>262144</Value1>
          </Entry>
          <Entry>
            <Values>
              <Entry>
                <Value0>7765</Value0>
                <Value1>0</Value1>
              </Entry>
            </Values>
            <Value0>147458</Value0>
            <Value1>327680</Value1>
          </Entry>
          <Entry>
            <Values />
            <Value0>147456</Value0>
            <Value1>393216</Value1>
          </Entry>
          <Entry>
            <Values>
              <Entry>
                <Value0>7766</Value0>
                <Value1>0</Value1>
              </Entry>
            </Values>
            <Value0>147458</Value0>
            <Value1>458752</Value1>
          </Entry>
          <Entry>
            <Values />
            <Value0>147456</Value0>
            <Value1>524288</Value1>
          </Entry>
          <Entry>
            <Values>
              <Entry>
                <Value0>7767</Value0>
                <Value1>0</Value1>
              </Entry>
            </Values>
            <Value0>147458</Value0>
            <Value1>589824</Value1>
          </Entry>
        </Unknown>
        <Dialogs>
          <Dialog>○○○○○○○○</Dialog>
          <Dialog>Eh？
▲高嶺＊＊▲.</Dialog>
          <Dialog>高嶺</Dialog>
          <Dialog>What a coincidence. Are you
taking a walk？</Dialog>
          <Dialog>Yeah. How about you,
▲高嶺＊＊▲？</Dialog>
          <Dialog>Same here.</Dialog>
          <Dialog>Hmm？</Dialog>
          <Dialog>I think meeting you like this
is kind of wonderful.</Dialog>
          <Dialog>Yeah, I agree.</Dialog>
          <Dialog>...Teehee. So, we think alike,
eh？ I'm glad.</Dialog>
        </Dialogs>
      </SDL2>
    </Entry>
    <Entry Unknown0="397101374" Unknown1="3885529377">
      <SDL2 Key="634973770">
        <Unknown>
          <Entry>
            <Values />
            <Value0>147456</Value0>
            <Value1>65536</Value1>
          </Entry>
          <Entry>
            <Values>
              <Entry>
                <Value0>7768</Value0>
                <Value1>0</Value1>
              </Entry>
            </Values>
            <Value0>147458</Value0>
            <Value1>196608</Value1>
          </Entry>
          <Entry>
            <Values />
            <Value0>147456</Value0>
            <Value1>262144</Value1>
          </Entry>
          <Entry>
            <Values>
              <Entry>
                <Value0>7769</Value0>
                <Value1>0</Value1>
              </Entry>
            </Values>
            <Value0>147458</Value0>
            <Value1>327680</Value1>
          </Entry>
          <Entry>
            <Values>
              <Entry>
                <Value0>7770</Value0>
                <Value1>0</Value1>
              </Entry>
            </Values>
            <Value0>147458</Value0>
            <Value1>393216</Value1>
          </Entry>
          <Entry>
            <Values>
              <Entry>
                <Value0>7771</Value0>
                <Value1>0</Value1>
              </Entry>
            </Values>
            <Value0>147458</Value0>
            <Value1>458752</Value1>
          </Entry>
        </Unknown>
        <Dialogs>
          <Dialog>○○○○○○○○</Dialog>
          <Dialog>Ah,
▲高嶺＊＊▲.
Are you taking a walk today
too？</Dialog>
          <Dialog>高嶺</Dialog>
          <Dialog>......</Dialog>
          <Dialog>▲高嶺＊＊▲？</Dialog>
          <Dialog>Ah, I'm so sorry. I'm just
surprised...</Dialog>
          <Dialog>It felt like I would be able
to see you, so I came here.
And here we are.</Dialog>
          <Dialog>My intuition was right.
Teehee！</Dialog>
        </Dialogs>
      </SDL2>
    </Entry>
    <Entry Unknown0="3330700045" Unknown1="3282192636">
      <SDL2 Key="634973770">
        <Unknown>
          <Entry>
            <Values />
            <Value0>147456</Value0>
            <Value1>65536</Value1>
          </Entry>
          <Entry>
            <Values>
              <Entry>
                <Value0>7772</Value0>
                <Value1>0</Value1>
              </Entry>
            </Values>
            <Value0>147458</Value0>
            <Value1>196608</Value1>
          </Entry>
          <Entry>
            <Values />
            <Value0>147456</Value0>
            <Value1>262144</Value1>
          </Entry>
          <Entry>
            <Values>
              <Entry>
                <Value0>7773</Value0>
                <Value1>0</Value1>
              </Entry>
            </Values>
            <Value0>147458</Value0>
            <Value1>327680</Value1>
          </Entry>
          <Entry>
            <Values>
              <Entry>
                <Value0>7774</Value0>
                <Value1>0</Value1>
              </Entry>
            </Values>
            <Value0>147458</Value0>
            <Value1>393216</Value1>
          </Entry>
        </Unknown>
        <Dialogs>
          <Dialog>○○○○○○○○</Dialog>
          <Dialog>Ah,
▲高嶺＊＊▲.
Haha. We meet again.</Dialog>
          <Dialog>高嶺</Dialog>
          <Dialog>Yeah... I'm glad.</Dialog>
          <Dialog>Hmm？</Dialog>
          <Dialog>This kind of thing makes me
feel like the bond between us
is quite strong.</Dialog>
          <Dialog>...Sort of. Teehee！</Dialog>
        </Dialogs>
      </SDL2>
    </Entry>
    <Entry Unknown0="3112968936" Unknown1="3446547202">
      <SDL2 Key="3718930977">
        <Unknown>
          <Entry>
            <Values>
              <Entry>
                <Value0>4294901760</Value0>
                <Value1>0</Value1>
              </Entry>
            </Values>
            <Value0>147456</Value0>
            <Value1>65536</Value1>
          </Entry>
          <Entry>
            <Values />
            <Value0>147458</Value0>
            <Value1>196608</Value1>
          </Entry>
          <Entry>
            <Values>
              <Entry>
                <Value0>7775</Value0>
                <Value1>0</Value1>
              </Entry>
            </Values>
            <Value0>147456</Value0>
            <Value1>262144</Value1>
          </Entry>
          <Entry>
            <Values />
            <Value0>147458</Value0>
            <Value1>327680</Value1>
          </Entry>
          <Entry>
            <Values>
              <Entry>
                <Value0>7776</Value0>
                <Value1>0</Value1>
              </Entry>
            </Values>
            <Value0>147456</Value0>
            <Value1>393216</Value1>
          </Entry>
          <Entry>
            <Values />
            <Value0>147458</Value0>
            <Value1>458752</Value1>
          </Entry>
          <Entry>
            <Values>
              <Entry>
                <Value0>7777</Value0>
                <Value1>0</Value1>
              </Entry>
            </Values>
            <Value0>147456</Value0>
            <Value1>524288</Value1>
          </Entry>
          <Entry>
            <Values>
              <Entry>
                <Value0>7778</Value0>
                <Value1>0</Value1>
              </Entry>
            </Values>
            <Value0>147456</Value0>
            <Value1>589824</Value1>
          </Entry>
          <Entry>
            <Values />
            <Value0>147458</Value0>
            <Value1>655360</Value1>
          </Entry>
        </Unknown>
        <Dialogs>
          <Dialog>高嶺</Dialog>
          <Dialog>▲主人公＊▲.</Dialog>
          <Dialog>○○○○○○○○</Dialog>
          <Dialog>Ah, isn't that
▲高嶺＊＊▲？
What a coincidence.</Dialog>
          <Dialog>Hehe. Isn't it？ Are you going
to watch the movie？</Dialog>
          <Dialog>Yes, that's right.</Dialog>
          <Dialog>Is that so？ What a pity...</Dialog>
          <Dialog>That means
▲高嶺＊＊▲
has already watched it？</Dialog>
          <Dialog>Yes. We should have come to
watch it together in the first
place, right？</Dialog>
          <Dialog>Ah, the next screening is
about to start. Then I'll walk
you to the entrance.</Dialog>
          <Dialog>Haha！ Thank you！</Dialog>
        </Dialogs>
      </SDL2>
    </Entry>
    <Entry Unknown0="2807765486" Unknown1="2638948817">
      <SDL2 Key="3718930977">
        <Unknown>
          <Entry>
            <Values />
            <Value0>147456</Value0>
            <Value1>65536</Value1>
          </Entry>
          <Entry>
            <Values>
              <Entry>
                <Value0>7779</Value0>
                <Value1>0</Value1>
              </Entry>
            </Values>
            <Value0>147458</Value0>
            <Value1>196608</Value1>
          </Entry>
          <Entry>
            <Values>
              <Entry>
                <Value0>7780</Value0>
                <Value1>0</Value1>
              </Entry>
            </Values>
            <Value0>147458</Value0>
            <Value1>262144</Value1>
          </Entry>
          <Entry>
            <Values />
            <Value0>147456</Value0>
            <Value1>327680</Value1>
          </Entry>
          <Entry>
            <Values>
              <Entry>
                <Value0>7781</Value0>
                <Value1>0</Value1>
              </Entry>
            </Values>
            <Value0>147458</Value0>
            <Value1>393216</Value1>
          </Entry>
        </Unknown>
        <Dialogs>
          <Dialog>○○○○○○○○</Dialog>
          <Dialog>Eh？
▲高嶺＊＊▲？
We meet again.</Dialog>
          <Dialog>高嶺</Dialog>
          <Dialog>Yeah.</Dialog>
          <Dialog>By the way, are you by
yourself？</Dialog>
          <Dialog>O-Of course.</Dialog>
          <Dialog>Hehe. All right then. Enjoy
yourself.</Dialog>
        </Dialogs>
      </SDL2>
    </Entry>
    <Entry Unknown0="2520122301" Unknown1="2102524076">
      <SDL2 Key="3718930977">
        <Unknown>
          <Entry>
            <Values>
              <Entry>
                <Value0>7782</Value0>
                <Value1>0</Value1>
              </Entry>
            </Values>
            <Value0>147456</Value0>
            <Value1>65536</Value1>
          </Entry>
          <Entry>
            <Values />
            <Value0>147458</Value0>
            <Value1>196608</Value1>
          </Entry>
          <Entry>
            <Values>
              <Entry>
                <Value0>7783</Value0>
                <Value1>0</Value1>
              </Entry>
            </Values>
            <Value0>147456</Value0>
            <Value1>262144</Value1>
          </Entry>
          <Entry>
            <Values />
            <Value0>147458</Value0>
            <Value1>327680</Value1>
          </Entry>
          <Entry>
            <Values>
              <Entry>
                <Value0>7784</Value0>
                <Value1>0</Value1>
              </Entry>
            </Values>
            <Value0>147456</Value0>
            <Value1>393216</Value1>
          </Entry>
        </Unknown>
        <Dialogs>
          <Dialog>高嶺</Dialog>
          <Dialog>Hello.</Dialog>
          <Dialog>○○○○○○○○</Dialog>
          <Dialog>Ah,
▲高嶺＊＊▲...
We really meet often.</Dialog>
          <Dialog>When it comes to this, don't
you think we have some kind of
inseparable fate？</Dialog>
          <Dialog>That's right！</Dialog>
          <Dialog>...Hey, don't answer it so
bluntly. It's embarrassing...</Dialog>
        </Dialogs>
      </SDL2>
    </Entry>
    <Entry Unknown0="1228731032" Unknown1="1662833586">
      <SDL2 Key="500865147">
        <Unknown>
          <Entry>
            <Values>
              <Entry>
                <Value0>7785</Value0>
                <Value1>0</Value1>
              </Entry>
            </Values>
            <Value0>147456</Value0>
            <Value1>65536</Value1>
          </Entry>
          <Entry>
            <Values />
            <Value0>147458</Value0>
            <Value1>196608</Value1>
          </Entry>
          <Entry>
            <Values>
              <Entry>
                <Value0>7786</Value0>
                <Value1>0</Value1>
              </Entry>
            </Values>
            <Value0>147456</Value0>
            <Value1>262144</Value1>
          </Entry>
          <Entry>
            <Values />
            <Value0>147458</Value0>
            <Value1>327680</Value1>
          </Entry>
          <Entry>
            <Values>
              <Entry>
                <Value0>7787</Value0>
                <Value1>0</Value1>
              </Entry>
            </Values>
            <Value0>147456</Value0>
            <Value1>393216</Value1>
          </Entry>
          <Entry>
            <Values>
              <Entry>
                <Value0>7788</Value0>
                <Value1>0</Value1>
              </Entry>
            </Values>
            <Value0>147456</Value0>
            <Value1>458752</Value1>
          </Entry>
          <Entry>
            <Values />
            <Value0>147458</Value0>
            <Value1>524288</Value1>
          </Entry>
          <Entry>
            <Values>
              <Entry>
                <Value0>7789</Value0>
                <Value1>0</Value1>
              </Entry>
            </Values>
            <Value0>147456</Value0>
            <Value1>589824</Value1>
          </Entry>
          <Entry>
            <Values>
              <Entry>
                <Value0>7790</Value0>
                <Value1>0</Value1>
              </Entry>
            </Values>
            <Value0>147456</Value0>
            <Value1>655360</Value1>
          </Entry>
          <Entry>
            <Values />
            <Value0>147458</Value0>
            <Value1>720896</Value1>
          </Entry>
          <Entry>
            <Values>
              <Entry>
                <Value0>7791</Value0>
                <Value1>0</Value1>
              </Entry>
            </Values>
            <Value0>147456</Value0>
            <Value1>786432</Value1>
          </Entry>
        </Unknown>
        <Dialogs>
          <Dialog>高嶺</Dialog>
          <Dialog>Ah.</Dialog>
          <Dialog>○○○○○○○○</Dialog>
          <Dialog>Eh？
▲高嶺＊＊▲？</Dialog>
          <Dialog>Hello. Going to the gym？</Dialog>
          <Dialog>Well, yeah...How about you,
▲高嶺＊＊▲？</Dialog>
          <Dialog>I'm just about to go home.</Dialog>
          <Dialog>But, since you're here, maybe
I'll stay around a bit longer.</Dialog>
          <Dialog>Really？ I think I should've
come here earlier, then.</Dialog>
          <Dialog>Hehe！ We feel the same, don't
we？</Dialog>
          <Dialog>Ah. There's a cute trainer
there. Don't look at her too
much, okay？</Dialog>
          <Dialog>Yes~</Dialog>
          <Dialog>Very well, then...</Dialog>
        </Dialogs>
      </SDL2>
    </Entry>
    <Entry Unknown0="1997253022" Unknown1="1408883073">
      <SDL2 Key="500865147">
        <Unknown>
          <Entry>
            <Values>
              <Entry>
                <Value0>4294901760</Value0>
                <Value1>0</Value1>
              </Entry>
            </Values>
            <Value0>147456</Value0>
            <Value1>65536</Value1>
          </Entry>
          <Entry>
            <Values />
            <Value0>147458</Value0>
            <Value1>196608</Value1>
          </Entry>
          <Entry>
            <Values>
              <Entry>
                <Value0>7792</Value0>
                <Value1>0</Value1>
              </Entry>
            </Values>
            <Value0>147456</Value0>
            <Value1>262144</Value1>
          </Entry>
          <Entry>
            <Values />
            <Value0>147458</Value0>
            <Value1>327680</Value1>
          </Entry>
          <Entry>
            <Values>
              <Entry>
                <Value0>7793</Value0>
                <Value1>0</Value1>
              </Entry>
            </Values>
            <Value0>147456</Value0>
            <Value1>393216</Value1>
          </Entry>
        </Unknown>
        <Dialogs>
          <Dialog>高嶺</Dialog>
          <Dialog>▲主人公＊▲.</Dialog>
          <Dialog>○○○○○○○○</Dialog>
          <Dialog>Ah,
▲高嶺＊＊▲.
Don't tell me this is another
coincidence.</Dialog>
          <Dialog>It seems so. Hey, are you
doing this on purpose？</Dialog>
          <Dialog>▲高嶺＊＊▲,
are you！？</Dialog>
          <Dialog>Hehe！ I don't know if the God
of Coincidence is being kind
to us or teasing us.</Dialog>
        </Dialogs>
      </SDL2>
    </Entry>
    <Entry Unknown0="652661613" Unknown1="922986588">
      <SDL2 Key="3349879634">
        <Unknown>
          <Entry>
            <Values>
              <Entry>
                <Value0>7794</Value0>
                <Value1>0</Value1>
              </Entry>
            </Values>
            <Value0>147456</Value0>
            <Value1>65536</Value1>
          </Entry>
          <Entry>
            <Values />
            <Value0>147458</Value0>
            <Value1>196608</Value1>
          </Entry>
          <Entry>
            <Values>
              <Entry>
                <Value0>7795</Value0>
                <Value1>0</Value1>
              </Entry>
            </Values>
            <Value0>147456</Value0>
            <Value1>262144</Value1>
          </Entry>
          <Entry>
            <Values>
              <Entry>
                <Value0>7796</Value0>
                <Value1>0</Value1>
              </Entry>
            </Values>
            <Value0>147456</Value0>
            <Value1>327680</Value1>
          </Entry>
          <Entry>
            <Values />
            <Value0>147458</Value0>
            <Value1>393216</Value1>
          </Entry>
          <Entry>
            <Values>
              <Entry>
                <Value0>7797</Value0>
                <Value1>0</Value1>
              </Entry>
            </Values>
            <Value0>147456</Value0>
            <Value1>458752</Value1>
          </Entry>
        </Unknown>
        <Dialogs>
          <Dialog>高嶺</Dialog>
          <Dialog>H-e-l-l-o！</Dialog>
          <Dialog>○○○○○○○○</Dialog>
          <Dialog>Ah, we meet by chance again...</Dialog>
          <Dialog>Hehe... I think this is
already fate.</Dialog>
          <Dialog>We never schedule it, but we
seem to run into each other
every time, eh？</Dialog>
          <Dialog>Well, we can't go against
fate, right？</Dialog>
          <Dialog>We can't fight fate▼ Teehee！</Dialog>
        </Dialogs>
      </SDL2>
    </Entry>
    <Entry Unknown0="434930248" Unknown1="969769826">
      <SDL2 Key="3349879634">
        <Unknown>
          <Entry>
            <Values />
            <Value0>147456</Value0>
            <Value1>65536</Value1>
          </Entry>
          <Entry>
            <Values>
              <Entry>
                <Value0>7798</Value0>
                <Value1>0</Value1>
              </Entry>
            </Values>
            <Value0>147458</Value0>
            <Value1>196608</Value1>
          </Entry>
          <Entry>
            <Values />
            <Value0>147456</Value0>
            <Value1>262144</Value1>
          </Entry>
          <Entry>
            <Values>
              <Entry>
                <Value0>7799</Value0>
                <Value1>0</Value1>
              </Entry>
            </Values>
            <Value0>147458</Value0>
            <Value1>327680</Value1>
          </Entry>
          <Entry>
            <Values />
            <Value0>147456</Value0>
            <Value1>393216</Value1>
          </Entry>
          <Entry>
            <Values>
              <Entry>
                <Value0>7800</Value0>
                <Value1>0</Value1>
              </Entry>
            </Values>
            <Value0>147458</Value0>
            <Value1>458752</Value1>
          </Entry>
          <Entry>
            <Values />
            <Value0>147456</Value0>
            <Value1>524288</Value1>
          </Entry>
          <Entry>
            <Values>
              <Entry>
                <Value0>7801</Value0>
                <Value1>0</Value1>
              </Entry>
            </Values>
            <Value0>147458</Value0>
            <Value1>589824</Value1>
          </Entry>
          <Entry>
            <Values>
              <Entry>
                <Value0>7802</Value0>
                <Value1>0</Value1>
              </Entry>
            </Values>
            <Value0>147458</Value0>
            <Value1>655360</Value1>
          </Entry>
          <Entry>
            <Values />
            <Value0>147456</Value0>
            <Value1>720896</Value1>
          </Entry>
        </Unknown>
        <Dialogs>
          <Dialog>○○○○○○○○</Dialog>
          <Dialog>Eh？
▲高嶺＊＊▲.</Dialog>
          <Dialog>高嶺</Dialog>
          <Dialog>Hello. Out shopping？</Dialog>
          <Dialog>Yeah. Something like that. How
about you,
▲高嶺＊＊▲？</Dialog>
          <Dialog>Me, too. But I'm about to go
home.</Dialog>
          <Dialog>I see.
▲高嶺＊＊▲...？</Dialog>
          <Dialog>Eh？</Dialog>
          <Dialog>Your face is so red. Do you
have a fever？</Dialog>
          <Dialog>No, I don't. I just think that
it's nice that we met here, I
guess...</Dialog>
          <Dialog>My heart is pounding so fast
for something like this. Sorry
if I say something weird.</Dialog>
          <Dialog>(I wonder why her words are
making me feel embarrassed...)</Dialog>
        </Dialogs>
      </SDL2>
    </Entry>
    <Entry Unknown0="129726798" Unknown1="3920136497">
      <SDL2 Key="3889906349">
        <Unknown>
          <Entry>
            <Values />
            <Value0>147456</Value0>
            <Value1>65536</Value1>
          </Entry>
          <Entry>
            <Values>
              <Entry>
                <Value0>4294901760</Value0>
                <Value1>0</Value1>
              </Entry>
            </Values>
            <Value0>147458</Value0>
            <Value1>196608</Value1>
          </Entry>
          <Entry>
            <Values />
            <Value0>147456</Value0>
            <Value1>262144</Value1>
          </Entry>
          <Entry>
            <Values>
              <Entry>
                <Value0>7803</Value0>
                <Value1>0</Value1>
              </Entry>
            </Values>
            <Value0>147458</Value0>
            <Value1>327680</Value1>
          </Entry>
          <Entry>
            <Values>
              <Entry>
                <Value0>7804</Value0>
                <Value1>0</Value1>
              </Entry>
            </Values>
            <Value0>147458</Value0>
            <Value1>393216</Value1>
          </Entry>
        </Unknown>
        <Dialogs>
          <Dialog>○○○○○○○○</Dialog>
          <Dialog>Huh？ Hey！
▲高嶺＊＊▲.</Dialog>
          <Dialog>高嶺</Dialog>
          <Dialog>▲主人公＊▲.</Dialog>
          <Dialog>We meet often. Are you heading
home？</Dialog>
          <Dialog>Yes. You just got here, but I
have to go. Bad timing. Very
unfortunate.</Dialog>
          <Dialog>But, I'm so happy to see you.
Enjoy shopping, okay？</Dialog>
        </Dialogs>
      </SDL2>
    </Entry>
    <Entry Unknown0="4137050909" Unknown1="4054997004">
      <SDL2 Key="3889906349">
        <Unknown>
          <Entry>
            <Values />
            <Value0>147456</Value0>
            <Value1>65536</Value1>
          </Entry>
          <Entry>
            <Values>
              <Entry>
                <Value0>7805</Value0>
                <Value1>0</Value1>
              </Entry>
            </Values>
            <Value0>147458</Value0>
            <Value1>196608</Value1>
          </Entry>
          <Entry>
            <Values />
            <Value0>147456</Value0>
            <Value1>262144</Value1>
          </Entry>
          <Entry>
            <Values>
              <Entry>
                <Value0>7806</Value0>
                <Value1>0</Value1>
              </Entry>
            </Values>
            <Value0>147458</Value0>
            <Value1>327680</Value1>
          </Entry>
          <Entry>
            <Values>
              <Entry>
                <Value0>7807</Value0>
                <Value1>0</Value1>
              </Entry>
            </Values>
            <Value0>147458</Value0>
            <Value1>393216</Value1>
          </Entry>
        </Unknown>
        <Dialogs>
          <Dialog>○○○○○○○○</Dialog>
          <Dialog>▲高嶺＊＊▲！</Dialog>
          <Dialog>高嶺</Dialog>
          <Dialog>...Ah！ As I thought...</Dialog>
          <Dialog>As you thought？</Dialog>
          <Dialog>Somehow, I felt like I might
see you here today.</Dialog>
          <Dialog>This is more like fate than
chance, huh？ Hehe！</Dialog>
        </Dialogs>
      </SDL2>
    </Entry>
    <Entry Unknown0="2845594360" Unknown1="4286460690">
      <SDL2 Key="3889906349">
        <Unknown>
          <Entry>
            <Values />
            <Value0>147456</Value0>
            <Value1>65536</Value1>
          </Entry>
          <Entry>
            <Values>
              <Entry>
                <Value0>4294901760</Value0>
                <Value1>0</Value1>
              </Entry>
              <Entry>
                <Value0>7808</Value0>
                <Value1>500</Value1>
              </Entry>
            </Values>
            <Value0>147458</Value0>
            <Value1>196608</Value1>
          </Entry>
          <Entry>
            <Values />
            <Value0>147456</Value0>
            <Value1>262144</Value1>
          </Entry>
          <Entry>
            <Values>
              <Entry>
                <Value0>7809</Value0>
                <Value1>0</Value1>
              </Entry>
            </Values>
            <Value0>147458</Value0>
            <Value1>327680</Value1>
          </Entry>
          <Entry>
            <Values />
            <Value0>147456</Value0>
            <Value1>393216</Value1>
          </Entry>
          <Entry>
            <Values>
              <Entry>
                <Value0>7810</Value0>
                <Value1>0</Value1>
              </Entry>
            </Values>
            <Value0>147458</Value0>
            <Value1>458752</Value1>
          </Entry>
          <Entry>
            <Values />
            <Value0>147456</Value0>
            <Value1>524288</Value1>
          </Entry>
          <Entry>
            <Values>
              <Entry>
                <Value0>7811</Value0>
                <Value1>0</Value1>
              </Entry>
            </Values>
            <Value0>147458</Value0>
            <Value1>589824</Value1>
          </Entry>
          <Entry>
            <Values />
            <Value0>147456</Value0>
            <Value1>655360</Value1>
          </Entry>
        </Unknown>
        <Dialogs>
          <Dialog>○○○○○○○○</Dialog>
          <Dialog>Eh？
▲高嶺＊＊▲.</Dialog>
          <Dialog>高嶺</Dialog>
          <Dialog>▲主人公＊▲.
Hello.</Dialog>
          <Dialog>Yo, are you here by yourself？
Got some free time？</Dialog>
          <Dialog>That sounds like a pick up
line from a skirt chaser, you
know？</Dialog>
          <Dialog>How about having some tea with
me then？</Dialog>
          <Dialog>I won't. I have to run some
errands.</Dialog>
          <Dialog>I see. Tsk.</Dialog>
          <Dialog>Hehe. Don't pout. See you
later, okay？</Dialog>
          <Dialog>Oh, see you.</Dialog>
        </Dialogs>
      </SDL2>
    </Entry>
    <Entry Unknown0="3614116350" Unknown1="2405120481">
      <SDL2 Key="657156376">
        <Unknown>
          <Entry>
            <Values />
            <Value0>147456</Value0>
            <Value1>65536</Value1>
          </Entry>
          <Entry>
            <Values>
              <Entry>
                <Value0>7812</Value0>
                <Value1>0</Value1>
              </Entry>
            </Values>
            <Value0>147458</Value0>
            <Value1>196608</Value1>
          </Entry>
          <Entry>
            <Values />
            <Value0>147456</Value0>
            <Value1>262144</Value1>
          </Entry>
          <Entry>
            <Values>
              <Entry>
                <Value0>7813</Value0>
                <Value1>0</Value1>
              </Entry>
            </Values>
            <Value0>147458</Value0>
            <Value1>327680</Value1>
          </Entry>
          <Entry>
            <Values />
            <Value0>147456</Value0>
            <Value1>393216</Value1>
          </Entry>
          <Entry>
            <Values>
              <Entry>
                <Value0>7814</Value0>
                <Value1>0</Value1>
              </Entry>
            </Values>
            <Value0>147458</Value0>
            <Value1>458752</Value1>
          </Entry>
        </Unknown>
        <Dialogs>
          <Dialog>○○○○○○○○</Dialog>
          <Dialog>Pretty girl, wanna have some
tea with me？</Dialog>
          <Dialog>高嶺</Dialog>
          <Dialog>Ah！ Hey！ You called out to
me like this again...</Dialog>
          <Dialog>Hahaha！ Do you also have some
errands to run today？</Dialog>
          <Dialog>Yes, and I have to head home
now.</Dialog>
          <Dialog>I see. That's too bad.</Dialog>
          <Dialog>Hehe. Maybe next time, okay？</Dialog>
        </Dialogs>
      </SDL2>
    </Entry>
    <Entry Unknown0="2252747725" Unknown1="2875263164">
      <SDL2 Key="657156376">
        <Unknown>
          <Entry>
            <Values>
              <Entry>
                <Value0>7815</Value0>
                <Value1>0</Value1>
              </Entry>
            </Values>
            <Value0>147456</Value0>
            <Value1>65536</Value1>
          </Entry>
          <Entry>
            <Values />
            <Value0>147458</Value0>
            <Value1>196608</Value1>
          </Entry>
          <Entry>
            <Values>
              <Entry>
                <Value0>7816</Value0>
                <Value1>0</Value1>
              </Entry>
            </Values>
            <Value0>147456</Value0>
            <Value1>262144</Value1>
          </Entry>
          <Entry>
            <Values>
              <Entry>
                <Value0>7817</Value0>
                <Value1>0</Value1>
              </Entry>
            </Values>
            <Value0>147456</Value0>
            <Value1>327680</Value1>
          </Entry>
          <Entry>
            <Values />
            <Value0>147458</Value0>
            <Value1>393216</Value1>
          </Entry>
        </Unknown>
        <Dialogs>
          <Dialog>高嶺</Dialog>
          <Dialog>Handsome man, wanna have some
tea with me？</Dialog>
          <Dialog>○○○○○○○○</Dialog>
          <Dialog>Eh？
▲高嶺＊＊▲.</Dialog>
          <Dialog>Hey, you should have told me
that you were coming here.</Dialog>
          <Dialog>But it also feels nice to meet
each other like this, doesn't
it？</Dialog>
          <Dialog>Right！</Dialog>
        </Dialogs>
      </SDL2>
    </Entry>
    <Entry Unknown0="2035081896" Unknown1="3039617986">
      <SDL2 Key="3755797726">
        <Unknown>
          <Entry>
            <Values>
              <Entry>
                <Value0>7818</Value0>
                <Value1>0</Value1>
              </Entry>
            </Values>
            <Value0>147456</Value0>
            <Value1>65536</Value1>
          </Entry>
          <Entry>
            <Values />
            <Value0>147458</Value0>
            <Value1>196608</Value1>
          </Entry>
          <Entry>
            <Values>
              <Entry>
                <Value0>7819</Value0>
                <Value1>0</Value1>
              </Entry>
            </Values>
            <Value0>147456</Value0>
            <Value1>262144</Value1>
          </Entry>
          <Entry>
            <Values />
            <Value0>147458</Value0>
            <Value1>327680</Value1>
          </Entry>
          <Entry>
            <Values>
              <Entry>
                <Value0>7820</Value0>
                <Value1>0</Value1>
              </Entry>
            </Values>
            <Value0>147456</Value0>
            <Value1>393216</Value1>
          </Entry>
          <Entry>
            <Values />
            <Value0>147458</Value0>
            <Value1>458752</Value1>
          </Entry>
          <Entry>
            <Values>
              <Entry>
                <Value0>7821</Value0>
                <Value1>0</Value1>
              </Entry>
            </Values>
            <Value0>147456</Value0>
            <Value1>524288</Value1>
          </Entry>
          <Entry>
            <Values />
            <Value0>147458</Value0>
            <Value1>589824</Value1>
          </Entry>
          <Entry>
            <Values>
              <Entry>
                <Value0>7822</Value0>
                <Value1>0</Value1>
              </Entry>
            </Values>
            <Value0>147456</Value0>
            <Value1>655360</Value1>
          </Entry>
          <Entry>
            <Values />
            <Value0>147458</Value0>
            <Value1>720896</Value1>
          </Entry>
        </Unknown>
        <Dialogs>
          <Dialog>高嶺</Dialog>
          <Dialog>Ah！</Dialog>
          <Dialog>○○○○○○○○</Dialog>
          <Dialog>Eh...？
▲高嶺＊＊▲！？
Are you here alone...？</Dialog>
          <Dialog>Yes, that's right. Why？</Dialog>
          <Dialog>I never expected to see you
here.</Dialog>
          <Dialog>I came to exchange some coins.</Dialog>
          <Dialog>Exchange coins？ Ah, they sure
have plenty of coins here.</Dialog>
          <Dialog>They don't allow people to
exchange coins for other
purposes here, right？</Dialog>
          <Dialog>Yeah, I think so. ...Then, why
are you here？</Dialog>
          <Dialog>A secret. Hehe. Bye now. Enjoy
your time.</Dialog>
          <Dialog>(I feel like I have seen
something unbelievable...)</Dialog>
        </Dialogs>
      </SDL2>
    </Entry>
    <Entry Unknown0="1729878446" Unknown1="1695148433">
      <SDL2 Key="3755797726">
        <Unknown>
          <Entry>
            <Values>
              <Entry>
                <Value0>7823</Value0>
                <Value1>0</Value1>
              </Entry>
            </Values>
            <Value0>147456</Value0>
            <Value1>65536</Value1>
          </Entry>
          <Entry>
            <Values />
            <Value0>147458</Value0>
            <Value1>196608</Value1>
          </Entry>
          <Entry>
            <Values>
              <Entry>
                <Value0>7824</Value0>
                <Value1>0</Value1>
              </Entry>
            </Values>
            <Value0>147456</Value0>
            <Value1>262144</Value1>
          </Entry>
          <Entry>
            <Values />
            <Value0>147458</Value0>
            <Value1>327680</Value1>
          </Entry>
          <Entry>
            <Values>
              <Entry>
                <Value0>7825</Value0>
                <Value1>0</Value1>
              </Entry>
            </Values>
            <Value0>147456</Value0>
            <Value1>393216</Value1>
          </Entry>
          <Entry>
            <Values />
            <Value0>147458</Value0>
            <Value1>458752</Value1>
          </Entry>
        </Unknown>
        <Dialogs>
          <Dialog>高嶺</Dialog>
          <Dialog>Hello.</Dialog>
          <Dialog>○○○○○○○○</Dialog>
          <Dialog>▲高嶺＊＊▲.
Exchanging coins again？</Dialog>
          <Dialog>Um, well... I guess so.
Maybe？</Dialog>
          <Dialog>I wonder if you're gonna tell
me the truth.</Dialog>
          <Dialog>Hmm... It's a secret！</Dialog>
          <Dialog>(She won't let her guard
down...)</Dialog>
        </Dialogs>
      </SDL2>
    </Entry>
    <Entry Unknown0="1459012477" Unknown1="85178476">
      <SDL2 Key="3755797726">
        <Unknown>
          <Entry>
            <Values />
            <Value0>147456</Value0>
            <Value1>65536</Value1>
          </Entry>
          <Entry>
            <Values>
              <Entry>
                <Value0>7826</Value0>
                <Value1>0</Value1>
              </Entry>
            </Values>
            <Value0>147458</Value0>
            <Value1>196608</Value1>
          </Entry>
          <Entry>
            <Values />
            <Value0>147456</Value0>
            <Value1>262144</Value1>
          </Entry>
          <Entry>
            <Values>
              <Entry>
                <Value0>7827</Value0>
                <Value1>0</Value1>
              </Entry>
            </Values>
            <Value0>147458</Value0>
            <Value1>327680</Value1>
          </Entry>
          <Entry>
            <Values />
            <Value0>147456</Value0>
            <Value1>393216</Value1>
          </Entry>
        </Unknown>
        <Dialogs>
          <Dialog>○○○○○○○○</Dialog>
          <Dialog>▲高嶺＊＊▲！
This time, you can't run away,
okay？</Dialog>
          <Dialog>高嶺</Dialog>
          <Dialog>Hey, you're really trying
hard. So cute.</Dialog>
          <Dialog>D-Don't try to deceive me.
Ah！</Dialog>
          <Dialog>Hehe. See you later.</Dialog>
          <Dialog>(Wait till next time！)</Dialog>
        </Dialogs>
      </SDL2>
    </Entry>
    <Entry Unknown0="167555672" Unknown1="199136114">
      <SDL2 Key="4281078601">
        <Unknown>
          <Entry>
            <Values />
            <Value0>147456</Value0>
            <Value1>65536</Value1>
          </Entry>
          <Entry>
            <Values>
              <Entry>
                <Value0>7828</Value0>
                <Value1>0</Value1>
              </Entry>
            </Values>
            <Value0>147458</Value0>
            <Value1>196608</Value1>
          </Entry>
          <Entry>
            <Values />
            <Value0>147456</Value0>
            <Value1>262144</Value1>
          </Entry>
          <Entry>
            <Values>
              <Entry>
                <Value0>7829</Value0>
                <Value1>0</Value1>
              </Entry>
            </Values>
            <Value0>147458</Value0>
            <Value1>327680</Value1>
          </Entry>
          <Entry>
            <Values />
            <Value0>147456</Value0>
            <Value1>393216</Value1>
          </Entry>
          <Entry>
            <Values>
              <Entry>
                <Value0>7830</Value0>
                <Value1>0</Value1>
              </Entry>
            </Values>
            <Value0>147458</Value0>
            <Value1>458752</Value1>
          </Entry>
          <Entry>
            <Values />
            <Value0>147456</Value0>
            <Value1>524288</Value1>
          </Entry>
          <Entry>
            <Values>
              <Entry>
                <Value0>7831</Value0>
                <Value1>0</Value1>
              </Entry>
            </Values>
            <Value0>147458</Value0>
            <Value1>589824</Value1>
          </Entry>
          <Entry>
            <Values />
            <Value0>147456</Value0>
            <Value1>655360</Value1>
          </Entry>
          <Entry>
            <Values>
              <Entry>
                <Value0>7832</Value0>
                <Value1>0</Value1>
              </Entry>
            </Values>
            <Value0>147458</Value0>
            <Value1>720896</Value1>
          </Entry>
        </Unknown>
        <Dialogs>
          <Dialog>○○○○○○○○</Dialog>
          <Dialog>Eh？
▲高嶺＊＊▲.
What a coincidence. Are you
shopping？</Dialog>
          <Dialog>高嶺</Dialog>
          <Dialog>It's more like window
shopping. How about you？</Dialog>
          <Dialog>Well, I'm just doing
nothing...</Dialog>
          <Dialog>Hehe. What is that supposed to
mean？</Dialog>
          <Dialog>Did you find anything
interesting here？</Dialog>
          <Dialog>Hmm, not really... Ah, maybe
next time, I should ask you
for some suggestions.</Dialog>
          <Dialog>Whenever you want.</Dialog>
          <Dialog>Excuse me. Mama is waiting for
me over there.</Dialog>
          <Dialog>Is that so？ Then I'll see you
later.</Dialog>
          <Dialog>Okay, see you.</Dialog>
        </Dialogs>
      </SDL2>
    </Entry>
    <Entry Unknown0="936077662" Unknown1="1002150209">
      <SDL2 Key="4281078601">
        <Unknown>
          <Entry>
            <Values />
            <Value0>147456</Value0>
            <Value1>65536</Value1>
          </Entry>
          <Entry>
            <Values>
              <Entry>
                <Value0>7833</Value0>
                <Value1>0</Value1>
              </Entry>
            </Values>
            <Value0>147458</Value0>
            <Value1>196608</Value1>
          </Entry>
          <Entry>
            <Values />
            <Value0>147456</Value0>
            <Value1>262144</Value1>
          </Entry>
          <Entry>
            <Values>
              <Entry>
                <Value0>7834</Value0>
                <Value1>0</Value1>
              </Entry>
            </Values>
            <Value0>147458</Value0>
            <Value1>327680</Value1>
          </Entry>
          <Entry>
            <Values>
              <Entry>
                <Value0>7835</Value0>
                <Value1>0</Value1>
              </Entry>
            </Values>
            <Value0>147458</Value0>
            <Value1>393216</Value1>
          </Entry>
        </Unknown>
        <Dialogs>
          <Dialog>○○○○○○○○</Dialog>
          <Dialog>Ah,
▲高嶺＊＊▲.</Dialog>
          <Dialog>高嶺</Dialog>
          <Dialog>Hello. Are you doing nothing
again today？</Dialog>
          <Dialog>Today is more like I'm doing
"totally nothing," I guess.</Dialog>
          <Dialog>Geez, what an answer.</Dialog>
          <Dialog>However, I'm glad to meet you
here. Sort of.</Dialog>
        </Dialogs>
      </SDL2>
    </Entry>
    <Entry Unknown0="3869676333" Unknown1="3753994268">
      <SDL2 Key="3118372369">
        <Unknown>
          <Entry>
            <Values>
              <Entry>
                <Value0>4294901760</Value0>
                <Value1>0</Value1>
              </Entry>
              <Entry>
                <Value0>7836</Value0>
                <Value1>500</Value1>
              </Entry>
            </Values>
            <Value0>147456</Value0>
            <Value1>65536</Value1>
          </Entry>
          <Entry>
            <Values />
            <Value0>147458</Value0>
            <Value1>196608</Value1>
          </Entry>
          <Entry>
            <Values>
              <Entry>
                <Value0>7837</Value0>
                <Value1>0</Value1>
              </Entry>
            </Values>
            <Value0>147456</Value0>
            <Value1>262144</Value1>
          </Entry>
          <Entry>
            <Values>
              <Entry>
                <Value0>7838</Value0>
                <Value1>0</Value1>
              </Entry>
              <Entry>
                <Value0>7839</Value0>
                <Value1>500</Value1>
              </Entry>
            </Values>
            <Value0>147456</Value0>
            <Value1>327680</Value1>
          </Entry>
          <Entry>
            <Values />
            <Value0>147458</Value0>
            <Value1>393216</Value1>
          </Entry>
          <Entry>
            <Values>
              <Entry>
                <Value0>7840</Value0>
                <Value1>0</Value1>
              </Entry>
            </Values>
            <Value0>147456</Value0>
            <Value1>458752</Value1>
          </Entry>
        </Unknown>
        <Dialogs>
          <Dialog>高嶺</Dialog>
          <Dialog>▲主人公＊▲.
You are here？</Dialog>
          <Dialog>○○○○○○○○</Dialog>
          <Dialog>Yeah, and I'm doing nothing
again today...</Dialog>
          <Dialog>Hehe. But, I kind of
understand. You never get
bored of this place.</Dialog>
          <Dialog>Even so, don't just forget
about me and leave me alone.
As least ask me out for a
date！</Dialog>
          <Dialog>Yes！</Dialog>
          <Dialog>Very well. Hehe！</Dialog>
        </Dialogs>
      </SDL2>
    </Entry>
    <Entry Unknown0="3651944968" Unknown1="2710389538">
      <SDL2 Key="3118372369">
        <Unknown>
          <Entry>
            <Values>
              <Entry>
                <Value0>7841</Value0>
                <Value1>0</Value1>
              </Entry>
            </Values>
            <Value0>147456</Value0>
            <Value1>65536</Value1>
          </Entry>
          <Entry>
            <Values />
            <Value0>147458</Value0>
            <Value1>196608</Value1>
          </Entry>
          <Entry>
            <Values>
              <Entry>
                <Value0>7842</Value0>
                <Value1>0</Value1>
              </Entry>
            </Values>
            <Value0>147456</Value0>
            <Value1>262144</Value1>
          </Entry>
          <Entry>
            <Values />
            <Value0>147458</Value0>
            <Value1>327680</Value1>
          </Entry>
          <Entry>
            <Values>
              <Entry>
                <Value0>7843</Value0>
                <Value1>0</Value1>
              </Entry>
            </Values>
            <Value0>147456</Value0>
            <Value1>393216</Value1>
          </Entry>
          <Entry>
            <Values />
            <Value0>147458</Value0>
            <Value1>458752</Value1>
          </Entry>
          <Entry>
            <Values>
              <Entry>
                <Value0>7844</Value0>
                <Value1>0</Value1>
              </Entry>
            </Values>
            <Value0>147456</Value0>
            <Value1>524288</Value1>
          </Entry>
          <Entry>
            <Values>
              <Entry>
                <Value0>7845</Value0>
                <Value1>0</Value1>
              </Entry>
            </Values>
            <Value0>147456</Value0>
            <Value1>589824</Value1>
          </Entry>
          <Entry>
            <Values>
              <Entry>
                <Value0>7846</Value0>
                <Value1>0</Value1>
              </Entry>
            </Values>
            <Value0>147456</Value0>
            <Value1>655360</Value1>
          </Entry>
          <Entry>
            <Values />
            <Value0>147458</Value0>
            <Value1>720896</Value1>
          </Entry>
        </Unknown>
        <Dialogs>
          <Dialog>高嶺</Dialog>
          <Dialog>Ah...</Dialog>
          <Dialog>○○○○○○○○</Dialog>
          <Dialog>Oh, what a coincidence. Is
▲高嶺＊＊▲
also here to shop？</Dialog>
          <Dialog>！Yes, I want a CD for piano
songs.</Dialog>
          <Dialog>I see. Did you find it？</Dialog>
          <Dialog>Yes. How about you？</Dialog>
          <Dialog>Well, I just got here.</Dialog>
          <Dialog>I see. Too bad, I have to go
home now.</Dialog>
          <Dialog>But, I'm glad we ran into each
other. I also got a nice CD.</Dialog>
          <Dialog>See you later, okay？</Dialog>
          <Dialog>Okay！</Dialog>
        </Dialogs>
      </SDL2>
    </Entry>
    <Entry Unknown0="3346741518" Unknown1="4050143729">
      <SDL2 Key="3643653243">
        <Unknown>
          <Entry>
            <Values />
            <Value0>147456</Value0>
            <Value1>65536</Value1>
          </Entry>
          <Entry>
            <Values>
              <Entry>
                <Value0>7847</Value0>
                <Value1>0</Value1>
              </Entry>
            </Values>
            <Value0>147458</Value0>
            <Value1>196608</Value1>
          </Entry>
          <Entry>
            <Values />
            <Value0>147456</Value0>
            <Value1>262144</Value1>
          </Entry>
          <Entry>
            <Values>
              <Entry>
                <Value0>7848</Value0>
                <Value1>0</Value1>
              </Entry>
            </Values>
            <Value0>147458</Value0>
            <Value1>327680</Value1>
          </Entry>
          <Entry>
            <Values>
              <Entry>
                <Value0>7849</Value0>
                <Value1>0</Value1>
              </Entry>
            </Values>
            <Value0>147458</Value0>
            <Value1>393216</Value1>
          </Entry>
        </Unknown>
        <Dialogs>
          <Dialog>○○○○○○○○</Dialog>
          <Dialog>Ah,
▲高嶺＊＊▲.
What a coincidence.</Dialog>
          <Dialog>高嶺</Dialog>
          <Dialog>Hehe. I've heard this line
before.</Dialog>
          <Dialog>Hahaha！ Did you find any good
CDs？</Dialog>
          <Dialog>Well... I can't find any
today. I'm going home
empty-handed.</Dialog>
          <Dialog>But since I met you... This
wasn't a worthless trip. Hehe.</Dialog>
        </Dialogs>
      </SDL2>
    </Entry>
    <Entry Unknown0="3059098589" Unknown1="3648133324">
      <SDL2 Key="3643653243">
        <Unknown>
          <Entry>
            <Values />
            <Value0>147456</Value0>
            <Value1>65536</Value1>
          </Entry>
          <Entry>
            <Values>
              <Entry>
                <Value0>7850</Value0>
                <Value1>0</Value1>
              </Entry>
            </Values>
            <Value0>147458</Value0>
            <Value1>196608</Value1>
          </Entry>
          <Entry>
            <Values />
            <Value0>147456</Value0>
            <Value1>262144</Value1>
          </Entry>
          <Entry>
            <Values>
              <Entry>
                <Value0>7851</Value0>
                <Value1>0</Value1>
              </Entry>
            </Values>
            <Value0>147458</Value0>
            <Value1>327680</Value1>
          </Entry>
          <Entry>
            <Values />
            <Value0>147456</Value0>
            <Value1>393216</Value1>
          </Entry>
          <Entry>
            <Values>
              <Entry>
                <Value0>7852</Value0>
                <Value1>0</Value1>
              </Entry>
            </Values>
            <Value0>147458</Value0>
            <Value1>458752</Value1>
          </Entry>
        </Unknown>
        <Dialogs>
          <Dialog>○○○○○○○○</Dialog>
          <Dialog>▲高嶺＊＊▲.
What a coincidence.</Dialog>
          <Dialog>高嶺</Dialog>
          <Dialog>We meet again, eh？</Dialog>
          <Dialog>We probably can't call this a
coincidence anymore.</Dialog>
          <Dialog>That's what I've been thinking
from the start, you know？</Dialog>
          <Dialog>Ah... I'm just too slow
then...</Dialog>
          <Dialog>Hehehe！</Dialog>
        </Dialogs>
      </SDL2>
    </Entry>
    <Entry Unknown0="1767641784" Unknown1="3342660562">
      <SDL2 Key="3643653243">
        <Unknown>
          <Entry>
            <Values />
            <Value0>147456</Value0>
            <Value1>65536</Value1>
          </Entry>
          <Entry>
            <Values>
              <Entry>
                <Value0>7853</Value0>
                <Value1>0</Value1>
              </Entry>
            </Values>
            <Value0>147458</Value0>
            <Value1>196608</Value1>
          </Entry>
          <Entry>
            <Values />
            <Value0>147456</Value0>
            <Value1>262144</Value1>
          </Entry>
          <Entry>
            <Values>
              <Entry>
                <Value0>7854</Value0>
                <Value1>0</Value1>
              </Entry>
              <Entry>
                <Value0>7855</Value0>
                <Value1>500</Value1>
              </Entry>
            </Values>
            <Value0>147458</Value0>
            <Value1>327680</Value1>
          </Entry>
          <Entry>
            <Values />
            <Value0>147456</Value0>
            <Value1>393216</Value1>
          </Entry>
          <Entry>
            <Values>
              <Entry>
                <Value0>7856</Value0>
                <Value1>0</Value1>
              </Entry>
            </Values>
            <Value0>147458</Value0>
            <Value1>458752</Value1>
          </Entry>
          <Entry>
            <Values />
            <Value0>147456</Value0>
            <Value1>524288</Value1>
          </Entry>
          <Entry>
            <Values>
              <Entry>
                <Value0>7857</Value0>
                <Value1>0</Value1>
              </Entry>
            </Values>
            <Value0>147458</Value0>
            <Value1>589824</Value1>
          </Entry>
          <Entry>
            <Values />
            <Value0>147456</Value0>
            <Value1>655360</Value1>
          </Entry>
          <Entry>
            <Values>
              <Entry>
                <Value0>7858</Value0>
                <Value1>0</Value1>
              </Entry>
            </Values>
            <Value0>147458</Value0>
            <Value1>720896</Value1>
          </Entry>
        </Unknown>
        <Dialogs>
          <Dialog>○○○○○○○○</Dialog>
          <Dialog>Eh...？
▲高嶺＊＊▲？</Dialog>
          <Dialog>高嶺</Dialog>
          <Dialog>Ah, are you shopping？</Dialog>
          <Dialog>Yeah, sort of... How about
you,
▲高嶺＊＊▲？</Dialog>
          <Dialog>Well, I saw a really pretty
doll. However, I was really
surprised when I saw its
price.</Dialog>
          <Dialog>Ah, I see.</Dialog>
          <Dialog>And now I'm even more
surprised, as I see you.</Dialog>
          <Dialog>Me？</Dialog>
          <Dialog>I didn't expect to see you
here. Hehe. How lucky.</Dialog>
          <Dialog>How about I escort you home
today then？</Dialog>
          <Dialog>Hehe, thanks. But, it is best
if we do that some other
time▼ Okay？</Dialog>
        </Dialogs>
      </SDL2>
    </Entry>
    <Entry Unknown0="2536229310" Unknown1="924449185">
      <SDL2 Key="425583558">
        <Unknown>
          <Entry>
            <Values>
              <Entry>
                <Value0>4294901760</Value0>
                <Value1>0</Value1>
              </Entry>
            </Values>
            <Value0>147456</Value0>
            <Value1>65536</Value1>
          </Entry>
          <Entry>
            <Values />
            <Value0>147458</Value0>
            <Value1>196608</Value1>
          </Entry>
          <Entry>
            <Values>
              <Entry>
                <Value0>7859</Value0>
                <Value1>0</Value1>
              </Entry>
            </Values>
            <Value0>147456</Value0>
            <Value1>262144</Value1>
          </Entry>
          <Entry>
            <Values />
            <Value0>147458</Value0>
            <Value1>327680</Value1>
          </Entry>
          <Entry>
            <Values>
              <Entry>
                <Value0>7860</Value0>
                <Value1>0</Value1>
              </Entry>
            </Values>
            <Value0>147456</Value0>
            <Value1>393216</Value1>
          </Entry>
        </Unknown>
        <Dialogs>
          <Dialog>高嶺</Dialog>
          <Dialog>▲主人公＊▲.</Dialog>
          <Dialog>○○○○○○○○</Dialog>
          <Dialog>▲高嶺＊＊▲.
What a coincidence.</Dialog>
          <Dialog>Do you really think so？</Dialog>
          <Dialog>Eh？</Dialog>
          <Dialog>Hehehe！</Dialog>
        </Dialogs>
      </SDL2>
    </Entry>
    <Entry Unknown0="1174860685" Unknown1="321112188">
      <SDL2 Key="425583558">
        <Unknown>
          <Entry>
            <Values />
            <Value0>147456</Value0>
            <Value1>65536</Value1>
          </Entry>
          <Entry>
            <Values>
              <Entry>
                <Value0>7861</Value0>
                <Value1>0</Value1>
              </Entry>
            </Values>
            <Value0>147458</Value0>
            <Value1>196608</Value1>
          </Entry>
          <Entry>
            <Values>
              <Entry>
                <Value0>7862</Value0>
                <Value1>0</Value1>
              </Entry>
            </Values>
            <Value0>147458</Value0>
            <Value1>262144</Value1>
          </Entry>
          <Entry>
            <Values />
            <Value0>147456</Value0>
            <Value1>327680</Value1>
          </Entry>
          <Entry>
            <Values>
              <Entry>
                <Value0>7863</Value0>
                <Value1>0</Value1>
              </Entry>
            </Values>
            <Value0>147458</Value0>
            <Value1>393216</Value1>
          </Entry>
        </Unknown>
        <Dialogs>
          <Dialog>○○○○○○○○</Dialog>
          <Dialog>▲高嶺＊＊▲.
Do you like to come here？</Dialog>
          <Dialog>高嶺</Dialog>
          <Dialog>Yeah, they have a lot of
things. I enjoy it here.</Dialog>
          <Dialog>Plus, it's even more enjoyable
now that I see you here often.</Dialog>
          <Dialog>We coincidentally meet like
this so often.</Dialog>
          <Dialog>Hehe, and that makes you
happy, right？</Dialog>
        </Dialogs>
      </SDL2>
    </Entry>
    <Entry Unknown0="957129320" Unknown1="502244226">
      <SDL2 Key="3274663596">
        <Unknown>
          <Entry>
            <Values>
              <Entry>
                <Value0>4294901760</Value0>
                <Value1>0</Value1>
              </Entry>
            </Values>
            <Value0>147456</Value0>
            <Value1>65536</Value1>
          </Entry>
          <Entry>
            <Values />
            <Value0>147458</Value0>
            <Value1>196608</Value1>
          </Entry>
          <Entry>
            <Values>
              <Entry>
                <Value0>7864</Value0>
                <Value1>0</Value1>
              </Entry>
            </Values>
            <Value0>147456</Value0>
            <Value1>262144</Value1>
          </Entry>
          <Entry>
            <Values />
            <Value0>147458</Value0>
            <Value1>327680</Value1>
          </Entry>
          <Entry>
            <Values>
              <Entry>
                <Value0>7865</Value0>
                <Value1>0</Value1>
              </Entry>
            </Values>
            <Value0>147456</Value0>
            <Value1>393216</Value1>
          </Entry>
          <Entry>
            <Values />
            <Value0>147458</Value0>
            <Value1>458752</Value1>
          </Entry>
          <Entry>
            <Values>
              <Entry>
                <Value0>7866</Value0>
                <Value1>0</Value1>
              </Entry>
            </Values>
            <Value0>147456</Value0>
            <Value1>524288</Value1>
          </Entry>
          <Entry>
            <Values />
            <Value0>147458</Value0>
            <Value1>589824</Value1>
          </Entry>
          <Entry>
            <Values>
              <Entry>
                <Value0>7867</Value0>
                <Value1>0</Value1>
              </Entry>
            </Values>
            <Value0>147456</Value0>
            <Value1>655360</Value1>
          </Entry>
        </Unknown>
        <Dialogs>
          <Dialog>高嶺</Dialog>
          <Dialog>▲主人公＊▲.</Dialog>
          <Dialog>○○○○○○○○</Dialog>
          <Dialog>Ah,
▲高嶺＊＊▲.
What are you doing here？</Dialog>
          <Dialog>Hmm... I'm studying...</Dialog>
          <Dialog>...At a maid cafe？</Dialog>
          <Dialog>Yeah. Is it bad？</Dialog>
          <Dialog>No, it's not bad, but... I'm
wondering if you can
concentrate on studying...</Dialog>
          <Dialog>It's not that kind of
studying, so no problem.</Dialog>
          <Dialog>Huh？ Then what kind of study
do you mean？</Dialog>
          <Dialog>That's... Um, see you later.</Dialog>
        </Dialogs>
      </SDL2>
    </Entry>
    <Entry Unknown0="668703086" Unknown1="1305127249">
      <SDL2 Key="3274663596">
        <Unknown>
          <Entry>
            <Values />
            <Value0>147456</Value0>
            <Value1>65536</Value1>
          </Entry>
          <Entry>
            <Values>
              <Entry>
                <Value0>7868</Value0>
                <Value1>0</Value1>
              </Entry>
            </Values>
            <Value0>147458</Value0>
            <Value1>196608</Value1>
          </Entry>
          <Entry>
            <Values />
            <Value0>147456</Value0>
            <Value1>262144</Value1>
          </Entry>
          <Entry>
            <Values>
              <Entry>
                <Value0>7869</Value0>
                <Value1>0</Value1>
              </Entry>
            </Values>
            <Value0>147458</Value0>
            <Value1>327680</Value1>
          </Entry>
          <Entry>
            <Values />
            <Value0>147456</Value0>
            <Value1>393216</Value1>
          </Entry>
          <Entry>
            <Values />
            <Value0>147456</Value0>
            <Value1>458752</Value1>
          </Entry>
        </Unknown>
        <Dialogs>
          <Dialog>○○○○○○○○</Dialog>
          <Dialog>Eh？
▲高嶺＊＊▲.
You're studying here again？</Dialog>
          <Dialog>高嶺</Dialog>
          <Dialog>Um, yeah.</Dialog>
          <Dialog>Hmm...？</Dialog>
          <Dialog>W-What？</Dialog>
          <Dialog>No... It's nothing.</Dialog>
          <Dialog>(I'm really concerned
though！)</Dialog>
        </Dialogs>
      </SDL2>
    </Entry>
    <Entry Unknown0="381059901" Unknown1="2916120620">
      <SDL2 Key="3274663596">
        <Unknown>
          <Entry>
            <Values>
              <Entry>
                <Value0>4294901760</Value0>
                <Value1>0</Value1>
              </Entry>
            </Values>
            <Value0>147456</Value0>
            <Value1>65536</Value1>
          </Entry>
          <Entry>
            <Values />
            <Value0>147458</Value0>
            <Value1>196608</Value1>
          </Entry>
          <Entry>
            <Values>
              <Entry>
                <Value0>7870</Value0>
                <Value1>0</Value1>
              </Entry>
            </Values>
            <Value0>147456</Value0>
            <Value1>262144</Value1>
          </Entry>
          <Entry>
            <Values />
            <Value0>147458</Value0>
            <Value1>327680</Value1>
          </Entry>
          <Entry>
            <Values>
              <Entry>
                <Value0>7871</Value0>
                <Value1>0</Value1>
              </Entry>
            </Values>
            <Value0>147456</Value0>
            <Value1>393216</Value1>
          </Entry>
          <Entry>
            <Values />
            <Value0>147458</Value0>
            <Value1>458752</Value1>
          </Entry>
        </Unknown>
        <Dialogs>
          <Dialog>高嶺</Dialog>
          <Dialog>▲主人公＊▲.</Dialog>
          <Dialog>○○○○○○○○</Dialog>
          <Dialog>Ah,
▲高嶺＊＊▲.
Still studying？</Dialog>
          <Dialog>Yeah. Maybe someday, I can
show you the results... I
guess.</Dialog>
          <Dialog>Eh？</Dialog>
          <Dialog>You can look forward to it.</Dialog>
          <Dialog>(Eh？ Did she mean...
...Eh！？)</Dialog>
        </Dialogs>
      </SDL2>
    </Entry>
    <Entry Unknown0="3384570392" Unknown1="2476626738">
      <SDL2 Key="3814694392">
        <Unknown>
          <Entry>
            <Values>
              <Entry>
                <Value0>4294901760</Value0>
                <Value1>0</Value1>
              </Entry>
            </Values>
            <Value0>147456</Value0>
            <Value1>65536</Value1>
          </Entry>
          <Entry>
            <Values />
            <Value0>147458</Value0>
            <Value1>196608</Value1>
          </Entry>
          <Entry>
            <Values />
            <Value0>147458</Value0>
            <Value1>262144</Value1>
          </Entry>
          <Entry>
            <Values>
              <Entry>
                <Value0>11724</Value0>
                <Value1>0</Value1>
              </Entry>
            </Values>
            <Value0>147456</Value0>
            <Value1>327680</Value1>
          </Entry>
          <Entry>
            <Values />
            <Value0>147458</Value0>
            <Value1>393216</Value1>
          </Entry>
          <Entry>
            <Values />
            <Value0>147458</Value0>
            <Value1>458752</Value1>
          </Entry>
          <Entry>
            <Values>
              <Entry>
                <Value0>6069</Value0>
                <Value1>0</Value1>
              </Entry>
            </Values>
            <Value0>147456</Value0>
            <Value1>524288</Value1>
          </Entry>
          <Entry>
            <Values />
            <Value0>147458</Value0>
            <Value1>589824</Value1>
          </Entry>
          <Entry>
            <Values>
              <Entry>
                <Value0>11916</Value0>
                <Value1>0</Value1>
              </Entry>
            </Values>
            <Value0>147456</Value0>
            <Value1>655360</Value1>
          </Entry>
        </Unknown>
        <Dialogs>
          <Dialog>高嶺</Dialog>
          <Dialog>▲主人公＊▲.</Dialog>
          <Dialog>○○○○○○○○</Dialog>
          <Dialog>Oh...</Dialog>
          <Dialog>▲高嶺＊＊▲.
What's up？</Dialog>
          <Dialog>I've got something to buy.
What about you？</Dialog>
          <Dialog>I also came to buy something.</Dialog>
          <Dialog>Well, I guess I have to get
going.</Dialog>
          <Dialog>Really？</Dialog>
          <Dialog>See you later.</Dialog>
          <Dialog>Okay, see you.</Dialog>
        </Dialogs>
      </SDL2>
    </Entry>
    <Entry Unknown0="4153092382" Unknown1="2725796097">
      <SDL2 Key="3282702798">
        <Unknown>
          <Entry>
            <Values>
              <Entry>
                <Value0>4294901760</Value0>
                <Value1>0</Value1>
              </Entry>
            </Values>
            <Value0>147456</Value0>
            <Value1>65536</Value1>
          </Entry>
          <Entry>
            <Values />
            <Value0>147458</Value0>
            <Value1>196608</Value1>
          </Entry>
          <Entry>
            <Values />
            <Value0>147458</Value0>
            <Value1>262144</Value1>
          </Entry>
          <Entry>
            <Values>
              <Entry>
                <Value0>11727</Value0>
                <Value1>0</Value1>
              </Entry>
              <Entry>
                <Value0>11728</Value0>
                <Value1>500</Value1>
              </Entry>
            </Values>
            <Value0>147456</Value0>
            <Value1>327680</Value1>
          </Entry>
          <Entry>
            <Values />
            <Value0>147458</Value0>
            <Value1>393216</Value1>
          </Entry>
          <Entry>
            <Values>
              <Entry>
                <Value0>11637</Value0>
                <Value1>0</Value1>
              </Entry>
            </Values>
            <Value0>147456</Value0>
            <Value1>458752</Value1>
          </Entry>
          <Entry>
            <Values />
            <Value0>147458</Value0>
            <Value1>524288</Value1>
          </Entry>
          <Entry>
            <Values>
              <Entry>
                <Value0>7846</Value0>
                <Value1>0</Value1>
              </Entry>
            </Values>
            <Value0>147456</Value0>
            <Value1>589824</Value1>
          </Entry>
        </Unknown>
        <Dialogs>
          <Dialog>高嶺</Dialog>
          <Dialog>▲主人公＊▲.</Dialog>
          <Dialog>○○○○○○○○</Dialog>
          <Dialog>Ah...</Dialog>
          <Dialog>▲高嶺＊＊▲.</Dialog>
          <Dialog>Umm. I was just thinking about
you. So, when you suddenly
showed up, I was really
surprised.</Dialog>
          <Dialog>Well, I guess I have to get
going.</Dialog>
          <Dialog>Yeah, I understand. Well
then...</Dialog>
          <Dialog>See you later.</Dialog>
          <Dialog>Okay, see you later.</Dialog>
        </Dialogs>
      </SDL2>
    </Entry>
    <Entry Unknown0="2791724013" Unknown1="3313707228">
      <SDL2 Key="3679536953">
        <Unknown>
          <Entry>
            <Values>
              <Entry>
                <Value0>4294901760</Value0>
                <Value1>0</Value1>
              </Entry>
            </Values>
            <Value0>147456</Value0>
            <Value1>65536</Value1>
          </Entry>
          <Entry>
            <Values />
            <Value0>147458</Value0>
            <Value1>196608</Value1>
          </Entry>
          <Entry>
            <Values>
              <Entry>
                <Value0>11731</Value0>
                <Value1>0</Value1>
              </Entry>
            </Values>
            <Value0>147456</Value0>
            <Value1>262144</Value1>
          </Entry>
          <Entry>
            <Values />
            <Value0>147458</Value0>
            <Value1>327680</Value1>
          </Entry>
          <Entry>
            <Values>
              <Entry>
                <Value0>11732</Value0>
                <Value1>0</Value1>
              </Entry>
            </Values>
            <Value0>147456</Value0>
            <Value1>393216</Value1>
          </Entry>
          <Entry>
            <Values />
            <Value0>147458</Value0>
            <Value1>458752</Value1>
          </Entry>
          <Entry>
            <Values>
              <Entry>
                <Value0>11908</Value0>
                <Value1>0</Value1>
              </Entry>
            </Values>
            <Value0>147456</Value0>
            <Value1>524288</Value1>
          </Entry>
          <Entry>
            <Values />
            <Value0>147458</Value0>
            <Value1>589824</Value1>
          </Entry>
          <Entry>
            <Values>
              <Entry>
                <Value0>7254</Value0>
                <Value1>0</Value1>
              </Entry>
            </Values>
            <Value0>147456</Value0>
            <Value1>655360</Value1>
          </Entry>
        </Unknown>
        <Dialogs>
          <Dialog>高嶺</Dialog>
          <Dialog>▲主人公＊▲.</Dialog>
          <Dialog>○○○○○○○○</Dialog>
          <Dialog>▲高嶺＊＊▲？</Dialog>
          <Dialog>Ah, I knew, it was really you.</Dialog>
          <Dialog>Huh？</Dialog>
          <Dialog>I caught a glimpse of you from
faraway. Teehee. I'm glad I
chased after you.</Dialog>
          <Dialog>Well, I guess I have to get
going.</Dialog>
          <Dialog>Really？ Okay.</Dialog>
          <Dialog>See you later.</Dialog>
          <Dialog>See you！</Dialog>
        </Dialogs>
      </SDL2>
    </Entry>
  </Entries>
</DBIN2>