<?xml version="1.0" encoding="utf-8"?>
<DBIN2 xmlns:xsi="http://www.w3.org/2001/XMLSchema-instance" xmlns:xsd="http://www.w3.org/2001/XMLSchema" Key="2143059561" Unknown="24">
  <Entries>
    <Entry Unknown0="3979835768" Unknown1="3068327733">
      <SDL2 Key="2138015010">
        <Unknown>
          <Entry>
            <Values />
            <Value0>147456</Value0>
            <Value1>65536</Value1>
          </Entry>
          <Entry>
            <Values>
              <Entry>
                <Value0>8270</Value0>
                <Value1>0</Value1>
              </Entry>
            </Values>
            <Value0>147458</Value0>
            <Value1>196608</Value1>
          </Entry>
          <Entry>
            <Values />
            <Value0>147456</Value0>
            <Value1>262144</Value1>
          </Entry>
          <Entry>
            <Values>
              <Entry>
                <Value0>8271</Value0>
                <Value1>0</Value1>
              </Entry>
            </Values>
            <Value0>147458</Value0>
            <Value1>327680</Value1>
          </Entry>
          <Entry>
            <Values />
            <Value0>147456</Value0>
            <Value1>393216</Value1>
          </Entry>
          <Entry>
            <Values>
              <Entry>
                <Value0>8272</Value0>
                <Value1>0</Value1>
              </Entry>
            </Values>
            <Value0>147458</Value0>
            <Value1>458752</Value1>
          </Entry>
          <Entry>
            <Values />
            <Value0>147456</Value0>
            <Value1>524288</Value1>
          </Entry>
          <Entry>
            <Values>
              <Entry>
                <Value0>8273</Value0>
                <Value1>0</Value1>
              </Entry>
            </Values>
            <Value0>147458</Value0>
            <Value1>589824</Value1>
          </Entry>
          <Entry>
            <Values />
            <Value0>147456</Value0>
            <Value1>655360</Value1>
          </Entry>
          <Entry>
            <Values>
              <Entry>
                <Value0>8274</Value0>
                <Value1>0</Value1>
              </Entry>
            </Values>
            <Value0>147458</Value0>
            <Value1>720896</Value1>
          </Entry>
          <Entry>
            <Values />
            <Value0>147456</Value0>
            <Value1>786432</Value1>
          </Entry>
        </Unknown>
        <Dialogs>
          <Dialog>○○○○○○○○</Dialog>
          <Dialog>Practice has been hard
lately...</Dialog>
          <Dialog>高嶺</Dialog>
          <Dialog>Hehe, you look sleepy.</Dialog>
          <Dialog>▲高嶺＊＊▲
is very energetic...</Dialog>
          <Dialog>Maybe because I'm more
experienced. I started playing
tennis much earlier than you.</Dialog>
          <Dialog>That's true, but...</Dialog>
          <Dialog>Hey, could it be that you lack
physical strength...？</Dialog>
          <Dialog>Ah... That could be the case.</Dialog>
          <Dialog>How about you try jogging
every day？</Dialog>
          <Dialog>I'd prefer to have some more
sleep...</Dialog>
          <Dialog>...Hmm, so you just want to
sleep. Now, I can't think of
other options.</Dialog>
          <Dialog>(What shall I do...？)</Dialog>
        </Dialogs>
      </SDL2>
    </Entry>
    <Entry Unknown0="2799626545" Unknown1="1551020252">
      <SDL2 Key="2138015010">
        <Unknown>
          <Entry>
            <Values>
              <Entry>
                <Value0>4294901760</Value0>
                <Value1>0</Value1>
              </Entry>
              <Entry>
                <Value0>8275</Value0>
                <Value1>500</Value1>
              </Entry>
            </Values>
            <Value0>147456</Value0>
            <Value1>65536</Value1>
          </Entry>
          <Entry>
            <Values />
            <Value0>147458</Value0>
            <Value1>196608</Value1>
          </Entry>
          <Entry>
            <Values>
              <Entry>
                <Value0>8276</Value0>
                <Value1>0</Value1>
              </Entry>
              <Entry>
                <Value0>8277</Value0>
                <Value1>500</Value1>
              </Entry>
            </Values>
            <Value0>147456</Value0>
            <Value1>262144</Value1>
          </Entry>
          <Entry>
            <Values />
            <Value0>147458</Value0>
            <Value1>327680</Value1>
          </Entry>
          <Entry>
            <Values>
              <Entry>
                <Value0>8278</Value0>
                <Value1>0</Value1>
              </Entry>
            </Values>
            <Value0>147456</Value0>
            <Value1>393216</Value1>
          </Entry>
          <Entry>
            <Values />
            <Value0>147458</Value0>
            <Value1>458752</Value1>
          </Entry>
          <Entry>
            <Values>
              <Entry>
                <Value0>8279</Value0>
                <Value1>0</Value1>
              </Entry>
            </Values>
            <Value0>147456</Value0>
            <Value1>524288</Value1>
          </Entry>
          <Entry>
            <Values />
            <Value0>147458</Value0>
            <Value1>589824</Value1>
          </Entry>
          <Entry>
            <Values>
              <Entry>
                <Value0>8280</Value0>
                <Value1>0</Value1>
              </Entry>
            </Values>
            <Value0>147456</Value0>
            <Value1>655360</Value1>
          </Entry>
          <Entry>
            <Values />
            <Value0>147458</Value0>
            <Value1>720896</Value1>
          </Entry>
        </Unknown>
        <Dialogs>
          <Dialog>高嶺</Dialog>
          <Dialog>▲主人公＊▲.
Why don't you find a part-time
job？</Dialog>
          <Dialog>○○○○○○○○</Dialog>
          <Dialog>？ What is it all of a
sudden？</Dialog>
          <Dialog>We were talking about
training, right？ I talked
with a classmate about it and
he said part-time jobs helped
him build stamina.</Dialog>
          <Dialog>What kind of part-time jobs？</Dialog>
          <Dialog>Carrying raw materials at
construction sites. Also,
working as a delivery man.</Dialog>
          <Dialog>T-That's...</Dialog>
          <Dialog>Impossible for you？</Dialog>
          <Dialog>I guess...</Dialog>
          <Dialog>I see... Maybe training
regularly would be the best
option, huh？</Dialog>
          <Dialog>(Yeah, I'll do that！)</Dialog>
        </Dialogs>
      </SDL2>
    </Entry>
    <Entry Unknown0="1299101400" Unknown1="3878377324">
      <SDL2 Key="2946415485">
        <Unknown>
          <Entry>
            <Values>
              <Entry>
                <Value0>8281</Value0>
                <Value1>0</Value1>
              </Entry>
            </Values>
            <Value0>147456</Value0>
            <Value1>65536</Value1>
          </Entry>
          <Entry>
            <Values />
            <Value0>147458</Value0>
            <Value1>196608</Value1>
          </Entry>
          <Entry>
            <Values>
              <Entry>
                <Value0>8282</Value0>
                <Value1>0</Value1>
              </Entry>
            </Values>
            <Value0>147456</Value0>
            <Value1>262144</Value1>
          </Entry>
          <Entry>
            <Values />
            <Value0>147458</Value0>
            <Value1>327680</Value1>
          </Entry>
          <Entry>
            <Values>
              <Entry>
                <Value0>8283</Value0>
                <Value1>0</Value1>
              </Entry>
              <Entry>
                <Value0>8284</Value0>
                <Value1>500</Value1>
              </Entry>
            </Values>
            <Value0>147456</Value0>
            <Value1>393216</Value1>
          </Entry>
          <Entry>
            <Values />
            <Value0>147458</Value0>
            <Value1>458752</Value1>
          </Entry>
          <Entry>
            <Values>
              <Entry>
                <Value0>8285</Value0>
                <Value1>0</Value1>
              </Entry>
            </Values>
            <Value0>147456</Value0>
            <Value1>524288</Value1>
          </Entry>
          <Entry>
            <Values />
            <Value0>147458</Value0>
            <Value1>589824</Value1>
          </Entry>
          <Entry>
            <Values />
            <Value0>147458</Value0>
            <Value1>655360</Value1>
          </Entry>
          <Entry>
            <Values>
              <Entry>
                <Value0>8286</Value0>
                <Value1>0</Value1>
              </Entry>
            </Values>
            <Value0>147456</Value0>
            <Value1>720896</Value1>
          </Entry>
          <Entry>
            <Values />
            <Value0>147458</Value0>
            <Value1>786432</Value1>
          </Entry>
        </Unknown>
        <Dialogs>
          <Dialog>高嶺</Dialog>
          <Dialog>I'm buying a new racket.</Dialog>
          <Dialog>○○○○○○○○</Dialog>
          <Dialog>Why？</Dialog>
          <Dialog>I've been using this one for a
long time... It's getting worn
out...</Dialog>
          <Dialog>I see. ...Are you a bit sad？</Dialog>
          <Dialog>Yeah... I really love it, so
it's sad to have to buy a
replacement...</Dialog>
          <Dialog>Ah... But it doesn't mean that
you have to throw it away once
you get a new one, right？</Dialog>
          <Dialog>Yeah.</Dialog>
          <Dialog>Then you don't have to feel
sad about it.</Dialog>
          <Dialog>Plus, you may be able to find
a new one that you really
like.</Dialog>
          <Dialog>...Um, that might be so. Hey,
will you help me shop for
one？</Dialog>
          <Dialog>Ah, okay. Just tell me when
you want to go.</Dialog>
        </Dialogs>
      </SDL2>
    </Entry>
    <Entry Unknown0="4247210344" Unknown1="2916280101">
      <SDL2 Key="2946415485">
        <Unknown>
          <Entry>
            <Values />
            <Value0>147456</Value0>
            <Value1>65536</Value1>
          </Entry>
          <Entry>
            <Values>
              <Entry>
                <Value0>8287</Value0>
                <Value1>0</Value1>
              </Entry>
            </Values>
            <Value0>147458</Value0>
            <Value1>196608</Value1>
          </Entry>
          <Entry>
            <Values />
            <Value0>147456</Value0>
            <Value1>262144</Value1>
          </Entry>
          <Entry>
            <Values>
              <Entry>
                <Value0>8288</Value0>
                <Value1>0</Value1>
              </Entry>
            </Values>
            <Value0>147458</Value0>
            <Value1>327680</Value1>
          </Entry>
          <Entry>
            <Values />
            <Value0>147456</Value0>
            <Value1>393216</Value1>
          </Entry>
          <Entry>
            <Values>
              <Entry>
                <Value0>8289</Value0>
                <Value1>0</Value1>
              </Entry>
            </Values>
            <Value0>147458</Value0>
            <Value1>458752</Value1>
          </Entry>
          <Entry>
            <Values />
            <Value0>147456</Value0>
            <Value1>524288</Value1>
          </Entry>
          <Entry>
            <Values>
              <Entry>
                <Value0>8290</Value0>
                <Value1>0</Value1>
              </Entry>
              <Entry>
                <Value0>8291</Value0>
                <Value1>500</Value1>
              </Entry>
            </Values>
            <Value0>147458</Value0>
            <Value1>589824</Value1>
          </Entry>
          <Entry>
            <Values>
              <Entry>
                <Value0>8292</Value0>
                <Value1>0</Value1>
              </Entry>
              <Entry>
                <Value0>8293</Value0>
                <Value1>500</Value1>
              </Entry>
            </Values>
            <Value0>147458</Value0>
            <Value1>655360</Value1>
          </Entry>
          <Entry>
            <Values />
            <Value0>147456</Value0>
            <Value1>720896</Value1>
          </Entry>
        </Unknown>
        <Dialogs>
          <Dialog>○○○○○○○○</Dialog>
          <Dialog>Well, have you decided？</Dialog>
          <Dialog>高嶺</Dialog>
          <Dialog>I think I'll buy a
replacement.</Dialog>
          <Dialog>Ah, for your favorite racket？</Dialog>
          <Dialog>Yeah, I found a new one that I
feel comfortable with. Thanks
for giving me advice.</Dialog>
          <Dialog>You're welcome. What will you
do with your old racket then？</Dialog>
          <Dialog>I'll put it in my memory box.</Dialog>
          <Dialog>Your memory box？ What is in
there？</Dialog>
          <Dialog>I've been putting a lot of
things in there since I was in
grade school. A mat that I
made, some stickers that I
collected...</Dialog>
          <Dialog>But, maybe I should just leave
the racket outside. It's
pretty heavy, so it's suitable
for swinging practice.</Dialog>
          <Dialog>(▲高嶺＊＊▲
really takes good care of her
stuff...)</Dialog>
        </Dialogs>
      </SDL2>
    </Entry>
    <Entry Unknown0="3067017505" Unknown1="1499635916">
      <SDL2 Key="1465990740">
        <Unknown>
          <Entry>
            <Values>
              <Entry>
                <Value0>8294</Value0>
                <Value1>0</Value1>
              </Entry>
            </Values>
            <Value0>147456</Value0>
            <Value1>65536</Value1>
          </Entry>
          <Entry>
            <Values />
            <Value0>147458</Value0>
            <Value1>196608</Value1>
          </Entry>
          <Entry>
            <Values>
              <Entry>
                <Value0>8295</Value0>
                <Value1>0</Value1>
              </Entry>
            </Values>
            <Value0>147456</Value0>
            <Value1>262144</Value1>
          </Entry>
          <Entry>
            <Values>
              <Entry>
                <Value0>8296</Value0>
                <Value1>0</Value1>
              </Entry>
            </Values>
            <Value0>147456</Value0>
            <Value1>327680</Value1>
          </Entry>
          <Entry>
            <Values />
            <Value0>147458</Value0>
            <Value1>393216</Value1>
          </Entry>
          <Entry>
            <Values>
              <Entry>
                <Value0>8297</Value0>
                <Value1>0</Value1>
              </Entry>
            </Values>
            <Value0>147456</Value0>
            <Value1>458752</Value1>
          </Entry>
          <Entry>
            <Values />
            <Value0>147458</Value0>
            <Value1>524288</Value1>
          </Entry>
          <Entry>
            <Values>
              <Entry>
                <Value0>8298</Value0>
                <Value1>0</Value1>
              </Entry>
              <Entry>
                <Value0>8299</Value0>
                <Value1>500</Value1>
              </Entry>
            </Values>
            <Value0>147456</Value0>
            <Value1>589824</Value1>
          </Entry>
          <Entry>
            <Values>
              <Entry>
                <Value0>8300</Value0>
                <Value1>0</Value1>
              </Entry>
            </Values>
            <Value0>147456</Value0>
            <Value1>655360</Value1>
          </Entry>
          <Entry>
            <Values />
            <Value0>147458</Value0>
            <Value1>720896</Value1>
          </Entry>
        </Unknown>
        <Dialogs>
          <Dialog>高嶺</Dialog>
          <Dialog>I wonder if it's hard to
maintain good grades while
attending club activities.</Dialog>
          <Dialog>○○○○○○○○</Dialog>
          <Dialog>Why？</Dialog>
          <Dialog>A classmate of mine who's in a
different club said that.</Dialog>
          <Dialog>When she gets tired from club
activities, she feels too
exhausted to study.</Dialog>
          <Dialog>Ah, that's true.</Dialog>
          <Dialog>Hey, do you think I don't
practice enough？</Dialog>
          <Dialog>Hah？</Dialog>
          <Dialog>Because I've never felt
exhausted to the point that I
couldn't study. Does that mean
I don't practice enough？</Dialog>
          <Dialog>Maybe I should ask the captain
for personalized, intensive
training...</Dialog>
          <Dialog>(I think you already practice
very hard... You're amazing,
▲高嶺＊＊▲.)</Dialog>
        </Dialogs>
      </SDL2>
    </Entry>
    <Entry Unknown0="1566475976" Unknown1="3357230940">
      <SDL2 Key="1465990740">
        <Unknown>
          <Entry>
            <Values />
            <Value0>147456</Value0>
            <Value1>65536</Value1>
          </Entry>
          <Entry>
            <Values>
              <Entry>
                <Value0>8301</Value0>
                <Value1>0</Value1>
              </Entry>
              <Entry>
                <Value0>8302</Value0>
                <Value1>500</Value1>
              </Entry>
            </Values>
            <Value0>147458</Value0>
            <Value1>196608</Value1>
          </Entry>
          <Entry>
            <Values />
            <Value0>147456</Value0>
            <Value1>262144</Value1>
          </Entry>
          <Entry>
            <Values>
              <Entry>
                <Value0>8303</Value0>
                <Value1>0</Value1>
              </Entry>
            </Values>
            <Value0>147458</Value0>
            <Value1>327680</Value1>
          </Entry>
          <Entry>
            <Values />
            <Value0>147456</Value0>
            <Value1>393216</Value1>
          </Entry>
          <Entry>
            <Values>
              <Entry>
                <Value0>8304</Value0>
                <Value1>0</Value1>
              </Entry>
            </Values>
            <Value0>147458</Value0>
            <Value1>458752</Value1>
          </Entry>
          <Entry>
            <Values />
            <Value0>147456</Value0>
            <Value1>524288</Value1>
          </Entry>
          <Entry>
            <Values>
              <Entry>
                <Value0>8305</Value0>
                <Value1>0</Value1>
              </Entry>
            </Values>
            <Value0>147458</Value0>
            <Value1>589824</Value1>
          </Entry>
          <Entry>
            <Values>
              <Entry>
                <Value0>8306</Value0>
                <Value1>0</Value1>
              </Entry>
            </Values>
            <Value0>147458</Value0>
            <Value1>655360</Value1>
          </Entry>
          <Entry>
            <Values>
              <Entry>
                <Value0>8307</Value0>
                <Value1>0</Value1>
              </Entry>
            </Values>
            <Value0>147458</Value0>
            <Value1>720896</Value1>
          </Entry>
          <Entry>
            <Values />
            <Value0>147456</Value0>
            <Value1>786432</Value1>
          </Entry>
        </Unknown>
        <Dialogs>
          <Dialog>○○○○○○○○</Dialog>
          <Dialog>How's everything going after
you increased your practice？</Dialog>
          <Dialog>高嶺</Dialog>
          <Dialog>Well, it was more tiring, but
not to the point that I fell
asleep once I got home. I
should extend my practice
time...</Dialog>
          <Dialog>No, no, no. Don't do that.</Dialog>
          <Dialog>Eh？ Why？</Dialog>
          <Dialog>You'll hurt yourself if you
practice too much！</Dialog>
          <Dialog>...Okay, but...</Dialog>
          <Dialog>Most importantly, you'll have
less time to spend with me！</Dialog>
          <Dialog>......</Dialog>
          <Dialog>If you say so, I...</Dialog>
          <Dialog>...Okay. I'll just practice
regularly.</Dialog>
          <Dialog>(...Phew.)</Dialog>
        </Dialogs>
      </SDL2>
    </Entry>
    <Entry Unknown0="3440859480" Unknown1="2294470421">
      <SDL2 Key="2274452910">
        <Unknown>
          <Entry>
            <Values>
              <Entry>
                <Value0>8308</Value0>
                <Value1>0</Value1>
              </Entry>
            </Values>
            <Value0>147456</Value0>
            <Value1>65536</Value1>
          </Entry>
          <Entry>
            <Values />
            <Value0>147458</Value0>
            <Value1>196608</Value1>
          </Entry>
          <Entry>
            <Values>
              <Entry>
                <Value0>8309</Value0>
                <Value1>0</Value1>
              </Entry>
            </Values>
            <Value0>147456</Value0>
            <Value1>262144</Value1>
          </Entry>
          <Entry>
            <Values />
            <Value0>147458</Value0>
            <Value1>327680</Value1>
          </Entry>
          <Entry>
            <Values>
              <Entry>
                <Value0>8310</Value0>
                <Value1>0</Value1>
              </Entry>
            </Values>
            <Value0>147456</Value0>
            <Value1>393216</Value1>
          </Entry>
          <Entry>
            <Values>
              <Entry>
                <Value0>8311</Value0>
                <Value1>0</Value1>
              </Entry>
            </Values>
            <Value0>147456</Value0>
            <Value1>458752</Value1>
          </Entry>
          <Entry>
            <Values>
              <Entry>
                <Value0>8312</Value0>
                <Value1>0</Value1>
              </Entry>
            </Values>
            <Value0>147456</Value0>
            <Value1>524288</Value1>
          </Entry>
          <Entry>
            <Values>
              <Entry>
                <Value0>8313</Value0>
                <Value1>0</Value1>
              </Entry>
            </Values>
            <Value0>147456</Value0>
            <Value1>589824</Value1>
          </Entry>
          <Entry>
            <Values />
            <Value0>147458</Value0>
            <Value1>655360</Value1>
          </Entry>
        </Unknown>
        <Dialogs>
          <Dialog>高嶺</Dialog>
          <Dialog>Hey, have you heard？ Our club
is going to change its
uniform？</Dialog>
          <Dialog>○○○○○○○○</Dialog>
          <Dialog>Yeah, I've heard they hired a
famous designer this time. I
wonder if it's true.</Dialog>
          <Dialog>Really？ That would be nice.</Dialog>
          <Dialog>Hmm？ Are you interested？</Dialog>
          <Dialog>Hehe, before, I probably
wouldn't have cared much.</Dialog>
          <Dialog>But now, if there will be cute
uniforms, I really want to
wear them.</Dialog>
          <Dialog>You would be happy for that
too, wouldn't you？ ...I
guess.</Dialog>
          <Dialog>I wonder if we can see them
anytime soon. I really want to
know more about them！</Dialog>
          <Dialog>(...When she says something
like that, even I feel a
little embarrassed, too.)</Dialog>
        </Dialogs>
      </SDL2>
    </Entry>
    <Entry Unknown0="2260650257" Unknown1="575836348">
      <SDL2 Key="2274452910">
        <Unknown>
          <Entry>
            <Values />
            <Value0>147456</Value0>
            <Value1>65536</Value1>
          </Entry>
          <Entry>
            <Values>
              <Entry>
                <Value0>8314</Value0>
                <Value1>0</Value1>
              </Entry>
            </Values>
            <Value0>147458</Value0>
            <Value1>196608</Value1>
          </Entry>
          <Entry>
            <Values />
            <Value0>147456</Value0>
            <Value1>262144</Value1>
          </Entry>
          <Entry>
            <Values>
              <Entry>
                <Value0>8315</Value0>
                <Value1>0</Value1>
              </Entry>
            </Values>
            <Value0>147458</Value0>
            <Value1>327680</Value1>
          </Entry>
          <Entry>
            <Values />
            <Value0>147456</Value0>
            <Value1>393216</Value1>
          </Entry>
          <Entry>
            <Values>
              <Entry>
                <Value0>8316</Value0>
                <Value1>0</Value1>
              </Entry>
            </Values>
            <Value0>147458</Value0>
            <Value1>458752</Value1>
          </Entry>
          <Entry>
            <Values />
            <Value0>147456</Value0>
            <Value1>524288</Value1>
          </Entry>
          <Entry>
            <Values>
              <Entry>
                <Value0>8317</Value0>
                <Value1>0</Value1>
              </Entry>
            </Values>
            <Value0>147458</Value0>
            <Value1>589824</Value1>
          </Entry>
          <Entry>
            <Values>
              <Entry>
                <Value0>8318</Value0>
                <Value1>0</Value1>
              </Entry>
            </Values>
            <Value0>147458</Value0>
            <Value1>655360</Value1>
          </Entry>
          <Entry>
            <Values />
            <Value0>147456</Value0>
            <Value1>720896</Value1>
          </Entry>
        </Unknown>
        <Dialogs>
          <Dialog>○○○○○○○○</Dialog>
          <Dialog>I have new info about the new
uniforms.</Dialog>
          <Dialog>高嶺</Dialog>
          <Dialog>Eh？ What is it？</Dialog>
          <Dialog>The story itself was true, but
now people from other clubs
are asking, "Why just the
tennis club？"</Dialog>
          <Dialog>I see. Hah... That's too bad.
Really...</Dialog>
          <Dialog>By the way, I keep forgetting
to tell you.</Dialog>
          <Dialog>Hmm？ What？</Dialog>
          <Dialog>▲高嶺＊＊▲,
you are already very cute, you
know？</Dialog>
          <Dialog>...Hey, why do you say it all
of a sudden！？ Such bad
timing...！</Dialog>
          <Dialog>I don't care anymore！</Dialog>
          <Dialog>(Bad timing...？ Girls are
really hard to understand...)</Dialog>
        </Dialogs>
      </SDL2>
    </Entry>
    <Entry Unknown0="760125112" Unknown1="3842717516">
      <SDL2 Key="2274452910">
        <Unknown>
          <Entry>
            <Values>
              <Entry>
                <Value0>8319</Value0>
                <Value1>0</Value1>
              </Entry>
            </Values>
            <Value0>147456</Value0>
            <Value1>65536</Value1>
          </Entry>
          <Entry>
            <Values />
            <Value0>147458</Value0>
            <Value1>196608</Value1>
          </Entry>
          <Entry>
            <Values>
              <Entry>
                <Value0>8320</Value0>
                <Value1>0</Value1>
              </Entry>
              <Entry>
                <Value0>8321</Value0>
                <Value1>500</Value1>
              </Entry>
            </Values>
            <Value0>147456</Value0>
            <Value1>262144</Value1>
          </Entry>
          <Entry>
            <Values />
            <Value0>147458</Value0>
            <Value1>327680</Value1>
          </Entry>
          <Entry>
            <Values>
              <Entry>
                <Value0>8322</Value0>
                <Value1>0</Value1>
              </Entry>
            </Values>
            <Value0>147456</Value0>
            <Value1>393216</Value1>
          </Entry>
          <Entry>
            <Values />
            <Value0>147458</Value0>
            <Value1>458752</Value1>
          </Entry>
          <Entry>
            <Values>
              <Entry>
                <Value0>8323</Value0>
                <Value1>0</Value1>
              </Entry>
            </Values>
            <Value0>147456</Value0>
            <Value1>524288</Value1>
          </Entry>
          <Entry>
            <Values>
              <Entry>
                <Value0>8324</Value0>
                <Value1>0</Value1>
              </Entry>
            </Values>
            <Value0>147456</Value0>
            <Value1>589824</Value1>
          </Entry>
          <Entry>
            <Values />
            <Value0>147458</Value0>
            <Value1>655360</Value1>
          </Entry>
          <Entry>
            <Values>
              <Entry>
                <Value0>8325</Value0>
                <Value1>0</Value1>
              </Entry>
            </Values>
            <Value0>147456</Value0>
            <Value1>720896</Value1>
          </Entry>
          <Entry>
            <Values />
            <Value0>147458</Value0>
            <Value1>786432</Value1>
          </Entry>
        </Unknown>
        <Dialogs>
          <Dialog>高嶺</Dialog>
          <Dialog>Earlier, while I was shopping,
I ran into a girl who I always
competed with in tennis
matches.</Dialog>
          <Dialog>○○○○○○○○</Dialog>
          <Dialog>Huh？ Did you get a chance to
talk with her？</Dialog>
          <Dialog>Yeah, she called out to me.
That girl is really good at
tennis. I was totally beaten
during my first match with
her.</Dialog>
          <Dialog>Eh！？
▲高嶺＊＊▲,
really？</Dialog>
          <Dialog>I can laugh about it now, but
it was really hard for me back
then. Now, I still regret it.</Dialog>
          <Dialog>Somehow, I think I can
understand that feeling...</Dialog>
          <Dialog>Hehe, we talked about the
strategies our schools used
for practice.</Dialog>
          <Dialog>She told me some very useful
techniques. I wonder if I
should inform our captain.</Dialog>
          <Dialog>Oh, are you becoming a spy
now？</Dialog>
          <Dialog>Don't exaggerate... Anyway,
I'm not going to lose when it
comes to information warfare.
Hehehe...</Dialog>
          <Dialog>(Don't tell me she's been
holding a grudge ever since
she lost to that girl.)</Dialog>
        </Dialogs>
      </SDL2>
    </Entry>
    <Entry Unknown0="3708234056" Unknown1="2947729157">
      <SDL2 Key="2274452910">
        <Unknown>
          <Entry>
            <Values />
            <Value0>147456</Value0>
            <Value1>65536</Value1>
          </Entry>
          <Entry>
            <Values>
              <Entry>
                <Value0>8326</Value0>
                <Value1>0</Value1>
              </Entry>
            </Values>
            <Value0>147458</Value0>
            <Value1>196608</Value1>
          </Entry>
          <Entry>
            <Values />
            <Value0>147456</Value0>
            <Value1>262144</Value1>
          </Entry>
          <Entry>
            <Values>
              <Entry>
                <Value0>8327</Value0>
                <Value1>0</Value1>
              </Entry>
            </Values>
            <Value0>147458</Value0>
            <Value1>327680</Value1>
          </Entry>
          <Entry>
            <Values />
            <Value0>147456</Value0>
            <Value1>393216</Value1>
          </Entry>
          <Entry>
            <Values>
              <Entry>
                <Value0>8328</Value0>
                <Value1>0</Value1>
              </Entry>
            </Values>
            <Value0>147458</Value0>
            <Value1>458752</Value1>
          </Entry>
          <Entry>
            <Values />
            <Value0>147456</Value0>
            <Value1>524288</Value1>
          </Entry>
          <Entry>
            <Values>
              <Entry>
                <Value0>8329</Value0>
                <Value1>0</Value1>
              </Entry>
            </Values>
            <Value0>147458</Value0>
            <Value1>589824</Value1>
          </Entry>
          <Entry>
            <Values />
            <Value0>147456</Value0>
            <Value1>655360</Value1>
          </Entry>
          <Entry>
            <Values>
              <Entry>
                <Value0>8330</Value0>
                <Value1>0</Value1>
              </Entry>
              <Entry>
                <Value0>8331</Value0>
                <Value1>500</Value1>
              </Entry>
            </Values>
            <Value0>147458</Value0>
            <Value1>720896</Value1>
          </Entry>
          <Entry>
            <Values />
            <Value0>147456</Value0>
            <Value1>786432</Value1>
          </Entry>
        </Unknown>
        <Dialogs>
          <Dialog>○○○○○○○○</Dialog>
          <Dialog>Later on, did you get any more
information from your rival？</Dialog>
          <Dialog>高嶺</Dialog>
          <Dialog>Um, sort of...</Dialog>
          <Dialog>Eh？ What's with that
vagueness？</Dialog>
          <Dialog>We talked about tennis, of
course. ...But, we also talked
about other things...</Dialog>
          <Dialog>Other things？</Dialog>
          <Dialog>Like... Our boyfriends...</Dialog>
          <Dialog>...Me？</Dialog>
          <Dialog>Yeah, she also has a
boyfriend, so we kind of
shared the information...</Dialog>
          <Dialog>U-Um... What kind of
information？</Dialog>
          <Dialog>That's... Well, a little bit
of this, and a little bit of
that... Um, something of that
sort, okay？</Dialog>
          <Dialog>(A little bit of this, and a
little bit of that...？)</Dialog>
        </Dialogs>
      </SDL2>
    </Entry>
    <Entry Unknown0="2528041217" Unknown1="524452012">
      <SDL2 Key="3118439193">
        <Unknown>
          <Entry>
            <Values>
              <Entry>
                <Value0>8332</Value0>
                <Value1>0</Value1>
              </Entry>
            </Values>
            <Value0>147456</Value0>
            <Value1>65536</Value1>
          </Entry>
          <Entry>
            <Values />
            <Value0>147458</Value0>
            <Value1>196608</Value1>
          </Entry>
          <Entry>
            <Values>
              <Entry>
                <Value0>8333</Value0>
                <Value1>0</Value1>
              </Entry>
            </Values>
            <Value0>147456</Value0>
            <Value1>262144</Value1>
          </Entry>
          <Entry>
            <Values />
            <Value0>147458</Value0>
            <Value1>327680</Value1>
          </Entry>
          <Entry>
            <Values>
              <Entry>
                <Value0>8334</Value0>
                <Value1>0</Value1>
              </Entry>
            </Values>
            <Value0>147456</Value0>
            <Value1>393216</Value1>
          </Entry>
          <Entry>
            <Values>
              <Entry>
                <Value0>8335</Value0>
                <Value1>0</Value1>
              </Entry>
            </Values>
            <Value0>147456</Value0>
            <Value1>458752</Value1>
          </Entry>
          <Entry>
            <Values>
              <Entry>
                <Value0>8336</Value0>
                <Value1>0</Value1>
              </Entry>
              <Entry>
                <Value0>8337</Value0>
                <Value1>500</Value1>
              </Entry>
            </Values>
            <Value0>147456</Value0>
            <Value1>524288</Value1>
          </Entry>
          <Entry>
            <Values />
            <Value0>147458</Value0>
            <Value1>589824</Value1>
          </Entry>
          <Entry>
            <Values>
              <Entry>
                <Value0>8338</Value0>
                <Value1>0</Value1>
              </Entry>
            </Values>
            <Value0>147456</Value0>
            <Value1>655360</Value1>
          </Entry>
          <Entry>
            <Values />
            <Value0>147458</Value0>
            <Value1>720896</Value1>
          </Entry>
        </Unknown>
        <Dialogs>
          <Dialog>高嶺</Dialog>
          <Dialog>By the way, people have been
discussing tennis terminology
lately.</Dialog>
          <Dialog>○○○○○○○○</Dialog>
          <Dialog>Really？ What kind of
terminology？</Dialog>
          <Dialog>Well, like there are a lot of
people who say "single"
instead of "singles."</Dialog>
          <Dialog>Ah, people who don't have an
interest in tennis might say
it wrong.</Dialog>
          <Dialog>Yeah. Currently, there are a
lot of people who just started
playing tennis in high school,
so they didn't learn the
terms.</Dialog>
          <Dialog>It's a bit weird that you have
to add an "s" to the word
"single," right？</Dialog>
          <Dialog>And there are terms like
"service" and "love" in
English. Then there's also the
term "mizutori" in Japanese.</Dialog>
          <Dialog>Huh？ Is "mizutori" also a
tennis term？</Dialog>
          <Dialog>Eh？ That's what I thought.
...Maybe I'm wrong. I'd better
research about this and I'll
let you know.</Dialog>
          <Dialog>(▲高嶺＊＊▲
really likes researching,
huh？)</Dialog>
        </Dialogs>
      </SDL2>
    </Entry>
    <Entry Unknown0="1027499688" Unknown1="2398824252">
      <SDL2 Key="1636966111">
        <Unknown>
          <Entry>
            <Values>
              <Entry>
                <Value0>8339</Value0>
                <Value1>0</Value1>
              </Entry>
              <Entry>
                <Value0>8340</Value0>
                <Value1>500</Value1>
              </Entry>
            </Values>
            <Value0>147456</Value0>
            <Value1>65536</Value1>
          </Entry>
          <Entry>
            <Values />
            <Value0>147458</Value0>
            <Value1>196608</Value1>
          </Entry>
          <Entry>
            <Values>
              <Entry>
                <Value0>8341</Value0>
                <Value1>0</Value1>
              </Entry>
            </Values>
            <Value0>147456</Value0>
            <Value1>262144</Value1>
          </Entry>
          <Entry>
            <Values />
            <Value0>147458</Value0>
            <Value1>327680</Value1>
          </Entry>
          <Entry>
            <Values>
              <Entry>
                <Value0>8342</Value0>
                <Value1>0</Value1>
              </Entry>
            </Values>
            <Value0>147456</Value0>
            <Value1>393216</Value1>
          </Entry>
          <Entry>
            <Values />
            <Value0>147458</Value0>
            <Value1>458752</Value1>
          </Entry>
          <Entry>
            <Values>
              <Entry>
                <Value0>8343</Value0>
                <Value1>0</Value1>
              </Entry>
            </Values>
            <Value0>147456</Value0>
            <Value1>524288</Value1>
          </Entry>
          <Entry>
            <Values />
            <Value0>147458</Value0>
            <Value1>589824</Value1>
          </Entry>
          <Entry>
            <Values>
              <Entry>
                <Value0>8344</Value0>
                <Value1>0</Value1>
              </Entry>
            </Values>
            <Value0>147456</Value0>
            <Value1>655360</Value1>
          </Entry>
          <Entry>
            <Values />
            <Value0>147458</Value0>
            <Value1>720896</Value1>
          </Entry>
          <Entry>
            <Values>
              <Entry>
                <Value0>8345</Value0>
                <Value1>0</Value1>
              </Entry>
            </Values>
            <Value0>147456</Value0>
            <Value1>786432</Value1>
          </Entry>
        </Unknown>
        <Dialogs>
          <Dialog>高嶺</Dialog>
          <Dialog>We were discussing the term
"mizutori," right？ It didn't
originate from tennis though.</Dialog>
          <Dialog>○○○○○○○○</Dialog>
          <Dialog>Huh？ Really？</Dialog>
          <Dialog>The term we used in tennis is
different from the one in
religious ceremonies, but
somehow it's related to
Chinese feng shui.</Dialog>
          <Dialog>You really did some research
on this. Thanks for your
effort.</Dialog>
          <Dialog>Hehe, you're welcome.</Dialog>
          <Dialog>It won't be fun if I have to
remember all the terms...</Dialog>
          <Dialog>Hehe. But if you know these
terms, you'll have more fun
when you play tennis, right？</Dialog>
          <Dialog>Maybe not.</Dialog>
          <Dialog>But aren't you curious about
these terms？</Dialog>
          <Dialog>Maybe.</Dialog>
          <Dialog>Which one is your answer？
Hehe！</Dialog>
        </Dialogs>
      </SDL2>
    </Entry>
    <Entry Unknown0="2918660408" Unknown1="1252177909">
      <SDL2 Key="2446476875">
        <Unknown>
          <Entry>
            <Values>
              <Entry>
                <Value0>8346</Value0>
                <Value1>0</Value1>
              </Entry>
            </Values>
            <Value0>147456</Value0>
            <Value1>65536</Value1>
          </Entry>
          <Entry>
            <Values />
            <Value0>147458</Value0>
            <Value1>196608</Value1>
          </Entry>
          <Entry>
            <Values>
              <Entry>
                <Value0>8347</Value0>
                <Value1>0</Value1>
              </Entry>
              <Entry>
                <Value0>8348</Value0>
                <Value1>500</Value1>
              </Entry>
            </Values>
            <Value0>147456</Value0>
            <Value1>262144</Value1>
          </Entry>
          <Entry>
            <Values>
              <Entry>
                <Value0>8349</Value0>
                <Value1>0</Value1>
              </Entry>
            </Values>
            <Value0>147456</Value0>
            <Value1>327680</Value1>
          </Entry>
          <Entry>
            <Values />
            <Value0>147458</Value0>
            <Value1>393216</Value1>
          </Entry>
          <Entry>
            <Values>
              <Entry>
                <Value0>8350</Value0>
                <Value1>0</Value1>
              </Entry>
            </Values>
            <Value0>147456</Value0>
            <Value1>458752</Value1>
          </Entry>
          <Entry>
            <Values />
            <Value0>147458</Value0>
            <Value1>524288</Value1>
          </Entry>
          <Entry>
            <Values>
              <Entry>
                <Value0>8351</Value0>
                <Value1>0</Value1>
              </Entry>
            </Values>
            <Value0>147456</Value0>
            <Value1>589824</Value1>
          </Entry>
          <Entry>
            <Values />
            <Value0>147458</Value0>
            <Value1>655360</Value1>
          </Entry>
          <Entry>
            <Values>
              <Entry>
                <Value0>8352</Value0>
                <Value1>0</Value1>
              </Entry>
            </Values>
            <Value0>147456</Value0>
            <Value1>720896</Value1>
          </Entry>
          <Entry>
            <Values>
              <Entry>
                <Value0>8353</Value0>
                <Value1>0</Value1>
              </Entry>
            </Values>
            <Value0>147456</Value0>
            <Value1>786432</Value1>
          </Entry>
          <Entry>
            <Values />
            <Value0>147458</Value0>
            <Value1>851968</Value1>
          </Entry>
        </Unknown>
        <Dialogs>
          <Dialog>高嶺</Dialog>
          <Dialog>Hey, can you go with me to the
sports shop later？</Dialog>
          <Dialog>○○○○○○○○</Dialog>
          <Dialog>Fine. What do you want to
buy？</Dialog>
          <Dialog>I'm thinking about buying a
new pair of shoes. The current
pair still works great, but
they're getting worn out.</Dialog>
          <Dialog>It's probably time for me to
change my racket's strings
too.</Dialog>
          <Dialog>I see. Maybe I should change
mine as well...</Dialog>
          <Dialog>When was the last time you
changed them？</Dialog>
          <Dialog>...When was it？</Dialog>
          <Dialog>For now, you should be
changing them every three
months...</Dialog>
          <Dialog>...I've been using them much
longer than that.</Dialog>
          <Dialog>That's what I thought...</Dialog>
          <Dialog>But you're amazing. Even with
old strings, you can still
play really well. I respect
you. Really.</Dialog>
          <Dialog>(She respects me for such a
weird thing...)</Dialog>
        </Dialogs>
      </SDL2>
    </Entry>
    <Entry Unknown0="1721674225" Unknown1="540176540">
      <SDL2 Key="2446476875">
        <Unknown>
          <Entry>
            <Values>
              <Entry>
                <Value0>8354</Value0>
                <Value1>0</Value1>
              </Entry>
            </Values>
            <Value0>147456</Value0>
            <Value1>65536</Value1>
          </Entry>
          <Entry>
            <Values />
            <Value0>147458</Value0>
            <Value1>196608</Value1>
          </Entry>
          <Entry>
            <Values>
              <Entry>
                <Value0>8355</Value0>
                <Value1>0</Value1>
              </Entry>
            </Values>
            <Value0>147456</Value0>
            <Value1>262144</Value1>
          </Entry>
          <Entry>
            <Values />
            <Value0>147458</Value0>
            <Value1>327680</Value1>
          </Entry>
          <Entry>
            <Values>
              <Entry>
                <Value0>8356</Value0>
                <Value1>0</Value1>
              </Entry>
              <Entry>
                <Value0>8357</Value0>
                <Value1>500</Value1>
              </Entry>
            </Values>
            <Value0>147456</Value0>
            <Value1>393216</Value1>
          </Entry>
          <Entry>
            <Values />
            <Value0>147458</Value0>
            <Value1>458752</Value1>
          </Entry>
          <Entry>
            <Values>
              <Entry>
                <Value0>8358</Value0>
                <Value1>0</Value1>
              </Entry>
            </Values>
            <Value0>147456</Value0>
            <Value1>524288</Value1>
          </Entry>
          <Entry>
            <Values />
            <Value0>147458</Value0>
            <Value1>589824</Value1>
          </Entry>
          <Entry>
            <Values>
              <Entry>
                <Value0>8359</Value0>
                <Value1>0</Value1>
              </Entry>
            </Values>
            <Value0>147456</Value0>
            <Value1>655360</Value1>
          </Entry>
          <Entry>
            <Values />
            <Value0>147458</Value0>
            <Value1>720896</Value1>
          </Entry>
          <Entry>
            <Values>
              <Entry>
                <Value0>8360</Value0>
                <Value1>0</Value1>
              </Entry>
            </Values>
            <Value0>147456</Value0>
            <Value1>786432</Value1>
          </Entry>
        </Unknown>
        <Dialogs>
          <Dialog>高嶺</Dialog>
          <Dialog>How is it？ Did you feel any
differences after you changed
the racket's strings？</Dialog>
          <Dialog>○○○○○○○○</Dialog>
          <Dialog>The feeling is totally
different, especially when I
hit the ball.</Dialog>
          <Dialog>Hehe, then that's good. It's a
bit worrisome when you think
about changing them, right？</Dialog>
          <Dialog>▲高嶺＊＊▲,
do you change them every 3
months？</Dialog>
          <Dialog>I usually do that. But, it
depends. Sometimes I change
them when I feel like they
need to be changed.</Dialog>
          <Dialog>For me, by the time I think
about changing them, I've
already passed the recommended
period.</Dialog>
          <Dialog>Hehe, geez. If you want to win
a tournament, you at least
need to have standards,
right？</Dialog>
          <Dialog>I see. So, while we go to the
same school, I'll change them
at the same time as
▲高嶺＊＊▲.</Dialog>
          <Dialog>...While we go to the same
school？</Dialog>
          <Dialog>Haha, sorry. I mean, even
after we graduate, too.</Dialog>
          <Dialog>Very well. Yeah. Hehe！</Dialog>
        </Dialogs>
      </SDL2>
    </Entry>
    <Entry Unknown0="221148824" Unknown1="3958052652">
      <SDL2 Key="1502853394">
        <Unknown>
          <Entry>
            <Values>
              <Entry>
                <Value0>8361</Value0>
                <Value1>0</Value1>
              </Entry>
            </Values>
            <Value0>147456</Value0>
            <Value1>65536</Value1>
          </Entry>
          <Entry>
            <Values />
            <Value0>147458</Value0>
            <Value1>196608</Value1>
          </Entry>
          <Entry>
            <Values>
              <Entry>
                <Value0>8362</Value0>
                <Value1>0</Value1>
              </Entry>
            </Values>
            <Value0>147456</Value0>
            <Value1>262144</Value1>
          </Entry>
          <Entry>
            <Values />
            <Value0>147458</Value0>
            <Value1>327680</Value1>
          </Entry>
          <Entry>
            <Values>
              <Entry>
                <Value0>8363</Value0>
                <Value1>0</Value1>
              </Entry>
            </Values>
            <Value0>147456</Value0>
            <Value1>393216</Value1>
          </Entry>
          <Entry>
            <Values>
              <Entry>
                <Value0>8364</Value0>
                <Value1>0</Value1>
              </Entry>
            </Values>
            <Value0>147456</Value0>
            <Value1>458752</Value1>
          </Entry>
          <Entry>
            <Values />
            <Value0>147458</Value0>
            <Value1>524288</Value1>
          </Entry>
          <Entry>
            <Values>
              <Entry>
                <Value0>8365</Value0>
                <Value1>0</Value1>
              </Entry>
              <Entry>
                <Value0>8366</Value0>
                <Value1>500</Value1>
              </Entry>
            </Values>
            <Value0>147456</Value0>
            <Value1>589824</Value1>
          </Entry>
          <Entry>
            <Values />
            <Value0>147458</Value0>
            <Value1>655360</Value1>
          </Entry>
          <Entry>
            <Values>
              <Entry>
                <Value0>8367</Value0>
                <Value1>0</Value1>
              </Entry>
            </Values>
            <Value0>147456</Value0>
            <Value1>720896</Value1>
          </Entry>
          <Entry>
            <Values />
            <Value0>147458</Value0>
            <Value1>786432</Value1>
          </Entry>
        </Unknown>
        <Dialogs>
          <Dialog>高嶺</Dialog>
          <Dialog>By the way, there was an old
man watching us practice. Did
you notice？</Dialog>
          <Dialog>○○○○○○○○</Dialog>
          <Dialog>Ah, I did. That guy kept
smiling.</Dialog>
          <Dialog>I wonder if he knows someone
on our team. Maybe his
granddaughter.</Dialog>
          <Dialog>▲高嶺＊＊▲,
I think he was there to watch
you play.</Dialog>
          <Dialog>Eh？ Really？ Hmm, but I can't
recall ever meeting him
before...</Dialog>
          <Dialog>...Hehe.</Dialog>
          <Dialog>Huh？</Dialog>
          <Dialog>He was turning his head left
and right when he looked at
the ball. It was like a cat
watching its toy.</Dialog>
          <Dialog>Ah, when you say that, I can
picture it.</Dialog>
          <Dialog>Right？ But I didn't notice
when he left though...</Dialog>
          <Dialog>(So she doesn't know him？ I
was wrong, huh？)</Dialog>
        </Dialogs>
      </SDL2>
    </Entry>
    <Entry Unknown0="3186034984" Unknown1="563259365">
      <SDL2 Key="1502853394">
        <Unknown>
          <Entry>
            <Values />
            <Value0>147456</Value0>
            <Value1>65536</Value1>
          </Entry>
          <Entry>
            <Values>
              <Entry>
                <Value0>8369</Value0>
                <Value1>0</Value1>
              </Entry>
            </Values>
            <Value0>147458</Value0>
            <Value1>196608</Value1>
          </Entry>
          <Entry>
            <Values />
            <Value0>147456</Value0>
            <Value1>262144</Value1>
          </Entry>
          <Entry>
            <Values>
              <Entry>
                <Value0>8370</Value0>
                <Value1>0</Value1>
              </Entry>
              <Entry>
                <Value0>8371</Value0>
                <Value1>500</Value1>
              </Entry>
            </Values>
            <Value0>147458</Value0>
            <Value1>327680</Value1>
          </Entry>
          <Entry>
            <Values />
            <Value0>147456</Value0>
            <Value1>393216</Value1>
          </Entry>
          <Entry>
            <Values />
            <Value0>147456</Value0>
            <Value1>458752</Value1>
          </Entry>
          <Entry>
            <Values>
              <Entry>
                <Value0>8372</Value0>
                <Value1>0</Value1>
              </Entry>
            </Values>
            <Value0>147458</Value0>
            <Value1>524288</Value1>
          </Entry>
          <Entry>
            <Values />
            <Value0>147456</Value0>
            <Value1>589824</Value1>
          </Entry>
          <Entry>
            <Values>
              <Entry>
                <Value0>8373</Value0>
                <Value1>0</Value1>
              </Entry>
              <Entry>
                <Value0>8374</Value0>
                <Value1>500</Value1>
              </Entry>
            </Values>
            <Value0>147458</Value0>
            <Value1>655360</Value1>
          </Entry>
          <Entry>
            <Values />
            <Value0>147456</Value0>
            <Value1>720896</Value1>
          </Entry>
          <Entry>
            <Values>
              <Entry>
                <Value0>8375</Value0>
                <Value1>0</Value1>
              </Entry>
            </Values>
            <Value0>147458</Value0>
            <Value1>786432</Value1>
          </Entry>
          <Entry>
            <Values />
            <Value0>147456</Value0>
            <Value1>851968</Value1>
          </Entry>
        </Unknown>
        <Dialogs>
          <Dialog>○○○○○○○○</Dialog>
          <Dialog>By the way, you were talking
to that old man during
practice. Did you know him？</Dialog>
          <Dialog>高嶺</Dialog>
          <Dialog>No. I thought he came to watch
me play, but it was a
misunderstanding.</Dialog>
          <Dialog>Misunderstanding？</Dialog>
          <Dialog>He has a granddaughter and she
plays tennis as well. But when
I asked him, it turned out
that she was in another
school.</Dialog>
          <Dialog>Haha, that old man must be
surprised then...</Dialog>
          <Dialog>But, ▲高嶺＊＊▲,
do you really look like his
granddaughter？ What school
does she go to？</Dialog>
          <Dialog>...I forgot.</Dialog>
          <Dialog>Eh？</Dialog>
          <Dialog>I already forgot, so you can't
go to see that girl. ...No,
don't even think about seeing
her. Got it？</Dialog>
          <Dialog>(▲高嶺＊＊▲,
I can tell what's on your
mind...)</Dialog>
          <Dialog>...What's your answer？</Dialog>
          <Dialog>...Okay. I'm sorry.</Dialog>
        </Dialogs>
      </SDL2>
    </Entry>
    <Entry Unknown0="1989065185" Unknown1="1562534028">
      <SDL2 Key="2042883948">
        <Unknown>
          <Entry>
            <Values />
            <Value0>147456</Value0>
            <Value1>65536</Value1>
          </Entry>
          <Entry>
            <Values>
              <Entry>
                <Value0>8376</Value0>
                <Value1>0</Value1>
              </Entry>
              <Entry>
                <Value0>8377</Value0>
                <Value1>500</Value1>
              </Entry>
            </Values>
            <Value0>147458</Value0>
            <Value1>196608</Value1>
          </Entry>
          <Entry>
            <Values />
            <Value0>147456</Value0>
            <Value1>262144</Value1>
          </Entry>
          <Entry>
            <Values>
              <Entry>
                <Value0>8378</Value0>
                <Value1>0</Value1>
              </Entry>
              <Entry>
                <Value0>8379</Value0>
                <Value1>500</Value1>
              </Entry>
            </Values>
            <Value0>147458</Value0>
            <Value1>327680</Value1>
          </Entry>
          <Entry>
            <Values />
            <Value0>147456</Value0>
            <Value1>393216</Value1>
          </Entry>
          <Entry>
            <Values>
              <Entry>
                <Value0>8380</Value0>
                <Value1>0</Value1>
              </Entry>
            </Values>
            <Value0>147458</Value0>
            <Value1>458752</Value1>
          </Entry>
          <Entry>
            <Values />
            <Value0>147456</Value0>
            <Value1>524288</Value1>
          </Entry>
          <Entry>
            <Values>
              <Entry>
                <Value0>8381</Value0>
                <Value1>0</Value1>
              </Entry>
              <Entry>
                <Value0>8382</Value0>
                <Value1>500</Value1>
              </Entry>
            </Values>
            <Value0>147458</Value0>
            <Value1>589824</Value1>
          </Entry>
          <Entry>
            <Values>
              <Entry>
                <Value0>8383</Value0>
                <Value1>0</Value1>
              </Entry>
            </Values>
            <Value0>147458</Value0>
            <Value1>655360</Value1>
          </Entry>
          <Entry>
            <Values />
            <Value0>147456</Value0>
            <Value1>720896</Value1>
          </Entry>
          <Entry>
            <Values>
              <Entry>
                <Value0>8384</Value0>
                <Value1>0</Value1>
              </Entry>
            </Values>
            <Value0>147458</Value0>
            <Value1>786432</Value1>
          </Entry>
          <Entry>
            <Values />
            <Value0>147456</Value0>
            <Value1>851968</Value1>
          </Entry>
        </Unknown>
        <Dialogs>
          <Dialog>○○○○○○○○</Dialog>
          <Dialog>Do you think my skill will
improve if I practice with a
backboard？</Dialog>
          <Dialog>高嶺</Dialog>
          <Dialog>Of course. If you don't see
any improvement, that means
you probably did it wrong.</Dialog>
          <Dialog>Urgh.</Dialog>
          <Dialog>Hehe. Currently, there are a
lot of Japanese tennis players
that become famous overseas.</Dialog>
          <Dialog>Yeah, the youngest
professional player ever is
Japanese...</Dialog>
          <Dialog>Yeah. I heard that when he was
a child, he only practiced
with a backboard.</Dialog>
          <Dialog>Huh...？ Then it's probably
quite an effective method.</Dialog>
          <Dialog>I think so. You can check your
form and evaluate your control
while you're practicing.</Dialog>
          <Dialog>But if you just practice
recklessly, your form might
even get worse, so you need to
be careful.</Dialog>
          <Dialog>...Practicing with a backboard
isn't as easy as I thought.</Dialog>
          <Dialog>Right, you can't take it too
lightly.</Dialog>
          <Dialog>(I should try harder during my
next practice then.)</Dialog>
        </Dialogs>
      </SDL2>
    </Entry>
    <Entry Unknown0="488523400" Unknown1="3436906268">
      <SDL2 Key="2870159048">
        <Unknown>
          <Entry>
            <Values>
              <Entry>
                <Value0>8385</Value0>
                <Value1>0</Value1>
              </Entry>
            </Values>
            <Value0>147456</Value0>
            <Value1>65536</Value1>
          </Entry>
          <Entry>
            <Values />
            <Value0>147458</Value0>
            <Value1>196608</Value1>
          </Entry>
          <Entry>
            <Values>
              <Entry>
                <Value0>8386</Value0>
                <Value1>0</Value1>
              </Entry>
            </Values>
            <Value0>147456</Value0>
            <Value1>262144</Value1>
          </Entry>
          <Entry>
            <Values />
            <Value0>147458</Value0>
            <Value1>327680</Value1>
          </Entry>
          <Entry>
            <Values>
              <Entry>
                <Value0>8387</Value0>
                <Value1>0</Value1>
              </Entry>
            </Values>
            <Value0>147456</Value0>
            <Value1>393216</Value1>
          </Entry>
          <Entry>
            <Values />
            <Value0>147458</Value0>
            <Value1>458752</Value1>
          </Entry>
          <Entry>
            <Values>
              <Entry>
                <Value0>8388</Value0>
                <Value1>0</Value1>
              </Entry>
            </Values>
            <Value0>147456</Value0>
            <Value1>524288</Value1>
          </Entry>
          <Entry>
            <Values />
            <Value0>147458</Value0>
            <Value1>589824</Value1>
          </Entry>
          <Entry>
            <Values>
              <Entry>
                <Value0>8389</Value0>
                <Value1>0</Value1>
              </Entry>
            </Values>
            <Value0>147456</Value0>
            <Value1>655360</Value1>
          </Entry>
          <Entry>
            <Values />
            <Value0>147458</Value0>
            <Value1>720896</Value1>
          </Entry>
          <Entry>
            <Values>
              <Entry>
                <Value0>8390</Value0>
                <Value1>0</Value1>
              </Entry>
            </Values>
            <Value0>147456</Value0>
            <Value1>786432</Value1>
          </Entry>
        </Unknown>
        <Dialogs>
          <Dialog>高嶺</Dialog>
          <Dialog>How's your practice with a
backboard going？</Dialog>
          <Dialog>○○○○○○○○</Dialog>
          <Dialog>Hmm, it's pretty fun. Somehow,
it's such a simple practice.</Dialog>
          <Dialog>Hehe, you only need a
backboard in order to
practice, right？ Do you see
any improvement？</Dialog>
          <Dialog>I feel like my reflexes are
getting faster.</Dialog>
          <Dialog>Um, um, anything else？</Dialog>
          <Dialog>And... Ah, right. I was
wondering if you could take a
look at my form and give me
your opinion.</Dialog>
          <Dialog>Um, fine. Maybe I should try
practicing with a backboard
with you, too.</Dialog>
          <Dialog>Ah, that's nice. We'll have a
date while practicing with a
backboard.</Dialog>
          <Dialog>Do you want to practice or go
on a date？</Dialog>
          <Dialog>Can I do both？</Dialog>
          <Dialog>Hey, that's too greedy.
Teeheehee！</Dialog>
        </Dialogs>
      </SDL2>
    </Entry>
    <Entry Unknown0="2379684120" Unknown1="209885141">
      <SDL2 Key="2870159048">
        <Unknown>
          <Entry>
            <Values>
              <Entry>
                <Value0>8391</Value0>
                <Value1>0</Value1>
              </Entry>
            </Values>
            <Value0>147456</Value0>
            <Value1>65536</Value1>
          </Entry>
          <Entry>
            <Values />
            <Value0>147458</Value0>
            <Value1>196608</Value1>
          </Entry>
          <Entry>
            <Values>
              <Entry>
                <Value0>8392</Value0>
                <Value1>0</Value1>
              </Entry>
            </Values>
            <Value0>147456</Value0>
            <Value1>262144</Value1>
          </Entry>
          <Entry>
            <Values />
            <Value0>147458</Value0>
            <Value1>327680</Value1>
          </Entry>
          <Entry>
            <Values>
              <Entry>
                <Value0>8393</Value0>
                <Value1>0</Value1>
              </Entry>
            </Values>
            <Value0>147456</Value0>
            <Value1>393216</Value1>
          </Entry>
          <Entry>
            <Values />
            <Value0>147458</Value0>
            <Value1>458752</Value1>
          </Entry>
          <Entry>
            <Values>
              <Entry>
                <Value0>8394</Value0>
                <Value1>0</Value1>
              </Entry>
            </Values>
            <Value0>147456</Value0>
            <Value1>524288</Value1>
          </Entry>
          <Entry>
            <Values />
            <Value0>147458</Value0>
            <Value1>589824</Value1>
          </Entry>
          <Entry>
            <Values>
              <Entry>
                <Value0>8395</Value0>
                <Value1>0</Value1>
              </Entry>
              <Entry>
                <Value0>8396</Value0>
                <Value1>500</Value1>
              </Entry>
            </Values>
            <Value0>147456</Value0>
            <Value1>655360</Value1>
          </Entry>
          <Entry>
            <Values>
              <Entry>
                <Value0>8397</Value0>
                <Value1>0</Value1>
              </Entry>
            </Values>
            <Value0>147456</Value0>
            <Value1>720896</Value1>
          </Entry>
          <Entry>
            <Values />
            <Value0>147458</Value0>
            <Value1>786432</Value1>
          </Entry>
        </Unknown>
        <Dialogs>
          <Dialog>高嶺</Dialog>
          <Dialog>By the way, have you heard
about the tournament trip？</Dialog>
          <Dialog>○○○○○○○○</Dialog>
          <Dialog>Yeah, I've heard about it. I
wonder if the venue is far
from here.</Dialog>
          <Dialog>Maybe we have to go by bus.
...It's very likely, right？</Dialog>
          <Dialog>I guess so. Eh？ You don't
like traveling by bus？</Dialog>
          <Dialog>Um, I don't usually get
carsick, but I'm not quite
comfortable with sightseeing
buses.</Dialog>
          <Dialog>You can easily get sick in a
sightseeing bus, huh？ Maybe
you should take some medicine
to prevent motion sickness in
advance.</Dialog>
          <Dialog>......</Dialog>
          <Dialog>Eh？ You can't take motion
sickness medicine？</Dialog>
          <Dialog>No, that's not the case... But
I'll get drowsy if I take the
medicine. I'll just sleep
through the whole trip.</Dialog>
          <Dialog>Hah, what should I do？ Will I
be allowed to go by train by
myself？</Dialog>
          <Dialog>(This is a tough situation.
...I don't know what I can
do.)</Dialog>
        </Dialogs>
      </SDL2>
    </Entry>
    <Entry Unknown0="1182697937" Unknown1="2786218108">
      <SDL2 Key="1673894302">
        <Unknown>
          <Entry>
            <Values />
            <Value0>147456</Value0>
            <Value1>65536</Value1>
          </Entry>
          <Entry>
            <Values>
              <Entry>
                <Value0>8398</Value0>
                <Value1>0</Value1>
              </Entry>
              <Entry>
                <Value0>8399</Value0>
                <Value1>500</Value1>
              </Entry>
            </Values>
            <Value0>147458</Value0>
            <Value1>196608</Value1>
          </Entry>
          <Entry>
            <Values />
            <Value0>147456</Value0>
            <Value1>262144</Value1>
          </Entry>
          <Entry>
            <Values>
              <Entry>
                <Value0>8400</Value0>
                <Value1>0</Value1>
              </Entry>
            </Values>
            <Value0>147458</Value0>
            <Value1>327680</Value1>
          </Entry>
          <Entry>
            <Values />
            <Value0>147456</Value0>
            <Value1>393216</Value1>
          </Entry>
          <Entry>
            <Values>
              <Entry>
                <Value0>8401</Value0>
                <Value1>0</Value1>
              </Entry>
            </Values>
            <Value0>147458</Value0>
            <Value1>458752</Value1>
          </Entry>
          <Entry>
            <Values />
            <Value0>147456</Value0>
            <Value1>524288</Value1>
          </Entry>
          <Entry>
            <Values>
              <Entry>
                <Value0>8402</Value0>
                <Value1>0</Value1>
              </Entry>
            </Values>
            <Value0>147458</Value0>
            <Value1>589824</Value1>
          </Entry>
          <Entry>
            <Values />
            <Value0>147456</Value0>
            <Value1>655360</Value1>
          </Entry>
          <Entry>
            <Values>
              <Entry>
                <Value0>8403</Value0>
                <Value1>0</Value1>
              </Entry>
            </Values>
            <Value0>147458</Value0>
            <Value1>720896</Value1>
          </Entry>
          <Entry>
            <Values />
            <Value0>147456</Value0>
            <Value1>786432</Value1>
          </Entry>
          <Entry>
            <Values>
              <Entry>
                <Value0>8404</Value0>
                <Value1>0</Value1>
              </Entry>
            </Values>
            <Value0>147458</Value0>
            <Value1>851968</Value1>
          </Entry>
          <Entry>
            <Values />
            <Value0>147456</Value0>
            <Value1>917504</Value1>
          </Entry>
        </Unknown>
        <Dialogs>
          <Dialog>○○○○○○○○</Dialog>
          <Dialog>By the way, we're only going
to the nearby town for the
tournament trip.</Dialog>
          <Dialog>高嶺</Dialog>
          <Dialog>Yeah, we'll go by train so I'm
quite relieved now. But... I
really have to be well
prepared.</Dialog>
          <Dialog>Right. And there might be a
real trip sometime later.</Dialog>
          <Dialog>Um... What do you think I
should do？</Dialog>
          <Dialog>I've done some research.
Sitting near the front of the
bus, not looking around too
much, and wearing sunglasses
help.</Dialog>
          <Dialog>Really？</Dialog>
          <Dialog>Yeah, avoid anything that'll
stimulate your vision. You can
try to look straight as if you
were a bus driver too.</Dialog>
          <Dialog>Look straight as if I were a
bus driver？ Maybe I can
practice doing that with
arcade games first.</Dialog>
          <Dialog>Ah, with car-racing games？ I
wonder...</Dialog>
          <Dialog>I should give it a try. Hey,
will you accompany me there？</Dialog>
          <Dialog>U-Um, okay.</Dialog>
          <Dialog>All right. I'll try to
win...！</Dialog>
          <Dialog>(If she can overcome her
motion sickness by playing
games, it'll be such an
amazing discovery...)</Dialog>
        </Dialogs>
      </SDL2>
    </Entry>
    <Entry Unknown0="3977139832" Unknown1="3922458380">
      <SDL2 Key="1673894302">
        <Unknown>
          <Entry>
            <Values />
            <Value0>147456</Value0>
            <Value1>65536</Value1>
          </Entry>
          <Entry>
            <Values>
              <Entry>
                <Value0>8405</Value0>
                <Value1>0</Value1>
              </Entry>
              <Entry>
                <Value0>8406</Value0>
                <Value1>500</Value1>
              </Entry>
            </Values>
            <Value0>147458</Value0>
            <Value1>196608</Value1>
          </Entry>
          <Entry>
            <Values>
              <Entry>
                <Value0>8407</Value0>
                <Value1>0</Value1>
              </Entry>
            </Values>
            <Value0>147458</Value0>
            <Value1>262144</Value1>
          </Entry>
          <Entry>
            <Values />
            <Value0>147456</Value0>
            <Value1>327680</Value1>
          </Entry>
          <Entry>
            <Values>
              <Entry>
                <Value0>8408</Value0>
                <Value1>0</Value1>
              </Entry>
            </Values>
            <Value0>147458</Value0>
            <Value1>393216</Value1>
          </Entry>
          <Entry>
            <Values />
            <Value0>147456</Value0>
            <Value1>458752</Value1>
          </Entry>
          <Entry>
            <Values>
              <Entry>
                <Value0>8409</Value0>
                <Value1>0</Value1>
              </Entry>
            </Values>
            <Value0>147458</Value0>
            <Value1>524288</Value1>
          </Entry>
          <Entry>
            <Values>
              <Entry>
                <Value0>8410</Value0>
                <Value1>0</Value1>
              </Entry>
            </Values>
            <Value0>147458</Value0>
            <Value1>589824</Value1>
          </Entry>
          <Entry>
            <Values />
            <Value0>147456</Value0>
            <Value1>655360</Value1>
          </Entry>
          <Entry>
            <Values>
              <Entry>
                <Value0>8411</Value0>
                <Value1>0</Value1>
              </Entry>
            </Values>
            <Value0>147458</Value0>
            <Value1>720896</Value1>
          </Entry>
          <Entry>
            <Values>
              <Entry>
                <Value0>8412</Value0>
                <Value1>0</Value1>
              </Entry>
              <Entry>
                <Value0>8413</Value0>
                <Value1>500</Value1>
              </Entry>
            </Values>
            <Value0>147458</Value0>
            <Value1>786432</Value1>
          </Entry>
          <Entry>
            <Values />
            <Value0>147456</Value0>
            <Value1>851968</Value1>
          </Entry>
        </Unknown>
        <Dialogs>
          <Dialog>○○○○○○○○</Dialog>
          <Dialog>By the way, do members of the
female tennis club quarrel
sometimes？</Dialog>
          <Dialog>高嶺</Dialog>
          <Dialog>Well... There were two girls
who used to be very good
friends. They always practiced
together.</Dialog>
          <Dialog>But then they fell in love
with the same guy and started
to quarrel.</Dialog>
          <Dialog>I see...</Dialog>
          <Dialog>...If you were the guy they
fell in love with, I would
probably be like those girls.</Dialog>
          <Dialog>Eh！？</Dialog>
          <Dialog>Earlier, I couldn't understand
why people would fight over
something like that...</Dialog>
          <Dialog>But now, I think I know how
they feel when they think the
guy they love might be
snatched away.</Dialog>
          <Dialog>▲高嶺＊＊▲...</Dialog>
          <Dialog>I still want them to be
friends again, but it might be
quite difficult.</Dialog>
          <Dialog>...For me to finally
understand something like
that, love sure is an amazing
thing.</Dialog>
          <Dialog>(Don't make that sad face...)</Dialog>
        </Dialogs>
      </SDL2>
    </Entry>
    <Entry Unknown0="2647124232" Unknown1="594708421">
      <SDL2 Key="2199179257">
        <Unknown>
          <Entry>
            <Values />
            <Value0>147456</Value0>
            <Value1>65536</Value1>
          </Entry>
          <Entry>
            <Values>
              <Entry>
                <Value0>8414</Value0>
                <Value1>0</Value1>
              </Entry>
            </Values>
            <Value0>147458</Value0>
            <Value1>196608</Value1>
          </Entry>
          <Entry>
            <Values />
            <Value0>147456</Value0>
            <Value1>262144</Value1>
          </Entry>
          <Entry>
            <Values>
              <Entry>
                <Value0>8415</Value0>
                <Value1>0</Value1>
              </Entry>
              <Entry>
                <Value0>8416</Value0>
                <Value1>500</Value1>
              </Entry>
            </Values>
            <Value0>147458</Value0>
            <Value1>327680</Value1>
          </Entry>
          <Entry>
            <Values>
              <Entry>
                <Value0>8417</Value0>
                <Value1>0</Value1>
              </Entry>
            </Values>
            <Value0>147458</Value0>
            <Value1>393216</Value1>
          </Entry>
          <Entry>
            <Values />
            <Value0>147456</Value0>
            <Value1>458752</Value1>
          </Entry>
          <Entry>
            <Values>
              <Entry>
                <Value0>8418</Value0>
                <Value1>0</Value1>
              </Entry>
              <Entry>
                <Value0>8419</Value0>
                <Value1>500</Value1>
              </Entry>
            </Values>
            <Value0>147458</Value0>
            <Value1>524288</Value1>
          </Entry>
          <Entry>
            <Values />
            <Value0>147456</Value0>
            <Value1>589824</Value1>
          </Entry>
          <Entry>
            <Values>
              <Entry>
                <Value0>8420</Value0>
                <Value1>0</Value1>
              </Entry>
            </Values>
            <Value0>147458</Value0>
            <Value1>655360</Value1>
          </Entry>
          <Entry>
            <Values />
            <Value0>147456</Value0>
            <Value1>720896</Value1>
          </Entry>
          <Entry>
            <Values>
              <Entry>
                <Value0>8421</Value0>
                <Value1>0</Value1>
              </Entry>
            </Values>
            <Value0>147458</Value0>
            <Value1>786432</Value1>
          </Entry>
          <Entry>
            <Values />
            <Value0>147456</Value0>
            <Value1>851968</Value1>
          </Entry>
        </Unknown>
        <Dialogs>
          <Dialog>○○○○○○○○</Dialog>
          <Dialog>...Hey, what happened to the
girls that were fighting？</Dialog>
          <Dialog>高嶺</Dialog>
          <Dialog>Oh, they reconciled.</Dialog>
          <Dialog>So fast！ How？</Dialog>
          <Dialog>They both confessed to him,
and they both were rejected.
They realized that neither of
them could get him...</Dialog>
          <Dialog>So, they finally decided to
become friends again.</Dialog>
          <Dialog>R-Really？ Girls' feelings are
very mysterious...</Dialog>
          <Dialog>Hehe. Now they are friends
again. I'm glad my intuition
was wrong this time.</Dialog>
          <Dialog>▲高嶺＊＊▲...</Dialog>
          <Dialog>Sorry. I said something weird
earlier. I hope you'll just
forget it.</Dialog>
          <Dialog>...It's okay. Don't worry
about it.</Dialog>
          <Dialog>Thanks. Then let's go home.</Dialog>
          <Dialog>(I don't want to see
▲高嶺＊＊▲
with that sad face again...)</Dialog>
        </Dialogs>
      </SDL2>
    </Entry>
    <Entry Unknown0="1450088897" Unknown1="2197962860">
      <SDL2 Key="2199179257">
        <Unknown>
          <Entry>
            <Values />
            <Value0>147456</Value0>
            <Value1>65536</Value1>
          </Entry>
          <Entry>
            <Values>
              <Entry>
                <Value0>8422</Value0>
                <Value1>0</Value1>
              </Entry>
              <Entry>
                <Value0>8423</Value0>
                <Value1>500</Value1>
              </Entry>
            </Values>
            <Value0>147458</Value0>
            <Value1>196608</Value1>
          </Entry>
          <Entry>
            <Values />
            <Value0>147456</Value0>
            <Value1>262144</Value1>
          </Entry>
          <Entry>
            <Values>
              <Entry>
                <Value0>8424</Value0>
                <Value1>0</Value1>
              </Entry>
            </Values>
            <Value0>147458</Value0>
            <Value1>327680</Value1>
          </Entry>
          <Entry>
            <Values />
            <Value0>147456</Value0>
            <Value1>393216</Value1>
          </Entry>
          <Entry>
            <Values>
              <Entry>
                <Value0>8425</Value0>
                <Value1>0</Value1>
              </Entry>
            </Values>
            <Value0>147458</Value0>
            <Value1>458752</Value1>
          </Entry>
          <Entry>
            <Values />
            <Value0>147456</Value0>
            <Value1>524288</Value1>
          </Entry>
          <Entry>
            <Values>
              <Entry>
                <Value0>8426</Value0>
                <Value1>0</Value1>
              </Entry>
            </Values>
            <Value0>147458</Value0>
            <Value1>589824</Value1>
          </Entry>
          <Entry>
            <Values />
            <Value0>147456</Value0>
            <Value1>655360</Value1>
          </Entry>
          <Entry>
            <Values>
              <Entry>
                <Value0>8427</Value0>
                <Value1>0</Value1>
              </Entry>
            </Values>
            <Value0>147458</Value0>
            <Value1>720896</Value1>
          </Entry>
        </Unknown>
        <Dialogs>
          <Dialog>○○○○○○○○</Dialog>
          <Dialog>Have you heard about our
advisor, Suzuki-sensei？ His
wife will give birth to a baby
soon.</Dialog>
          <Dialog>高嶺</Dialog>
          <Dialog>Yeah！ He's been very fidgety
lately. I finally understood
why when I heard the news.</Dialog>
          <Dialog>Hahaha. He really has been
absent-minded lately.</Dialog>
          <Dialog>Hehe. Right now, we have a
plan to give him a surprise
present.</Dialog>
          <Dialog>Hmm？ That sounds fun.</Dialog>
          <Dialog>Right？ Maybe the male members
should join us too.</Dialog>
          <Dialog>Then I'll ask the captain
about this.</Dialog>
          <Dialog>Okay, I'll leave it to you.</Dialog>
          <Dialog>Wow, maybe Suzuki-sensei will
be impressed and cry.</Dialog>
          <Dialog>He is strict but he has his
sensitive side. I can't wait
to see how he will react.</Dialog>
        </Dialogs>
      </SDL2>
    </Entry>
    <Entry Unknown0="4261291624" Unknown1="314304508">
      <SDL2 Key="1271284687">
        <Unknown>
          <Entry>
            <Values />
            <Value0>147456</Value0>
            <Value1>65536</Value1>
          </Entry>
          <Entry>
            <Values>
              <Entry>
                <Value0>8428</Value0>
                <Value1>0</Value1>
              </Entry>
            </Values>
            <Value0>147458</Value0>
            <Value1>196608</Value1>
          </Entry>
          <Entry>
            <Values />
            <Value0>147456</Value0>
            <Value1>262144</Value1>
          </Entry>
          <Entry>
            <Values>
              <Entry>
                <Value0>8429</Value0>
                <Value1>0</Value1>
              </Entry>
            </Values>
            <Value0>147458</Value0>
            <Value1>327680</Value1>
          </Entry>
          <Entry>
            <Values />
            <Value0>147456</Value0>
            <Value1>393216</Value1>
          </Entry>
          <Entry>
            <Values>
              <Entry>
                <Value0>8430</Value0>
                <Value1>0</Value1>
              </Entry>
            </Values>
            <Value0>147458</Value0>
            <Value1>458752</Value1>
          </Entry>
          <Entry>
            <Values>
              <Entry>
                <Value0>8431</Value0>
                <Value1>0</Value1>
              </Entry>
            </Values>
            <Value0>147458</Value0>
            <Value1>524288</Value1>
          </Entry>
          <Entry>
            <Values />
            <Value0>147456</Value0>
            <Value1>589824</Value1>
          </Entry>
          <Entry>
            <Values>
              <Entry>
                <Value0>8432</Value0>
                <Value1>0</Value1>
              </Entry>
            </Values>
            <Value0>147458</Value0>
            <Value1>655360</Value1>
          </Entry>
          <Entry>
            <Values />
            <Value0>147456</Value0>
            <Value1>720896</Value1>
          </Entry>
          <Entry>
            <Values>
              <Entry>
                <Value0>8433</Value0>
                <Value1>0</Value1>
              </Entry>
            </Values>
            <Value0>147458</Value0>
            <Value1>786432</Value1>
          </Entry>
          <Entry>
            <Values />
            <Value0>147456</Value0>
            <Value1>851968</Value1>
          </Entry>
        </Unknown>
        <Dialogs>
          <Dialog>○○○○○○○○</Dialog>
          <Dialog>By the way, Suzuki-sensei
really cried, huh？</Dialog>
          <Dialog>高嶺</Dialog>
          <Dialog>Yeah, I even cried with him.</Dialog>
          <Dialog>Some guys in our club cried
too.</Dialog>
          <Dialog>You're saying that, but what
about you？</Dialog>
          <Dialog>Huh？ What？</Dialog>
          <Dialog>Hehe, okay. I'd better not
ask.</Dialog>
          <Dialog>But it'd be nice to have a
husband like him... One day,
we'll also...</Dialog>
          <Dialog>Huh？</Dialog>
          <Dialog>Nothing！ I was thinking that
we gave him the present before
practice, yet the practice was
so hard.</Dialog>
          <Dialog>Yeah, he reacted by being even
more strict with us.</Dialog>
          <Dialog>Hehe！ We can't lose to his
happiness. Let's do our best.</Dialog>
          <Dialog>Okay！</Dialog>
        </Dialogs>
      </SDL2>
    </Entry>
  </Entries>
</DBIN2>