<?xml version="1.0" encoding="utf-8"?>
<DBIN2 xmlns:xsi="http://www.w3.org/2001/XMLSchema-instance" xmlns:xsd="http://www.w3.org/2001/XMLSchema" Key="1298601643" Unknown="24">
  <Entries>
    <Entry Unknown0="2213045988" Unknown1="902246786">
      <SDL2 Key="2065505813">
        <Unknown>
          <Entry>
            <Values>
              <Entry>
                <Value0>9268</Value0>
                <Value1>0</Value1>
              </Entry>
            </Values>
            <Value0>147456</Value0>
            <Value1>65536</Value1>
          </Entry>
          <Entry>
            <Values />
            <Value0>147458</Value0>
            <Value1>196608</Value1>
          </Entry>
          <Entry>
            <Values>
              <Entry>
                <Value0>9269</Value0>
                <Value1>0</Value1>
              </Entry>
            </Values>
            <Value0>147456</Value0>
            <Value1>262144</Value1>
          </Entry>
          <Entry>
            <Values />
            <Value0>147458</Value0>
            <Value1>327680</Value1>
          </Entry>
          <Entry>
            <Values>
              <Entry>
                <Value0>9270</Value0>
                <Value1>0</Value1>
              </Entry>
            </Values>
            <Value0>147456</Value0>
            <Value1>393216</Value1>
          </Entry>
          <Entry>
            <Values />
            <Value0>147458</Value0>
            <Value1>458752</Value1>
          </Entry>
          <Entry>
            <Values>
              <Entry>
                <Value0>9271</Value0>
                <Value1>0</Value1>
              </Entry>
            </Values>
            <Value0>147456</Value0>
            <Value1>524288</Value1>
          </Entry>
          <Entry>
            <Values />
            <Value0>147458</Value0>
            <Value1>589824</Value1>
          </Entry>
          <Entry>
            <Values>
              <Entry>
                <Value0>9272</Value0>
                <Value1>0</Value1>
              </Entry>
            </Values>
            <Value0>147456</Value0>
            <Value1>655360</Value1>
          </Entry>
          <Entry>
            <Values />
            <Value0>147458</Value0>
            <Value1>720896</Value1>
          </Entry>
        </Unknown>
        <Dialogs>
          <Dialog>高嶺</Dialog>
          <Dialog>'Morning.</Dialog>
          <Dialog>○○○○○○○○</Dialog>
          <Dialog>Hmm？</Dialog>
          <Dialog>Hey. How long are you gonna
stay in bed？</Dialog>
          <Dialog>Okay... Morni-- What！？
▲高嶺＊＊▲！</Dialog>
          <Dialog>Hehe. Good morning.</Dialog>
          <Dialog>Um... Good morning...</Dialog>
          <Dialog>That's good. Hey, if you don't
get up, we'll be late.</Dialog>
          <Dialog>Yes. ...But, why is this...？</Dialog>
          <Dialog>Someone said that he could
barely get up in the morning,
right？ Now, get ready！</Dialog>
          <Dialog>Okay~.</Dialog>
        </Dialogs>
      </SDL2>
    </Entry>
    <Entry Unknown0="2113567414" Unknown1="1202717588">
      <SDL2 Key="2873968239">
        <Unknown>
          <Entry>
            <Values>
              <Entry>
                <Value0>4294901760</Value0>
                <Value1>0</Value1>
              </Entry>
            </Values>
            <Value0>147456</Value0>
            <Value1>65536</Value1>
          </Entry>
          <Entry>
            <Values>
              <Entry>
                <Value0>9273</Value0>
                <Value1>0</Value1>
              </Entry>
            </Values>
            <Value0>147456</Value0>
            <Value1>131072</Value1>
          </Entry>
          <Entry>
            <Values />
            <Value0>147459</Value0>
            <Value1>262144</Value1>
          </Entry>
          <Entry>
            <Values />
            <Value0>147459</Value0>
            <Value1>327680</Value1>
          </Entry>
          <Entry>
            <Values>
              <Entry>
                <Value0>9274</Value0>
                <Value1>0</Value1>
              </Entry>
            </Values>
            <Value0>147456</Value0>
            <Value1>393216</Value1>
          </Entry>
          <Entry>
            <Values />
            <Value0>147459</Value0>
            <Value1>458752</Value1>
          </Entry>
          <Entry>
            <Values>
              <Entry>
                <Value0>9275</Value0>
                <Value1>0</Value1>
              </Entry>
            </Values>
            <Value0>147456</Value0>
            <Value1>524288</Value1>
          </Entry>
          <Entry>
            <Values>
              <Entry>
                <Value0>9276</Value0>
                <Value1>0</Value1>
              </Entry>
            </Values>
            <Value0>147456</Value0>
            <Value1>589824</Value1>
          </Entry>
          <Entry>
            <Values />
            <Value0>147459</Value0>
            <Value1>655360</Value1>
          </Entry>
          <Entry>
            <Values>
              <Entry>
                <Value0>9277</Value0>
                <Value1>0</Value1>
              </Entry>
            </Values>
            <Value0>147456</Value0>
            <Value1>720896</Value1>
          </Entry>
          <Entry>
            <Values />
            <Value0>147459</Value0>
            <Value1>786432</Value1>
          </Entry>
          <Entry>
            <Values>
              <Entry>
                <Value0>9278</Value0>
                <Value1>0</Value1>
              </Entry>
            </Values>
            <Value0>147456</Value0>
            <Value1>851968</Value1>
          </Entry>
          <Entry>
            <Values />
            <Value0>147459</Value0>
            <Value1>917504</Value1>
          </Entry>
        </Unknown>
        <Dialogs>
          <Dialog>高嶺</Dialog>
          <Dialog>▲主人公＊▲.</Dialog>
          <Dialog>'Morning. Please wake up.</Dialog>
          <Dialog>○○○○○○○○</Dialog>
          <Dialog>Mmm...</Dialog>
          <Dialog>...Huh！？
▲高嶺＊＊▲！
Why？</Dialog>
          <Dialog>Did you forget？ I told you
I'd help you get up.</Dialog>
          <Dialog>Eh？ ...Ah, I see.</Dialog>
          <Dialog>Hehe. You sleepyhead.</Dialog>
          <Dialog>I'll be waiting outside then.</Dialog>
          <Dialog>Why don't you stay here？ I'll
just get dressed and I'll be
ready...</Dialog>
          <Dialog>......</Dialog>
          <Dialog>Huh？</Dialog>
          <Dialog>I'll be waiting outside. Just
hurry up.</Dialog>
          <Dialog>(...？)</Dialog>
        </Dialogs>
      </SDL2>
    </Entry>
    <Entry Unknown0="1877354696" Unknown1="864490880">
      <SDL2 Key="2844556491">
        <Unknown>
          <Entry>
            <Values>
              <Entry>
                <Value0>4294901760</Value0>
                <Value1>0</Value1>
              </Entry>
            </Values>
            <Value0>147456</Value0>
            <Value1>65536</Value1>
          </Entry>
          <Entry>
            <Values />
            <Value0>147458</Value0>
            <Value1>196608</Value1>
          </Entry>
          <Entry>
            <Values />
            <Value0>147458</Value0>
            <Value1>262144</Value1>
          </Entry>
          <Entry>
            <Values>
              <Entry>
                <Value0>9279</Value0>
                <Value1>0</Value1>
              </Entry>
            </Values>
            <Value0>147456</Value0>
            <Value1>327680</Value1>
          </Entry>
          <Entry>
            <Values />
            <Value0>147458</Value0>
            <Value1>393216</Value1>
          </Entry>
          <Entry>
            <Values>
              <Entry>
                <Value0>9280</Value0>
                <Value1>0</Value1>
              </Entry>
            </Values>
            <Value0>147456</Value0>
            <Value1>458752</Value1>
          </Entry>
          <Entry>
            <Values />
            <Value0>147458</Value0>
            <Value1>524288</Value1>
          </Entry>
          <Entry>
            <Values>
              <Entry>
                <Value0>9281</Value0>
                <Value1>0</Value1>
              </Entry>
            </Values>
            <Value0>147456</Value0>
            <Value1>589824</Value1>
          </Entry>
          <Entry>
            <Values />
            <Value0>147458</Value0>
            <Value1>655360</Value1>
          </Entry>
          <Entry>
            <Values>
              <Entry>
                <Value0>9282</Value0>
                <Value1>0</Value1>
              </Entry>
            </Values>
            <Value0>147456</Value0>
            <Value1>720896</Value1>
          </Entry>
          <Entry>
            <Values />
            <Value0>147458</Value0>
            <Value1>786432</Value1>
          </Entry>
        </Unknown>
        <Dialogs>
          <Dialog>高嶺</Dialog>
          <Dialog>▲主人公＊▲.</Dialog>
          <Dialog>○○○○○○○○</Dialog>
          <Dialog>Hmm...</Dialog>
          <Dialog>Mmm... Eh？
▲高嶺＊＊▲.
▲高嶺＊＊▲！？</Dialog>
          <Dialog>Hehe. Are you awake？</Dialog>
          <Dialog>I'm awake... Um...</Dialog>
          <Dialog>I promised you, right？ So now
I'm here to wake you up. Hey,
are you still half asleep？</Dialog>
          <Dialog>Um, my brain hasn't woken up
yet.</Dialog>
          <Dialog>...Then shall I get in bed
with you until you fully wake
up？</Dialog>
          <Dialog>Yeah... What！！？</Dialog>
          <Dialog>Haha, now you're awake. Get
ready, okay？</Dialog>
          <Dialog>(What a surprise...)</Dialog>
        </Dialogs>
      </SDL2>
    </Entry>
    <Entry Unknown0="1941460660" Unknown1="77005138">
      <SDL2 Key="2844556491">
        <Unknown>
          <Entry>
            <Values>
              <Entry>
                <Value0>9283</Value0>
                <Value1>0</Value1>
              </Entry>
            </Values>
            <Value0>147456</Value0>
            <Value1>65536</Value1>
          </Entry>
          <Entry>
            <Values />
            <Value0>147458</Value0>
            <Value1>196608</Value1>
          </Entry>
          <Entry>
            <Values>
              <Entry>
                <Value0>9284</Value0>
                <Value1>0</Value1>
              </Entry>
            </Values>
            <Value0>147456</Value0>
            <Value1>262144</Value1>
          </Entry>
          <Entry>
            <Values />
            <Value0>147458</Value0>
            <Value1>327680</Value1>
          </Entry>
          <Entry>
            <Values>
              <Entry>
                <Value0>9285</Value0>
                <Value1>0</Value1>
              </Entry>
            </Values>
            <Value0>147456</Value0>
            <Value1>393216</Value1>
          </Entry>
        </Unknown>
        <Dialogs>
          <Dialog>高嶺</Dialog>
          <Dialog>If you don't get up, I'll
leave...</Dialog>
          <Dialog>○○○○○○○○</Dialog>
          <Dialog>Wait... I wanna buy some
potatoes first...</Dialog>
          <Dialog>Haha. 'Morning. It's morning
already.</Dialog>
          <Dialog>Okay, thank you... Whoa...</Dialog>
          <Dialog>I'll wait outside. You'd
better hurry, okay？</Dialog>
        </Dialogs>
      </SDL2>
    </Entry>
    <Entry Unknown0="768223878" Unknown1="377541476">
      <SDL2 Key="2844556491">
        <Unknown>
          <Entry>
            <Values>
              <Entry>
                <Value0>4294901760</Value0>
                <Value1>0</Value1>
              </Entry>
            </Values>
            <Value0>147456</Value0>
            <Value1>65536</Value1>
          </Entry>
          <Entry>
            <Values>
              <Entry>
                <Value0>9286</Value0>
                <Value1>0</Value1>
              </Entry>
            </Values>
            <Value0>147456</Value0>
            <Value1>131072</Value1>
          </Entry>
          <Entry>
            <Values />
            <Value0>147459</Value0>
            <Value1>262144</Value1>
          </Entry>
          <Entry>
            <Values>
              <Entry>
                <Value0>9287</Value0>
                <Value1>0</Value1>
              </Entry>
            </Values>
            <Value0>147456</Value0>
            <Value1>327680</Value1>
          </Entry>
          <Entry>
            <Values />
            <Value0>147459</Value0>
            <Value1>393216</Value1>
          </Entry>
          <Entry>
            <Values>
              <Entry>
                <Value0>9288</Value0>
                <Value1>0</Value1>
              </Entry>
            </Values>
            <Value0>147456</Value0>
            <Value1>458752</Value1>
          </Entry>
        </Unknown>
        <Dialogs>
          <Dialog>高嶺</Dialog>
          <Dialog>▲主人公＊▲.</Dialog>
          <Dialog>Please wake up.</Dialog>
          <Dialog>○○○○○○○○</Dialog>
          <Dialog>Mmm... Ah,
▲高嶺＊＊▲.
'Morning...</Dialog>
          <Dialog>'Morning. Did you sleep well？</Dialog>
          <Dialog>Just a little bit more...
▲高嶺＊＊▲
should sleep too. Come on.</Dialog>
          <Dialog>Hey... I'll give you a little
more time. I'll wake you up in
a bit, okay？</Dialog>
        </Dialogs>
      </SDL2>
    </Entry>
    <Entry Unknown0="1605769368" Unknown1="39314768">
      <SDL2 Key="2844556491">
        <Unknown>
          <Entry>
            <Values>
              <Entry>
                <Value0>9289</Value0>
                <Value1>0</Value1>
              </Entry>
            </Values>
            <Value0>147456</Value0>
            <Value1>65536</Value1>
          </Entry>
          <Entry>
            <Values />
            <Value0>147458</Value0>
            <Value1>196608</Value1>
          </Entry>
          <Entry>
            <Values>
              <Entry>
                <Value0>9290</Value0>
                <Value1>0</Value1>
              </Entry>
            </Values>
            <Value0>147456</Value0>
            <Value1>262144</Value1>
          </Entry>
          <Entry>
            <Values />
            <Value0>147458</Value0>
            <Value1>327680</Value1>
          </Entry>
          <Entry>
            <Values>
              <Entry>
                <Value0>9291</Value0>
                <Value1>0</Value1>
              </Entry>
            </Values>
            <Value0>147456</Value0>
            <Value1>393216</Value1>
          </Entry>
        </Unknown>
        <Dialogs>
          <Dialog>高嶺</Dialog>
          <Dialog>'Morning. It's morning
already.</Dialog>
          <Dialog>○○○○○○○○</Dialog>
          <Dialog>▲高嶺＊＊▲...
'Morning...</Dialog>
          <Dialog>Hehe. Looking at you like
this, I want to sleep on your
bed too.</Dialog>
          <Dialog>Oh, welcome...</Dialog>
          <Dialog>Hehe, no thanks. Hey, are you
awake？ We're gonna be late.</Dialog>
        </Dialogs>
      </SDL2>
    </Entry>
    <Entry Unknown0="596117124" Unknown1="493343010">
      <SDL2 Key="3045992188">
        <Unknown>
          <Entry>
            <Values>
              <Entry>
                <Value0>4294901760</Value0>
                <Value1>0</Value1>
              </Entry>
            </Values>
            <Value0>147456</Value0>
            <Value1>65536</Value1>
          </Entry>
          <Entry>
            <Values />
            <Value0>147458</Value0>
            <Value1>196608</Value1>
          </Entry>
          <Entry>
            <Values>
              <Entry>
                <Value0>9292</Value0>
                <Value1>0</Value1>
              </Entry>
            </Values>
            <Value0>147456</Value0>
            <Value1>262144</Value1>
          </Entry>
          <Entry>
            <Values />
            <Value0>147458</Value0>
            <Value1>327680</Value1>
          </Entry>
          <Entry>
            <Values>
              <Entry>
                <Value0>9293</Value0>
                <Value1>0</Value1>
              </Entry>
            </Values>
            <Value0>147456</Value0>
            <Value1>393216</Value1>
          </Entry>
          <Entry>
            <Values />
            <Value0>147458</Value0>
            <Value1>458752</Value1>
          </Entry>
          <Entry>
            <Values>
              <Entry>
                <Value0>9294</Value0>
                <Value1>0</Value1>
              </Entry>
            </Values>
            <Value0>147456</Value0>
            <Value1>524288</Value1>
          </Entry>
          <Entry>
            <Values />
            <Value0>147458</Value0>
            <Value1>589824</Value1>
          </Entry>
          <Entry>
            <Values>
              <Entry>
                <Value0>9295</Value0>
                <Value1>0</Value1>
              </Entry>
            </Values>
            <Value0>147456</Value0>
            <Value1>655360</Value1>
          </Entry>
          <Entry>
            <Values />
            <Value0>147458</Value0>
            <Value1>720896</Value1>
          </Entry>
          <Entry>
            <Values>
              <Entry>
                <Value0>9296</Value0>
                <Value1>0</Value1>
              </Entry>
            </Values>
            <Value0>147456</Value0>
            <Value1>786432</Value1>
          </Entry>
        </Unknown>
        <Dialogs>
          <Dialog>高嶺</Dialog>
          <Dialog>▲主人公＊▲.</Dialog>
          <Dialog>○○○○○○○○</Dialog>
          <Dialog>Eh？
▲高嶺＊＊▲.
What's up？</Dialog>
          <Dialog>Hey, have you bought your
lunch yet？</Dialog>
          <Dialog>No, I'm about to. Why？</Dialog>
          <Dialog>Would you mind eating this？</Dialog>
          <Dialog>A lunch box？
▲高嶺＊＊▲
made it？</Dialog>
          <Dialog>Hey, don't be too loud.</Dialog>
          <Dialog>Ah, sorry. I'm just so happy.</Dialog>
          <Dialog>Then I won't blame you. Oh
well... Is a Japanese-styled
lunch okay for you？</Dialog>
          <Dialog>No problem at all！</Dialog>
          <Dialog>You're too loud again.
...Geez.</Dialog>
        </Dialogs>
      </SDL2>
    </Entry>
    <Entry Unknown0="496638550" Unknown1="793813812">
      <SDL2 Key="3045992188">
        <Unknown>
          <Entry>
            <Values />
            <Value0>147456</Value0>
            <Value1>65536</Value1>
          </Entry>
          <Entry>
            <Values>
              <Entry>
                <Value0>9297</Value0>
                <Value1>0</Value1>
              </Entry>
            </Values>
            <Value0>147458</Value0>
            <Value1>196608</Value1>
          </Entry>
          <Entry>
            <Values />
            <Value0>147456</Value0>
            <Value1>262144</Value1>
          </Entry>
          <Entry>
            <Values>
              <Entry>
                <Value0>9298</Value0>
                <Value1>0</Value1>
              </Entry>
            </Values>
            <Value0>147458</Value0>
            <Value1>327680</Value1>
          </Entry>
          <Entry>
            <Values />
            <Value0>147456</Value0>
            <Value1>393216</Value1>
          </Entry>
          <Entry>
            <Values>
              <Entry>
                <Value0>9299</Value0>
                <Value1>0</Value1>
              </Entry>
            </Values>
            <Value0>147458</Value0>
            <Value1>458752</Value1>
          </Entry>
          <Entry>
            <Values />
            <Value0>147456</Value0>
            <Value1>524288</Value1>
          </Entry>
          <Entry>
            <Values />
            <Value0>147456</Value0>
            <Value1>589824</Value1>
          </Entry>
          <Entry>
            <Values>
              <Entry>
                <Value0>9300</Value0>
                <Value1>0</Value1>
              </Entry>
            </Values>
            <Value0>147458</Value0>
            <Value1>655360</Value1>
          </Entry>
          <Entry>
            <Values />
            <Value0>147456</Value0>
            <Value1>720896</Value1>
          </Entry>
          <Entry>
            <Values>
              <Entry>
                <Value0>9301</Value0>
                <Value1>0</Value1>
              </Entry>
            </Values>
            <Value0>147458</Value0>
            <Value1>786432</Value1>
          </Entry>
        </Unknown>
        <Dialogs>
          <Dialog>○○○○○○○○</Dialog>
          <Dialog>Ah,
▲高嶺＊＊▲.
What's up？</Dialog>
          <Dialog>高嶺</Dialog>
          <Dialog>Um, well... I wonder if you
already had lunch...</Dialog>
          <Dialog>I'm about to go buy it...</Dialog>
          <Dialog>Great. Here. I was hoping you
would try this...</Dialog>
          <Dialog>A lunch box？ Is it for me？</Dialog>
          <Dialog>Yes. I made it myself.
...Please try it.</Dialog>
          <Dialog>Okay！</Dialog>
          <Dialog>Wow, Japanese food. So nice.</Dialog>
          <Dialog>If you don't like it, please
tell me.</Dialog>
          <Dialog>Oh, I really like it.</Dialog>
          <Dialog>...I'm glad to hear that.
Hehe.</Dialog>
        </Dialogs>
      </SDL2>
    </Entry>
    <Entry Unknown0="260491368" Unknown1="455587104">
      <SDL2 Key="2102368707">
        <Unknown>
          <Entry>
            <Values>
              <Entry>
                <Value0>4294901760</Value0>
                <Value1>0</Value1>
              </Entry>
            </Values>
            <Value0>147456</Value0>
            <Value1>65536</Value1>
          </Entry>
          <Entry>
            <Values />
            <Value0>147458</Value0>
            <Value1>196608</Value1>
          </Entry>
          <Entry>
            <Values>
              <Entry>
                <Value0>9302</Value0>
                <Value1>0</Value1>
              </Entry>
            </Values>
            <Value0>147456</Value0>
            <Value1>262144</Value1>
          </Entry>
          <Entry>
            <Values />
            <Value0>147458</Value0>
            <Value1>327680</Value1>
          </Entry>
          <Entry>
            <Values>
              <Entry>
                <Value0>9303</Value0>
                <Value1>0</Value1>
              </Entry>
            </Values>
            <Value0>147456</Value0>
            <Value1>393216</Value1>
          </Entry>
          <Entry>
            <Values />
            <Value0>147458</Value0>
            <Value1>458752</Value1>
          </Entry>
          <Entry>
            <Values>
              <Entry>
                <Value0>9304</Value0>
                <Value1>0</Value1>
              </Entry>
            </Values>
            <Value0>147456</Value0>
            <Value1>524288</Value1>
          </Entry>
          <Entry>
            <Values />
            <Value0>147458</Value0>
            <Value1>589824</Value1>
          </Entry>
          <Entry>
            <Values>
              <Entry>
                <Value0>9305</Value0>
                <Value1>0</Value1>
              </Entry>
            </Values>
            <Value0>147456</Value0>
            <Value1>655360</Value1>
          </Entry>
          <Entry>
            <Values />
            <Value0>147458</Value0>
            <Value1>720896</Value1>
          </Entry>
          <Entry>
            <Values>
              <Entry>
                <Value0>9306</Value0>
                <Value1>0</Value1>
              </Entry>
            </Values>
            <Value0>147456</Value0>
            <Value1>786432</Value1>
          </Entry>
        </Unknown>
        <Dialogs>
          <Dialog>高嶺</Dialog>
          <Dialog>▲主人公＊▲.</Dialog>
          <Dialog>○○○○○○○○</Dialog>
          <Dialog>Ah,
▲高嶺＊＊▲.
What's up？</Dialog>
          <Dialog>Hey, have you bought your
lunch？</Dialog>
          <Dialog>Yeah. This sandwich here.</Dialog>
          <Dialog>Then it's confiscated.</Dialog>
          <Dialog>Eh！？ Wait！</Dialog>
          <Dialog>You should eat this instead.</Dialog>
          <Dialog>Huh？ Ah, could it be a
homemade lunch box？</Dialog>
          <Dialog>Hehe. It's Japanese food
though.</Dialog>
          <Dialog>Oh, awesome！ Wonderful. Thank
you,
▲高嶺＊＊▲！</Dialog>
          <Dialog>You're welcome. Please let me
know how you like it. I'll
surely try harder next time.</Dialog>
        </Dialogs>
      </SDL2>
    </Entry>
    <Entry Unknown0="324597332" Unknown1="1815585266">
      <SDL2 Key="2643447613">
        <Unknown>
          <Entry>
            <Values>
              <Entry>
                <Value0>9307</Value0>
                <Value1>0</Value1>
              </Entry>
            </Values>
            <Value0>147456</Value0>
            <Value1>65536</Value1>
          </Entry>
          <Entry>
            <Values />
            <Value0>147458</Value0>
            <Value1>196608</Value1>
          </Entry>
          <Entry>
            <Values>
              <Entry>
                <Value0>9308</Value0>
                <Value1>0</Value1>
              </Entry>
            </Values>
            <Value0>147456</Value0>
            <Value1>262144</Value1>
          </Entry>
          <Entry>
            <Values />
            <Value0>147458</Value0>
            <Value1>327680</Value1>
          </Entry>
          <Entry>
            <Values>
              <Entry>
                <Value0>9309</Value0>
                <Value1>0</Value1>
              </Entry>
            </Values>
            <Value0>147456</Value0>
            <Value1>393216</Value1>
          </Entry>
        </Unknown>
        <Dialogs>
          <Dialog>高嶺</Dialog>
          <Dialog>...How is it？</Dialog>
          <Dialog>○○○○○○○○</Dialog>
          <Dialog>Very delicious. Your soup base
and the seasonings are well
blended...</Dialog>
          <Dialog>Hey, how many times are you
going to praise me？</Dialog>
          <Dialog>It's just too delicious that I
can't help praising you.</Dialog>
          <Dialog>I see. You can't help it, eh？
Hehe！</Dialog>
        </Dialogs>
      </SDL2>
    </Entry>
    <Entry Unknown0="3446327846" Unknown1="2116055812">
      <SDL2 Key="2003925599">
        <Unknown>
          <Entry>
            <Values />
            <Value0>147456</Value0>
            <Value1>65536</Value1>
          </Entry>
          <Entry>
            <Values>
              <Entry>
                <Value0>9310</Value0>
                <Value1>0</Value1>
              </Entry>
            </Values>
            <Value0>147458</Value0>
            <Value1>196608</Value1>
          </Entry>
          <Entry>
            <Values>
              <Entry>
                <Value0>9311</Value0>
                <Value1>0</Value1>
              </Entry>
            </Values>
            <Value0>147458</Value0>
            <Value1>262144</Value1>
          </Entry>
          <Entry>
            <Values />
            <Value0>147456</Value0>
            <Value1>327680</Value1>
          </Entry>
          <Entry>
            <Values>
              <Entry>
                <Value0>9312</Value0>
                <Value1>0</Value1>
              </Entry>
            </Values>
            <Value0>147458</Value0>
            <Value1>393216</Value1>
          </Entry>
        </Unknown>
        <Dialogs>
          <Dialog>○○○○○○○○</Dialog>
          <Dialog>Today's lunch is so
delicious！
▲高嶺＊＊▲'s
stew is the best.</Dialog>
          <Dialog>高嶺</Dialog>
          <Dialog>Hehe. Thanks.</Dialog>
          <Dialog>Hey, what shall I cook for you
next？</Dialog>
          <Dialog>▲高嶺＊＊▲'s
food is always delicious. So
anything's okay.</Dialog>
          <Dialog>Really？ I'm so happy. ...Then
I'll also try my best next
time.</Dialog>
        </Dialogs>
      </SDL2>
    </Entry>
    <Entry Unknown0="4283873336" Unknown1="1794606576">
      <SDL2 Key="3219288391">
        <Unknown>
          <Entry>
            <Values>
              <Entry>
                <Value0>9313</Value0>
                <Value1>0</Value1>
              </Entry>
            </Values>
            <Value0>147456</Value0>
            <Value1>65536</Value1>
          </Entry>
          <Entry>
            <Values />
            <Value0>147458</Value0>
            <Value1>196608</Value1>
          </Entry>
          <Entry>
            <Values>
              <Entry>
                <Value0>9314</Value0>
                <Value1>0</Value1>
              </Entry>
            </Values>
            <Value0>147456</Value0>
            <Value1>262144</Value1>
          </Entry>
          <Entry>
            <Values />
            <Value0>147458</Value0>
            <Value1>327680</Value1>
          </Entry>
          <Entry>
            <Values>
              <Entry>
                <Value0>9315</Value0>
                <Value1>0</Value1>
              </Entry>
            </Values>
            <Value0>147456</Value0>
            <Value1>393216</Value1>
          </Entry>
        </Unknown>
        <Dialogs>
          <Dialog>高嶺</Dialog>
          <Dialog>How is today's lunch？</Dialog>
          <Dialog>○○○○○○○○</Dialog>
          <Dialog>Perfect.
▲高嶺＊＊▲'s
flavor is the best.</Dialog>
          <Dialog>Just the flavor？</Dialog>
          <Dialog>Oh, I'm sorry.</Dialog>
          <Dialog>Hehe. Very well. I wonder what
I should make next. You have
any requests？</Dialog>
        </Dialogs>
      </SDL2>
    </Entry>
    <Entry Unknown0="3274221092" Unknown1="2802282946">
      <SDL2 Key="2041902125">
        <Unknown>
          <Entry>
            <Values>
              <Entry>
                <Value0>4294901760</Value0>
                <Value1>0</Value1>
              </Entry>
            </Values>
            <Value0>147456</Value0>
            <Value1>65536</Value1>
          </Entry>
          <Entry>
            <Values />
            <Value0>147458</Value0>
            <Value1>196608</Value1>
          </Entry>
          <Entry>
            <Values>
              <Entry>
                <Value0>9316</Value0>
                <Value1>0</Value1>
              </Entry>
            </Values>
            <Value0>147456</Value0>
            <Value1>262144</Value1>
          </Entry>
          <Entry>
            <Values />
            <Value0>147458</Value0>
            <Value1>327680</Value1>
          </Entry>
          <Entry>
            <Values>
              <Entry>
                <Value0>9317</Value0>
                <Value1>0</Value1>
              </Entry>
            </Values>
            <Value0>147456</Value0>
            <Value1>393216</Value1>
          </Entry>
          <Entry>
            <Values />
            <Value0>147458</Value0>
            <Value1>458752</Value1>
          </Entry>
          <Entry>
            <Values>
              <Entry>
                <Value0>9318</Value0>
                <Value1>0</Value1>
              </Entry>
            </Values>
            <Value0>147456</Value0>
            <Value1>524288</Value1>
          </Entry>
          <Entry>
            <Values />
            <Value0>147458</Value0>
            <Value1>589824</Value1>
          </Entry>
          <Entry>
            <Values>
              <Entry>
                <Value0>9319</Value0>
                <Value1>0</Value1>
              </Entry>
            </Values>
            <Value0>147456</Value0>
            <Value1>655360</Value1>
          </Entry>
          <Entry>
            <Values />
            <Value0>147458</Value0>
            <Value1>720896</Value1>
          </Entry>
        </Unknown>
        <Dialogs>
          <Dialog>高嶺</Dialog>
          <Dialog>▲主人公＊▲.</Dialog>
          <Dialog>○○○○○○○○</Dialog>
          <Dialog>▲高嶺＊＊▲.
Yo！</Dialog>
          <Dialog>Hehe, yo！ I made a lunch box
today.</Dialog>
          <Dialog>Lunch box？ Then I'll go buy a
sandwich and we can eat
together.</Dialog>
          <Dialog>I didn't mean that. Here.</Dialog>
          <Dialog>...Is this for me！？</Dialog>
          <Dialog>Hey, don't overreact.</Dialog>
          <Dialog>Oh, a Western-styled lunch！
Looks yummy. Can I really eat
it？</Dialog>
          <Dialog>Hehe. Please▼</Dialog>
          <Dialog>I'll eat it now！</Dialog>
        </Dialogs>
      </SDL2>
    </Entry>
    <Entry Unknown0="3174742774" Unknown1="1441809364">
      <SDL2 Key="2737175541">
        <Unknown>
          <Entry>
            <Values>
              <Entry>
                <Value0>4294901760</Value0>
                <Value1>0</Value1>
              </Entry>
            </Values>
            <Value0>147456</Value0>
            <Value1>65536</Value1>
          </Entry>
          <Entry>
            <Values />
            <Value0>147458</Value0>
            <Value1>196608</Value1>
          </Entry>
          <Entry>
            <Values>
              <Entry>
                <Value0>9320</Value0>
                <Value1>0</Value1>
              </Entry>
            </Values>
            <Value0>147456</Value0>
            <Value1>262144</Value1>
          </Entry>
          <Entry>
            <Values />
            <Value0>147458</Value0>
            <Value1>327680</Value1>
          </Entry>
          <Entry>
            <Values>
              <Entry>
                <Value0>9321</Value0>
                <Value1>0</Value1>
              </Entry>
            </Values>
            <Value0>147456</Value0>
            <Value1>393216</Value1>
          </Entry>
          <Entry>
            <Values />
            <Value0>147458</Value0>
            <Value1>458752</Value1>
          </Entry>
          <Entry>
            <Values>
              <Entry>
                <Value0>9322</Value0>
                <Value1>0</Value1>
              </Entry>
            </Values>
            <Value0>147456</Value0>
            <Value1>524288</Value1>
          </Entry>
          <Entry>
            <Values />
            <Value0>147458</Value0>
            <Value1>589824</Value1>
          </Entry>
          <Entry>
            <Values>
              <Entry>
                <Value0>9323</Value0>
                <Value1>0</Value1>
              </Entry>
            </Values>
            <Value0>147456</Value0>
            <Value1>655360</Value1>
          </Entry>
          <Entry>
            <Values />
            <Value0>147458</Value0>
            <Value1>720896</Value1>
          </Entry>
        </Unknown>
        <Dialogs>
          <Dialog>高嶺</Dialog>
          <Dialog>▲主人公＊▲.</Dialog>
          <Dialog>○○○○○○○○</Dialog>
          <Dialog>Ah,
▲高嶺＊＊▲.
Wait a sec. I'll go buy my
lunch, so we can eat
together...</Dialog>
          <Dialog>Wait. I knew you would say
that. That's why I hurried
here.</Dialog>
          <Dialog>Ah, do you have anything you
want to eat in particular？</Dialog>
          <Dialog>No, that's not the case. Here.
I want you to try this.</Dialog>
          <Dialog>A lunch box！</Dialog>
          <Dialog>Yes. It's Western food though.
If it's okay, please have
some.</Dialog>
          <Dialog>I'll eat it！</Dialog>
          <Dialog>Hehe. Seeing your happy face
makes me happy too. Here you
go.</Dialog>
          <Dialog>I'll eat it now！</Dialog>
        </Dialogs>
      </SDL2>
    </Entry>
    <Entry Unknown0="2938529800" Unknown1="2714195392">
      <SDL2 Key="1810267867">
        <Unknown>
          <Entry>
            <Values>
              <Entry>
                <Value0>4294901760</Value0>
                <Value1>0</Value1>
              </Entry>
            </Values>
            <Value0>147456</Value0>
            <Value1>65536</Value1>
          </Entry>
          <Entry>
            <Values />
            <Value0>147458</Value0>
            <Value1>196608</Value1>
          </Entry>
          <Entry>
            <Values>
              <Entry>
                <Value0>9324</Value0>
                <Value1>0</Value1>
              </Entry>
            </Values>
            <Value0>147456</Value0>
            <Value1>262144</Value1>
          </Entry>
          <Entry>
            <Values />
            <Value0>147458</Value0>
            <Value1>327680</Value1>
          </Entry>
          <Entry>
            <Values>
              <Entry>
                <Value0>9325</Value0>
                <Value1>0</Value1>
              </Entry>
            </Values>
            <Value0>147456</Value0>
            <Value1>393216</Value1>
          </Entry>
          <Entry>
            <Values />
            <Value0>147458</Value0>
            <Value1>458752</Value1>
          </Entry>
          <Entry>
            <Values>
              <Entry>
                <Value0>9326</Value0>
                <Value1>0</Value1>
              </Entry>
            </Values>
            <Value0>147456</Value0>
            <Value1>524288</Value1>
          </Entry>
          <Entry>
            <Values />
            <Value0>147458</Value0>
            <Value1>589824</Value1>
          </Entry>
          <Entry>
            <Values>
              <Entry>
                <Value0>9327</Value0>
                <Value1>0</Value1>
              </Entry>
            </Values>
            <Value0>147456</Value0>
            <Value1>655360</Value1>
          </Entry>
          <Entry>
            <Values />
            <Value0>147458</Value0>
            <Value1>720896</Value1>
          </Entry>
          <Entry>
            <Values>
              <Entry>
                <Value0>9328</Value0>
                <Value1>0</Value1>
              </Entry>
            </Values>
            <Value0>147456</Value0>
            <Value1>786432</Value1>
          </Entry>
          <Entry>
            <Values />
            <Value0>147458</Value0>
            <Value1>851968</Value1>
          </Entry>
        </Unknown>
        <Dialogs>
          <Dialog>高嶺</Dialog>
          <Dialog>▲主人公＊▲.</Dialog>
          <Dialog>○○○○○○○○</Dialog>
          <Dialog>▲高嶺＊＊▲.
What's up？</Dialog>
          <Dialog>Hehe. I'm going to kidnap you.</Dialog>
          <Dialog>I don't have money though.
What do you want？</Dialog>
          <Dialog>What shall I request then...？
Here.</Dialog>
          <Dialog>Huh？ A lunch box！？</Dialog>
          <Dialog>Yes. I want you to eat this.
How's that？</Dialog>
          <Dialog>Okay！</Dialog>
          <Dialog>Hey, wipe your mouth.</Dialog>
          <Dialog>Am I drooling or
something...？ From the smell,
this must be Western food.</Dialog>
          <Dialog>Hehe, bingo. Hey, why don't
you hurry and eat it？</Dialog>
          <Dialog>Okay！</Dialog>
        </Dialogs>
      </SDL2>
    </Entry>
    <Entry Unknown0="3019413236" Unknown1="2530689426">
      <SDL2 Key="1810267867">
        <Unknown>
          <Entry>
            <Values />
            <Value0>147456</Value0>
            <Value1>65536</Value1>
          </Entry>
          <Entry>
            <Values>
              <Entry>
                <Value0>9329</Value0>
                <Value1>0</Value1>
              </Entry>
            </Values>
            <Value0>147458</Value0>
            <Value1>196608</Value1>
          </Entry>
          <Entry>
            <Values />
            <Value0>147456</Value0>
            <Value1>262144</Value1>
          </Entry>
          <Entry>
            <Values>
              <Entry>
                <Value0>9330</Value0>
                <Value1>0</Value1>
              </Entry>
            </Values>
            <Value0>147458</Value0>
            <Value1>327680</Value1>
          </Entry>
        </Unknown>
        <Dialogs>
          <Dialog>○○○○○○○○</Dialog>
          <Dialog>Oh, delicious！ I'm looking
forward to the next one.</Dialog>
          <Dialog>高嶺</Dialog>
          <Dialog>You're very good at cheering
people up, huh？</Dialog>
          <Dialog>I'm really looking forward to
it. It's like I've discovered
something new for every bite I
took...</Dialog>
          <Dialog>Okay, okay. Enough. Hehe！</Dialog>
        </Dialogs>
      </SDL2>
    </Entry>
    <Entry Unknown0="1829399238" Unknown1="2227180452">
      <SDL2 Key="2334565687">
        <Unknown>
          <Entry>
            <Values />
            <Value0>147456</Value0>
            <Value1>65536</Value1>
          </Entry>
          <Entry>
            <Values>
              <Entry>
                <Value0>9331</Value0>
                <Value1>0</Value1>
              </Entry>
              <Entry>
                <Value0>9332</Value0>
                <Value1>500</Value1>
              </Entry>
            </Values>
            <Value0>147458</Value0>
            <Value1>196608</Value1>
          </Entry>
          <Entry>
            <Values />
            <Value0>147456</Value0>
            <Value1>262144</Value1>
          </Entry>
          <Entry>
            <Values />
            <Value0>147456</Value0>
            <Value1>327680</Value1>
          </Entry>
          <Entry>
            <Values>
              <Entry>
                <Value0>9333</Value0>
                <Value1>0</Value1>
              </Entry>
            </Values>
            <Value0>147458</Value0>
            <Value1>393216</Value1>
          </Entry>
        </Unknown>
        <Dialogs>
          <Dialog>○○○○○○○○</Dialog>
          <Dialog>Oh, new menu.</Dialog>
          <Dialog>高嶺</Dialog>
          <Dialog>Yeah. I added so many things
that you wanted to eat in it.
How is it？</Dialog>
          <Dialog>This is...</Dialog>
          <Dialog>Very delicious！ The last one
was delicious but this one is
perfect！ It's my favorite.</Dialog>
          <Dialog>...I'm glad that I added more
stuff in it.</Dialog>
        </Dialogs>
      </SDL2>
    </Entry>
    <Entry Unknown0="2683721944" Unknown1="2425824656">
      <SDL2 Key="1139288093">
        <Unknown>
          <Entry>
            <Values>
              <Entry>
                <Value0>9334</Value0>
                <Value1>0</Value1>
              </Entry>
            </Values>
            <Value0>147456</Value0>
            <Value1>65536</Value1>
          </Entry>
          <Entry>
            <Values />
            <Value0>147458</Value0>
            <Value1>196608</Value1>
          </Entry>
          <Entry>
            <Values>
              <Entry>
                <Value0>9335</Value0>
                <Value1>0</Value1>
              </Entry>
            </Values>
            <Value0>147456</Value0>
            <Value1>262144</Value1>
          </Entry>
          <Entry>
            <Values />
            <Value0>147458</Value0>
            <Value1>327680</Value1>
          </Entry>
          <Entry>
            <Values>
              <Entry>
                <Value0>9336</Value0>
                <Value1>0</Value1>
              </Entry>
            </Values>
            <Value0>147456</Value0>
            <Value1>393216</Value1>
          </Entry>
        </Unknown>
        <Dialogs>
          <Dialog>高嶺</Dialog>
          <Dialog>How is today's side dish？</Dialog>
          <Dialog>○○○○○○○○</Dialog>
          <Dialog>It's very delicious. Wow, you
really can cook delicious
food.</Dialog>
          <Dialog>You can still praise me even
more？</Dialog>
          <Dialog>▲高嶺＊＊▲'s
food is so delicious. I want
more...</Dialog>
          <Dialog>Hehe. Roger that. You can look
forward to it▼</Dialog>
        </Dialogs>
      </SDL2>
    </Entry>
    <Entry Unknown0="1674069700" Unknown1="3383169378">
      <SDL2 Key="1965514344">
        <Unknown>
          <Entry>
            <Values>
              <Entry>
                <Value0>4294901760</Value0>
                <Value1>0</Value1>
              </Entry>
            </Values>
            <Value0>147456</Value0>
            <Value1>65536</Value1>
          </Entry>
          <Entry>
            <Values />
            <Value0>147458</Value0>
            <Value1>196608</Value1>
          </Entry>
          <Entry>
            <Values>
              <Entry>
                <Value0>9337</Value0>
                <Value1>0</Value1>
              </Entry>
            </Values>
            <Value0>147456</Value0>
            <Value1>262144</Value1>
          </Entry>
          <Entry>
            <Values />
            <Value0>147458</Value0>
            <Value1>327680</Value1>
          </Entry>
          <Entry>
            <Values>
              <Entry>
                <Value0>9338</Value0>
                <Value1>0</Value1>
              </Entry>
            </Values>
            <Value0>147456</Value0>
            <Value1>393216</Value1>
          </Entry>
          <Entry>
            <Values />
            <Value0>147458</Value0>
            <Value1>458752</Value1>
          </Entry>
          <Entry>
            <Values>
              <Entry>
                <Value0>9339</Value0>
                <Value1>0</Value1>
              </Entry>
            </Values>
            <Value0>147456</Value0>
            <Value1>524288</Value1>
          </Entry>
          <Entry>
            <Values />
            <Value0>147458</Value0>
            <Value1>589824</Value1>
          </Entry>
          <Entry>
            <Values>
              <Entry>
                <Value0>9340</Value0>
                <Value1>0</Value1>
              </Entry>
            </Values>
            <Value0>147456</Value0>
            <Value1>655360</Value1>
          </Entry>
        </Unknown>
        <Dialogs>
          <Dialog>高嶺</Dialog>
          <Dialog>▲主人公＊▲.</Dialog>
          <Dialog>○○○○○○○○</Dialog>
          <Dialog>▲高嶺＊＊▲.
What's up？</Dialog>
          <Dialog>...Here. Shall we eat
together？</Dialog>
          <Dialog>...A lunch box？ Is that for
me？</Dialog>
          <Dialog>If you don't want it, I'll
just eat it alone.</Dialog>
          <Dialog>I want it！ Yes, I want it！</Dialog>
          <Dialog>Hmm. It's Chinese food though.
Is it good？</Dialog>
          <Dialog>Of course！ So
▲高嶺＊＊▲
can cook Chinese food...
Hmm... Looks yummy.</Dialog>
          <Dialog>Please try it and let me know
what you think. Here you go.</Dialog>
        </Dialogs>
      </SDL2>
    </Entry>
    <Entry Unknown0="1574591126" Unknown1="4220576628">
      <SDL2 Key="1965514344">
        <Unknown>
          <Entry>
            <Values>
              <Entry>
                <Value0>4294901760</Value0>
                <Value1>0</Value1>
              </Entry>
            </Values>
            <Value0>147456</Value0>
            <Value1>65536</Value1>
          </Entry>
          <Entry>
            <Values />
            <Value0>147458</Value0>
            <Value1>196608</Value1>
          </Entry>
          <Entry>
            <Values>
              <Entry>
                <Value0>9341</Value0>
                <Value1>0</Value1>
              </Entry>
            </Values>
            <Value0>147456</Value0>
            <Value1>262144</Value1>
          </Entry>
          <Entry>
            <Values />
            <Value0>147458</Value0>
            <Value1>327680</Value1>
          </Entry>
          <Entry>
            <Values>
              <Entry>
                <Value0>9342</Value0>
                <Value1>0</Value1>
              </Entry>
            </Values>
            <Value0>147456</Value0>
            <Value1>393216</Value1>
          </Entry>
          <Entry>
            <Values />
            <Value0>147458</Value0>
            <Value1>458752</Value1>
          </Entry>
          <Entry>
            <Values>
              <Entry>
                <Value0>9343</Value0>
                <Value1>0</Value1>
              </Entry>
            </Values>
            <Value0>147456</Value0>
            <Value1>524288</Value1>
          </Entry>
          <Entry>
            <Values />
            <Value0>147458</Value0>
            <Value1>589824</Value1>
          </Entry>
          <Entry>
            <Values>
              <Entry>
                <Value0>9344</Value0>
                <Value1>0</Value1>
              </Entry>
            </Values>
            <Value0>147456</Value0>
            <Value1>655360</Value1>
          </Entry>
          <Entry>
            <Values>
              <Entry>
                <Value0>9345</Value0>
                <Value1>0</Value1>
              </Entry>
            </Values>
            <Value0>147456</Value0>
            <Value1>720896</Value1>
          </Entry>
        </Unknown>
        <Dialogs>
          <Dialog>高嶺</Dialog>
          <Dialog>▲主人公＊▲.</Dialog>
          <Dialog>○○○○○○○○</Dialog>
          <Dialog>▲高嶺＊＊▲.
What is it？</Dialog>
          <Dialog>Um, hey... Have you already
bought your lunch？</Dialog>
          <Dialog>No, I'm about to. Eh？ What's
that you're carrying？</Dialog>
          <Dialog>...Um, it's the lunch I made.
Shall we eat together？</Dialog>
          <Dialog>Oh, thank you！ What did you
make？</Dialog>
          <Dialog>Chinese food. Hey, you said
earlier that you like it,
right？</Dialog>
          <Dialog>Oh, it looks luxurious. Thank
you so much.</Dialog>
          <Dialog>Okay. Let me know how you like
it after you finish it, okay？</Dialog>
          <Dialog>I really want to know your
preferences.</Dialog>
        </Dialogs>
      </SDL2>
    </Entry>
    <Entry Unknown0="1338378408" Unknown1="3479696736">
      <SDL2 Key="2506589892">
        <Unknown>
          <Entry>
            <Values>
              <Entry>
                <Value0>4294901760</Value0>
                <Value1>0</Value1>
              </Entry>
            </Values>
            <Value0>147456</Value0>
            <Value1>65536</Value1>
          </Entry>
          <Entry>
            <Values />
            <Value0>147458</Value0>
            <Value1>196608</Value1>
          </Entry>
          <Entry>
            <Values>
              <Entry>
                <Value0>9346</Value0>
                <Value1>0</Value1>
              </Entry>
            </Values>
            <Value0>147456</Value0>
            <Value1>262144</Value1>
          </Entry>
          <Entry>
            <Values />
            <Value0>147458</Value0>
            <Value1>327680</Value1>
          </Entry>
          <Entry>
            <Values>
              <Entry>
                <Value0>9347</Value0>
                <Value1>0</Value1>
              </Entry>
            </Values>
            <Value0>147456</Value0>
            <Value1>393216</Value1>
          </Entry>
          <Entry>
            <Values />
            <Value0>147458</Value0>
            <Value1>458752</Value1>
          </Entry>
          <Entry>
            <Values>
              <Entry>
                <Value0>9348</Value0>
                <Value1>0</Value1>
              </Entry>
            </Values>
            <Value0>147456</Value0>
            <Value1>524288</Value1>
          </Entry>
          <Entry>
            <Values />
            <Value0>147458</Value0>
            <Value1>589824</Value1>
          </Entry>
          <Entry>
            <Values>
              <Entry>
                <Value0>9349</Value0>
                <Value1>0</Value1>
              </Entry>
            </Values>
            <Value0>147456</Value0>
            <Value1>655360</Value1>
          </Entry>
          <Entry>
            <Values>
              <Entry>
                <Value0>9350</Value0>
                <Value1>0</Value1>
              </Entry>
            </Values>
            <Value0>147456</Value0>
            <Value1>720896</Value1>
          </Entry>
        </Unknown>
        <Dialogs>
          <Dialog>高嶺</Dialog>
          <Dialog>▲主人公＊▲.</Dialog>
          <Dialog>○○○○○○○○</Dialog>
          <Dialog>What's up？
▲高嶺＊＊▲.</Dialog>
          <Dialog>Shall we eat lunch together？</Dialog>
          <Dialog>Oh, great. Just wait a sec.
I'll go buy my lunch.</Dialog>
          <Dialog>You don't have to. I made some
for you.</Dialog>
          <Dialog>You made lunch for me？</Dialog>
          <Dialog>If you're not in the mood for
Chinese food, you can buy your
own...</Dialog>
          <Dialog>Chinese food？ That's great！</Dialog>
          <Dialog>Hehe. Just seeing your happy
face makes me feel like it is
really worth it to cook this.</Dialog>
          <Dialog>Then shall we start eating？ I
want to hear your opinion, so
please savor it, okay？</Dialog>
        </Dialogs>
      </SDL2>
    </Entry>
    <Entry Unknown0="1402484372" Unknown1="947380530">
      <SDL2 Key="2506589892">
        <Unknown>
          <Entry>
            <Values />
            <Value0>147456</Value0>
            <Value1>65536</Value1>
          </Entry>
          <Entry>
            <Values>
              <Entry>
                <Value0>9351</Value0>
                <Value1>0</Value1>
              </Entry>
            </Values>
            <Value0>147458</Value0>
            <Value1>196608</Value1>
          </Entry>
          <Entry>
            <Values />
            <Value0>147456</Value0>
            <Value1>262144</Value1>
          </Entry>
          <Entry>
            <Values>
              <Entry>
                <Value0>9352</Value0>
                <Value1>0</Value1>
              </Entry>
            </Values>
            <Value0>147458</Value0>
            <Value1>327680</Value1>
          </Entry>
          <Entry>
            <Values />
            <Value0>147456</Value0>
            <Value1>393216</Value1>
          </Entry>
          <Entry>
            <Values>
              <Entry>
                <Value0>9353</Value0>
                <Value1>0</Value1>
              </Entry>
            </Values>
            <Value0>147458</Value0>
            <Value1>458752</Value1>
          </Entry>
        </Unknown>
        <Dialogs>
          <Dialog>○○○○○○○○</Dialog>
          <Dialog>Oh, it's Chinese food.</Dialog>
          <Dialog>高嶺</Dialog>
          <Dialog>Yes, it's Chinese food. ...How
is it？</Dialog>
          <Dialog>Delicious！ I feel like your
food is spicing up my spirits.</Dialog>
          <Dialog>Hehe. That's probably because
I actually put spices in
there.</Dialog>
          <Dialog>Really？</Dialog>
          <Dialog>Yeah, you can feel them,
right？ Hehe. You'd better
hurry and eat it.</Dialog>
        </Dialogs>
      </SDL2>
    </Entry>
    <Entry Unknown0="229247590" Unknown1="710980420">
      <SDL2 Key="1563031962">
        <Unknown>
          <Entry>
            <Values>
              <Entry>
                <Value0>9354</Value0>
                <Value1>0</Value1>
              </Entry>
            </Values>
            <Value0>147456</Value0>
            <Value1>65536</Value1>
          </Entry>
          <Entry>
            <Values />
            <Value0>147458</Value0>
            <Value1>196608</Value1>
          </Entry>
          <Entry>
            <Values>
              <Entry>
                <Value0>9355</Value0>
                <Value1>0</Value1>
              </Entry>
            </Values>
            <Value0>147456</Value0>
            <Value1>262144</Value1>
          </Entry>
          <Entry>
            <Values />
            <Value0>147458</Value0>
            <Value1>327680</Value1>
          </Entry>
          <Entry>
            <Values>
              <Entry>
                <Value0>9356</Value0>
                <Value1>0</Value1>
              </Entry>
            </Values>
            <Value0>147456</Value0>
            <Value1>393216</Value1>
          </Entry>
        </Unknown>
        <Dialogs>
          <Dialog>高嶺</Dialog>
          <Dialog>Today's lunch is Chinese food.</Dialog>
          <Dialog>○○○○○○○○</Dialog>
          <Dialog>I've been waiting！</Dialog>
          <Dialog>Hehe, you're in such good
mood. ...How do you think
about the side dish today？</Dialog>
          <Dialog>...Very delicious！ It's so
delicious that I'm full of joy
now.</Dialog>
          <Dialog>Hearing you say that, I'm now
so full of joy too. Yeah.</Dialog>
        </Dialogs>
      </SDL2>
    </Entry>
    <Entry Unknown0="1066858616" Unknown1="1043842352">
      <SDL2 Key="2372419573">
        <Unknown>
          <Entry>
            <Values />
            <Value0>147456</Value0>
            <Value1>65536</Value1>
          </Entry>
          <Entry>
            <Values>
              <Entry>
                <Value0>9357</Value0>
                <Value1>0</Value1>
              </Entry>
            </Values>
            <Value0>147458</Value0>
            <Value1>196608</Value1>
          </Entry>
          <Entry>
            <Values />
            <Value0>147456</Value0>
            <Value1>262144</Value1>
          </Entry>
          <Entry>
            <Values>
              <Entry>
                <Value0>9358</Value0>
                <Value1>0</Value1>
              </Entry>
            </Values>
            <Value0>147458</Value0>
            <Value1>327680</Value1>
          </Entry>
          <Entry>
            <Values>
              <Entry>
                <Value0>9359</Value0>
                <Value1>0</Value1>
              </Entry>
            </Values>
            <Value0>147458</Value0>
            <Value1>393216</Value1>
          </Entry>
        </Unknown>
        <Dialogs>
          <Dialog>○○○○○○○○</Dialog>
          <Dialog>Um, today's Chinese food is
also delicious！</Dialog>
          <Dialog>高嶺</Dialog>
          <Dialog>Hehe. I'm glad.</Dialog>
          <Dialog>But, for you to cook such
wonderful food, it must be
quite troublesome. I love to
eat it, but...</Dialog>
          <Dialog>No problem. Seeing your smile
when you eat it is the best
reward for me.</Dialog>
          <Dialog>...Oh well. Hey, what do you
want to eat next time？</Dialog>
        </Dialogs>
      </SDL2>
    </Entry>
  </Entries>
</DBIN2>