<?xml version="1.0" encoding="utf-8"?>
<DBIN2 xmlns:xsi="http://www.w3.org/2001/XMLSchema-instance" xmlns:xsd="http://www.w3.org/2001/XMLSchema" Key="3077665816" Unknown="56">
  <Entries>
    <Entry Unknown0="319046078" Unknown1="3138942322">
      <SDL2 Key="3105121925">
        <Unknown>
          <Entry>
            <Values>
              <Entry>
                <Value0>9996</Value0>
                <Value1>0</Value1>
              </Entry>
            </Values>
            <Value0>147456</Value0>
            <Value1>65536</Value1>
          </Entry>
        </Unknown>
        <Dialogs>
          <Dialog>高嶺</Dialog>
          <Dialog>Only a little bit, okay？</Dialog>
        </Dialogs>
      </SDL2>
    </Entry>
    <Entry Unknown0="2213900878" Unknown1="2886337891">
      <SDL2 Key="3105121925">
        <Unknown>
          <Entry>
            <Values>
              <Entry>
                <Value0>9997</Value0>
                <Value1>0</Value1>
              </Entry>
            </Values>
            <Value0>147456</Value0>
            <Value1>65536</Value1>
          </Entry>
        </Unknown>
        <Dialogs>
          <Dialog>高嶺</Dialog>
          <Dialog>Can I go there？</Dialog>
        </Dialogs>
      </SDL2>
    </Entry>
    <Entry Unknown0="2632237631" Unknown1="2610689618">
      <SDL2 Key="3105121925">
        <Unknown>
          <Entry>
            <Values>
              <Entry>
                <Value0>9998</Value0>
                <Value1>0</Value1>
              </Entry>
            </Values>
            <Value0>147456</Value0>
            <Value1>65536</Value1>
          </Entry>
        </Unknown>
        <Dialogs>
          <Dialog>高嶺</Dialog>
          <Dialog>Hey, hey... Teehee！</Dialog>
        </Dialogs>
      </SDL2>
    </Entry>
    <Entry Unknown0="1668608302" Unknown1="730719714">
      <SDL2 Key="3105121925">
        <Unknown>
          <Entry>
            <Values>
              <Entry>
                <Value0>9999</Value0>
                <Value1>0</Value1>
              </Entry>
            </Values>
            <Value0>147456</Value0>
            <Value1>65536</Value1>
          </Entry>
        </Unknown>
        <Dialogs>
          <Dialog>高嶺</Dialog>
          <Dialog>Just a little bit might be
okay...</Dialog>
        </Dialogs>
      </SDL2>
    </Entry>
    <Entry Unknown0="325444286" Unknown1="494499283">
      <SDL2 Key="3105121925">
        <Unknown>
          <Entry>
            <Values>
              <Entry>
                <Value0>10000</Value0>
                <Value1>0</Value1>
              </Entry>
            </Values>
            <Value0>147456</Value0>
            <Value1>65536</Value1>
          </Entry>
        </Unknown>
        <Dialogs>
          <Dialog>高嶺</Dialog>
          <Dialog>Hey... No.</Dialog>
        </Dialogs>
      </SDL2>
    </Entry>
    <Entry Unknown0="3964957359" Unknown1="168453826">
      <SDL2 Key="3105121925">
        <Unknown>
          <Entry>
            <Values>
              <Entry>
                <Value0>10001</Value0>
                <Value1>0</Value1>
              </Entry>
            </Values>
            <Value0>147456</Value0>
            <Value1>65536</Value1>
          </Entry>
        </Unknown>
        <Dialogs>
          <Dialog>高嶺</Dialog>
          <Dialog>...Naughty.</Dialog>
        </Dialogs>
      </SDL2>
    </Entry>
    <Entry Unknown0="4091830686" Unknown1="2600097106">
      <SDL2 Key="3105121925">
        <Unknown>
          <Entry>
            <Values>
              <Entry>
                <Value0>10002</Value0>
                <Value1>0</Value1>
              </Entry>
            </Values>
            <Value0>147456</Value0>
            <Value1>65536</Value1>
          </Entry>
        </Unknown>
        <Dialogs>
          <Dialog>高嶺</Dialog>
          <Dialog>Geez！</Dialog>
        </Dialogs>
      </SDL2>
    </Entry>
    <Entry Unknown0="1674908206" Unknown1="2381112643">
      <SDL2 Key="2143738203">
        <Unknown>
          <Entry>
            <Values>
              <Entry>
                <Value0>10003</Value0>
                <Value1>0</Value1>
              </Entry>
            </Values>
            <Value0>147456</Value0>
            <Value1>65536</Value1>
          </Entry>
        </Unknown>
        <Dialogs>
          <Dialog>高嶺</Dialog>
          <Dialog>I see. Hmm...</Dialog>
        </Dialogs>
      </SDL2>
    </Entry>
    <Entry Unknown0="2093277727" Unknown1="2038027826">
      <SDL2 Key="2143738203">
        <Unknown>
          <Entry>
            <Values />
            <Value0>147456</Value0>
            <Value1>65536</Value1>
          </Entry>
        </Unknown>
        <Dialogs>
          <Dialog>○○○○○○○○</Dialog>
          <Dialog>Well...</Dialog>
        </Dialogs>
      </SDL2>
    </Entry>
    <Entry Unknown0="1129615630" Unknown1="158057922">
      <SDL2 Key="2143738203">
        <Unknown>
          <Entry>
            <Values />
            <Value0>147456</Value0>
            <Value1>65536</Value1>
          </Entry>
        </Unknown>
        <Dialogs>
          <Dialog>○○○○○○○○</Dialog>
          <Dialog>Wait...</Dialog>
        </Dialogs>
      </SDL2>
    </Entry>
    <Entry Unknown0="4081418910" Unknown1="4267398579">
      <SDL2 Key="2143738203">
        <Unknown>
          <Entry>
            <Values />
            <Value0>147456</Value0>
            <Value1>65536</Value1>
          </Entry>
        </Unknown>
        <Dialogs>
          <Dialog>○○○○○○○○</Dialog>
          <Dialog>...Hey.</Dialog>
        </Dialogs>
      </SDL2>
    </Entry>
    <Entry Unknown0="3425964687" Unknown1="3924575906">
      <SDL2 Key="2143738203">
        <Unknown>
          <Entry>
            <Values />
            <Value0>147456</Value0>
            <Value1>65536</Value1>
          </Entry>
        </Unknown>
        <Dialogs>
          <Dialog>○○○○○○○○</Dialog>
          <Dialog>...Wait a minute.</Dialog>
        </Dialogs>
      </SDL2>
    </Entry>
    <Entry Unknown0="3552838014" Unknown1="534263090">
      <SDL2 Key="2143738203">
        <Unknown>
          <Entry>
            <Values>
              <Entry>
                <Value0>10004</Value0>
                <Value1>0</Value1>
              </Entry>
            </Values>
            <Value0>147456</Value0>
            <Value1>65536</Value1>
          </Entry>
        </Unknown>
        <Dialogs>
          <Dialog>高嶺</Dialog>
          <Dialog>I'm happy. Yeah... Hehe！</Dialog>
        </Dialogs>
      </SDL2>
    </Entry>
    <Entry Unknown0="1135948302" Unknown1="147506467">
      <SDL2 Key="2143738203">
        <Unknown>
          <Entry>
            <Values>
              <Entry>
                <Value0>10005</Value0>
                <Value1>0</Value1>
              </Entry>
            </Values>
            <Value0>147456</Value0>
            <Value1>65536</Value1>
          </Entry>
        </Unknown>
        <Dialogs>
          <Dialog>高嶺</Dialog>
          <Dialog>I'm so happy...</Dialog>
        </Dialogs>
      </SDL2>
    </Entry>
    <Entry Unknown0="1554285311" Unknown1="1062974994">
      <SDL2 Key="2143738203">
        <Unknown>
          <Entry>
            <Values>
              <Entry>
                <Value0>10006</Value0>
                <Value1>0</Value1>
              </Entry>
            </Values>
            <Value0>147456</Value0>
            <Value1>65536</Value1>
          </Entry>
        </Unknown>
        <Dialogs>
          <Dialog>高嶺</Dialog>
          <Dialog>Hehe... This is a little
embarrassing.</Dialog>
        </Dialogs>
      </SDL2>
    </Entry>
    <Entry Unknown0="590655982" Unknown1="2404230562">
      <SDL2 Key="2434080694">
        <Unknown>
          <Entry>
            <Values>
              <Entry>
                <Value0>10007</Value0>
                <Value1>0</Value1>
              </Entry>
            </Values>
            <Value0>147456</Value0>
            <Value1>65536</Value1>
          </Entry>
        </Unknown>
        <Dialogs>
          <Dialog>高嶺</Dialog>
          <Dialog>Teehee. Geez...</Dialog>
        </Dialogs>
      </SDL2>
    </Entry>
    <Entry Unknown0="3542459006" Unknown1="3107534227">
      <SDL2 Key="2434080694">
        <Unknown>
          <Entry>
            <Values>
              <Entry>
                <Value0>10008</Value0>
                <Value1>0</Value1>
              </Entry>
            </Values>
            <Value0>147456</Value0>
            <Value1>65536</Value1>
          </Entry>
        </Unknown>
        <Dialogs>
          <Dialog>高嶺</Dialog>
          <Dialog>Hey, it's embarrassing...</Dialog>
        </Dialogs>
      </SDL2>
    </Entry>
    <Entry Unknown0="2887004783" Unknown1="2932483714">
      <SDL2 Key="2434080694">
        <Unknown>
          <Entry>
            <Values>
              <Entry>
                <Value0>10009</Value0>
                <Value1>0</Value1>
              </Entry>
            </Values>
            <Value0>147456</Value0>
            <Value1>65536</Value1>
          </Entry>
        </Unknown>
        <Dialogs>
          <Dialog>高嶺</Dialog>
          <Dialog>It's a little embarrassing...</Dialog>
        </Dialogs>
      </SDL2>
    </Entry>
    <Entry Unknown0="3013878110" Unknown1="1052382482">
      <SDL2 Key="2434080694">
        <Unknown>
          <Entry>
            <Values>
              <Entry>
                <Value0>10010</Value0>
                <Value1>0</Value1>
              </Entry>
            </Values>
            <Value0>147456</Value0>
            <Value1>65536</Value1>
          </Entry>
        </Unknown>
        <Dialogs>
          <Dialog>高嶺</Dialog>
          <Dialog>Hey... It's not good.</Dialog>
        </Dialogs>
      </SDL2>
    </Entry>
    <Entry Unknown0="597021422" Unknown1="699180291">
      <SDL2 Key="2434080694">
        <Unknown>
          <Entry>
            <Values>
              <Entry>
                <Value0>10011</Value0>
                <Value1>0</Value1>
              </Entry>
            </Values>
            <Value0>147456</Value0>
            <Value1>65536</Value1>
          </Entry>
        </Unknown>
        <Dialogs>
          <Dialog>高嶺</Dialog>
          <Dialog>No. What did I do...？</Dialog>
        </Dialogs>
      </SDL2>
    </Entry>
    <Entry Unknown0="1015325407" Unknown1="1564055282">
      <SDL2 Key="2434080694">
        <Unknown>
          <Entry>
            <Values>
              <Entry>
                <Value0>10012</Value0>
                <Value1>0</Value1>
              </Entry>
            </Values>
            <Value0>147456</Value0>
            <Value1>65536</Value1>
          </Entry>
        </Unknown>
        <Dialogs>
          <Dialog>高嶺</Dialog>
          <Dialog>...My heart is throbbing.</Dialog>
        </Dialogs>
      </SDL2>
    </Entry>
    <Entry Unknown0="51663310" Unknown1="2905310594">
      <SDL2 Key="2434080694">
        <Unknown>
          <Entry>
            <Values>
              <Entry>
                <Value0>10013</Value0>
                <Value1>0</Value1>
              </Entry>
            </Values>
            <Value0>147456</Value0>
            <Value1>65536</Value1>
          </Entry>
        </Unknown>
        <Dialogs>
          <Dialog>高嶺</Dialog>
          <Dialog>My heart is throbbing...</Dialog>
        </Dialogs>
      </SDL2>
    </Entry>
    <Entry Unknown0="3003466334" Unknown1="3659208051">
      <SDL2 Key="3242542866">
        <Unknown>
          <Entry>
            <Values>
              <Entry>
                <Value0>10014</Value0>
                <Value1>0</Value1>
              </Entry>
            </Values>
            <Value0>147456</Value0>
            <Value1>65536</Value1>
          </Entry>
        </Unknown>
        <Dialogs>
          <Dialog>高嶺</Dialog>
          <Dialog>You are a naughty boy. Hehe.</Dialog>
        </Dialogs>
      </SDL2>
    </Entry>
    <Entry Unknown0="2364854863" Unknown1="3450603106">
      <SDL2 Key="3242542866">
        <Unknown>
          <Entry>
            <Values>
              <Entry>
                <Value0>10015</Value0>
                <Value1>0</Value1>
              </Entry>
            </Values>
            <Value0>147456</Value0>
            <Value1>65536</Value1>
          </Entry>
        </Unknown>
        <Dialogs>
          <Dialog>高嶺</Dialog>
          <Dialog>Hey, no. Hehe！</Dialog>
        </Dialogs>
      </SDL2>
    </Entry>
    <Entry Unknown0="2474950974" Unknown1="1553528306">
      <SDL2 Key="3242542866">
        <Unknown>
          <Entry>
            <Values>
              <Entry>
                <Value0>10016</Value0>
                <Value1>0</Value1>
              </Entry>
            </Values>
            <Value0>147456</Value0>
            <Value1>65536</Value1>
          </Entry>
        </Unknown>
        <Dialogs>
          <Dialog>高嶺</Dialog>
          <Dialog>Hey... Just a little, okay？</Dialog>
        </Dialogs>
      </SDL2>
    </Entry>
    <Entry Unknown0="58061518" Unknown1="1267369443">
      <SDL2 Key="3242542866">
        <Unknown>
          <Entry>
            <Values>
              <Entry>
                <Value0>10017</Value0>
                <Value1>0</Value1>
              </Entry>
            </Values>
            <Value0>147456</Value0>
            <Value1>65536</Value1>
          </Entry>
        </Unknown>
        <Dialogs>
          <Dialog>高嶺</Dialog>
          <Dialog>Um... Excuse me... No.</Dialog>
        </Dialogs>
      </SDL2>
    </Entry>
    <Entry Unknown0="476332735" Unknown1="2082174674">
      <SDL2 Key="3242542866">
        <Unknown>
          <Entry>
            <Values>
              <Entry>
                <Value0>10018</Value0>
                <Value1>0</Value1>
              </Entry>
            </Values>
            <Value0>147456</Value0>
            <Value1>65536</Value1>
          </Entry>
        </Unknown>
        <Dialogs>
          <Dialog>高嶺</Dialog>
          <Dialog>Hey. Geez... Take this. Yeah.</Dialog>
        </Dialogs>
      </SDL2>
    </Entry>
    <Entry Unknown0="3824447918" Unknown1="3423429986">
      <SDL2 Key="3242542866">
        <Unknown>
          <Entry>
            <Values>
              <Entry>
                <Value0>10019</Value0>
                <Value1>0</Value1>
              </Entry>
            </Values>
            <Value0>147456</Value0>
            <Value1>65536</Value1>
          </Entry>
        </Unknown>
        <Dialogs>
          <Dialog>高嶺</Dialog>
          <Dialog>Hehe. Geez, isn't it good？</Dialog>
        </Dialogs>
      </SDL2>
    </Entry>
    <Entry Unknown0="2481283646" Unknown1="4110021971">
      <SDL2 Key="3242542866">
        <Unknown>
          <Entry>
            <Values>
              <Entry>
                <Value0>10020</Value0>
                <Value1>0</Value1>
              </Entry>
            </Values>
            <Value0>147456</Value0>
            <Value1>65536</Value1>
          </Entry>
        </Unknown>
        <Dialogs>
          <Dialog>高嶺</Dialog>
          <Dialog>Hey, no... Hehe.</Dialog>
        </Dialogs>
      </SDL2>
    </Entry>
    <Entry Unknown0="1825894959" Unknown1="3817530946">
      <SDL2 Key="3242542866">
        <Unknown>
          <Entry>
            <Values>
              <Entry>
                <Value0>10021</Value0>
                <Value1>0</Value1>
              </Entry>
            </Values>
            <Value0>147456</Value0>
            <Value1>65536</Value1>
          </Entry>
        </Unknown>
        <Dialogs>
          <Dialog>高嶺</Dialog>
          <Dialog>Hey, that's embarrassing...</Dialog>
        </Dialogs>
      </SDL2>
    </Entry>
    <Entry Unknown0="1935991070" Unknown1="1937429970">
      <SDL2 Key="2300033768">
        <Unknown>
          <Entry>
            <Values>
              <Entry>
                <Value0>10022</Value0>
                <Value1>0</Value1>
              </Entry>
            </Values>
            <Value0>147456</Value0>
            <Value1>65536</Value1>
          </Entry>
        </Unknown>
        <Dialogs>
          <Dialog>高嶺</Dialog>
          <Dialog>Enough already？ Hehe！</Dialog>
        </Dialogs>
      </SDL2>
    </Entry>
    <Entry Unknown0="3814036142" Unknown1="1684825539">
      <SDL2 Key="2300033768">
        <Unknown>
          <Entry>
            <Values>
              <Entry>
                <Value0>10023</Value0>
                <Value1>0</Value1>
              </Entry>
            </Values>
            <Value0>147456</Value0>
            <Value1>65536</Value1>
          </Entry>
        </Unknown>
        <Dialogs>
          <Dialog>高嶺</Dialog>
          <Dialog>Having fun？ Hehe.</Dialog>
        </Dialogs>
      </SDL2>
    </Entry>
    <Entry Unknown0="4232340127" Unknown1="2465814194">
      <SDL2 Key="2300033768">
        <Unknown>
          <Entry>
            <Values>
              <Entry>
                <Value0>10024</Value0>
                <Value1>0</Value1>
              </Entry>
            </Values>
            <Value0>147456</Value0>
            <Value1>65536</Value1>
          </Entry>
        </Unknown>
        <Dialogs>
          <Dialog>高嶺</Dialog>
          <Dialog>Stop doing that, okay？</Dialog>
        </Dialogs>
      </SDL2>
    </Entry>
    <Entry Unknown0="3285455246" Unknown1="3807069506">
      <SDL2 Key="2300033768">
        <Unknown>
          <Entry>
            <Values>
              <Entry>
                <Value0>10025</Value0>
                <Value1>0</Value1>
              </Entry>
            </Values>
            <Value0>147456</Value0>
            <Value1>65536</Value1>
          </Entry>
        </Unknown>
        <Dialogs>
          <Dialog>高嶺</Dialog>
          <Dialog>That is so... impossible. I'm
sorry.</Dialog>
        </Dialogs>
      </SDL2>
    </Entry>
    <Entry Unknown0="1942290974" Unknown1="366728499">
      <SDL2 Key="2300033768">
        <Unknown>
          <Entry>
            <Values>
              <Entry>
                <Value0>10026</Value0>
                <Value1>0</Value1>
              </Entry>
            </Values>
            <Value0>147456</Value0>
            <Value1>65536</Value1>
          </Entry>
        </Unknown>
        <Dialogs>
          <Dialog>高嶺</Dialog>
          <Dialog>Hey, I don't like that. Okay？</Dialog>
        </Dialogs>
      </SDL2>
    </Entry>
    <Entry Unknown0="1286902287" Unknown1="40683042">
      <SDL2 Key="2300033768">
        <Unknown>
          <Entry>
            <Values>
              <Entry>
                <Value0>10027</Value0>
                <Value1>0</Value1>
              </Entry>
            </Values>
            <Value0>147456</Value0>
            <Value1>65536</Value1>
          </Entry>
        </Unknown>
        <Dialogs>
          <Dialog>高嶺</Dialog>
          <Dialog>Hey... Stop it.</Dialog>
        </Dialogs>
      </SDL2>
    </Entry>
    <Entry Unknown0="1396998654" Unknown1="2438510002">
      <SDL2 Key="2300033768">
        <Unknown>
          <Entry>
            <Values>
              <Entry>
                <Value0>10028</Value0>
                <Value1>0</Value1>
              </Entry>
            </Values>
            <Value0>147456</Value0>
            <Value1>65536</Value1>
          </Entry>
        </Unknown>
        <Dialogs>
          <Dialog>高嶺</Dialog>
          <Dialog>You're doing it
half-heartedly...</Dialog>
        </Dialogs>
      </SDL2>
    </Entry>
    <Entry Unknown0="3275076238" Unknown1="2253014435">
      <SDL2 Key="2300033768">
        <Unknown>
          <Entry>
            <Values>
              <Entry>
                <Value0>10029</Value0>
                <Value1>0</Value1>
              </Entry>
            </Values>
            <Value0>147456</Value0>
            <Value1>65536</Value1>
          </Entry>
        </Unknown>
        <Dialogs>
          <Dialog>高嶺</Dialog>
          <Dialog>Hey... You know, right？</Dialog>
        </Dialogs>
      </SDL2>
    </Entry>
    <Entry Unknown0="3693347455" Unknown1="2983933586">
      <SDL2 Key="2300033768">
        <Unknown>
          <Entry>
            <Values>
              <Entry>
                <Value0>10030</Value0>
                <Value1>0</Value1>
              </Entry>
            </Values>
            <Value0>147456</Value0>
            <Value1>65536</Value1>
          </Entry>
        </Unknown>
        <Dialogs>
          <Dialog>高嶺</Dialog>
          <Dialog>Hey... I don't like this,
okay？</Dialog>
        </Dialogs>
      </SDL2>
    </Entry>
    <Entry Unknown0="2746495342" Unknown1="30221602">
      <SDL2 Key="2300033768">
        <Unknown>
          <Entry>
            <Values>
              <Entry>
                <Value0>10031</Value0>
                <Value1>0</Value1>
              </Entry>
            </Values>
            <Value0>147456</Value0>
            <Value1>65536</Value1>
          </Entry>
        </Unknown>
        <Dialogs>
          <Dialog>高嶺</Dialog>
          <Dialog>I don't like it like this.</Dialog>
        </Dialogs>
      </SDL2>
    </Entry>
    <Entry Unknown0="1403331326" Unknown1="934917395">
      <SDL2 Key="2300033768">
        <Unknown>
          <Entry>
            <Values>
              <Entry>
                <Value0>10032</Value0>
                <Value1>0</Value1>
              </Entry>
            </Values>
            <Value0>147456</Value0>
            <Value1>65536</Value1>
          </Entry>
        </Unknown>
        <Dialogs>
          <Dialog>高嶺</Dialog>
          <Dialog>I really don't like this.</Dialog>
        </Dialogs>
      </SDL2>
    </Entry>
    <Entry Unknown0="747942639" Unknown1="541763074">
      <SDL2 Key="2300033768">
        <Unknown>
          <Entry>
            <Values>
              <Entry>
                <Value0>10033</Value0>
                <Value1>0</Value1>
              </Entry>
            </Values>
            <Value0>147456</Value0>
            <Value1>65536</Value1>
          </Entry>
        </Unknown>
        <Dialogs>
          <Dialog>高嶺</Dialog>
          <Dialog>You didn't mean to do it, did
you？</Dialog>
        </Dialogs>
      </SDL2>
    </Entry>
    <Entry Unknown0="858038750" Unknown1="2956629394">
      <SDL2 Key="2300033768">
        <Unknown>
          <Entry>
            <Values>
              <Entry>
                <Value0>10034</Value0>
                <Value1>0</Value1>
              </Entry>
            </Values>
            <Value0>147456</Value0>
            <Value1>65536</Value1>
          </Entry>
        </Unknown>
        <Dialogs>
          <Dialog>高嶺</Dialog>
          <Dialog>Hey, I'm angry.</Dialog>
        </Dialogs>
      </SDL2>
    </Entry>
    <Entry Unknown0="2736083566" Unknown1="2804688259">
      <SDL2 Key="2300033768">
        <Unknown>
          <Entry>
            <Values>
              <Entry>
                <Value0>10035</Value0>
                <Value1>0</Value1>
              </Entry>
            </Values>
            <Value0>147456</Value0>
            <Value1>65536</Value1>
          </Entry>
        </Unknown>
        <Dialogs>
          <Dialog>高嶺</Dialog>
          <Dialog>Hey, can you let go of me？</Dialog>
        </Dialogs>
      </SDL2>
    </Entry>
    <Entry Unknown0="3154387551" Unknown1="3619231346">
      <SDL2 Key="2300033768">
        <Unknown>
          <Entry>
            <Values>
              <Entry>
                <Value0>10036</Value0>
                <Value1>0</Value1>
              </Entry>
            </Values>
            <Value0>147456</Value0>
            <Value1>65536</Value1>
          </Entry>
        </Unknown>
        <Dialogs>
          <Dialog>高嶺</Dialog>
          <Dialog>I want you to think some
more...</Dialog>
        </Dialogs>
      </SDL2>
    </Entry>
    <Entry Unknown0="2207568206" Unknown1="665519362">
      <SDL2 Key="2873549123">
        <Unknown>
          <Entry>
            <Values>
              <Entry>
                <Value0>10037</Value0>
                <Value1>0</Value1>
              </Entry>
            </Values>
            <Value0>147456</Value0>
            <Value1>65536</Value1>
          </Entry>
        </Unknown>
        <Dialogs>
          <Dialog>高嶺</Dialog>
          <Dialog>You did this on purpose,
didn't you？</Dialog>
        </Dialogs>
      </SDL2>
    </Entry>
    <Entry Unknown0="864404190" Unknown1="1352373747">
      <SDL2 Key="2873549123">
        <Unknown>
          <Entry>
            <Values>
              <Entry>
                <Value0>10038</Value0>
                <Value1>0</Value1>
              </Entry>
            </Values>
            <Value0>147456</Value0>
            <Value1>65536</Value1>
          </Entry>
        </Unknown>
        <Dialogs>
          <Dialog>高嶺</Dialog>
          <Dialog>Hey, stop.</Dialog>
        </Dialogs>
      </SDL2>
    </Entry>
    <Entry Unknown0="208949967" Unknown1="1194100450">
      <SDL2 Key="2873549123">
        <Unknown>
          <Entry>
            <Values>
              <Entry>
                <Value0>10039</Value0>
                <Value1>0</Value1>
              </Entry>
            </Values>
            <Value0>147456</Value0>
            <Value1>65536</Value1>
          </Entry>
        </Unknown>
        <Dialogs>
          <Dialog>高嶺</Dialog>
          <Dialog>Cruel...</Dialog>
        </Dialogs>
      </SDL2>
    </Entry>
    <Entry Unknown0="319046078" Unknown1="3591927154">
      <SDL2 Key="2873549123">
        <Unknown>
          <Entry>
            <Values>
              <Entry>
                <Value0>10040</Value0>
                <Value1>0</Value1>
              </Entry>
            </Values>
            <Value0>147456</Value0>
            <Value1>65536</Value1>
          </Entry>
        </Unknown>
        <Dialogs>
          <Dialog>高嶺</Dialog>
          <Dialog>Stop it. Cruel...</Dialog>
        </Dialogs>
      </SDL2>
    </Entry>
    <Entry Unknown0="2213900878" Unknown1="3238659427">
      <SDL2 Key="2873549123">
        <Unknown>
          <Entry>
            <Values>
              <Entry>
                <Value0>10041</Value0>
                <Value1>0</Value1>
              </Entry>
            </Values>
            <Value0>147456</Value0>
            <Value1>65536</Value1>
          </Entry>
        </Unknown>
        <Dialogs>
          <Dialog>高嶺</Dialog>
          <Dialog>...I hate this.</Dialog>
        </Dialogs>
      </SDL2>
    </Entry>
    <Entry Unknown0="2632237631" Unknown1="4137416274">
      <SDL2 Key="2873549123">
        <Unknown>
          <Entry>
            <Values>
              <Entry>
                <Value0>10042</Value0>
                <Value1>0</Value1>
              </Entry>
            </Values>
            <Value0>147456</Value0>
            <Value1>65536</Value1>
          </Entry>
        </Unknown>
        <Dialogs>
          <Dialog>高嶺</Dialog>
          <Dialog>I'm angry. Can't you see？</Dialog>
        </Dialogs>
      </SDL2>
    </Entry>
    <Entry Unknown0="1668608302" Unknown1="1183704546">
      <SDL2 Key="2873549123">
        <Unknown>
          <Entry>
            <Values>
              <Entry>
                <Value0>10043</Value0>
                <Value1>0</Value1>
              </Entry>
            </Values>
            <Value0>147456</Value0>
            <Value1>65536</Value1>
          </Entry>
        </Unknown>
        <Dialogs>
          <Dialog>高嶺</Dialog>
          <Dialog>You are... the worst！</Dialog>
        </Dialogs>
      </SDL2>
    </Entry>
    <Entry Unknown0="325444286" Unknown1="3564729811">
      <SDL2 Key="2873549123">
        <Unknown>
          <Entry>
            <Values>
              <Entry>
                <Value0>10044</Value0>
                <Value1>0</Value1>
              </Entry>
            </Values>
            <Value0>147456</Value0>
            <Value1>65536</Value1>
          </Entry>
        </Unknown>
        <Dialogs>
          <Dialog>高嶺</Dialog>
          <Dialog>Eh？ Um... No, never mind.</Dialog>
        </Dialogs>
      </SDL2>
    </Entry>
    <Entry Unknown0="3964957359" Unknown1="3272238786">
      <SDL2 Key="2873549123">
        <Unknown>
          <Entry>
            <Values>
              <Entry>
                <Value0>10045</Value0>
                <Value1>0</Value1>
              </Entry>
            </Values>
            <Value0>147456</Value0>
            <Value1>65536</Value1>
          </Entry>
        </Unknown>
        <Dialogs>
          <Dialog>高嶺</Dialog>
          <Dialog>Hey, well... Nah...</Dialog>
        </Dialogs>
      </SDL2>
    </Entry>
    <Entry Unknown0="4091830686" Unknown1="1408914770">
      <SDL2 Key="2873549123">
        <Unknown>
          <Entry>
            <Values>
              <Entry>
                <Value0>10046</Value0>
                <Value1>0</Value1>
              </Entry>
            </Values>
            <Value0>147456</Value0>
            <Value1>65536</Value1>
          </Entry>
        </Unknown>
        <Dialogs>
          <Dialog>高嶺</Dialog>
          <Dialog>Hey... That's mean.</Dialog>
        </Dialogs>
      </SDL2>
    </Entry>
    <Entry Unknown0="1674908206" Unknown1="1156375875">
      <SDL2 Key="2873549123">
        <Unknown>
          <Entry>
            <Values>
              <Entry>
                <Value0>10047</Value0>
                <Value1>0</Value1>
              </Entry>
            </Values>
            <Value0>147456</Value0>
            <Value1>65536</Value1>
          </Entry>
        </Unknown>
        <Dialogs>
          <Dialog>高嶺</Dialog>
          <Dialog>You didn't do anything... No！</Dialog>
        </Dialogs>
      </SDL2>
    </Entry>
  </Entries>
</DBIN2>