<?xml version="1.0" encoding="utf-8"?>
<DBIN2 xmlns:xsi="http://www.w3.org/2001/XMLSchema-instance" xmlns:xsd="http://www.w3.org/2001/XMLSchema" Key="3275595061" Unknown="23">
  <Entries>
    <Entry Unknown0="2014113583" Unknown1="2609115794">
      <SDL2 Key="3340499822">
        <Unknown>
          <Entry>
            <Values>
              <Entry>
                <Value0>10844</Value0>
                <Value1>0</Value1>
              </Entry>
            </Values>
            <Value0>147456</Value0>
            <Value1>65536</Value1>
          </Entry>
        </Unknown>
        <Dialogs>
          <Dialog>高嶺</Dialog>
          <Dialog>What are you doing this late？
...Can't sleep？ Then let's
stay awake together, okay？</Dialog>
        </Dialogs>
      </SDL2>
    </Entry>
    <Entry Unknown0="3482769054" Unknown1="214458652">
      <SDL2 Key="3340499822">
        <Unknown>
          <Entry>
            <Values>
              <Entry>
                <Value0>10845</Value0>
                <Value1>0</Value1>
              </Entry>
            </Values>
            <Value0>147456</Value0>
            <Value1>65536</Value1>
          </Entry>
        </Unknown>
        <Dialogs>
          <Dialog>高嶺</Dialog>
          <Dialog>Still awake...？ Hehe, pulling
an all-nighter？ ...Hey, get
to sleep soon, will you？ I'm
so sleepy.</Dialog>
        </Dialogs>
      </SDL2>
    </Entry>
    <Entry Unknown0="1909277992" Unknown1="3325684563">
      <SDL2 Key="3340499822">
        <Unknown>
          <Entry>
            <Values>
              <Entry>
                <Value0>10846</Value0>
                <Value1>0</Value1>
              </Entry>
            </Values>
            <Value0>147456</Value0>
            <Value1>65536</Value1>
          </Entry>
        </Unknown>
        <Dialogs>
          <Dialog>高嶺</Dialog>
          <Dialog>Morning. ...Teehee. Still
feeling so sleepy？ Your eyes
look so bleary▼</Dialog>
        </Dialogs>
      </SDL2>
    </Entry>
    <Entry Unknown0="2285690719" Unknown1="2830312130">
      <SDL2 Key="3340499822">
        <Unknown>
          <Entry>
            <Values>
              <Entry>
                <Value0>10847</Value0>
                <Value1>0</Value1>
              </Entry>
            </Values>
            <Value0>147456</Value0>
            <Value1>65536</Value1>
          </Entry>
        </Unknown>
        <Dialogs>
          <Dialog>高嶺</Dialog>
          <Dialog>Morning. ...If we lived
together, I could give you a
good morning call every day.
...I guess.</Dialog>
        </Dialogs>
      </SDL2>
    </Entry>
    <Entry Unknown0="533071566" Unknown1="3522728268">
      <SDL2 Key="3340499822">
        <Unknown>
          <Entry>
            <Values>
              <Entry>
                <Value0>10848</Value0>
                <Value1>0</Value1>
              </Entry>
            </Values>
            <Value0>147456</Value0>
            <Value1>65536</Value1>
          </Entry>
        </Unknown>
        <Dialogs>
          <Dialog>高嶺</Dialog>
          <Dialog>Morning. Eh？ A morning kiss
to wake you up？ If the one
I'm kissing is you... I guess
I can do that.</Dialog>
        </Dialogs>
      </SDL2>
    </Entry>
    <Entry Unknown0="2180887896" Unknown1="2573802371">
      <SDL2 Key="3340499822">
        <Unknown>
          <Entry>
            <Values>
              <Entry>
                <Value0>10849</Value0>
                <Value1>0</Value1>
              </Entry>
            </Values>
            <Value0>147456</Value0>
            <Value1>65536</Value1>
          </Entry>
        </Unknown>
        <Dialogs>
          <Dialog>高嶺</Dialog>
          <Dialog>Morning. I feel so good today.
It must be because I can see
you in the morning. Yeah...
Teehee！</Dialog>
        </Dialogs>
      </SDL2>
    </Entry>
    <Entry Unknown0="3630960527" Unknown1="1977832178">
      <SDL2 Key="3880465081">
        <Unknown>
          <Entry>
            <Values>
              <Entry>
                <Value0>10850</Value0>
                <Value1>0</Value1>
              </Entry>
            </Values>
            <Value0>147456</Value0>
            <Value1>65536</Value1>
          </Entry>
        </Unknown>
        <Dialogs>
          <Dialog>高嶺</Dialog>
          <Dialog>Have you eaten your lunch？ If
you only eat instant food,
it'll eventually affect your
health. Be careful, okay？</Dialog>
        </Dialogs>
      </SDL2>
    </Entry>
    <Entry Unknown0="804681470" Unknown1="3794321788">
      <SDL2 Key="3880465081">
        <Unknown>
          <Entry>
            <Values>
              <Entry>
                <Value0>10851</Value0>
                <Value1>0</Value1>
              </Entry>
            </Values>
            <Value0>147456</Value0>
            <Value1>65536</Value1>
          </Entry>
        </Unknown>
        <Dialogs>
          <Dialog>高嶺</Dialog>
          <Dialog>Are you hungry？ What？ What
do you want to eat？ I might
take your special request？</Dialog>
        </Dialogs>
      </SDL2>
    </Entry>
    <Entry Unknown0="3509446024" Unknown1="2895727539">
      <SDL2 Key="3880465081">
        <Unknown>
          <Entry>
            <Values>
              <Entry>
                <Value0>10852</Value0>
                <Value1>0</Value1>
              </Entry>
            </Values>
            <Value0>147456</Value0>
            <Value1>65536</Value1>
          </Entry>
        </Unknown>
        <Dialogs>
          <Dialog>高嶺</Dialog>
          <Dialog>Lunch always makes me feel
sleepy. What about you？ Do
you want to sleep on my lap？
...No, I won't let you.
Teehee！</Dialog>
        </Dialogs>
      </SDL2>
    </Entry>
    <Entry Unknown0="3902570431" Unknown1="34832930">
      <SDL2 Key="3880465081">
        <Unknown>
          <Entry>
            <Values>
              <Entry>
                <Value0>10853</Value0>
                <Value1>0</Value1>
              </Entry>
            </Values>
            <Value0>147456</Value0>
            <Value1>65536</Value1>
          </Entry>
        </Unknown>
        <Dialogs>
          <Dialog>高嶺</Dialog>
          <Dialog>I can't handle only seeing you
at school... Hey, I really
want to spend more time with
you...</Dialog>
        </Dialogs>
      </SDL2>
    </Entry>
    <Entry Unknown0="2133239342" Unknown1="3076059564">
      <SDL2 Key="3880465081">
        <Unknown>
          <Entry>
            <Values>
              <Entry>
                <Value0>10854</Value0>
                <Value1>0</Value1>
              </Entry>
            </Values>
            <Value0>147456</Value0>
            <Value1>65536</Value1>
          </Entry>
        </Unknown>
        <Dialogs>
          <Dialog>高嶺</Dialog>
          <Dialog>I have to prepare dinner soon.
Someday, I'll make yours
too... Teehee, never mind▼</Dialog>
        </Dialogs>
      </SDL2>
    </Entry>
    <Entry Unknown0="3781023160" Unknown1="2143910883">
      <SDL2 Key="3880465081">
        <Unknown>
          <Entry>
            <Values>
              <Entry>
                <Value0>10855</Value0>
                <Value1>0</Value1>
              </Entry>
            </Values>
            <Value0>147456</Value0>
            <Value1>65536</Value1>
          </Entry>
        </Unknown>
        <Dialogs>
          <Dialog>高嶺</Dialog>
          <Dialog>Hey, what are you doing right
now？ If it's not too much
trouble, then... No, nothing.
Forget it.</Dialog>
        </Dialogs>
      </SDL2>
    </Entry>
    <Entry Unknown0="952938479" Unknown1="4014191186">
      <SDL2 Key="3880465081">
        <Unknown>
          <Entry>
            <Values>
              <Entry>
                <Value0>10856</Value0>
                <Value1>0</Value1>
              </Entry>
            </Values>
            <Value0>147456</Value0>
            <Value1>65536</Value1>
          </Entry>
        </Unknown>
        <Dialogs>
          <Dialog>高嶺</Dialog>
          <Dialog>Do you want me to help you
with your homework？ Hmm, I'm
not sure if it's good for you
though. Hehe, just kidding！</Dialog>
        </Dialogs>
      </SDL2>
    </Entry>
    <Entry Unknown0="2404816478" Unknown1="2022187484">
      <SDL2 Key="3880465081">
        <Unknown>
          <Entry>
            <Values>
              <Entry>
                <Value0>10857</Value0>
                <Value1>0</Value1>
              </Entry>
            </Values>
            <Value0>147456</Value0>
            <Value1>65536</Value1>
          </Entry>
        </Unknown>
        <Dialogs>
          <Dialog>高嶺</Dialog>
          <Dialog>When you take a bath, don't
use cold water, okay？ ...If
you catch a cold, we won't be
able to see each other...</Dialog>
        </Dialogs>
      </SDL2>
    </Entry>
    <Entry Unknown0="831325672" Unknown1="855223059">
      <SDL2 Key="3880465081">
        <Unknown>
          <Entry>
            <Values>
              <Entry>
                <Value0>10858</Value0>
                <Value1>0</Value1>
              </Entry>
            </Values>
            <Value0>147456</Value0>
            <Value1>65536</Value1>
          </Entry>
        </Unknown>
        <Dialogs>
          <Dialog>高嶺</Dialog>
          <Dialog>Before I go to sleep, I always
think about you. ...Geez,
don't make me say such
embarrassing things.</Dialog>
        </Dialogs>
      </SDL2>
    </Entry>
    <Entry Unknown0="1224515359" Unknown1="3698582146">
      <SDL2 Key="3880465081">
        <Unknown>
          <Entry>
            <Values>
              <Entry>
                <Value0>10859</Value0>
                <Value1>0</Value1>
              </Entry>
            </Values>
            <Value0>147456</Value0>
            <Value1>65536</Value1>
          </Entry>
        </Unknown>
        <Dialogs>
          <Dialog>高嶺</Dialog>
          <Dialog>Are you going to sleep？ I
really want to be with you
much longer... However, I'm
worried about your health.</Dialog>
        </Dialogs>
      </SDL2>
    </Entry>
    <Entry Unknown0="3750151822" Unknown1="767054092">
      <SDL2 Key="3880465081">
        <Unknown>
          <Entry>
            <Values>
              <Entry>
                <Value0>10860</Value0>
                <Value1>0</Value1>
              </Entry>
            </Values>
            <Value0>147456</Value0>
            <Value1>65536</Value1>
          </Entry>
        </Unknown>
        <Dialogs>
          <Dialog>高嶺</Dialog>
          <Dialog>Going to sleep already？
...Yeah, I'm sleepy, too...
But, I still want to be
together with you...</Dialog>
        </Dialogs>
      </SDL2>
    </Entry>
    <Entry Unknown0="1102935320" Unknown1="3844725571">
      <SDL2 Key="3880465081">
        <Unknown>
          <Entry>
            <Values>
              <Entry>
                <Value0>10861</Value0>
                <Value1>0</Value1>
              </Entry>
            </Values>
            <Value0>147456</Value0>
            <Value1>65536</Value1>
          </Entry>
        </Unknown>
        <Dialogs>
          <Dialog>高嶺</Dialog>
          <Dialog>I'm getting so sleepy. We'll
meet again tomorrow and you'll
come to see me, right？ I'll
be waiting for you...</Dialog>
        </Dialogs>
      </SDL2>
    </Entry>
    <Entry Unknown0="2553073487" Unknown1="2309165746">
      <SDL2 Key="3880465081">
        <Unknown>
          <Entry>
            <Values>
              <Entry>
                <Value0>10862</Value0>
                <Value1>0</Value1>
              </Entry>
            </Values>
            <Value0>147456</Value0>
            <Value1>65536</Value1>
          </Entry>
        </Unknown>
        <Dialogs>
          <Dialog>高嶺</Dialog>
          <Dialog>I'm so glad you came to see
me. The truth is, I've been so
lonely... Don't leave me
alone, okay？</Dialog>
        </Dialogs>
      </SDL2>
    </Entry>
    <Entry Unknown0="4021696190" Unknown1="518553916">
      <SDL2 Key="3880465081">
        <Unknown>
          <Entry>
            <Values>
              <Entry>
                <Value0>10863</Value0>
                <Value1>0</Value1>
              </Entry>
            </Values>
            <Value0>147456</Value0>
            <Value1>65536</Value1>
          </Entry>
        </Unknown>
        <Dialogs>
          <Dialog>高嶺</Dialog>
          <Dialog>Lately you always come to see
me, eh？ Thank you. ...Is it
okay to be this happy？
Hehehe！</Dialog>
        </Dialogs>
      </SDL2>
    </Entry>
    <Entry Unknown0="2448270664" Unknown1="2019101555">
      <SDL2 Key="2937890207">
        <Unknown>
          <Entry>
            <Values>
              <Entry>
                <Value0>10110</Value0>
                <Value1>0</Value1>
              </Entry>
            </Values>
            <Value0>147456</Value0>
            <Value1>65536</Value1>
          </Entry>
        </Unknown>
        <Dialogs>
          <Dialog>高嶺</Dialog>
          <Dialog>Hm？</Dialog>
        </Dialogs>
      </SDL2>
    </Entry>
    <Entry Unknown0="2824617855" Unknown1="3604169442">
      <SDL2 Key="2937890207">
        <Unknown>
          <Entry>
            <Values>
              <Entry>
                <Value0>9998</Value0>
                <Value1>0</Value1>
              </Entry>
            </Values>
            <Value0>147456</Value0>
            <Value1>65536</Value1>
          </Entry>
        </Unknown>
        <Dialogs>
          <Dialog>高嶺</Dialog>
          <Dialog>Hey, hey... Teehee！</Dialog>
        </Dialogs>
      </SDL2>
    </Entry>
    <Entry Unknown0="1072064238" Unknown1="1662562668">
      <SDL2 Key="2937890207">
        <Unknown>
          <Entry>
            <Values>
              <Entry>
                <Value0>7530</Value0>
                <Value1>0</Value1>
              </Entry>
            </Values>
            <Value0>147456</Value0>
            <Value1>65536</Value1>
          </Entry>
        </Unknown>
        <Dialogs>
          <Dialog>高嶺</Dialog>
          <Dialog>Hey. Teehee...</Dialog>
        </Dialogs>
      </SDL2>
    </Entry>
  </Entries>
</DBIN2>