<?xml version="1.0" encoding="utf-8"?>
<DBIN2 xmlns:xsi="http://www.w3.org/2001/XMLSchema-instance" xmlns:xsd="http://www.w3.org/2001/XMLSchema" Key="2815603923" Unknown="9">
  <Entries>
    <Entry Unknown0="3809840030" Unknown1="3160753507">
      <SDL2 Key="1431775274">
        <Unknown>
          <Entry>
            <Values>
              <Entry>
                <Value0>4294901760</Value0>
                <Value1>0</Value1>
              </Entry>
              <Entry>
                <Value0>11634</Value0>
                <Value1>500</Value1>
              </Entry>
            </Values>
            <Value0>147456</Value0>
            <Value1>65536</Value1>
          </Entry>
          <Entry>
            <Values />
            <Value0>147458</Value0>
            <Value1>196608</Value1>
          </Entry>
          <Entry>
            <Values>
              <Entry>
                <Value0>4294901768</Value0>
                <Value1>0</Value1>
              </Entry>
              <Entry>
                <Value0>11635</Value0>
                <Value1>500</Value1>
              </Entry>
            </Values>
            <Value0>147456</Value0>
            <Value1>262144</Value1>
          </Entry>
          <Entry>
            <Values />
            <Value0>147458</Value0>
            <Value1>327680</Value1>
          </Entry>
          <Entry>
            <Values />
            <Value0>65542</Value0>
            <Value1>65543</Value1>
          </Entry>
          <Entry>
            <Values />
            <Value0>65543</Value0>
            <Value1>65544</Value1>
          </Entry>
          <Entry>
            <Values />
            <Value0>65544</Value0>
            <Value1>147458</Value1>
          </Entry>
          <Entry>
            <Values />
            <Value0>147458</Value0>
            <Value1>589824</Value1>
          </Entry>
          <Entry>
            <Values>
              <Entry>
                <Value0>11636</Value0>
                <Value1>0</Value1>
              </Entry>
            </Values>
            <Value0>147456</Value0>
            <Value1>655360</Value1>
          </Entry>
          <Entry>
            <Values />
            <Value0>147458</Value0>
            <Value1>720896</Value1>
          </Entry>
          <Entry>
            <Values />
            <Value0>147458</Value0>
            <Value1>786432</Value1>
          </Entry>
          <Entry>
            <Values />
            <Value0>65549</Value0>
            <Value1>65550</Value1>
          </Entry>
          <Entry>
            <Values />
            <Value0>65550</Value0>
            <Value1>65551</Value1>
          </Entry>
          <Entry>
            <Values />
            <Value0>65551</Value0>
            <Value1>65552</Value1>
          </Entry>
          <Entry>
            <Values />
            <Value0>65552</Value0>
            <Value1>65544</Value1>
          </Entry>
          <Entry>
            <Values />
            <Value0>65544</Value0>
            <Value1>147458</Value1>
          </Entry>
          <Entry>
            <Values />
            <Value0>147458</Value0>
            <Value1>1114112</Value1>
          </Entry>
          <Entry>
            <Values>
              <Entry>
                <Value0>11637</Value0>
                <Value1>0</Value1>
              </Entry>
            </Values>
            <Value0>147456</Value0>
            <Value1>1179648</Value1>
          </Entry>
          <Entry>
            <Values>
              <Entry>
                <Value0>4294901760</Value0>
                <Value1>0</Value1>
              </Entry>
              <Entry>
                <Value0>11638</Value0>
                <Value1>500</Value1>
              </Entry>
            </Values>
            <Value0>147456</Value0>
            <Value1>1245184</Value1>
          </Entry>
          <Entry>
            <Values />
            <Value0>147458</Value0>
            <Value1>1310720</Value1>
          </Entry>
          <Entry>
            <Values>
              <Entry>
                <Value0>11639</Value0>
                <Value1>0</Value1>
              </Entry>
            </Values>
            <Value0>147456</Value0>
            <Value1>1376256</Value1>
          </Entry>
          <Entry>
            <Values />
            <Value0>147458</Value0>
            <Value1>1441792</Value1>
          </Entry>
          <Entry>
            <Values />
            <Value0>147458</Value0>
            <Value1>1507328</Value1>
          </Entry>
          <Entry>
            <Values />
            <Value0>147458</Value0>
            <Value1>1572864</Value1>
          </Entry>
          <Entry>
            <Values>
              <Entry>
                <Value0>11640</Value0>
                <Value1>0</Value1>
              </Entry>
            </Values>
            <Value0>147456</Value0>
            <Value1>1638400</Value1>
          </Entry>
          <Entry>
            <Values />
            <Value0>147458</Value0>
            <Value1>1703936</Value1>
          </Entry>
        </Unknown>
        <Dialogs>
          <Dialog>高嶺</Dialog>
          <Dialog>▲主人公＊▲.
About how I call you...</Dialog>
          <Dialog>○○○○○○○○</Dialog>
          <Dialog>Huh？</Dialog>
          <Dialog>▲新主人公▲...
Can I call you like this？</Dialog>
          <Dialog>Well, that is...</Dialog>
          <Dialog>Yes, that's okay</Dialog>
          <Dialog>How about something else？</Dialog>
          <Dialog>The usual name is better</Dialog>
          <Dialog>Yeah, it's okay to call me
that.</Dialog>
          <Dialog>Really？ I've always wanted to
call you this.</Dialog>
          <Dialog>(▲主人公＊▲...？
That sounds nice.)</Dialog>
          <Dialog>Hmm... How about trying
something else...？</Dialog>
          <Dialog>▲生成選択肢１▲</Dialog>
          <Dialog>▲生成選択肢２▲</Dialog>
          <Dialog>▲生成選択肢３▲</Dialog>
          <Dialog>▲生成選択肢４▲</Dialog>
          <Dialog>▲新主人公▲...
How about that？</Dialog>
          <Dialog>Okay, I see. Then...</Dialog>
          <Dialog>▲主人公＊▲.
Yes, it's better than before.</Dialog>
          <Dialog>(Yes, not bad！)</Dialog>
          <Dialog>Sorry, that's really
impossible.</Dialog>
          <Dialog>Eh？ Really...？ I'm sorry.</Dialog>
          <Dialog>(That's no good...)</Dialog>
          <Dialog>Isn't it fine the way it is
now？</Dialog>
          <Dialog>So... I won't change it
then...</Dialog>
          <Dialog>(The usual name is the best！)</Dialog>
        </Dialogs>
      </SDL2>
    </Entry>
    <Entry Unknown0="1275123711" Unknown1="2810881614">
      <SDL2 Key="1569323174">
        <Unknown>
          <Entry>
            <Values>
              <Entry>
                <Value0>4294901768</Value0>
                <Value1>0</Value1>
              </Entry>
            </Values>
            <Value0>147456</Value0>
            <Value1>65536</Value1>
          </Entry>
          <Entry>
            <Values />
            <Value0>147458</Value0>
            <Value1>196608</Value1>
          </Entry>
          <Entry>
            <Values>
              <Entry>
                <Value0>11641</Value0>
                <Value1>0</Value1>
              </Entry>
            </Values>
            <Value0>147456</Value0>
            <Value1>262144</Value1>
          </Entry>
          <Entry>
            <Values />
            <Value0>147458</Value0>
            <Value1>327680</Value1>
          </Entry>
          <Entry>
            <Values />
            <Value0>65542</Value0>
            <Value1>65543</Value1>
          </Entry>
          <Entry>
            <Values />
            <Value0>65543</Value0>
            <Value1>65544</Value1>
          </Entry>
          <Entry>
            <Values />
            <Value0>65544</Value0>
            <Value1>147458</Value1>
          </Entry>
          <Entry>
            <Values />
            <Value0>147458</Value0>
            <Value1>589824</Value1>
          </Entry>
          <Entry>
            <Values>
              <Entry>
                <Value0>11642</Value0>
                <Value1>0</Value1>
              </Entry>
            </Values>
            <Value0>147456</Value0>
            <Value1>655360</Value1>
          </Entry>
          <Entry>
            <Values />
            <Value0>147458</Value0>
            <Value1>720896</Value1>
          </Entry>
          <Entry>
            <Values />
            <Value0>147458</Value0>
            <Value1>786432</Value1>
          </Entry>
          <Entry>
            <Values />
            <Value0>65549</Value0>
            <Value1>65550</Value1>
          </Entry>
          <Entry>
            <Values />
            <Value0>65550</Value0>
            <Value1>65551</Value1>
          </Entry>
          <Entry>
            <Values />
            <Value0>65551</Value0>
            <Value1>65552</Value1>
          </Entry>
          <Entry>
            <Values />
            <Value0>65552</Value0>
            <Value1>65544</Value1>
          </Entry>
          <Entry>
            <Values />
            <Value0>65544</Value0>
            <Value1>147458</Value1>
          </Entry>
          <Entry>
            <Values />
            <Value0>147458</Value0>
            <Value1>1114112</Value1>
          </Entry>
          <Entry>
            <Values>
              <Entry>
                <Value0>4294901760</Value0>
                <Value1>0</Value1>
              </Entry>
            </Values>
            <Value0>147456</Value0>
            <Value1>1179648</Value1>
          </Entry>
          <Entry>
            <Values>
              <Entry>
                <Value0>11643</Value0>
                <Value1>0</Value1>
              </Entry>
            </Values>
            <Value0>147456</Value0>
            <Value1>1245184</Value1>
          </Entry>
          <Entry>
            <Values />
            <Value0>147458</Value0>
            <Value1>1310720</Value1>
          </Entry>
          <Entry>
            <Values>
              <Entry>
                <Value0>11644</Value0>
                <Value1>0</Value1>
              </Entry>
            </Values>
            <Value0>147456</Value0>
            <Value1>1376256</Value1>
          </Entry>
          <Entry>
            <Values />
            <Value0>147458</Value0>
            <Value1>1441792</Value1>
          </Entry>
          <Entry>
            <Values />
            <Value0>147458</Value0>
            <Value1>1507328</Value1>
          </Entry>
          <Entry>
            <Values />
            <Value0>147458</Value0>
            <Value1>1572864</Value1>
          </Entry>
          <Entry>
            <Values>
              <Entry>
                <Value0>11645</Value0>
                <Value1>0</Value1>
              </Entry>
            </Values>
            <Value0>147456</Value0>
            <Value1>1638400</Value1>
          </Entry>
          <Entry>
            <Values />
            <Value0>147458</Value0>
            <Value1>1703936</Value1>
          </Entry>
        </Unknown>
        <Dialogs>
          <Dialog>高嶺</Dialog>
          <Dialog>▲新主人公▲.</Dialog>
          <Dialog>○○○○○○○○</Dialog>
          <Dialog>Huh？ What was it just now？</Dialog>
          <Dialog>Calling you this... Is it
bad？</Dialog>
          <Dialog>Well, that is...</Dialog>
          <Dialog>Yes, that's okay</Dialog>
          <Dialog>How about something else？</Dialog>
          <Dialog>The usual name is better</Dialog>
          <Dialog>Yeah, it's okay to call me
that.</Dialog>
          <Dialog>Good. It's quite embarrassing.</Dialog>
          <Dialog>(▲主人公＊▲...？
That sounds nice.)</Dialog>
          <Dialog>Hmm... How about trying
something else...？</Dialog>
          <Dialog>▲生成選択肢１▲</Dialog>
          <Dialog>▲生成選択肢２▲</Dialog>
          <Dialog>▲生成選択肢３▲</Dialog>
          <Dialog>▲生成選択肢４▲</Dialog>
          <Dialog>▲新主人公▲...
How about that？</Dialog>
          <Dialog>▲主人公＊▲.</Dialog>
          <Dialog>Well, that should be okay...</Dialog>
          <Dialog>(Yes, not bad！)</Dialog>
          <Dialog>Sorry, that's not good.</Dialog>
          <Dialog>Really...？ Sorry.</Dialog>
          <Dialog>(That's no good...)</Dialog>
          <Dialog>Isn't it fine the way it is
now？</Dialog>
          <Dialog>You're right. I'm sorry...</Dialog>
          <Dialog>(The usual name is the best！)</Dialog>
        </Dialogs>
      </SDL2>
    </Entry>
    <Entry Unknown0="1462007018" Unknown1="3421147506">
      <SDL2 Key="1200268248">
        <Unknown>
          <Entry>
            <Values>
              <Entry>
                <Value0>4294901760</Value0>
                <Value1>0</Value1>
              </Entry>
            </Values>
            <Value0>147456</Value0>
            <Value1>65536</Value1>
          </Entry>
          <Entry>
            <Values />
            <Value0>147458</Value0>
            <Value1>196608</Value1>
          </Entry>
          <Entry>
            <Values>
              <Entry>
                <Value0>4294901768</Value0>
                <Value1>0</Value1>
              </Entry>
              <Entry>
                <Value0>11646</Value0>
                <Value1>500</Value1>
              </Entry>
            </Values>
            <Value0>147456</Value0>
            <Value1>262144</Value1>
          </Entry>
          <Entry>
            <Values />
            <Value0>147458</Value0>
            <Value1>327680</Value1>
          </Entry>
          <Entry>
            <Values />
            <Value0>65542</Value0>
            <Value1>65543</Value1>
          </Entry>
          <Entry>
            <Values />
            <Value0>65543</Value0>
            <Value1>65544</Value1>
          </Entry>
          <Entry>
            <Values />
            <Value0>65544</Value0>
            <Value1>147458</Value1>
          </Entry>
          <Entry>
            <Values />
            <Value0>147458</Value0>
            <Value1>589824</Value1>
          </Entry>
          <Entry>
            <Values>
              <Entry>
                <Value0>11647</Value0>
                <Value1>0</Value1>
              </Entry>
            </Values>
            <Value0>147456</Value0>
            <Value1>655360</Value1>
          </Entry>
          <Entry>
            <Values />
            <Value0>147458</Value0>
            <Value1>720896</Value1>
          </Entry>
          <Entry>
            <Values />
            <Value0>147458</Value0>
            <Value1>786432</Value1>
          </Entry>
          <Entry>
            <Values />
            <Value0>65549</Value0>
            <Value1>65550</Value1>
          </Entry>
          <Entry>
            <Values />
            <Value0>65550</Value0>
            <Value1>65551</Value1>
          </Entry>
          <Entry>
            <Values />
            <Value0>65551</Value0>
            <Value1>65552</Value1>
          </Entry>
          <Entry>
            <Values />
            <Value0>65552</Value0>
            <Value1>65544</Value1>
          </Entry>
          <Entry>
            <Values />
            <Value0>65544</Value0>
            <Value1>147458</Value1>
          </Entry>
          <Entry>
            <Values />
            <Value0>147458</Value0>
            <Value1>1114112</Value1>
          </Entry>
          <Entry>
            <Values>
              <Entry>
                <Value0>11648</Value0>
                <Value1>0</Value1>
              </Entry>
            </Values>
            <Value0>147456</Value0>
            <Value1>1179648</Value1>
          </Entry>
          <Entry>
            <Values>
              <Entry>
                <Value0>4294901760</Value0>
                <Value1>0</Value1>
              </Entry>
              <Entry>
                <Value0>11649</Value0>
                <Value1>500</Value1>
              </Entry>
            </Values>
            <Value0>147456</Value0>
            <Value1>1245184</Value1>
          </Entry>
          <Entry>
            <Values />
            <Value0>147458</Value0>
            <Value1>1310720</Value1>
          </Entry>
          <Entry>
            <Values>
              <Entry>
                <Value0>11650</Value0>
                <Value1>0</Value1>
              </Entry>
            </Values>
            <Value0>147456</Value0>
            <Value1>1376256</Value1>
          </Entry>
          <Entry>
            <Values />
            <Value0>147458</Value0>
            <Value1>1441792</Value1>
          </Entry>
          <Entry>
            <Values />
            <Value0>147458</Value0>
            <Value1>1507328</Value1>
          </Entry>
          <Entry>
            <Values>
              <Entry>
                <Value0>11651</Value0>
                <Value1>0</Value1>
              </Entry>
            </Values>
            <Value0>147456</Value0>
            <Value1>1572864</Value1>
          </Entry>
          <Entry>
            <Values />
            <Value0>147458</Value0>
            <Value1>1638400</Value1>
          </Entry>
        </Unknown>
        <Dialogs>
          <Dialog>高嶺</Dialog>
          <Dialog>▲主人公＊▲.</Dialog>
          <Dialog>○○○○○○○○</Dialog>
          <Dialog>What？</Dialog>
          <Dialog>▲新主人公▲.
How about I call you that？</Dialog>
          <Dialog>Well, that is...</Dialog>
          <Dialog>Yes, that's okay.</Dialog>
          <Dialog>How about something else？</Dialog>
          <Dialog>The usual name is better</Dialog>
          <Dialog>Yeah, it's okay to call me
that.</Dialog>
          <Dialog>Really？ I'm glad！ Yeah.</Dialog>
          <Dialog>(▲主人公＊▲...？
That sounds nice.)</Dialog>
          <Dialog>Hmm... How about trying
something else...？</Dialog>
          <Dialog>▲生成選択肢１▲</Dialog>
          <Dialog>▲生成選択肢２▲</Dialog>
          <Dialog>▲生成選択肢３▲</Dialog>
          <Dialog>▲生成選択肢４▲</Dialog>
          <Dialog>▲新主人公▲...
How about that？</Dialog>
          <Dialog>Okay, then...</Dialog>
          <Dialog>▲主人公＊▲.
How's that？ Hehe！</Dialog>
          <Dialog>(Yes, not bad！)</Dialog>
          <Dialog>That's... not good.</Dialog>
          <Dialog>(That's no good...)</Dialog>
          <Dialog>Isn't it fine the way it is
now？</Dialog>
          <Dialog>Huh... Then okay.</Dialog>
          <Dialog>(The usual name is the best！)</Dialog>
        </Dialogs>
      </SDL2>
    </Entry>
    <Entry Unknown0="1938103054" Unknown1="953529811">
      <SDL2 Key="797662233">
        <Unknown>
          <Entry>
            <Values>
              <Entry>
                <Value0>4294901768</Value0>
                <Value1>0</Value1>
              </Entry>
            </Values>
            <Value0>147456</Value0>
            <Value1>65536</Value1>
          </Entry>
          <Entry>
            <Values />
            <Value0>147458</Value0>
            <Value1>196608</Value1>
          </Entry>
          <Entry>
            <Values>
              <Entry>
                <Value0>11652</Value0>
                <Value1>0</Value1>
              </Entry>
            </Values>
            <Value0>147456</Value0>
            <Value1>262144</Value1>
          </Entry>
          <Entry>
            <Values />
            <Value0>147458</Value0>
            <Value1>327680</Value1>
          </Entry>
          <Entry>
            <Values />
            <Value0>65542</Value0>
            <Value1>65543</Value1>
          </Entry>
          <Entry>
            <Values />
            <Value0>65543</Value0>
            <Value1>65544</Value1>
          </Entry>
          <Entry>
            <Values />
            <Value0>65544</Value0>
            <Value1>147458</Value1>
          </Entry>
          <Entry>
            <Values />
            <Value0>147458</Value0>
            <Value1>393216</Value1>
          </Entry>
          <Entry>
            <Values>
              <Entry>
                <Value0>11653</Value0>
                <Value1>0</Value1>
              </Entry>
            </Values>
            <Value0>147456</Value0>
            <Value1>589824</Value1>
          </Entry>
          <Entry>
            <Values />
            <Value0>147458</Value0>
            <Value1>655360</Value1>
          </Entry>
          <Entry>
            <Values />
            <Value0>147458</Value0>
            <Value1>720896</Value1>
          </Entry>
          <Entry>
            <Values />
            <Value0>65548</Value0>
            <Value1>65549</Value1>
          </Entry>
          <Entry>
            <Values />
            <Value0>65549</Value0>
            <Value1>65550</Value1>
          </Entry>
          <Entry>
            <Values />
            <Value0>65550</Value0>
            <Value1>65551</Value1>
          </Entry>
          <Entry>
            <Values />
            <Value0>65551</Value0>
            <Value1>65552</Value1>
          </Entry>
          <Entry>
            <Values />
            <Value0>65552</Value0>
            <Value1>147458</Value1>
          </Entry>
          <Entry>
            <Values />
            <Value0>147458</Value0>
            <Value1>1114112</Value1>
          </Entry>
          <Entry>
            <Values>
              <Entry>
                <Value0>11654</Value0>
                <Value1>0</Value1>
              </Entry>
            </Values>
            <Value0>147456</Value0>
            <Value1>1179648</Value1>
          </Entry>
          <Entry>
            <Values />
            <Value0>147458</Value0>
            <Value1>1245184</Value1>
          </Entry>
          <Entry>
            <Values>
              <Entry>
                <Value0>4294901760</Value0>
                <Value1>0</Value1>
              </Entry>
              <Entry>
                <Value0>11655</Value0>
                <Value1>500</Value1>
              </Entry>
            </Values>
            <Value0>147456</Value0>
            <Value1>1310720</Value1>
          </Entry>
          <Entry>
            <Values />
            <Value0>147458</Value0>
            <Value1>1376256</Value1>
          </Entry>
          <Entry>
            <Values>
              <Entry>
                <Value0>11656</Value0>
                <Value1>0</Value1>
              </Entry>
            </Values>
            <Value0>147456</Value0>
            <Value1>1441792</Value1>
          </Entry>
          <Entry>
            <Values />
            <Value0>147458</Value0>
            <Value1>1507328</Value1>
          </Entry>
          <Entry>
            <Values>
              <Entry>
                <Value0>11657</Value0>
                <Value1>0</Value1>
              </Entry>
            </Values>
            <Value0>147456</Value0>
            <Value1>1572864</Value1>
          </Entry>
          <Entry>
            <Values />
            <Value0>147458</Value0>
            <Value1>1638400</Value1>
          </Entry>
          <Entry>
            <Values />
            <Value0>147458</Value0>
            <Value1>1703936</Value1>
          </Entry>
          <Entry>
            <Values>
              <Entry>
                <Value0>11658</Value0>
                <Value1>0</Value1>
              </Entry>
            </Values>
            <Value0>147456</Value0>
            <Value1>1769472</Value1>
          </Entry>
          <Entry>
            <Values />
            <Value0>147458</Value0>
            <Value1>1835008</Value1>
          </Entry>
        </Unknown>
        <Dialogs>
          <Dialog>高嶺</Dialog>
          <Dialog>▲新主人公▲.</Dialog>
          <Dialog>○○○○○○○○</Dialog>
          <Dialog>Eh！？</Dialog>
          <Dialog>...What if I called you this
way？</Dialog>
          <Dialog>(This is...)</Dialog>
          <Dialog>Good！ Really good！</Dialog>
          <Dialog>How about something else？</Dialog>
          <Dialog>Stop it.</Dialog>
          <Dialog>Isn't it？ I've been wondering
whether I should call you this
way...</Dialog>
          <Dialog>(▲主人公＊▲...？)</Dialog>
          <Dialog>(Well, since she asked, I'd
better choose what I like...)</Dialog>
          <Dialog>▲生成選択肢１▲</Dialog>
          <Dialog>▲生成選択肢２▲</Dialog>
          <Dialog>▲生成選択肢３▲</Dialog>
          <Dialog>▲生成選択肢４▲</Dialog>
          <Dialog>Just keep it the same.</Dialog>
          <Dialog>I'd rather go with...
▲新主人公▲.
How's that...？</Dialog>
          <Dialog>Eh...？ Hmm... Okay, I got it.</Dialog>
          <Dialog>Really！？</Dialog>
          <Dialog>▲主人公＊▲.
...That sounds pretty weird.
Are you really okay with it？</Dialog>
          <Dialog>(She has tried saying it...)</Dialog>
          <Dialog>Ah, that's good！</Dialog>
          <Dialog>Isn't it！？</Dialog>
          <Dialog>I'm kidding.</Dialog>
          <Dialog>(Tsk. So this is not good,
huh...？)</Dialog>
          <Dialog>You'd better stop it.</Dialog>
          <Dialog>Well... No, this is okay.</Dialog>
          <Dialog>(Yep, the usual name is the
best.)</Dialog>
        </Dialogs>
      </SDL2>
    </Entry>
    <Entry Unknown0="3698354031" Unknown1="66721470">
      <SDL2 Key="1606124389">
        <Unknown>
          <Entry>
            <Values>
              <Entry>
                <Value0>4294901768</Value0>
                <Value1>0</Value1>
              </Entry>
            </Values>
            <Value0>147456</Value0>
            <Value1>65536</Value1>
          </Entry>
          <Entry>
            <Values />
            <Value0>147458</Value0>
            <Value1>196608</Value1>
          </Entry>
          <Entry>
            <Values>
              <Entry>
                <Value0>11659</Value0>
                <Value1>0</Value1>
              </Entry>
            </Values>
            <Value0>147456</Value0>
            <Value1>262144</Value1>
          </Entry>
          <Entry>
            <Values />
            <Value0>147458</Value0>
            <Value1>327680</Value1>
          </Entry>
          <Entry>
            <Values />
            <Value0>65542</Value0>
            <Value1>65543</Value1>
          </Entry>
          <Entry>
            <Values />
            <Value0>65543</Value0>
            <Value1>65544</Value1>
          </Entry>
          <Entry>
            <Values />
            <Value0>65544</Value0>
            <Value1>147458</Value1>
          </Entry>
          <Entry>
            <Values />
            <Value0>147458</Value0>
            <Value1>393216</Value1>
          </Entry>
          <Entry>
            <Values>
              <Entry>
                <Value0>11660</Value0>
                <Value1>0</Value1>
              </Entry>
            </Values>
            <Value0>147456</Value0>
            <Value1>589824</Value1>
          </Entry>
          <Entry>
            <Values />
            <Value0>147458</Value0>
            <Value1>655360</Value1>
          </Entry>
          <Entry>
            <Values />
            <Value0>147458</Value0>
            <Value1>720896</Value1>
          </Entry>
          <Entry>
            <Values />
            <Value0>65548</Value0>
            <Value1>65549</Value1>
          </Entry>
          <Entry>
            <Values />
            <Value0>65549</Value0>
            <Value1>65550</Value1>
          </Entry>
          <Entry>
            <Values />
            <Value0>65550</Value0>
            <Value1>65551</Value1>
          </Entry>
          <Entry>
            <Values />
            <Value0>65551</Value0>
            <Value1>65552</Value1>
          </Entry>
          <Entry>
            <Values />
            <Value0>65552</Value0>
            <Value1>147458</Value1>
          </Entry>
          <Entry>
            <Values />
            <Value0>147458</Value0>
            <Value1>1114112</Value1>
          </Entry>
          <Entry>
            <Values>
              <Entry>
                <Value0>11662</Value0>
                <Value1>0</Value1>
              </Entry>
            </Values>
            <Value0>147456</Value0>
            <Value1>1179648</Value1>
          </Entry>
          <Entry>
            <Values />
            <Value0>147458</Value0>
            <Value1>1245184</Value1>
          </Entry>
          <Entry>
            <Values>
              <Entry>
                <Value0>4294901760</Value0>
                <Value1>0</Value1>
              </Entry>
              <Entry>
                <Value0>11661</Value0>
                <Value1>500</Value1>
              </Entry>
            </Values>
            <Value0>147456</Value0>
            <Value1>1310720</Value1>
          </Entry>
          <Entry>
            <Values />
            <Value0>147458</Value0>
            <Value1>1376256</Value1>
          </Entry>
          <Entry>
            <Values>
              <Entry>
                <Value0>11662</Value0>
                <Value1>0</Value1>
              </Entry>
            </Values>
            <Value0>147456</Value0>
            <Value1>1179648</Value1>
          </Entry>
          <Entry>
            <Values />
            <Value0>147458</Value0>
            <Value1>1441792</Value1>
          </Entry>
          <Entry>
            <Values>
              <Entry>
                <Value0>11663</Value0>
                <Value1>0</Value1>
              </Entry>
            </Values>
            <Value0>147456</Value0>
            <Value1>1507328</Value1>
          </Entry>
          <Entry>
            <Values />
            <Value0>147458</Value0>
            <Value1>1572864</Value1>
          </Entry>
          <Entry>
            <Values />
            <Value0>147458</Value0>
            <Value1>1638400</Value1>
          </Entry>
          <Entry>
            <Values>
              <Entry>
                <Value0>11664</Value0>
                <Value1>0</Value1>
              </Entry>
            </Values>
            <Value0>147456</Value0>
            <Value1>1703936</Value1>
          </Entry>
          <Entry>
            <Values />
            <Value0>147458</Value0>
            <Value1>1769472</Value1>
          </Entry>
        </Unknown>
        <Dialogs>
          <Dialog>高嶺</Dialog>
          <Dialog>▲新主人公▲.</Dialog>
          <Dialog>○○○○○○○○</Dialog>
          <Dialog>Eh！？</Dialog>
          <Dialog>This name is... not good？</Dialog>
          <Dialog>(This is...)</Dialog>
          <Dialog>Good！ Really good！</Dialog>
          <Dialog>How about something else？</Dialog>
          <Dialog>Stop it.</Dialog>
          <Dialog>Good... But, it's very
embarrassing.</Dialog>
          <Dialog>(▲主人公＊▲...？)</Dialog>
          <Dialog>(Well, since she asked, I'd
better choose what I like...)</Dialog>
          <Dialog>▲生成選択肢１▲</Dialog>
          <Dialog>▲生成選択肢２▲</Dialog>
          <Dialog>▲生成選択肢３▲</Dialog>
          <Dialog>▲生成選択肢４▲</Dialog>
          <Dialog>The usual name is better</Dialog>
          <Dialog>I'd rather go with...
▲新主人公▲.
How's that...？</Dialog>
          <Dialog>......</Dialog>
          <Dialog>Huh...？ Not good？</Dialog>
          <Dialog>▲主人公＊▲.
...Is this good？ Weird？ It's
not weird, isn't it？</Dialog>
          <Dialog>(She has tried saying it...)</Dialog>
          <Dialog>Ah, it's as weird as I
thought！ I was just joking,
joking！</Dialog>
          <Dialog>That's right. Thank
goodness...</Dialog>
          <Dialog>(Tsk. So this is not good,
huh...？)</Dialog>
          <Dialog>You'd better stop it.</Dialog>
          <Dialog>Really... Sorry for saying
something weird.</Dialog>
          <Dialog>(Yep, the usual name is the
best.)</Dialog>
        </Dialogs>
      </SDL2>
    </Entry>
    <Entry Unknown0="2811528282" Unknown1="794427874">
      <SDL2 Key="2147199439">
        <Unknown>
          <Entry>
            <Values>
              <Entry>
                <Value0>4294901768</Value0>
                <Value1>0</Value1>
              </Entry>
            </Values>
            <Value0>147456</Value0>
            <Value1>65536</Value1>
          </Entry>
          <Entry>
            <Values />
            <Value0>147458</Value0>
            <Value1>196608</Value1>
          </Entry>
          <Entry>
            <Values>
              <Entry>
                <Value0>4294901768</Value0>
                <Value1>0</Value1>
              </Entry>
              <Entry>
                <Value0>11665</Value0>
                <Value1>500</Value1>
              </Entry>
            </Values>
            <Value0>147456</Value0>
            <Value1>262144</Value1>
          </Entry>
          <Entry>
            <Values />
            <Value0>147458</Value0>
            <Value1>327680</Value1>
          </Entry>
          <Entry>
            <Values />
            <Value0>65542</Value0>
            <Value1>65543</Value1>
          </Entry>
          <Entry>
            <Values />
            <Value0>65543</Value0>
            <Value1>65544</Value1>
          </Entry>
          <Entry>
            <Values />
            <Value0>65544</Value0>
            <Value1>147458</Value1>
          </Entry>
          <Entry>
            <Values />
            <Value0>147458</Value0>
            <Value1>393216</Value1>
          </Entry>
          <Entry>
            <Values>
              <Entry>
                <Value0>11666</Value0>
                <Value1>0</Value1>
              </Entry>
            </Values>
            <Value0>147456</Value0>
            <Value1>589824</Value1>
          </Entry>
          <Entry>
            <Values />
            <Value0>147458</Value0>
            <Value1>655360</Value1>
          </Entry>
          <Entry>
            <Values />
            <Value0>147458</Value0>
            <Value1>720896</Value1>
          </Entry>
          <Entry>
            <Values />
            <Value0>65548</Value0>
            <Value1>65549</Value1>
          </Entry>
          <Entry>
            <Values />
            <Value0>65549</Value0>
            <Value1>65550</Value1>
          </Entry>
          <Entry>
            <Values />
            <Value0>65550</Value0>
            <Value1>65551</Value1>
          </Entry>
          <Entry>
            <Values />
            <Value0>65551</Value0>
            <Value1>65552</Value1>
          </Entry>
          <Entry>
            <Values />
            <Value0>65552</Value0>
            <Value1>147458</Value1>
          </Entry>
          <Entry>
            <Values />
            <Value0>147458</Value0>
            <Value1>1114112</Value1>
          </Entry>
          <Entry>
            <Values>
              <Entry>
                <Value0>4294901760</Value0>
                <Value1>0</Value1>
              </Entry>
            </Values>
            <Value0>147456</Value0>
            <Value1>1179648</Value1>
          </Entry>
          <Entry>
            <Values />
            <Value0>147458</Value0>
            <Value1>1245184</Value1>
          </Entry>
          <Entry>
            <Values>
              <Entry>
                <Value0>11667</Value0>
                <Value1>0</Value1>
              </Entry>
            </Values>
            <Value0>147456</Value0>
            <Value1>1310720</Value1>
          </Entry>
          <Entry>
            <Values />
            <Value0>147458</Value0>
            <Value1>1376256</Value1>
          </Entry>
          <Entry>
            <Values>
              <Entry>
                <Value0>11668</Value0>
                <Value1>0</Value1>
              </Entry>
            </Values>
            <Value0>147456</Value0>
            <Value1>1441792</Value1>
          </Entry>
          <Entry>
            <Values />
            <Value0>147458</Value0>
            <Value1>1507328</Value1>
          </Entry>
          <Entry>
            <Values>
              <Entry>
                <Value0>11669</Value0>
                <Value1>0</Value1>
              </Entry>
            </Values>
            <Value0>147456</Value0>
            <Value1>1572864</Value1>
          </Entry>
          <Entry>
            <Values />
            <Value0>147458</Value0>
            <Value1>1638400</Value1>
          </Entry>
          <Entry>
            <Values />
            <Value0>147458</Value0>
            <Value1>1703936</Value1>
          </Entry>
          <Entry>
            <Values>
              <Entry>
                <Value0>11670</Value0>
                <Value1>0</Value1>
              </Entry>
            </Values>
            <Value0>147456</Value0>
            <Value1>1769472</Value1>
          </Entry>
          <Entry>
            <Values />
            <Value0>147458</Value0>
            <Value1>1835008</Value1>
          </Entry>
        </Unknown>
        <Dialogs>
          <Dialog>高嶺</Dialog>
          <Dialog>▲新主人公▲.</Dialog>
          <Dialog>○○○○○○○○</Dialog>
          <Dialog>Eh！？</Dialog>
          <Dialog>▲新主人公▲.
How's that？ Teehee▼</Dialog>
          <Dialog>(This is...)</Dialog>
          <Dialog>Good！ Really good！</Dialog>
          <Dialog>How about something else？</Dialog>
          <Dialog>Stop it.</Dialog>
          <Dialog>Hehe, this is better than
before. Don't you feel it？
Let's use this from now on,
okay？</Dialog>
          <Dialog>(▲主人公＊▲...？)</Dialog>
          <Dialog>(Well, since she asked, I'd
better choose what I like...)</Dialog>
          <Dialog>▲生成選択肢１▲</Dialog>
          <Dialog>▲生成選択肢２▲</Dialog>
          <Dialog>▲生成選択肢３▲</Dialog>
          <Dialog>▲生成選択肢４▲</Dialog>
          <Dialog>The usual name is better</Dialog>
          <Dialog>I'd rather go with...
▲新主人公▲.
How's that...？</Dialog>
          <Dialog>▲主人公＊▲.</Dialog>
          <Dialog>That！ Isn't it good！？</Dialog>
          <Dialog>If you're this happy, then
it's good.</Dialog>
          <Dialog>(She has tried saying it...)</Dialog>
          <Dialog>Are you serious？</Dialog>
          <Dialog>Ah, it's as weird as I
thought！ I was just joking,
joking！</Dialog>
          <Dialog>That's not good, right？</Dialog>
          <Dialog>(Tsk. So this is not good,
huh...？)</Dialog>
          <Dialog>You'd better stop it.</Dialog>
          <Dialog>You're right. But I'm a bit
disappointed.</Dialog>
          <Dialog>(Yep, the usual name is the
best.)</Dialog>
        </Dialogs>
      </SDL2>
    </Entry>
    <Entry Unknown0="3287657342" Unknown1="4165281091">
      <SDL2 Key="297719752">
        <Unknown>
          <Entry>
            <Values />
            <Value0>147456</Value0>
            <Value1>65536</Value1>
          </Entry>
          <Entry>
            <Values />
            <Value0>65538</Value0>
            <Value1>65539</Value1>
          </Entry>
          <Entry>
            <Values />
            <Value0>65539</Value0>
            <Value1>65540</Value1>
          </Entry>
          <Entry>
            <Values />
            <Value0>65540</Value0>
            <Value1>65541</Value1>
          </Entry>
          <Entry>
            <Values />
            <Value0>65541</Value0>
            <Value1>65542</Value1>
          </Entry>
          <Entry>
            <Values />
            <Value0>65542</Value0>
            <Value1>147456</Value1>
          </Entry>
          <Entry>
            <Values />
            <Value0>147456</Value0>
            <Value1>458752</Value1>
          </Entry>
          <Entry>
            <Values />
            <Value0>147464</Value0>
            <Value1>589824</Value1>
          </Entry>
          <Entry>
            <Values />
            <Value0>147456</Value0>
            <Value1>655360</Value1>
          </Entry>
          <Entry>
            <Values>
              <Entry>
                <Value0>11671</Value0>
                <Value1>0</Value1>
              </Entry>
            </Values>
            <Value0>147464</Value0>
            <Value1>720896</Value1>
          </Entry>
          <Entry>
            <Values />
            <Value0>147456</Value0>
            <Value1>786432</Value1>
          </Entry>
          <Entry>
            <Values>
              <Entry>
                <Value0>11672</Value0>
                <Value1>0</Value1>
              </Entry>
            </Values>
            <Value0>147464</Value0>
            <Value1>851968</Value1>
          </Entry>
          <Entry>
            <Values>
              <Entry>
                <Value0>11673</Value0>
                <Value1>0</Value1>
              </Entry>
            </Values>
            <Value0>147464</Value0>
            <Value1>917504</Value1>
          </Entry>
          <Entry>
            <Values />
            <Value0>147456</Value0>
            <Value1>983040</Value1>
          </Entry>
          <Entry>
            <Values>
              <Entry>
                <Value0>11674</Value0>
                <Value1>0</Value1>
              </Entry>
            </Values>
            <Value0>147464</Value0>
            <Value1>1048576</Value1>
          </Entry>
          <Entry>
            <Values />
            <Value0>147456</Value0>
            <Value1>1114112</Value1>
          </Entry>
          <Entry>
            <Values>
              <Entry>
                <Value0>11675</Value0>
                <Value1>0</Value1>
              </Entry>
            </Values>
            <Value0>147464</Value0>
            <Value1>1179648</Value1>
          </Entry>
          <Entry>
            <Values />
            <Value0>147456</Value0>
            <Value1>983040</Value1>
          </Entry>
          <Entry>
            <Values />
            <Value0>147456</Value0>
            <Value1>1245184</Value1>
          </Entry>
          <Entry>
            <Values>
              <Entry>
                <Value0>11676</Value0>
                <Value1>0</Value1>
              </Entry>
            </Values>
            <Value0>147464</Value0>
            <Value1>1310720</Value1>
          </Entry>
        </Unknown>
        <Dialogs>
          <Dialog>○○○○○○○○</Dialog>
          <Dialog>(Should I try changing how I
call
▲高嶺＊＊▲...？)</Dialog>
          <Dialog>▲生成選択肢１▲</Dialog>
          <Dialog>▲生成選択肢２▲</Dialog>
          <Dialog>▲生成選択肢３▲</Dialog>
          <Dialog>▲生成選択肢４▲</Dialog>
          <Dialog>I should keep it the same</Dialog>
          <Dialog>▲生成選択肢５▲.</Dialog>
          <Dialog>高嶺</Dialog>
          <Dialog>......</Dialog>
          <Dialog>How is it？</Dialog>
          <Dialog>Yeah, that's okay.</Dialog>
          <Dialog>Really？ Then
▲高嶺＊＊▲！</Dialog>
          <Dialog>You don't have to be that
happy. Geez.</Dialog>
          <Dialog>I probably have to reserve
that.</Dialog>
          <Dialog>(So it's no good...)</Dialog>
          <Dialog>That's not good.</Dialog>
          <Dialog>Really！？</Dialog>
          <Dialog>Yeah, not good.</Dialog>
          <Dialog>Um, forget it...</Dialog>
          <Dialog>...？</Dialog>
        </Dialogs>
      </SDL2>
    </Entry>
    <Entry Unknown0="752941023" Unknown1="3815409198">
      <SDL2 Key="738174805">
        <Unknown>
          <Entry>
            <Values />
            <Value0>147456</Value0>
            <Value1>65536</Value1>
          </Entry>
          <Entry>
            <Values />
            <Value0>65538</Value0>
            <Value1>65539</Value1>
          </Entry>
          <Entry>
            <Values />
            <Value0>65539</Value0>
            <Value1>65540</Value1>
          </Entry>
          <Entry>
            <Values />
            <Value0>65540</Value0>
            <Value1>65541</Value1>
          </Entry>
          <Entry>
            <Values />
            <Value0>65541</Value0>
            <Value1>65542</Value1>
          </Entry>
          <Entry>
            <Values />
            <Value0>65542</Value0>
            <Value1>147456</Value1>
          </Entry>
          <Entry>
            <Values />
            <Value0>147456</Value0>
            <Value1>458752</Value1>
          </Entry>
          <Entry>
            <Values />
            <Value0>147464</Value0>
            <Value1>589824</Value1>
          </Entry>
          <Entry>
            <Values />
            <Value0>147456</Value0>
            <Value1>655360</Value1>
          </Entry>
          <Entry>
            <Values>
              <Entry>
                <Value0>11677</Value0>
                <Value1>0</Value1>
              </Entry>
            </Values>
            <Value0>147464</Value0>
            <Value1>720896</Value1>
          </Entry>
          <Entry>
            <Values />
            <Value0>147456</Value0>
            <Value1>786432</Value1>
          </Entry>
          <Entry>
            <Values>
              <Entry>
                <Value0>11678</Value0>
                <Value1>0</Value1>
              </Entry>
            </Values>
            <Value0>147464</Value0>
            <Value1>851968</Value1>
          </Entry>
          <Entry>
            <Values>
              <Entry>
                <Value0>11679</Value0>
                <Value1>0</Value1>
              </Entry>
            </Values>
            <Value0>147464</Value0>
            <Value1>917504</Value1>
          </Entry>
          <Entry>
            <Values />
            <Value0>147456</Value0>
            <Value1>983040</Value1>
          </Entry>
          <Entry>
            <Values>
              <Entry>
                <Value0>11680</Value0>
                <Value1>0</Value1>
              </Entry>
            </Values>
            <Value0>147464</Value0>
            <Value1>1048576</Value1>
          </Entry>
          <Entry>
            <Values />
            <Value0>147456</Value0>
            <Value1>1114112</Value1>
          </Entry>
          <Entry>
            <Values>
              <Entry>
                <Value0>11681</Value0>
                <Value1>0</Value1>
              </Entry>
            </Values>
            <Value0>147464</Value0>
            <Value1>1179648</Value1>
          </Entry>
          <Entry>
            <Values />
            <Value0>147456</Value0>
            <Value1>983040</Value1>
          </Entry>
          <Entry>
            <Values />
            <Value0>147456</Value0>
            <Value1>1245184</Value1>
          </Entry>
          <Entry>
            <Values>
              <Entry>
                <Value0>11682</Value0>
                <Value1>0</Value1>
              </Entry>
            </Values>
            <Value0>147464</Value0>
            <Value1>1310720</Value1>
          </Entry>
        </Unknown>
        <Dialogs>
          <Dialog>○○○○○○○○</Dialog>
          <Dialog>(Should I try changing how I
call
▲高嶺＊＊▲...？)</Dialog>
          <Dialog>▲生成選択肢１▲</Dialog>
          <Dialog>▲生成選択肢２▲</Dialog>
          <Dialog>▲生成選択肢３▲</Dialog>
          <Dialog>▲生成選択肢４▲</Dialog>
          <Dialog>I should keep it the same</Dialog>
          <Dialog>▲生成選択肢５▲.</Dialog>
          <Dialog>高嶺</Dialog>
          <Dialog>......</Dialog>
          <Dialog>How is it？</Dialog>
          <Dialog>Well... Yeah, that's okay.</Dialog>
          <Dialog>Really？ Then
▲高嶺＊＊▲！</Dialog>
          <Dialog>Ah... it's embarrassing.</Dialog>
          <Dialog>That's... embarrassing...</Dialog>
          <Dialog>(So it's no good...)</Dialog>
          <Dialog>Hmm... I pass on it...</Dialog>
          <Dialog>It's fine! It's fine!</Dialog>
          <Dialog>Sorry. It's really impossible.</Dialog>
          <Dialog>Um, forget it...</Dialog>
          <Dialog>...？</Dialog>
        </Dialogs>
      </SDL2>
    </Entry>
    <Entry Unknown0="923014346" Unknown1="3486150994">
      <SDL2 Key="858884321">
        <Unknown>
          <Entry>
            <Values />
            <Value0>147456</Value0>
            <Value1>65536</Value1>
          </Entry>
          <Entry>
            <Values />
            <Value0>65538</Value0>
            <Value1>65539</Value1>
          </Entry>
          <Entry>
            <Values />
            <Value0>65539</Value0>
            <Value1>65540</Value1>
          </Entry>
          <Entry>
            <Values />
            <Value0>65540</Value0>
            <Value1>65541</Value1>
          </Entry>
          <Entry>
            <Values />
            <Value0>65541</Value0>
            <Value1>65542</Value1>
          </Entry>
          <Entry>
            <Values />
            <Value0>65542</Value0>
            <Value1>147456</Value1>
          </Entry>
          <Entry>
            <Values />
            <Value0>147456</Value0>
            <Value1>458752</Value1>
          </Entry>
          <Entry>
            <Values />
            <Value0>147464</Value0>
            <Value1>589824</Value1>
          </Entry>
          <Entry>
            <Values />
            <Value0>147456</Value0>
            <Value1>655360</Value1>
          </Entry>
          <Entry>
            <Values>
              <Entry>
                <Value0>11683</Value0>
                <Value1>0</Value1>
              </Entry>
            </Values>
            <Value0>147464</Value0>
            <Value1>720896</Value1>
          </Entry>
          <Entry>
            <Values />
            <Value0>147456</Value0>
            <Value1>786432</Value1>
          </Entry>
          <Entry>
            <Values>
              <Entry>
                <Value0>11684</Value0>
                <Value1>0</Value1>
              </Entry>
            </Values>
            <Value0>147464</Value0>
            <Value1>851968</Value1>
          </Entry>
          <Entry>
            <Values>
              <Entry>
                <Value0>11685</Value0>
                <Value1>0</Value1>
              </Entry>
            </Values>
            <Value0>147464</Value0>
            <Value1>917504</Value1>
          </Entry>
          <Entry>
            <Values />
            <Value0>147456</Value0>
            <Value1>983040</Value1>
          </Entry>
          <Entry>
            <Values>
              <Entry>
                <Value0>11686</Value0>
                <Value1>0</Value1>
              </Entry>
            </Values>
            <Value0>147464</Value0>
            <Value1>589824</Value1>
          </Entry>
          <Entry>
            <Values />
            <Value0>147456</Value0>
            <Value1>1048576</Value1>
          </Entry>
          <Entry>
            <Values>
              <Entry>
                <Value0>11687</Value0>
                <Value1>0</Value1>
              </Entry>
            </Values>
            <Value0>147464</Value0>
            <Value1>1114112</Value1>
          </Entry>
          <Entry>
            <Values />
            <Value0>147456</Value0>
            <Value1>983040</Value1>
          </Entry>
          <Entry>
            <Values />
            <Value0>147456</Value0>
            <Value1>1179648</Value1>
          </Entry>
          <Entry>
            <Values>
              <Entry>
                <Value0>11688</Value0>
                <Value1>0</Value1>
              </Entry>
            </Values>
            <Value0>147464</Value0>
            <Value1>1245184</Value1>
          </Entry>
        </Unknown>
        <Dialogs>
          <Dialog>○○○○○○○○</Dialog>
          <Dialog>(Should I try changing how I
call
▲高嶺＊＊▲...？)</Dialog>
          <Dialog>▲生成選択肢１▲</Dialog>
          <Dialog>▲生成選択肢２▲</Dialog>
          <Dialog>▲生成選択肢３▲</Dialog>
          <Dialog>▲生成選択肢４▲</Dialog>
          <Dialog>I should keep it the same</Dialog>
          <Dialog>▲生成選択肢５▲.</Dialog>
          <Dialog>高嶺</Dialog>
          <Dialog>......</Dialog>
          <Dialog>How is it？</Dialog>
          <Dialog>Eh？ Is that okay？</Dialog>
          <Dialog>Yes！ It's really good！</Dialog>
          <Dialog>Well, then. It's okay.</Dialog>
          <Dialog>You'd better call me something
else. Stop it, okay？</Dialog>
          <Dialog>(So it's no good...)</Dialog>
          <Dialog>It's fine! It's fine!</Dialog>
          <Dialog>No！</Dialog>
          <Dialog>Um, forget it...</Dialog>
          <Dialog>...？</Dialog>
        </Dialogs>
      </SDL2>
    </Entry>
  </Entries>
</DBIN2>