<?xml version="1.0" encoding="utf-8"?>
<DBIN2 xmlns:xsi="http://www.w3.org/2001/XMLSchema-instance" xmlns:xsd="http://www.w3.org/2001/XMLSchema" Key="2512776315" Unknown="50">
  <Entries>
    <Entry Unknown0="3249455978" Unknown1="1133445080">
      <SDL2 Key="1705696740">
        <Unknown>
          <Entry>
            <Values>
              <Entry>
                <Value0>12169</Value0>
                <Value1>0</Value1>
              </Entry>
            </Values>
            <Value0>147456</Value0>
            <Value1>65536</Value1>
          </Entry>
        </Unknown>
        <Dialogs>
          <Dialog>高嶺</Dialog>
          <Dialog>I want to be your "Only One,"
rather than your "Number One,"
okay？</Dialog>
        </Dialogs>
      </SDL2>
    </Entry>
    <Entry Unknown0="2212653356" Unknown1="1994965260">
      <SDL2 Key="1705696740">
        <Unknown>
          <Entry>
            <Values>
              <Entry>
                <Value0>12171</Value0>
                <Value1>0</Value1>
              </Entry>
            </Values>
            <Value0>147456</Value0>
            <Value1>65536</Value1>
          </Entry>
        </Unknown>
        <Dialogs>
          <Dialog>高嶺</Dialog>
          <Dialog>When things don't go well,
just let them be.</Dialog>
        </Dialogs>
      </SDL2>
    </Entry>
    <Entry Unknown0="3745263456" Unknown1="3551196518">
      <SDL2 Key="1705696740">
        <Unknown>
          <Entry>
            <Values>
              <Entry>
                <Value0>12173</Value0>
                <Value1>0</Value1>
              </Entry>
            </Values>
            <Value0>147456</Value0>
            <Value1>65536</Value1>
          </Entry>
        </Unknown>
        <Dialogs>
          <Dialog>高嶺</Dialog>
          <Dialog>Nice work today▼</Dialog>
        </Dialogs>
      </SDL2>
    </Entry>
    <Entry Unknown0="838759354" Unknown1="2430488360">
      <SDL2 Key="1705696740">
        <Unknown>
          <Entry>
            <Values>
              <Entry>
                <Value0>12175</Value0>
                <Value1>0</Value1>
              </Entry>
            </Values>
            <Value0>147456</Value0>
            <Value1>65536</Value1>
          </Entry>
        </Unknown>
        <Dialogs>
          <Dialog>高嶺</Dialog>
          <Dialog>Don't blame yourself, okay？</Dialog>
        </Dialogs>
      </SDL2>
    </Entry>
    <Entry Unknown0="4080179580" Unknown1="3275231580">
      <SDL2 Key="1705696740">
        <Unknown>
          <Entry>
            <Values>
              <Entry>
                <Value0>12177</Value0>
                <Value1>0</Value1>
              </Entry>
            </Values>
            <Value0>147456</Value0>
            <Value1>65536</Value1>
          </Entry>
        </Unknown>
        <Dialogs>
          <Dialog>高嶺</Dialog>
          <Dialog>I'll always be on your side.</Dialog>
        </Dialogs>
      </SDL2>
    </Entry>
    <Entry Unknown0="260857776" Unknown1="620381622">
      <SDL2 Key="1705696740">
        <Unknown>
          <Entry>
            <Values>
              <Entry>
                <Value0>12179</Value0>
                <Value1>0</Value1>
              </Entry>
            </Values>
            <Value0>147456</Value0>
            <Value1>65536</Value1>
          </Entry>
        </Unknown>
        <Dialogs>
          <Dialog>高嶺</Dialog>
          <Dialog>Occasionally, you should
praise yourself, okay？</Dialog>
        </Dialogs>
      </SDL2>
    </Entry>
    <Entry Unknown0="1632543498" Unknown1="3845037944">
      <SDL2 Key="1705696740">
        <Unknown>
          <Entry>
            <Values>
              <Entry>
                <Value0>12181</Value0>
                <Value1>0</Value1>
              </Entry>
            </Values>
            <Value0>147456</Value0>
            <Value1>65536</Value1>
          </Entry>
        </Unknown>
        <Dialogs>
          <Dialog>高嶺</Dialog>
          <Dialog>Do your best▼</Dialog>
        </Dialogs>
      </SDL2>
    </Entry>
    <Entry Unknown0="595773900" Unknown1="277373356">
      <SDL2 Key="1705696740">
        <Unknown>
          <Entry>
            <Values>
              <Entry>
                <Value0>12183</Value0>
                <Value1>0</Value1>
              </Entry>
            </Values>
            <Value0>147456</Value0>
            <Value1>65536</Value1>
          </Entry>
        </Unknown>
        <Dialogs>
          <Dialog>高嶺</Dialog>
          <Dialog>Just a little bit more. Go for
it！</Dialog>
        </Dialogs>
      </SDL2>
    </Entry>
    <Entry Unknown0="2145160960" Unknown1="2034930950">
      <SDL2 Key="1705696740">
        <Unknown>
          <Entry>
            <Values>
              <Entry>
                <Value0>12185</Value0>
                <Value1>0</Value1>
              </Entry>
            </Values>
            <Value0>147456</Value0>
            <Value1>65536</Value1>
          </Entry>
        </Unknown>
        <Dialogs>
          <Dialog>高嶺</Dialog>
          <Dialog>You're working hard. I can
tell.</Dialog>
        </Dialogs>
      </SDL2>
    </Entry>
    <Entry Unknown0="3516846938" Unknown1="981397448">
      <SDL2 Key="1705696740">
        <Unknown>
          <Entry>
            <Values>
              <Entry>
                <Value0>12187</Value0>
                <Value1>0</Value1>
              </Entry>
            </Values>
            <Value0>147456</Value0>
            <Value1>65536</Value1>
          </Entry>
        </Unknown>
        <Dialogs>
          <Dialog>高嶺</Dialog>
          <Dialog>Have a rest, a rest.</Dialog>
        </Dialogs>
      </SDL2>
    </Entry>
    <Entry Unknown0="2480044316" Unknown1="1842917884">
      <SDL2 Key="1705696740">
        <Unknown>
          <Entry>
            <Values>
              <Entry>
                <Value0>12189</Value0>
                <Value1>0</Value1>
              </Entry>
            </Values>
            <Value0>147456</Value0>
            <Value1>65536</Value1>
          </Entry>
        </Unknown>
        <Dialogs>
          <Dialog>高嶺</Dialog>
          <Dialog>Are you going to sleep now？</Dialog>
        </Dialogs>
      </SDL2>
    </Entry>
    <Entry Unknown0="2938912592" Unknown1="3399148886">
      <SDL2 Key="1705696740">
        <Unknown>
          <Entry>
            <Values>
              <Entry>
                <Value0>12191</Value0>
                <Value1>0</Value1>
              </Entry>
            </Values>
            <Value0>147456</Value0>
            <Value1>65536</Value1>
          </Entry>
        </Unknown>
        <Dialogs>
          <Dialog>高嶺</Dialog>
          <Dialog>Yeah！ You can do it.</Dialog>
        </Dialogs>
      </SDL2>
    </Entry>
    <Entry Unknown0="32375722" Unknown1="2412658456">
      <SDL2 Key="1705696740">
        <Unknown>
          <Entry>
            <Values>
              <Entry>
                <Value0>12193</Value0>
                <Value1>0</Value1>
              </Entry>
            </Values>
            <Value0>147456</Value0>
            <Value1>65536</Value1>
          </Entry>
        </Unknown>
        <Dialogs>
          <Dialog>高嶺</Dialog>
          <Dialog>Taking a break today is fine.</Dialog>
        </Dialogs>
      </SDL2>
    </Entry>
    <Entry Unknown0="3273828716" Unknown1="3123183948">
      <SDL2 Key="1705696740">
        <Unknown>
          <Entry>
            <Values>
              <Entry>
                <Value0>12195</Value0>
                <Value1>0</Value1>
              </Entry>
            </Values>
            <Value0>147456</Value0>
            <Value1>65536</Value1>
          </Entry>
        </Unknown>
        <Dialogs>
          <Dialog>高嶺</Dialog>
          <Dialog>There are days like this too,
okay？</Dialog>
        </Dialogs>
      </SDL2>
    </Entry>
    <Entry Unknown0="528248736" Unknown1="535442854">
      <SDL2 Key="1705696740">
        <Unknown>
          <Entry>
            <Values>
              <Entry>
                <Value0>12197</Value0>
                <Value1>0</Value1>
              </Entry>
            </Values>
            <Value0>147456</Value0>
            <Value1>65536</Value1>
          </Entry>
        </Unknown>
        <Dialogs>
          <Dialog>高嶺</Dialog>
          <Dialog>Do you want to cry？ It's
okay.</Dialog>
        </Dialogs>
      </SDL2>
    </Entry>
    <Entry Unknown0="1899934714" Unknown1="3692990312">
      <SDL2 Key="1705696740">
        <Unknown>
          <Entry>
            <Values>
              <Entry>
                <Value0>12199</Value0>
                <Value1>0</Value1>
              </Entry>
            </Values>
            <Value0>147456</Value0>
            <Value1>65536</Value1>
          </Entry>
        </Unknown>
        <Dialogs>
          <Dialog>高嶺</Dialog>
          <Dialog>Big brother▼</Dialog>
        </Dialogs>
      </SDL2>
    </Entry>
    <Entry Unknown0="863164860" Unknown1="393761180">
      <SDL2 Key="2245661775">
        <Unknown>
          <Entry>
            <Values>
              <Entry>
                <Value0>12201</Value0>
                <Value1>0</Value1>
              </Entry>
            </Values>
            <Value0>147456</Value0>
            <Value1>65536</Value1>
          </Entry>
        </Unknown>
        <Dialogs>
          <Dialog>高嶺</Dialog>
          <Dialog>My dear▼</Dialog>
        </Dialogs>
      </SDL2>
    </Entry>
    <Entry Unknown0="1338810352" Unknown1="1882883574">
      <SDL2 Key="2245661775">
        <Unknown>
          <Entry>
            <Values>
              <Entry>
                <Value0>12203</Value0>
                <Value1>0</Value1>
              </Entry>
            </Values>
            <Value0>147456</Value0>
            <Value1>65536</Value1>
          </Entry>
        </Unknown>
        <Dialogs>
          <Dialog>高嶺</Dialog>
          <Dialog>Dear▼</Dialog>
        </Dialogs>
      </SDL2>
    </Entry>
    <Entry Unknown0="2710496074" Unknown1="829349816">
      <SDL2 Key="2245661775">
        <Unknown>
          <Entry>
            <Values>
              <Entry>
                <Value0>12205</Value0>
                <Value1>0</Value1>
              </Entry>
            </Values>
            <Value0>147456</Value0>
            <Value1>65536</Value1>
          </Entry>
        </Unknown>
        <Dialogs>
          <Dialog>高嶺</Dialog>
          <Dialog>I love you▼</Dialog>
        </Dialogs>
      </SDL2>
    </Entry>
    <Entry Unknown0="1673660684" Unknown1="1153999340">
      <SDL2 Key="2245661775">
        <Unknown>
          <Entry>
            <Values>
              <Entry>
                <Value0>12207</Value0>
                <Value1>0</Value1>
              </Entry>
            </Values>
            <Value0>147456</Value0>
            <Value1>65536</Value1>
          </Entry>
        </Unknown>
        <Dialogs>
          <Dialog>高嶺</Dialog>
          <Dialog>Geez, I love you！</Dialog>
        </Dialogs>
      </SDL2>
    </Entry>
    <Entry Unknown0="3206336320" Unknown1="2777339206">
      <SDL2 Key="2245661775">
        <Unknown>
          <Entry>
            <Values>
              <Entry>
                <Value0>12209</Value0>
                <Value1>0</Value1>
              </Entry>
            </Values>
            <Value0>147456</Value0>
            <Value1>65536</Value1>
          </Entry>
        </Unknown>
        <Dialogs>
          <Dialog>高嶺</Dialog>
          <Dialog>Love you▼</Dialog>
        </Dialogs>
      </SDL2>
    </Entry>
    <Entry Unknown0="299766682" Unknown1="1723739912">
      <SDL2 Key="2245661775">
        <Unknown>
          <Entry>
            <Values>
              <Entry>
                <Value0>12211</Value0>
                <Value1>0</Value1>
              </Entry>
            </Values>
            <Value0>147456</Value0>
            <Value1>65536</Value1>
          </Entry>
        </Unknown>
        <Dialogs>
          <Dialog>高嶺</Dialog>
          <Dialog>Look into my eyes...</Dialog>
        </Dialogs>
      </SDL2>
    </Entry>
    <Entry Unknown0="3541219676" Unknown1="2971201852">
      <SDL2 Key="2245661775">
        <Unknown>
          <Entry>
            <Values>
              <Entry>
                <Value0>12213</Value0>
                <Value1>0</Value1>
              </Entry>
            </Values>
            <Value0>147456</Value0>
            <Value1>65536</Value1>
          </Entry>
        </Unknown>
        <Dialogs>
          <Dialog>高嶺</Dialog>
          <Dialog>I want your kiss...</Dialog>
        </Dialogs>
      </SDL2>
    </Entry>
    <Entry Unknown0="4016865168" Unknown1="383395222">
      <SDL2 Key="2245661775">
        <Unknown>
          <Entry>
            <Values>
              <Entry>
                <Value0>12215</Value0>
                <Value1>0</Value1>
              </Entry>
            </Values>
            <Value0>147456</Value0>
            <Value1>65536</Value1>
          </Entry>
        </Unknown>
        <Dialogs>
          <Dialog>高嶺</Dialog>
          <Dialog>Can you say you love me？</Dialog>
        </Dialogs>
      </SDL2>
    </Entry>
    <Entry Unknown0="1093551082" Unknown1="3675160408">
      <SDL2 Key="2245661775">
        <Unknown>
          <Entry>
            <Values>
              <Entry>
                <Value0>12217</Value0>
                <Value1>0</Value1>
              </Entry>
            </Values>
            <Value0>147456</Value0>
            <Value1>65536</Value1>
          </Entry>
        </Unknown>
        <Dialogs>
          <Dialog>高嶺</Dialog>
          <Dialog>I don't feel loved...</Dialog>
        </Dialogs>
      </SDL2>
    </Entry>
    <Entry Unknown0="56813996" Unknown1="3999809932">
      <SDL2 Key="2245661775">
        <Unknown>
          <Entry>
            <Values>
              <Entry>
                <Value0>12219</Value0>
                <Value1>0</Value1>
              </Entry>
            </Values>
            <Value0>147456</Value0>
            <Value1>65536</Value1>
          </Entry>
        </Unknown>
        <Dialogs>
          <Dialog>高嶺</Dialog>
          <Dialog>Be patient▼</Dialog>
        </Dialogs>
      </SDL2>
    </Entry>
    <Entry Unknown0="1606201312" Unknown1="1261073894">
      <SDL2 Key="2245661775">
        <Unknown>
          <Entry>
            <Values>
              <Entry>
                <Value0>12221</Value0>
                <Value1>0</Value1>
              </Entry>
            </Values>
            <Value0>147456</Value0>
            <Value1>65536</Value1>
          </Entry>
        </Unknown>
        <Dialogs>
          <Dialog>高嶺</Dialog>
          <Dialog>Hey, can you spoil me？</Dialog>
        </Dialogs>
      </SDL2>
    </Entry>
    <Entry Unknown0="2977887034" Unknown1="140431272">
      <SDL2 Key="2245661775">
        <Unknown>
          <Entry>
            <Values>
              <Entry>
                <Value0>12223</Value0>
                <Value1>0</Value1>
              </Entry>
            </Values>
            <Value0>147456</Value0>
            <Value1>65536</Value1>
          </Entry>
        </Unknown>
        <Dialogs>
          <Dialog>高嶺</Dialog>
          <Dialog>Hey, come here...</Dialog>
        </Dialogs>
      </SDL2>
    </Entry>
    <Entry Unknown0="1941051900" Unknown1="1538822620">
      <SDL2 Key="2245661775">
        <Unknown>
          <Entry>
            <Values>
              <Entry>
                <Value0>12225</Value0>
                <Value1>0</Value1>
              </Entry>
            </Values>
            <Value0>147456</Value0>
            <Value1>65536</Value1>
          </Entry>
        </Unknown>
        <Dialogs>
          <Dialog>高嶺</Dialog>
          <Dialog>More, can I have more？</Dialog>
        </Dialogs>
      </SDL2>
    </Entry>
    <Entry Unknown0="2399985456" Unknown1="3162162486">
      <SDL2 Key="2245661775">
        <Unknown>
          <Entry>
            <Values>
              <Entry>
                <Value0>12227</Value0>
                <Value1>0</Value1>
              </Entry>
            </Values>
            <Value0>147456</Value0>
            <Value1>65536</Value1>
          </Entry>
        </Unknown>
        <Dialogs>
          <Dialog>高嶺</Dialog>
          <Dialog>Hey, is that good？</Dialog>
        </Dialogs>
      </SDL2>
    </Entry>
    <Entry Unknown0="3788383114" Unknown1="2108563448">
      <SDL2 Key="2245661775">
        <Unknown>
          <Entry>
            <Values>
              <Entry>
                <Value0>12229</Value0>
                <Value1>0</Value1>
              </Entry>
            </Values>
            <Value0>147456</Value0>
            <Value1>65536</Value1>
          </Entry>
        </Unknown>
        <Dialogs>
          <Dialog>高嶺</Dialog>
          <Dialog>Today's keyword is Oyster
Mushroom's "O"！</Dialog>
        </Dialogs>
      </SDL2>
    </Entry>
    <Entry Unknown0="2734836044" Unknown1="2282283308">
      <SDL2 Key="1303152406">
        <Unknown>
          <Entry>
            <Values>
              <Entry>
                <Value0>12231</Value0>
                <Value1>0</Value1>
              </Entry>
            </Values>
            <Value0>147456</Value0>
            <Value1>65536</Value1>
          </Entry>
        </Unknown>
        <Dialogs>
          <Dialog>高嶺</Dialog>
          <Dialog>Huh？ You want tofu？</Dialog>
        </Dialogs>
      </SDL2>
    </Entry>
    <Entry Unknown0="4284223360" Unknown1="3519681926">
      <SDL2 Key="1303152406">
        <Unknown>
          <Entry>
            <Values>
              <Entry>
                <Value0>12233</Value0>
                <Value1>0</Value1>
              </Entry>
            </Values>
            <Value0>147456</Value0>
            <Value1>65536</Value1>
          </Entry>
        </Unknown>
        <Dialogs>
          <Dialog>高嶺</Dialog>
          <Dialog>I'll say it just once.
Scallion▼　Hehe♪</Dialog>
        </Dialogs>
      </SDL2>
    </Entry>
    <Entry Unknown0="1360942042" Unknown1="2466148168">
      <SDL2 Key="1303152406">
        <Unknown>
          <Entry>
            <Values>
              <Entry>
                <Value0>12235</Value0>
                <Value1>0</Value1>
              </Entry>
            </Values>
            <Value0>147456</Value0>
            <Value1>65536</Value1>
          </Entry>
        </Unknown>
        <Dialogs>
          <Dialog>高嶺</Dialog>
          <Dialog>Let's try a gag. Okay,
whaaaat's up！？</Dialog>
        </Dialogs>
      </SDL2>
    </Entry>
    <Entry Unknown0="324204956" Unknown1="3310891388">
      <SDL2 Key="1303152406">
        <Unknown>
          <Entry>
            <Values>
              <Entry>
                <Value0>12237</Value0>
                <Value1>0</Value1>
              </Entry>
            </Values>
            <Value0>147456</Value0>
            <Value1>65536</Value1>
          </Entry>
        </Unknown>
        <Dialogs>
          <Dialog>高嶺</Dialog>
          <Dialog>Japan's esteemed sculptor
is... Unkei, right？</Dialog>
        </Dialogs>
      </SDL2>
    </Entry>
    <Entry Unknown0="799850448" Unknown1="1645897174">
      <SDL2 Key="1303152406">
        <Unknown>
          <Entry>
            <Values>
              <Entry>
                <Value0>12239</Value0>
                <Value1>0</Value1>
              </Entry>
            </Values>
            <Value0>147456</Value0>
            <Value1>65536</Value1>
          </Entry>
        </Unknown>
        <Dialogs>
          <Dialog>高嶺</Dialog>
          <Dialog>Do you know what N500 is？</Dialog>
        </Dialogs>
      </SDL2>
    </Entry>
    <Entry Unknown0="2171503402" Unknown1="659472280">
      <SDL2 Key="1303152406">
        <Unknown>
          <Entry>
            <Values>
              <Entry>
                <Value0>12241</Value0>
                <Value1>0</Value1>
              </Entry>
            </Values>
            <Value0>147456</Value0>
            <Value1>65536</Value1>
          </Entry>
        </Unknown>
        <Dialogs>
          <Dialog>高嶺</Dialog>
          <Dialog>Do you know what LOHAS is？</Dialog>
        </Dialogs>
      </SDL2>
    </Entry>
    <Entry Unknown0="1134701036" Unknown1="313033164">
      <SDL2 Key="1303152406">
        <Unknown>
          <Entry>
            <Values>
              <Entry>
                <Value0>12243</Value0>
                <Value1>0</Value1>
              </Entry>
            </Values>
            <Value0>147456</Value0>
            <Value1>65536</Value1>
          </Entry>
        </Unknown>
        <Dialogs>
          <Dialog>高嶺</Dialog>
          <Dialog>I'm fine with living in a
small city.</Dialog>
        </Dialogs>
      </SDL2>
    </Entry>
    <Entry Unknown0="2684153632" Unknown1="3077223718">
      <SDL2 Key="1303152406">
        <Unknown>
          <Entry>
            <Values>
              <Entry>
                <Value0>12245</Value0>
                <Value1>0</Value1>
              </Entry>
            </Values>
            <Value0>147456</Value0>
            <Value1>65536</Value1>
          </Entry>
        </Unknown>
        <Dialogs>
          <Dialog>高嶺</Dialog>
          <Dialog>Rumble, rumble, rurururu.</Dialog>
        </Dialogs>
      </SDL2>
    </Entry>
    <Entry Unknown0="4055774074" Unknown1="1956515816">
      <SDL2 Key="1303152406">
        <Unknown>
          <Entry>
            <Values>
              <Entry>
                <Value0>12247</Value0>
                <Value1>0</Value1>
              </Entry>
            </Values>
            <Value0>147456</Value0>
            <Value1>65536</Value1>
          </Entry>
        </Unknown>
        <Dialogs>
          <Dialog>高嶺</Dialog>
          <Dialog>Compliance doesn't work.</Dialog>
        </Dialogs>
      </SDL2>
    </Entry>
    <Entry Unknown0="3019004220" Unknown1="2952319260">
      <SDL2 Key="1303152406">
        <Unknown>
          <Entry>
            <Values>
              <Entry>
                <Value0>12249</Value0>
                <Value1>0</Value1>
              </Entry>
            </Values>
            <Value0>147456</Value0>
            <Value1>65536</Value1>
          </Entry>
        </Unknown>
        <Dialogs>
          <Dialog>高嶺</Dialog>
          <Dialog>Let's take a commercial break.</Dialog>
        </Dialogs>
      </SDL2>
    </Entry>
    <Entry Unknown0="3477872496" Unknown1="3367634294">
      <SDL2 Key="1303152406">
        <Unknown>
          <Entry>
            <Values>
              <Entry>
                <Value0>12251</Value0>
                <Value1>0</Value1>
              </Entry>
            </Values>
            <Value0>147456</Value0>
            <Value1>65536</Value1>
          </Entry>
        </Unknown>
        <Dialogs>
          <Dialog>高嶺</Dialog>
          <Dialog>Grazie, grazie.</Dialog>
        </Dialogs>
      </SDL2>
    </Entry>
    <Entry Unknown0="554591178" Unknown1="2314100536">
      <SDL2 Key="1303152406">
        <Unknown>
          <Entry>
            <Values>
              <Entry>
                <Value0>12253</Value0>
                <Value1>0</Value1>
              </Entry>
            </Values>
            <Value0>147456</Value0>
            <Value1>65536</Value1>
          </Entry>
        </Unknown>
        <Dialogs>
          <Dialog>高嶺</Dialog>
          <Dialog>Yay, a big catch！ A really
big catch！！</Dialog>
        </Dialogs>
      </SDL2>
    </Entry>
    <Entry Unknown0="3812788620" Unknown1="4232585580">
      <SDL2 Key="1303152406">
        <Unknown>
          <Entry>
            <Values>
              <Entry>
                <Value0>12255</Value0>
                <Value1>0</Value1>
              </Entry>
            </Values>
            <Value0>147456</Value0>
            <Value1>65536</Value1>
          </Entry>
        </Unknown>
        <Dialogs>
          <Dialog>高嶺</Dialog>
          <Dialog>I'm just like a rose！</Dialog>
        </Dialogs>
      </SDL2>
    </Entry>
    <Entry Unknown0="1067208640" Unknown1="487216582">
      <SDL2 Key="1303152406">
        <Unknown>
          <Entry>
            <Values>
              <Entry>
                <Value0>12257</Value0>
                <Value1>0</Value1>
              </Entry>
            </Values>
            <Value0>147456</Value0>
            <Value1>65536</Value1>
          </Entry>
        </Unknown>
        <Dialogs>
          <Dialog>高嶺</Dialog>
          <Dialog>Do you like fish eyeballs？</Dialog>
        </Dialogs>
      </SDL2>
    </Entry>
    <Entry Unknown0="2438894362" Unknown1="3728650120">
      <SDL2 Key="1303152406">
        <Unknown>
          <Entry>
            <Values>
              <Entry>
                <Value0>12259</Value0>
                <Value1>0</Value1>
              </Entry>
            </Values>
            <Value0>147456</Value0>
            <Value1>65536</Value1>
          </Entry>
        </Unknown>
        <Dialogs>
          <Dialog>高嶺</Dialog>
          <Dialog>What is this sourness？</Dialog>
        </Dialogs>
      </SDL2>
    </Entry>
    <Entry Unknown0="1402091996" Unknown1="160985532">
      <SDL2 Key="1303152406">
        <Unknown>
          <Entry>
            <Values>
              <Entry>
                <Value0>12261</Value0>
                <Value1>0</Value1>
              </Entry>
            </Values>
            <Value0>147456</Value0>
            <Value1>65536</Value1>
          </Entry>
        </Unknown>
        <Dialogs>
          <Dialog>高嶺</Dialog>
          <Dialog>Stop！ There's no brake！</Dialog>
        </Dialogs>
      </SDL2>
    </Entry>
    <Entry Unknown0="1877802768" Unknown1="2925176086">
      <SDL2 Key="2145107569">
        <Unknown>
          <Entry>
            <Values>
              <Entry>
                <Value0>12265</Value0>
                <Value1>0</Value1>
              </Entry>
              <Entry>
                <Value0>12264</Value0>
                <Value1>500</Value1>
              </Entry>
            </Values>
            <Value0>147456</Value0>
            <Value1>65536</Value1>
          </Entry>
        </Unknown>
        <Dialogs>
          <Dialog>高嶺</Dialog>
          <Dialog>What do I want to eat now？
...Yes. Potatoes！</Dialog>
        </Dialogs>
      </SDL2>
    </Entry>
    <Entry Unknown0="3249455978" Unknown1="1938751448">
      <SDL2 Key="2145107569">
        <Unknown>
          <Entry>
            <Values>
              <Entry>
                <Value0>12269</Value0>
                <Value1>0</Value1>
              </Entry>
              <Entry>
                <Value0>12268</Value0>
                <Value1>500</Value1>
              </Entry>
            </Values>
            <Value0>147456</Value0>
            <Value1>65536</Value1>
          </Entry>
        </Unknown>
        <Dialogs>
          <Dialog>高嶺</Dialog>
          <Dialog>Do you know that taurine is an
organic acid？</Dialog>
        </Dialogs>
      </SDL2>
    </Entry>
    <Entry Unknown0="2212653356" Unknown1="1189658892">
      <SDL2 Key="2145107569">
        <Unknown>
          <Entry>
            <Values>
              <Entry>
                <Value0>12273</Value0>
                <Value1>0</Value1>
              </Entry>
              <Entry>
                <Value0>12272</Value0>
                <Value1>500</Value1>
              </Entry>
            </Values>
            <Value0>147456</Value0>
            <Value1>65536</Value1>
          </Entry>
        </Unknown>
        <Dialogs>
          <Dialog>高嶺</Dialog>
          <Dialog>326 is yesterday's keyword.
How about today？ ...Yes,
320！</Dialog>
        </Dialogs>
      </SDL2>
    </Entry>
  </Entries>
</DBIN2>