<?xml version="1.0" encoding="utf-8"?>
<DBIN2 xmlns:xsi="http://www.w3.org/2001/XMLSchema-instance" xmlns:xsd="http://www.w3.org/2001/XMLSchema" Key="635792046" Unknown="30">
  <Entries>
    <Entry Unknown0="933147464" Unknown1="3283185128">
      <SDL2 Key="1878516409">
        <Unknown>
          <Entry>
            <Values>
              <Entry>
                <Value0>13342</Value0>
                <Value1>0</Value1>
              </Entry>
              <Entry>
                <Value0>13343</Value0>
                <Value1>500</Value1>
              </Entry>
            </Values>
            <Value0>147456</Value0>
            <Value1>65536</Value1>
          </Entry>
        </Unknown>
        <Dialogs>
          <Dialog>高嶺</Dialog>
          <Dialog>Good work. You did your 
best today.</Dialog>
        </Dialogs>
      </SDL2>
    </Entry>
    <Entry Unknown0="1128611452" Unknown1="1797693839">
      <SDL2 Key="1878516409">
        <Unknown>
          <Entry>
            <Values>
              <Entry>
                <Value0>13344</Value0>
                <Value1>0</Value1>
              </Entry>
            </Values>
            <Value0>147456</Value0>
            <Value1>65536</Value1>
          </Entry>
        </Unknown>
        <Dialogs>
          <Dialog>高嶺</Dialog>
          <Dialog>Fufu. I've come to play.</Dialog>
        </Dialogs>
      </SDL2>
    </Entry>
    <Entry Unknown0="3938060835" Unknown1="3579463684">
      <SDL2 Key="1878516409">
        <Unknown>
          <Entry>
            <Values>
              <Entry>
                <Value0>13345</Value0>
                <Value1>0</Value1>
              </Entry>
              <Entry>
                <Value0>13346</Value0>
                <Value1>500</Value1>
              </Entry>
            </Values>
            <Value0>147456</Value0>
            <Value1>65536</Value1>
          </Entry>
        </Unknown>
        <Dialogs>
          <Dialog>高嶺</Dialog>
          <Dialog>Yes, it's perfect! I'm in 
great shape.</Dialog>
        </Dialogs>
      </SDL2>
    </Entry>
    <Entry Unknown0="1743709080" Unknown1="402767160">
      <SDL2 Key="2671126821">
        <Unknown>
          <Entry>
            <Values>
              <Entry>
                <Value0>13347</Value0>
                <Value1>0</Value1>
              </Entry>
              <Entry>
                <Value0>13348</Value0>
                <Value1>500</Value1>
              </Entry>
            </Values>
            <Value0>147456</Value0>
            <Value1>65536</Value1>
          </Entry>
        </Unknown>
        <Dialogs>
          <Dialog>高嶺</Dialog>
          <Dialog>Yes, I'm doing it well as 
usual.</Dialog>
        </Dialogs>
      </SDL2>
    </Entry>
    <Entry Unknown0="3012914892" Unknown1="3061248479">
      <SDL2 Key="2671126821">
        <Unknown>
          <Entry>
            <Values>
              <Entry>
                <Value0>13349</Value0>
                <Value1>0</Value1>
              </Entry>
              <Entry>
                <Value0>13350</Value0>
                <Value1>500</Value1>
              </Entry>
            </Values>
            <Value0>147456</Value0>
            <Value1>65536</Value1>
          </Entry>
        </Unknown>
        <Dialogs>
          <Dialog>高嶺</Dialog>
          <Dialog>Just a little bit... Maybe 
I'm not feeling well. Just 
a little bit, right?</Dialog>
        </Dialogs>
      </SDL2>
    </Entry>
    <Entry Unknown0="1510652531" Unknown1="1001035860">
      <SDL2 Key="2671126821">
        <Unknown>
          <Entry>
            <Values>
              <Entry>
                <Value0>13351</Value0>
                <Value1>0</Value1>
              </Entry>
            </Values>
            <Value0>147456</Value0>
            <Value1>65536</Value1>
          </Entry>
        </Unknown>
        <Dialogs>
          <Dialog>高嶺</Dialog>
          <Dialog>I passed by, so I thought 
it was incidental.</Dialog>
        </Dialogs>
      </SDL2>
    </Entry>
    <Entry Unknown0="3611169768" Unknown1="1985023368">
      <SDL2 Key="2671126821">
        <Unknown>
          <Entry>
            <Values>
              <Entry>
                <Value0>13352</Value0>
                <Value1>0</Value1>
              </Entry>
            </Values>
            <Value0>147456</Value0>
            <Value1>65536</Value1>
          </Entry>
        </Unknown>
        <Dialogs>
          <Dialog>高嶺</Dialog>
          <Dialog>I'm your girlfriend, is it 
strange for me want to see 
you?</Dialog>
        </Dialogs>
      </SDL2>
    </Entry>
    <Entry Unknown0="3823476252" Unknown1="482820399">
      <SDL2 Key="2671126821">
        <Unknown>
          <Entry>
            <Values>
              <Entry>
                <Value0>13353</Value0>
                <Value1>0</Value1>
              </Entry>
              <Entry>
                <Value0>13354</Value0>
                <Value1>500</Value1>
              </Entry>
            </Values>
            <Value0>147456</Value0>
            <Value1>65536</Value1>
          </Entry>
        </Unknown>
        <Dialogs>
          <Dialog>高嶺</Dialog>
          <Dialog>There's no other reason, 
but... I wanted to see you.</Dialog>
        </Dialogs>
      </SDL2>
    </Entry>
    <Entry Unknown0="2321214147" Unknown1="1777920164">
      <SDL2 Key="2671126821">
        <Unknown>
          <Entry>
            <Values>
              <Entry>
                <Value0>13355</Value0>
                <Value1>0</Value1>
              </Entry>
              <Entry>
                <Value0>13356</Value0>
                <Value1>500</Value1>
              </Entry>
            </Values>
            <Value0>147456</Value0>
            <Value1>65536</Value1>
          </Entry>
        </Unknown>
        <Dialogs>
          <Dialog>高嶺</Dialog>
          <Dialog>You know... I really wanted 
to see you.</Dialog>
        </Dialogs>
      </SDL2>
    </Entry>
    <Entry Unknown0="126763832" Unknown1="2778881496">
      <SDL2 Key="2671126821">
        <Unknown>
          <Entry>
            <Values>
              <Entry>
                <Value0>13357</Value0>
                <Value1>0</Value1>
              </Entry>
            </Values>
            <Value0>147456</Value0>
            <Value1>65536</Value1>
          </Entry>
        </Unknown>
        <Dialogs>
          <Dialog>高嶺</Dialog>
          <Dialog>Fufu, I wanted to meet you.</Dialog>
        </Dialogs>
      </SDL2>
    </Entry>
    <Entry Unknown0="1396035180" Unknown1="1142329727">
      <SDL2 Key="2671126821">
        <Unknown>
          <Entry>
            <Values>
              <Entry>
                <Value0>13358</Value0>
                <Value1>0</Value1>
              </Entry>
              <Entry>
                <Value0>13359</Value0>
                <Value1>4667</Value1>
              </Entry>
            </Values>
            <Value0>147456</Value0>
            <Value1>65536</Value1>
          </Entry>
        </Unknown>
        <Dialogs>
          <Dialog>高嶺</Dialog>
          <Dialog>I'm always doing my best... 
I made this myself.</Dialog>
        </Dialogs>
      </SDL2>
    </Entry>
    <Entry Unknown0="4205451795" Unknown1="3494525172">
      <SDL2 Key="2671126821">
        <Unknown>
          <Entry>
            <Values>
              <Entry>
                <Value0>13360</Value0>
                <Value1>0</Value1>
              </Entry>
              <Entry>
                <Value0>13361</Value0>
                <Value1>500</Value1>
              </Entry>
              <Entry>
                <Value0>13362</Value0>
                <Value1>500</Value1>
              </Entry>
            </Values>
            <Value0>147456</Value0>
            <Value1>65536</Value1>
          </Entry>
        </Unknown>
        <Dialogs>
          <Dialog>高嶺</Dialog>
          <Dialog>You know, I made these 
refreshments. Have some, 
please.</Dialog>
        </Dialogs>
      </SDL2>
    </Entry>
    <Entry Unknown0="2011100040" Unknown1="603041064">
      <SDL2 Key="2671126821">
        <Unknown>
          <Entry>
            <Values>
              <Entry>
                <Value0>13363</Value0>
                <Value1>0</Value1>
              </Entry>
            </Values>
            <Value0>147456</Value0>
            <Value1>65536</Value1>
          </Entry>
        </Unknown>
        <Dialogs>
          <Dialog>高嶺</Dialog>
          <Dialog>It always seems to be 
difficult...Do you want to 
use this?</Dialog>
        </Dialogs>
      </SDL2>
    </Entry>
    <Entry Unknown0="2206564028" Unknown1="2187846095">
      <SDL2 Key="2671126821">
        <Unknown>
          <Entry>
            <Values>
              <Entry>
                <Value0>13364</Value0>
                <Value1>0</Value1>
              </Entry>
            </Values>
            <Value0>147456</Value0>
            <Value1>65536</Value1>
          </Entry>
        </Unknown>
        <Dialogs>
          <Dialog>高嶺</Dialog>
          <Dialog>Well then, I'll go back to 
practice.</Dialog>
        </Dialogs>
      </SDL2>
    </Entry>
    <Entry Unknown0="721046115" Unknown1="932743236">
      <SDL2 Key="3211157375">
        <Unknown>
          <Entry>
            <Values>
              <Entry>
                <Value0>13365</Value0>
                <Value1>0</Value1>
              </Entry>
              <Entry>
                <Value0>13366</Value0>
                <Value1>500</Value1>
              </Entry>
            </Values>
            <Value0>147456</Value0>
            <Value1>65536</Value1>
          </Entry>
        </Unknown>
        <Dialogs>
          <Dialog>高嶺</Dialog>
          <Dialog>I'm sorry to bother you, 
while you're practicing. 
See you later.</Dialog>
        </Dialogs>
      </SDL2>
    </Entry>
    <Entry Unknown0="2804818904" Unknown1="2067987832">
      <SDL2 Key="3211157375">
        <Unknown>
          <Entry>
            <Values>
              <Entry>
                <Value0>13367</Value0>
                <Value1>0</Value1>
              </Entry>
            </Values>
            <Value0>147456</Value0>
            <Value1>65536</Value1>
          </Entry>
        </Unknown>
        <Dialogs>
          <Dialog>高嶺</Dialog>
          <Dialog>Do your best in your 
practice. See you.</Dialog>
        </Dialogs>
      </SDL2>
    </Entry>
    <Entry Unknown0="4090867212" Unknown1="3551998239">
      <SDL2 Key="3211157375">
        <Unknown>
          <Entry>
            <Values>
              <Entry>
                <Value0>13368</Value0>
                <Value1>0</Value1>
              </Entry>
            </Values>
            <Value0>147456</Value0>
            <Value1>65536</Value1>
          </Entry>
        </Unknown>
        <Dialogs>
          <Dialog>高嶺</Dialog>
          <Dialog>I'll be going now. Do your 
best.</Dialog>
        </Dialogs>
      </SDL2>
    </Entry>
    <Entry Unknown0="2588605107" Unknown1="1189664916">
      <SDL2 Key="3211157375">
        <Unknown>
          <Entry>
            <Values>
              <Entry>
                <Value0>13369</Value0>
                <Value1>0</Value1>
              </Entry>
              <Entry>
                <Value0>13370</Value0>
                <Value1>500</Value1>
              </Entry>
            </Values>
            <Value0>147456</Value0>
            <Value1>65536</Value1>
          </Entry>
        </Unknown>
        <Dialogs>
          <Dialog>高嶺</Dialog>
          <Dialog>If I stay too long, I'll 
get on your way. I'm going 
now.</Dialog>
        </Dialogs>
      </SDL2>
    </Entry>
    <Entry Unknown0="394154792" Unknown1="2324843976">
      <SDL2 Key="3211157375">
        <Unknown>
          <Entry>
            <Values>
              <Entry>
                <Value0>13371</Value0>
                <Value1>0</Value1>
              </Entry>
              <Entry>
                <Value0>13372</Value0>
                <Value1>2000</Value1>
              </Entry>
            </Values>
            <Value0>147456</Value0>
            <Value1>65536</Value1>
          </Entry>
        </Unknown>
        <Dialogs>
          <Dialog>高嶺</Dialog>
          <Dialog>I'll be going now. I'm 
sorry to bother you.</Dialog>
        </Dialogs>
      </SDL2>
    </Entry>
    <Entry Unknown0="589684316" Unknown1="772178287">
      <SDL2 Key="3211157375">
        <Unknown>
          <Entry>
            <Values>
              <Entry>
                <Value0>13373</Value0>
                <Value1>0</Value1>
              </Entry>
              <Entry>
                <Value0>13374</Value0>
                <Value1>500</Value1>
              </Entry>
            </Values>
            <Value0>147456</Value0>
            <Value1>65536</Value1>
          </Entry>
        </Unknown>
        <Dialogs>
          <Dialog>高嶺</Dialog>
          <Dialog>What's wrong? Is there 
something special today?</Dialog>
        </Dialogs>
      </SDL2>
    </Entry>
    <Entry Unknown0="3399100931" Unknown1="3661244644">
      <SDL2 Key="3211157375">
        <Unknown>
          <Entry>
            <Values>
              <Entry>
                <Value0>13375</Value0>
                <Value1>0</Value1>
              </Entry>
              <Entry>
                <Value0>13376</Value0>
                <Value1>500</Value1>
              </Entry>
            </Values>
            <Value0>147456</Value0>
            <Value1>65536</Value1>
          </Entry>
        </Unknown>
        <Dialogs>
          <Dialog>高嶺</Dialog>
          <Dialog>As always, thank you. 
Somehow, it feels like I'm 
the one getting help.</Dialog>
        </Dialogs>
      </SDL2>
    </Entry>
    <Entry Unknown0="1204716408" Unknown1="2514591000">
      <SDL2 Key="3211157375">
        <Unknown>
          <Entry>
            <Values>
              <Entry>
                <Value0>13377</Value0>
                <Value1>0</Value1>
              </Entry>
              <Entry>
                <Value0>13378</Value0>
                <Value1>500</Value1>
              </Entry>
            </Values>
            <Value0>147456</Value0>
            <Value1>65536</Value1>
          </Entry>
        </Unknown>
        <Dialogs>
          <Dialog>高嶺</Dialog>
          <Dialog>No way... You don't have to 
worry about it. But, I'm 
grateful to you.</Dialog>
        </Dialogs>
      </SDL2>
    </Entry>
    <Entry Unknown0="2473922220" Unknown1="4099330495">
      <SDL2 Key="3211157375">
        <Unknown>
          <Entry>
            <Values>
              <Entry>
                <Value0>13379</Value0>
                <Value1>0</Value1>
              </Entry>
            </Values>
            <Value0>147456</Value0>
            <Value1>65536</Value1>
          </Entry>
        </Unknown>
        <Dialogs>
          <Dialog>高嶺</Dialog>
          <Dialog>Hey, can I open it?</Dialog>
        </Dialogs>
      </SDL2>
    </Entry>
    <Entry Unknown0="988437075" Unknown1="1619687476">
      <SDL2 Key="3211157375">
        <Unknown>
          <Entry>
            <Values>
              <Entry>
                <Value0>13380</Value0>
                <Value1>0</Value1>
              </Entry>
            </Values>
            <Value0>147456</Value0>
            <Value1>65536</Value1>
          </Entry>
        </Unknown>
        <Dialogs>
          <Dialog>高嶺</Dialog>
          <Dialog>Well then, I'll open it, 
okay?</Dialog>
        </Dialogs>
      </SDL2>
    </Entry>
    <Entry Unknown0="3072209864" Unknown1="993127784">
      <SDL2 Key="3211157375">
        <Unknown>
          <Entry>
            <Values>
              <Entry>
                <Value0>13381</Value0>
                <Value1>0</Value1>
              </Entry>
              <Entry>
                <Value0>13382</Value0>
                <Value1>500</Value1>
              </Entry>
            </Values>
            <Value0>147456</Value0>
            <Value1>65536</Value1>
          </Entry>
        </Unknown>
        <Dialogs>
          <Dialog>高嶺</Dialog>
          <Dialog>This... I really wanted 
this. How did you know? 
You're amazing!</Dialog>
        </Dialogs>
      </SDL2>
    </Entry>
    <Entry Unknown0="3284516604" Unknown1="2477138191">
      <SDL2 Key="3211157375">
        <Unknown>
          <Entry>
            <Values>
              <Entry>
                <Value0>13383</Value0>
                <Value1>0</Value1>
              </Entry>
              <Entry>
                <Value0>13384</Value0>
                <Value1>500</Value1>
              </Entry>
            </Values>
            <Value0>147456</Value0>
            <Value1>65536</Value1>
          </Entry>
        </Unknown>
        <Dialogs>
          <Dialog>高嶺</Dialog>
          <Dialog>Yes, it's wonderful 
somehow. Thank you.</Dialog>
        </Dialogs>
      </SDL2>
    </Entry>
    <Entry Unknown0="1782221475" Unknown1="635095172">
      <SDL2 Key="3211157375">
        <Unknown>
          <Entry>
            <Values>
              <Entry>
                <Value0>13385</Value0>
                <Value1>0</Value1>
              </Entry>
              <Entry>
                <Value0>13386</Value0>
                <Value1>500</Value1>
              </Entry>
            </Values>
            <Value0>147456</Value0>
            <Value1>65536</Value1>
          </Entry>
        </Unknown>
        <Dialogs>
          <Dialog>高嶺</Dialog>
          <Dialog>...Thank you. I'll use it 
somehow, okay?</Dialog>
        </Dialogs>
      </SDL2>
    </Entry>
    <Entry Unknown0="3882771224" Unknown1="293682616">
      <SDL2 Key="3211157375">
        <Unknown>
          <Entry>
            <Values>
              <Entry>
                <Value0>13387</Value0>
                <Value1>0</Value1>
              </Entry>
              <Entry>
                <Value0>13388</Value0>
                <Value1>8000</Value1>
              </Entry>
            </Values>
            <Value0>147456</Value0>
            <Value1>65536</Value1>
          </Entry>
        </Unknown>
        <Dialogs>
          <Dialog>高嶺</Dialog>
          <Dialog>This is a gratitude gift 
from me... Here you have it.</Dialog>
        </Dialogs>
      </SDL2>
    </Entry>
    <Entry Unknown0="857075276" Unknown1="3119935839">
      <SDL2 Key="2000208726">
        <Unknown>
          <Entry>
            <Values>
              <Entry>
                <Value0>13389</Value0>
                <Value1>0</Value1>
              </Entry>
              <Entry>
                <Value0>13390</Value0>
                <Value1>4000</Value1>
              </Entry>
            </Values>
            <Value0>147456</Value0>
            <Value1>65536</Value1>
          </Entry>
        </Unknown>
        <Dialogs>
          <Dialog>高嶺</Dialog>
          <Dialog>I also prepared something 
for you. I hope you like 
it...</Dialog>
        </Dialogs>
      </SDL2>
    </Entry>
    <Entry Unknown0="3666492147" Unknown1="589961428">
      <SDL2 Key="2000208726">
        <Unknown>
          <Entry>
            <Values>
              <Entry>
                <Value0>13391</Value0>
                <Value1>0</Value1>
              </Entry>
              <Entry>
                <Value0>13392</Value0>
                <Value1>500</Value1>
              </Entry>
            </Values>
            <Value0>147456</Value0>
            <Value1>65536</Value1>
          </Entry>
        </Unknown>
        <Dialogs>
          <Dialog>高嶺</Dialog>
          <Dialog>I'm glad... It's been a 
good anniversary.</Dialog>
        </Dialogs>
      </SDL2>
    </Entry>
  </Entries>
</DBIN2>