<?xml version="1.0" encoding="utf-8"?>
<DBIN2 xmlns:xsi="http://www.w3.org/2001/XMLSchema-instance" xmlns:xsd="http://www.w3.org/2001/XMLSchema" Key="4221429097" Unknown="24">
  <Entries>
    <Entry Unknown0="3632533447" Unknown1="2135343738">
      <SDL2 Key="996124513">
        <Unknown>
          <Entry>
            <Values>
              <Entry>
                <Value0>13666</Value0>
                <Value1>0</Value1>
              </Entry>
            </Values>
            <Value0>147456</Value0>
            <Value1>65536</Value1>
          </Entry>
          <Entry>
            <Values />
            <Value0>147458</Value0>
            <Value1>196608</Value1>
          </Entry>
          <Entry>
            <Values>
              <Entry>
                <Value0>13667</Value0>
                <Value1>0</Value1>
              </Entry>
              <Entry>
                <Value0>13668</Value0>
                <Value1>500</Value1>
              </Entry>
              <Entry>
                <Value0>13669</Value0>
                <Value1>2000</Value1>
              </Entry>
            </Values>
            <Value0>147456</Value0>
            <Value1>262144</Value1>
          </Entry>
          <Entry>
            <Values />
            <Value0>147458</Value0>
            <Value1>327680</Value1>
          </Entry>
          <Entry>
            <Values>
              <Entry>
                <Value0>13670</Value0>
                <Value1>0</Value1>
              </Entry>
              <Entry>
                <Value0>13671</Value0>
                <Value1>2000</Value1>
              </Entry>
            </Values>
            <Value0>147456</Value0>
            <Value1>393216</Value1>
          </Entry>
          <Entry>
            <Values />
            <Value0>147458</Value0>
            <Value1>458752</Value1>
          </Entry>
          <Entry>
            <Values>
              <Entry>
                <Value0>13672</Value0>
                <Value1>0</Value1>
              </Entry>
              <Entry>
                <Value0>13673</Value0>
                <Value1>500</Value1>
              </Entry>
              <Entry>
                <Value0>13674</Value0>
                <Value1>500</Value1>
              </Entry>
            </Values>
            <Value0>147456</Value0>
            <Value1>524288</Value1>
          </Entry>
          <Entry>
            <Values />
            <Value0>147458</Value0>
            <Value1>589824</Value1>
          </Entry>
        </Unknown>
        <Dialogs>
          <Dialog>高嶺</Dialog>
          <Dialog>Hey, there's a song called 
"Hato Poppo".</Dialog>
          <Dialog>○○○○○○○○</Dialog>
          <Dialog>Oh, I sang it when I was in 
kindergarten.</Dialog>
          <Dialog>That song... "If you want 
it", it's a little arrogant.
I feel like I'm looking 
down on you.</Dialog>
          <Dialog>... Do you look down on a 
pigeon?</Dialog>
          <Dialog>How would you feel if you 
were a pigeon? Try to feel 
like a pigeon.</Dialog>
          <Dialog>Feeling like a pigeon... 
Po... Popopo.</Dialog>
          <Dialog>Well then, it's just a cry. 
It's not like that anymore, 
just try to make yourself 
feel good.</Dialog>
          <Dialog>Pigeon feeling... I'll 
think about it.</Dialog>
        </Dialogs>
      </SDL2>
    </Entry>
    <Entry Unknown0="2134043238" Unknown1="749297960">
      <SDL2 Key="1427394963">
        <Unknown>
          <Entry>
            <Values />
            <Value0>147456</Value0>
            <Value1>65536</Value1>
          </Entry>
          <Entry>
            <Values>
              <Entry>
                <Value0>13675</Value0>
                <Value1>0</Value1>
              </Entry>
            </Values>
            <Value0>147458</Value0>
            <Value1>196608</Value1>
          </Entry>
          <Entry>
            <Values />
            <Value0>147456</Value0>
            <Value1>262144</Value1>
          </Entry>
          <Entry>
            <Values>
              <Entry>
                <Value0>13676</Value0>
                <Value1>0</Value1>
              </Entry>
            </Values>
            <Value0>147458</Value0>
            <Value1>327680</Value1>
          </Entry>
          <Entry>
            <Values />
            <Value0>147456</Value0>
            <Value1>393216</Value1>
          </Entry>
          <Entry>
            <Values>
              <Entry>
                <Value0>13677</Value0>
                <Value1>0</Value1>
              </Entry>
            </Values>
            <Value0>147458</Value0>
            <Value1>458752</Value1>
          </Entry>
          <Entry>
            <Values />
            <Value0>147456</Value0>
            <Value1>524288</Value1>
          </Entry>
          <Entry>
            <Values>
              <Entry>
                <Value0>13678</Value0>
                <Value1>0</Value1>
              </Entry>
            </Values>
            <Value0>147458</Value0>
            <Value1>589824</Value1>
          </Entry>
          <Entry>
            <Values />
            <Value0>147456</Value0>
            <Value1>655360</Value1>
          </Entry>
          <Entry>
            <Values>
              <Entry>
                <Value0>13679</Value0>
                <Value1>0</Value1>
              </Entry>
            </Values>
            <Value0>147458</Value0>
            <Value1>720896</Value1>
          </Entry>
        </Unknown>
        <Dialogs>
          <Dialog>○○○○○○○○</Dialog>
          <Dialog>It's about our talk of the 
pigeon from last time.</Dialog>
          <Dialog>高嶺</Dialog>
          <Dialog>Yeah, did you think about 
it?</Dialog>
          <Dialog>I think it's a problem for 
pigeons, too. They say "I'm 
going to do it", and they 
eat.</Dialog>
          <Dialog>You mean pigeons are bad?</Dialog>
          <Dialog>I wonder if pigeons need to 
change their mindset.</Dialog>
          <Dialog>What is a change of 
consciousness of pigeons?</Dialog>
          <Dialog>If you say from above, you 
have to eat beans. That 
kind of resolute attitude...</Dialog>
          <Dialog>But I think if I have 
something I like in front 
of me, I will eat it as my 
instict.</Dialog>
          <Dialog>If you have something you 
like in front of you...</Dialog>
          <Dialog>What's wrong? So suddenly...</Dialog>
        </Dialogs>
      </SDL2>
    </Entry>
    <Entry Unknown0="227870996" Unknown1="2454196107">
      <SDL2 Key="898729981">
        <Unknown>
          <Entry>
            <Values>
              <Entry>
                <Value0>13680</Value0>
                <Value1>0</Value1>
              </Entry>
            </Values>
            <Value0>147456</Value0>
            <Value1>65536</Value1>
          </Entry>
          <Entry>
            <Values />
            <Value0>147458</Value0>
            <Value1>196608</Value1>
          </Entry>
          <Entry>
            <Values>
              <Entry>
                <Value0>13681</Value0>
                <Value1>0</Value1>
              </Entry>
            </Values>
            <Value0>147456</Value0>
            <Value1>262144</Value1>
          </Entry>
          <Entry>
            <Values />
            <Value0>147458</Value0>
            <Value1>327680</Value1>
          </Entry>
          <Entry>
            <Values>
              <Entry>
                <Value0>13682</Value0>
                <Value1>0</Value1>
              </Entry>
              <Entry>
                <Value0>13683</Value0>
                <Value1>500</Value1>
              </Entry>
            </Values>
            <Value0>147456</Value0>
            <Value1>393216</Value1>
          </Entry>
          <Entry>
            <Values />
            <Value0>147458</Value0>
            <Value1>458752</Value1>
          </Entry>
          <Entry>
            <Values>
              <Entry>
                <Value0>13684</Value0>
                <Value1>0</Value1>
              </Entry>
            </Values>
            <Value0>147456</Value0>
            <Value1>524288</Value1>
          </Entry>
          <Entry>
            <Values />
            <Value0>147458</Value0>
            <Value1>589824</Value1>
          </Entry>
          <Entry>
            <Values>
              <Entry>
                <Value0>13685</Value0>
                <Value1>0</Value1>
              </Entry>
            </Values>
            <Value0>147456</Value0>
            <Value1>655360</Value1>
          </Entry>
          <Entry>
            <Values />
            <Value0>147458</Value0>
            <Value1>720896</Value1>
          </Entry>
          <Entry>
            <Values>
              <Entry>
                <Value0>13686</Value0>
                <Value1>0</Value1>
              </Entry>
            </Values>
            <Value0>147456</Value0>
            <Value1>786432</Value1>
          </Entry>
        </Unknown>
        <Dialogs>
          <Dialog>高嶺</Dialog>
          <Dialog>I thought about it, but the 
song "Hato Poppo"...</Dialog>
          <Dialog>○○○○○○○○</Dialog>
          <Dialog>Oh, did you come up with a 
way to make pigeons change 
their minds?</Dialog>
          <Dialog>Why not change the lyrics 
instead?</Dialog>
          <Dialog>Huh, who's that?</Dialog>
          <Dialog>How are you? If you want 
beans, I'll give you♪</Dialog>
          <Dialog>... Hey, I think it's a 
little bad.</Dialog>
          <Dialog>As for the view of the 
world and the composition...
What do you think?</Dialog>
          <Dialog>That's right. It may be 
good to change "I'll give 
you" to "Can you eat with 
me?"...</Dialog>
          <Dialog>Are you going to eat with 
the pigeon?</Dialog>
          <Dialog>Yes, yes. Not only pigeons, 
but also human beings 
change their consciousness.</Dialog>
          <Dialog>Fufu, we too?</Dialog>
        </Dialogs>
      </SDL2>
    </Entry>
    <Entry Unknown0="1748287351" Unknown1="754348586">
      <SDL2 Key="764555583">
        <Unknown>
          <Entry>
            <Values>
              <Entry>
                <Value0>13687</Value0>
                <Value1>0</Value1>
              </Entry>
            </Values>
            <Value0>147456</Value0>
            <Value1>65536</Value1>
          </Entry>
          <Entry>
            <Values />
            <Value0>147458</Value0>
            <Value1>196608</Value1>
          </Entry>
          <Entry>
            <Values>
              <Entry>
                <Value0>13688</Value0>
                <Value1>0</Value1>
              </Entry>
            </Values>
            <Value0>147456</Value0>
            <Value1>262144</Value1>
          </Entry>
          <Entry>
            <Values />
            <Value0>147458</Value0>
            <Value1>327680</Value1>
          </Entry>
          <Entry>
            <Values>
              <Entry>
                <Value0>13689</Value0>
                <Value1>0</Value1>
              </Entry>
              <Entry>
                <Value0>13690</Value0>
                <Value1>500</Value1>
              </Entry>
            </Values>
            <Value0>147456</Value0>
            <Value1>393216</Value1>
          </Entry>
          <Entry>
            <Values />
            <Value0>147458</Value0>
            <Value1>458752</Value1>
          </Entry>
          <Entry>
            <Values>
              <Entry>
                <Value0>13691</Value0>
                <Value1>0</Value1>
              </Entry>
              <Entry>
                <Value0>13692</Value0>
                <Value1>500</Value1>
              </Entry>
            </Values>
            <Value0>147456</Value0>
            <Value1>524288</Value1>
          </Entry>
          <Entry>
            <Values />
            <Value0>147458</Value0>
            <Value1>589824</Value1>
          </Entry>
          <Entry>
            <Values>
              <Entry>
                <Value0>13693</Value0>
                <Value1>0</Value1>
              </Entry>
            </Values>
            <Value0>147456</Value0>
            <Value1>655360</Value1>
          </Entry>
          <Entry>
            <Values />
            <Value0>147458</Value0>
            <Value1>720896</Value1>
          </Entry>
          <Entry>
            <Values>
              <Entry>
                <Value0>13694</Value0>
                <Value1>0</Value1>
              </Entry>
            </Values>
            <Value0>147456</Value0>
            <Value1>786432</Value1>
          </Entry>
        </Unknown>
        <Dialogs>
          <Dialog>高嶺</Dialog>
          <Dialog>I thought about it... The 
song "Hato Poppo".</Dialog>
          <Dialog>○○○○○○○○</Dialog>
          <Dialog>I was still thinking.</Dialog>
          <Dialog>I don't think it's because 
I've called pigeon-san away.</Dialog>
          <Dialog>"Pigeon-san"?</Dialog>
          <Dialog>Right. So I was thinking 
about new lyrics...</Dialog>
          <Dialog>Well, I thought the other 
day, but I can't change old 
masterpieces without 
permission.</Dialog>
          <Dialog>But, the feelings of a 
pigeon... Speaking of 
which, what do you think 
about it?</Dialog>
          <Dialog>For that... I'm going to 
ask the pigeon directly.</Dialog>
          <Dialog>Can you listen to them?</Dialog>
          <Dialog>I'll listen when I go to 
the park on a date. If 
there was a pigeon there...</Dialog>
          <Dialog>Fufu, really?</Dialog>
        </Dialogs>
      </SDL2>
    </Entry>
    <Entry Unknown0="266476054" Unknown1="3612938712">
      <SDL2 Key="3579094262">
        <Unknown>
          <Entry>
            <Values>
              <Entry>
                <Value0>13695</Value0>
                <Value1>0</Value1>
              </Entry>
            </Values>
            <Value0>147456</Value0>
            <Value1>65536</Value1>
          </Entry>
          <Entry>
            <Values />
            <Value0>147458</Value0>
            <Value1>196608</Value1>
          </Entry>
          <Entry>
            <Values>
              <Entry>
                <Value0>13696</Value0>
                <Value1>0</Value1>
              </Entry>
            </Values>
            <Value0>147456</Value0>
            <Value1>262144</Value1>
          </Entry>
          <Entry>
            <Values />
            <Value0>147458</Value0>
            <Value1>327680</Value1>
          </Entry>
          <Entry>
            <Values>
              <Entry>
                <Value0>13697</Value0>
                <Value1>0</Value1>
              </Entry>
            </Values>
            <Value0>147456</Value0>
            <Value1>393216</Value1>
          </Entry>
          <Entry>
            <Values />
            <Value0>147458</Value0>
            <Value1>458752</Value1>
          </Entry>
          <Entry>
            <Values>
              <Entry>
                <Value0>13698</Value0>
                <Value1>0</Value1>
              </Entry>
              <Entry>
                <Value0>13699</Value0>
                <Value1>500</Value1>
              </Entry>
            </Values>
            <Value0>147456</Value0>
            <Value1>524288</Value1>
          </Entry>
          <Entry>
            <Values />
            <Value0>147458</Value0>
            <Value1>589824</Value1>
          </Entry>
          <Entry>
            <Values>
              <Entry>
                <Value0>13700</Value0>
                <Value1>0</Value1>
              </Entry>
              <Entry>
                <Value0>13701</Value0>
                <Value1>500</Value1>
              </Entry>
              <Entry>
                <Value0>13702</Value0>
                <Value1>1333</Value1>
              </Entry>
            </Values>
            <Value0>147456</Value0>
            <Value1>655360</Value1>
          </Entry>
          <Entry>
            <Values />
            <Value0>147458</Value0>
            <Value1>720896</Value1>
          </Entry>
          <Entry>
            <Values>
              <Entry>
                <Value0>13703</Value0>
                <Value1>0</Value1>
              </Entry>
            </Values>
            <Value0>147456</Value0>
            <Value1>786432</Value1>
          </Entry>
        </Unknown>
        <Dialogs>
          <Dialog>高嶺</Dialog>
          <Dialog>... Hey, what do you do 
when you can't sleep at 
night?</Dialog>
          <Dialog>○○○○○○○○</Dialog>
          <Dialog>I think about ▲高嶺＊＊▲.</Dialog>
          <Dialog>Take it seriously!</Dialog>
          <Dialog>I'm serious, really. I 
think about ▲高嶺＊＊▲, and go 
to bed.</Dialog>
          <Dialog>My... Can you sleep when 
you think about me?</Dialog>
          <Dialog>Don't sleep. I don't know 
what to say, but I'm so 
happy and mentally calm.</Dialog>
          <Dialog>I'm not sure, but if you 
think about me, you can 
sleep... Does it work for 
Ako-chan?</Dialog>
          <Dialog>Ako-chan?</Dialog>
          <Dialog>My cousing. She consulted 
me about her lack of 
sleep... I... I'll say that 
she must think of me.</Dialog>
          <Dialog>Wait, wait a second.</Dialog>
          <Dialog>Why?</Dialog>
        </Dialogs>
      </SDL2>
    </Entry>
    <Entry Unknown0="3712334276" Unknown1="1274593083">
      <SDL2 Key="4153662289">
        <Unknown>
          <Entry>
            <Values>
              <Entry>
                <Value0>13704</Value0>
                <Value1>0</Value1>
              </Entry>
            </Values>
            <Value0>147456</Value0>
            <Value1>65536</Value1>
          </Entry>
          <Entry>
            <Values />
            <Value0>147458</Value0>
            <Value1>196608</Value1>
          </Entry>
          <Entry>
            <Values>
              <Entry>
                <Value0>13705</Value0>
                <Value1>0</Value1>
              </Entry>
              <Entry>
                <Value0>13706</Value0>
                <Value1>500</Value1>
              </Entry>
            </Values>
            <Value0>147456</Value0>
            <Value1>262144</Value1>
          </Entry>
          <Entry>
            <Values />
            <Value0>147458</Value0>
            <Value1>327680</Value1>
          </Entry>
          <Entry>
            <Values>
              <Entry>
                <Value0>13707</Value0>
                <Value1>0</Value1>
              </Entry>
            </Values>
            <Value0>147456</Value0>
            <Value1>393216</Value1>
          </Entry>
          <Entry>
            <Values />
            <Value0>147458</Value0>
            <Value1>458752</Value1>
          </Entry>
          <Entry>
            <Values>
              <Entry>
                <Value0>13708</Value0>
                <Value1>0</Value1>
              </Entry>
              <Entry>
                <Value0>13709</Value0>
                <Value1>500</Value1>
              </Entry>
            </Values>
            <Value0>147456</Value0>
            <Value1>524288</Value1>
          </Entry>
          <Entry>
            <Values />
            <Value0>147458</Value0>
            <Value1>589824</Value1>
          </Entry>
          <Entry>
            <Values>
              <Entry>
                <Value0>13710</Value0>
                <Value1>0</Value1>
              </Entry>
              <Entry>
                <Value0>13711</Value0>
                <Value1>500</Value1>
              </Entry>
            </Values>
            <Value0>147456</Value0>
            <Value1>655360</Value1>
          </Entry>
          <Entry>
            <Values />
            <Value0>147458</Value0>
            <Value1>720896</Value1>
          </Entry>
          <Entry>
            <Values>
              <Entry>
                <Value0>13712</Value0>
                <Value1>0</Value1>
              </Entry>
            </Values>
            <Value0>147456</Value0>
            <Value1>786432</Value1>
          </Entry>
        </Unknown>
        <Dialogs>
          <Dialog>高嶺</Dialog>
          <Dialog>Ako-chan, she can't sleep 
well yet...</Dialog>
          <Dialog>○○○○○○○○</Dialog>
          <Dialog>Is that your cousin?</Dialog>
          <Dialog>Right. We live a bit apart 
but we're the same age.</Dialog>
          <Dialog>Huh, I'm sure your cousin 
▲高嶺＊＊▲ is a beautiful woman.</Dialog>
          <Dialog>She's much more beautiful 
than me.</Dialog>
          <Dialog>That's not true.</Dialog>
          <Dialog>... You've never met 
Ako-chan? I don't think you 
know her face or style.</Dialog>
          <Dialog>▲高嶺＊＊▲, there's no way 
she's more beautiful than 
you.</Dialog>
          <Dialog>... Yes, there are. People 
more beautiful than me... 
There are many.</Dialog>
          <Dialog>Not here. At least not in 
my world.</Dialog>
          <Dialog>... A strange world.</Dialog>
        </Dialogs>
      </SDL2>
    </Entry>
    <Entry Unknown0="954527527" Unknown1="3550880474">
      <SDL2 Key="935531195">
        <Unknown>
          <Entry>
            <Values>
              <Entry>
                <Value0>13713</Value0>
                <Value1>0</Value1>
              </Entry>
            </Values>
            <Value0>147456</Value0>
            <Value1>65536</Value1>
          </Entry>
          <Entry>
            <Values />
            <Value0>147458</Value0>
            <Value1>196608</Value1>
          </Entry>
          <Entry>
            <Values>
              <Entry>
                <Value0>13714</Value0>
                <Value1>0</Value1>
              </Entry>
              <Entry>
                <Value0>13715</Value0>
                <Value1>500</Value1>
              </Entry>
            </Values>
            <Value0>147456</Value0>
            <Value1>262144</Value1>
          </Entry>
          <Entry>
            <Values />
            <Value0>147458</Value0>
            <Value1>327680</Value1>
          </Entry>
          <Entry>
            <Values>
              <Entry>
                <Value0>13716</Value0>
                <Value1>0</Value1>
              </Entry>
            </Values>
            <Value0>147456</Value0>
            <Value1>393216</Value1>
          </Entry>
          <Entry>
            <Values />
            <Value0>147458</Value0>
            <Value1>458752</Value1>
          </Entry>
          <Entry>
            <Values>
              <Entry>
                <Value0>13717</Value0>
                <Value1>0</Value1>
              </Entry>
            </Values>
            <Value0>147456</Value0>
            <Value1>524288</Value1>
          </Entry>
          <Entry>
            <Values />
            <Value0>147458</Value0>
            <Value1>589824</Value1>
          </Entry>
          <Entry>
            <Values>
              <Entry>
                <Value0>13718</Value0>
                <Value1>0</Value1>
              </Entry>
            </Values>
            <Value0>147456</Value0>
            <Value1>655360</Value1>
          </Entry>
          <Entry>
            <Values />
            <Value0>147458</Value0>
            <Value1>720896</Value1>
          </Entry>
          <Entry>
            <Values>
              <Entry>
                <Value0>13719</Value0>
                <Value1>0</Value1>
              </Entry>
            </Values>
            <Value0>147456</Value0>
            <Value1>786432</Value1>
          </Entry>
        </Unknown>
        <Dialogs>
          <Dialog>高嶺</Dialog>
          <Dialog>Ako-chan asked my again...</Dialog>
          <Dialog>○○○○○○○○</Dialog>
          <Dialog>You cousin with insomnia?</Dialog>
          <Dialog>It's not insomnia, it's 
just that she can't sleep 
easily... Is there a good 
solution?</Dialog>
          <Dialog>Why doesn't she go to the 
batting center before going 
to bed and use a lot of 
physical strength?</Dialog>
          <Dialog>She's a girls, so that kind 
of thing...</Dialog>
          <Dialog>For example counting up to 
50,000 sheep.</Dialog>
          <Dialog>It seems she counted sheep 
many times...</Dialog>
          <Dialog>It's like relaxing your 
body and mind, as if there 
weren't any food.</Dialog>
          <Dialog>But eating something before 
going to bed is not good 
for you.</Dialog>
          <Dialog>It's just a light meal... 
I don't know what to do.</Dialog>
          <Dialog>Hmm...</Dialog>
        </Dialogs>
      </SDL2>
    </Entry>
    <Entry Unknown0="3750906566" Unknown1="2148123016">
      <SDL2 Key="935531195">
        <Unknown>
          <Entry>
            <Values>
              <Entry>
                <Value0>13720</Value0>
                <Value1>0</Value1>
              </Entry>
            </Values>
            <Value0>147456</Value0>
            <Value1>65536</Value1>
          </Entry>
          <Entry>
            <Values />
            <Value0>147458</Value0>
            <Value1>196608</Value1>
          </Entry>
          <Entry>
            <Values>
              <Entry>
                <Value0>13721</Value0>
                <Value1>0</Value1>
              </Entry>
            </Values>
            <Value0>147456</Value0>
            <Value1>262144</Value1>
          </Entry>
          <Entry>
            <Values />
            <Value0>147458</Value0>
            <Value1>327680</Value1>
          </Entry>
          <Entry>
            <Values>
              <Entry>
                <Value0>13722</Value0>
                <Value1>0</Value1>
              </Entry>
              <Entry>
                <Value0>13723</Value0>
                <Value1>500</Value1>
              </Entry>
            </Values>
            <Value0>147456</Value0>
            <Value1>393216</Value1>
          </Entry>
          <Entry>
            <Values />
            <Value0>147458</Value0>
            <Value1>458752</Value1>
          </Entry>
          <Entry>
            <Values>
              <Entry>
                <Value0>13724</Value0>
                <Value1>0</Value1>
              </Entry>
              <Entry>
                <Value0>13725</Value0>
                <Value1>1333</Value1>
              </Entry>
            </Values>
            <Value0>147456</Value0>
            <Value1>524288</Value1>
          </Entry>
          <Entry>
            <Values />
            <Value0>147458</Value0>
            <Value1>589824</Value1>
          </Entry>
          <Entry>
            <Values>
              <Entry>
                <Value0>13726</Value0>
                <Value1>0</Value1>
              </Entry>
              <Entry>
                <Value0>13727</Value0>
                <Value1>500</Value1>
              </Entry>
            </Values>
            <Value0>147456</Value0>
            <Value1>655360</Value1>
          </Entry>
          <Entry>
            <Values />
            <Value0>147458</Value0>
            <Value1>720896</Value1>
          </Entry>
          <Entry>
            <Values>
              <Entry>
                <Value0>13728</Value0>
                <Value1>0</Value1>
              </Entry>
              <Entry>
                <Value0>13729</Value0>
                <Value1>2000</Value1>
              </Entry>
            </Values>
            <Value0>147456</Value0>
            <Value1>786432</Value1>
          </Entry>
        </Unknown>
        <Dialogs>
          <Dialog>高嶺</Dialog>
          <Dialog>Ako-chan said she could 
sleep with a lettuce.</Dialog>
          <Dialog>○○○○○○○○</Dialog>
          <Dialog>Oh, I'm glad... What, 
lettuce? You can sleep if 
you eat lettuce, or did 
▲高嶺＊＊▲ created it?</Dialog>
          <Dialog>Not me, it reminds me about 
the British rabbit picture 
book, and yes, lettuce.</Dialog>
          <Dialog>... I don't really 
understand the story.</Dialog>
          <Dialog>In the picture book, the 
rabbits always sleep when 
they eat lettuce. I 
remembered that.</Dialog>
          <Dialog>... Was Ako-chan a rabbit?</Dialog>
          <Dialog>Fufu, she's human. But 
maybe I look like a little 
rabbit. When I tried to eat 
it, I became sleepy...</Dialog>
          <Dialog>Really? I wonder if it 
would work for me, but 
there are times when I 
can't sleep after 5 minutes.</Dialog>
          <Dialog>It's a good enough time. 
And, you're not a little 
rabbit... A capybara, 
maybe?</Dialog>
          <Dialog>Me? A capybara? Why such a 
maniac animal... Do I look 
like that?</Dialog>
          <Dialog>Ufufu, what's with your 
face right now? Thank you 
for taking the hint.</Dialog>
        </Dialogs>
      </SDL2>
    </Entry>
    <Entry Unknown0="1844832628" Unknown1="3836243947">
      <SDL2 Key="533052397">
        <Unknown>
          <Entry>
            <Values>
              <Entry>
                <Value0>13730</Value0>
                <Value1>0</Value1>
              </Entry>
            </Values>
            <Value0>147456</Value0>
            <Value1>65536</Value1>
          </Entry>
          <Entry>
            <Values />
            <Value0>147458</Value0>
            <Value1>196608</Value1>
          </Entry>
          <Entry>
            <Values>
              <Entry>
                <Value0>13731</Value0>
                <Value1>0</Value1>
              </Entry>
            </Values>
            <Value0>147456</Value0>
            <Value1>262144</Value1>
          </Entry>
          <Entry>
            <Values />
            <Value0>147458</Value0>
            <Value1>327680</Value1>
          </Entry>
          <Entry>
            <Values>
              <Entry>
                <Value0>13732</Value0>
                <Value1>0</Value1>
              </Entry>
            </Values>
            <Value0>147456</Value0>
            <Value1>393216</Value1>
          </Entry>
          <Entry>
            <Values />
            <Value0>147458</Value0>
            <Value1>458752</Value1>
          </Entry>
          <Entry>
            <Values>
              <Entry>
                <Value0>13733</Value0>
                <Value1>0</Value1>
              </Entry>
              <Entry>
                <Value0>13734</Value0>
                <Value1>500</Value1>
              </Entry>
            </Values>
            <Value0>147456</Value0>
            <Value1>524288</Value1>
          </Entry>
          <Entry>
            <Values />
            <Value0>147458</Value0>
            <Value1>589824</Value1>
          </Entry>
        </Unknown>
        <Dialogs>
          <Dialog>高嶺</Dialog>
          <Dialog>Hey, what would you like if 
you had an animal?</Dialog>
          <Dialog>○○○○○○○○</Dialog>
          <Dialog>I can't keep pets in my 
room...</Dialog>
          <Dialog>Then, what if you could 
keep one?</Dialog>
          <Dialog>...Honestly, it would be a 
goldfish or a turtle. They 
don't take up much space 
and are easy to take care.</Dialog>
          <Dialog>For turtles, rabbits are 
better.</Dialog>
          <Dialog>"Rabbit and turtle". It 
doesn't sound good.</Dialog>
          <Dialog>Then a rabbit! If you want 
to keep one, rabbits are 
the right choice, right?</Dialog>
          <Dialog>You're talking about "ifs", 
are you?</Dialog>
        </Dialogs>
      </SDL2>
    </Entry>
    <Entry Unknown0="3365150679" Unknown1="2589381258">
      <SDL2 Key="533052397">
        <Unknown>
          <Entry>
            <Values>
              <Entry>
                <Value0>13735</Value0>
                <Value1>0</Value1>
              </Entry>
            </Values>
            <Value0>147456</Value0>
            <Value1>65536</Value1>
          </Entry>
          <Entry>
            <Values />
            <Value0>147458</Value0>
            <Value1>196608</Value1>
          </Entry>
          <Entry>
            <Values>
              <Entry>
                <Value0>13736</Value0>
                <Value1>0</Value1>
              </Entry>
            </Values>
            <Value0>147456</Value0>
            <Value1>262144</Value1>
          </Entry>
          <Entry>
            <Values />
            <Value0>147458</Value0>
            <Value1>327680</Value1>
          </Entry>
          <Entry>
            <Values>
              <Entry>
                <Value0>13737</Value0>
                <Value1>0</Value1>
              </Entry>
            </Values>
            <Value0>147456</Value0>
            <Value1>393216</Value1>
          </Entry>
          <Entry>
            <Values />
            <Value0>147458</Value0>
            <Value1>458752</Value1>
          </Entry>
          <Entry>
            <Values>
              <Entry>
                <Value0>13738</Value0>
                <Value1>0</Value1>
              </Entry>
            </Values>
            <Value0>147456</Value0>
            <Value1>524288</Value1>
          </Entry>
          <Entry>
            <Values />
            <Value0>147458</Value0>
            <Value1>589824</Value1>
          </Entry>
          <Entry>
            <Values>
              <Entry>
                <Value0>13739</Value0>
                <Value1>0</Value1>
              </Entry>
            </Values>
            <Value0>147456</Value0>
            <Value1>655360</Value1>
          </Entry>
          <Entry>
            <Values />
            <Value0>147458</Value0>
            <Value1>720896</Value1>
          </Entry>
          <Entry>
            <Values>
              <Entry>
                <Value0>13740</Value0>
                <Value1>0</Value1>
              </Entry>
            </Values>
            <Value0>147456</Value0>
            <Value1>786432</Value1>
          </Entry>
          <Entry>
            <Values />
            <Value0>147458</Value0>
            <Value1>851968</Value1>
          </Entry>
        </Unknown>
        <Dialogs>
          <Dialog>高嶺</Dialog>
          <Dialog>Hey, if you could keep a 
rabbit, what kind of breed 
would you like?</Dialog>
          <Dialog>○○○○○○○○</Dialog>
          <Dialog>Breed... Are there so many 
kinds of rabbits?</Dialog>
          <Dialog>The Netherlands Dwarf, 
Lopyear, Angola...</Dialog>
          <Dialog>...The normal one it's 
fine. The white one that 
appears in fairy tales.</Dialog>
          <Dialog>Japanese White.</Dialog>
          <Dialog>That's fine, white rabbits 
are cute.</Dialog>
          <Dialog>Say it again.</Dialog>
          <Dialog>It's okay. Why?</Dialog>
          <Dialog>Not that one, the other one.</Dialog>
          <Dialog>"White rabbits are cute".</Dialog>
          <Dialog>Fufu♪ Right?</Dialog>
          <Dialog>?</Dialog>
        </Dialogs>
      </SDL2>
    </Entry>
    <Entry Unknown0="1866660470" Unknown1="733573432">
      <SDL2 Key="3347463860">
        <Unknown>
          <Entry>
            <Values>
              <Entry>
                <Value0>13741</Value0>
                <Value1>0</Value1>
              </Entry>
            </Values>
            <Value0>147456</Value0>
            <Value1>65536</Value1>
          </Entry>
          <Entry>
            <Values />
            <Value0>147458</Value0>
            <Value1>196608</Value1>
          </Entry>
          <Entry>
            <Values>
              <Entry>
                <Value0>13742</Value0>
                <Value1>0</Value1>
              </Entry>
              <Entry>
                <Value0>13743</Value0>
                <Value1>500</Value1>
              </Entry>
            </Values>
            <Value0>147456</Value0>
            <Value1>262144</Value1>
          </Entry>
          <Entry>
            <Values />
            <Value0>147458</Value0>
            <Value1>327680</Value1>
          </Entry>
          <Entry>
            <Values>
              <Entry>
                <Value0>13744</Value0>
                <Value1>0</Value1>
              </Entry>
            </Values>
            <Value0>147456</Value0>
            <Value1>393216</Value1>
          </Entry>
          <Entry>
            <Values />
            <Value0>147458</Value0>
            <Value1>458752</Value1>
          </Entry>
          <Entry>
            <Values>
              <Entry>
                <Value0>13745</Value0>
                <Value1>0</Value1>
              </Entry>
            </Values>
            <Value0>147456</Value0>
            <Value1>524288</Value1>
          </Entry>
          <Entry>
            <Values />
            <Value0>147458</Value0>
            <Value1>589824</Value1>
          </Entry>
          <Entry>
            <Values>
              <Entry>
                <Value0>13746</Value0>
                <Value1>0</Value1>
              </Entry>
            </Values>
            <Value0>147456</Value0>
            <Value1>655360</Value1>
          </Entry>
          <Entry>
            <Values />
            <Value0>147458</Value0>
            <Value1>720896</Value1>
          </Entry>
          <Entry>
            <Values>
              <Entry>
                <Value0>13747</Value0>
                <Value1>0</Value1>
              </Entry>
            </Values>
            <Value0>147456</Value0>
            <Value1>786432</Value1>
          </Entry>
        </Unknown>
        <Dialogs>
          <Dialog>高嶺</Dialog>
          <Dialog>Hey, if you keep a rabbit...</Dialog>
          <Dialog>○○○○○○○○</Dialog>
          <Dialog>The topic comes ofter, but 
I can't really keep one.</Dialog>
          <Dialog>Someday you will keep one. 
It doesn't have to be 
immediately.</Dialog>
          <Dialog>Someday...</Dialog>
          <Dialog>You don't like it?</Dialog>
          <Dialog>It's not that I don't like 
it, but the room must be 
larger.</Dialog>
          <Dialog>It's all right.</Dialog>
          <Dialog>I'm not there during the 
day, so I don't mind that 
kind of thing.</Dialog>
          <Dialog>It's okay, I'll be waiting 
for you to come back.</Dialog>
          <Dialog>You're very confident.</Dialog>
          <Dialog>I'm a rabbit, so it's okay.</Dialog>
        </Dialogs>
      </SDL2>
    </Entry>
    <Entry Unknown0="1034230052" Unknown1="3076005787">
      <SDL2 Key="3922093358">
        <Unknown>
          <Entry>
            <Values />
            <Value0>147456</Value0>
            <Value1>65536</Value1>
          </Entry>
          <Entry>
            <Values>
              <Entry>
                <Value0>13748</Value0>
                <Value1>0</Value1>
              </Entry>
            </Values>
            <Value0>147458</Value0>
            <Value1>196608</Value1>
          </Entry>
          <Entry>
            <Values />
            <Value0>147456</Value0>
            <Value1>262144</Value1>
          </Entry>
          <Entry>
            <Values>
              <Entry>
                <Value0>13749</Value0>
                <Value1>0</Value1>
              </Entry>
              <Entry>
                <Value0>13750</Value0>
                <Value1>500</Value1>
              </Entry>
            </Values>
            <Value0>147458</Value0>
            <Value1>327680</Value1>
          </Entry>
          <Entry>
            <Values />
            <Value0>147456</Value0>
            <Value1>393216</Value1>
          </Entry>
          <Entry>
            <Values>
              <Entry>
                <Value0>13751</Value0>
                <Value1>0</Value1>
              </Entry>
            </Values>
            <Value0>147458</Value0>
            <Value1>458752</Value1>
          </Entry>
          <Entry>
            <Values />
            <Value0>147456</Value0>
            <Value1>524288</Value1>
          </Entry>
          <Entry>
            <Values>
              <Entry>
                <Value0>13752</Value0>
                <Value1>0</Value1>
              </Entry>
            </Values>
            <Value0>147458</Value0>
            <Value1>589824</Value1>
          </Entry>
          <Entry>
            <Values />
            <Value0>147456</Value0>
            <Value1>655360</Value1>
          </Entry>
          <Entry>
            <Values>
              <Entry>
                <Value0>13753</Value0>
                <Value1>0</Value1>
              </Entry>
            </Values>
            <Value0>147458</Value0>
            <Value1>720896</Value1>
          </Entry>
          <Entry>
            <Values />
            <Value0>147456</Value0>
            <Value1>786432</Value1>
          </Entry>
          <Entry>
            <Values>
              <Entry>
                <Value0>13754</Value0>
                <Value1>0</Value1>
              </Entry>
              <Entry>
                <Value0>13755</Value0>
                <Value1>500</Value1>
              </Entry>
            </Values>
            <Value0>147458</Value0>
            <Value1>851968</Value1>
          </Entry>
        </Unknown>
        <Dialogs>
          <Dialog>○○○○○○○○</Dialog>
          <Dialog>As I said before, talking 
about keeping something, a 
dog isn't an option.</Dialog>
          <Dialog>高嶺</Dialog>
          <Dialog>No good.</Dialog>
          <Dialog>... A cat?</Dialog>
          <Dialog>I said rabbit. No words for 
boys.</Dialog>
          <Dialog>Well, a rabbit is okay...</Dialog>
          <Dialog>If we live together, it has 
to be a rabbit.</Dialog>
          <Dialog>You really like rabbits. If 
I want to keep one, it's 
just a story.</Dialog>
          <Dialog>That's a little different.</Dialog>
          <Dialog>?</Dialog>
          <Dialog>You guys, that's it.</Dialog>
          <Dialog>? Me, I live alone?</Dialog>
          <Dialog>Right now, right? I'm 
talking about having a 
family in the future.</Dialog>
        </Dialogs>
      </SDL2>
    </Entry>
    <Entry Unknown0="2554613639" Unknown1="554074682">
      <SDL2 Key="3922093358">
        <Unknown>
          <Entry>
            <Values>
              <Entry>
                <Value0>13756</Value0>
                <Value1>0</Value1>
              </Entry>
            </Values>
            <Value0>147456</Value0>
            <Value1>65536</Value1>
          </Entry>
          <Entry>
            <Values />
            <Value0>147458</Value0>
            <Value1>196608</Value1>
          </Entry>
          <Entry>
            <Values>
              <Entry>
                <Value0>13757</Value0>
                <Value1>0</Value1>
              </Entry>
              <Entry>
                <Value0>13758</Value0>
                <Value1>500</Value1>
              </Entry>
            </Values>
            <Value0>147456</Value0>
            <Value1>262144</Value1>
          </Entry>
          <Entry>
            <Values />
            <Value0>147458</Value0>
            <Value1>327680</Value1>
          </Entry>
          <Entry>
            <Values>
              <Entry>
                <Value0>13759</Value0>
                <Value1>0</Value1>
              </Entry>
              <Entry>
                <Value0>13760</Value0>
                <Value1>500</Value1>
              </Entry>
            </Values>
            <Value0>147456</Value0>
            <Value1>393216</Value1>
          </Entry>
          <Entry>
            <Values />
            <Value0>147458</Value0>
            <Value1>458752</Value1>
          </Entry>
          <Entry>
            <Values>
              <Entry>
                <Value0>13761</Value0>
                <Value1>0</Value1>
              </Entry>
              <Entry>
                <Value0>13762</Value0>
                <Value1>500</Value1>
              </Entry>
            </Values>
            <Value0>147456</Value0>
            <Value1>524288</Value1>
          </Entry>
          <Entry>
            <Values />
            <Value0>147458</Value0>
            <Value1>589824</Value1>
          </Entry>
          <Entry>
            <Values>
              <Entry>
                <Value0>13763</Value0>
                <Value1>0</Value1>
              </Entry>
              <Entry>
                <Value0>13764</Value0>
                <Value1>500</Value1>
              </Entry>
            </Values>
            <Value0>147456</Value0>
            <Value1>655360</Value1>
          </Entry>
          <Entry>
            <Values />
            <Value0>147458</Value0>
            <Value1>720896</Value1>
          </Entry>
        </Unknown>
        <Dialogs>
          <Dialog>高嶺</Dialog>
          <Dialog>The other day, an emergency 
patient came...</Dialog>
          <Dialog>○○○○○○○○</Dialog>
          <Dialog>Huh.▲高嶺＊＊▲, is your house 
an emergency designated 
hospital?</Dialog>
          <Dialog>It's not, but you can't 
refuse the person who came. 
He was an ojisan who was 
brought to my family.</Dialog>
          <Dialog>Why didn't you call an 
ambulance?</Dialog>
          <Dialog>He said he doesn't like 
ambulances. Because it's a 
bother to other people.</Dialog>
          <Dialog>But in your house▲高嶺＊＊▲ 
might have been annoying.</Dialog>
          <Dialog>It's an important patient. 
It's natural for Papa to 
see people.</Dialog>
          <Dialog>Yeah, that's fine. So, what 
about the old man?</Dialog>
          <Dialog>We went to the emergency 
center by ambulance. It was 
a dangerous place, but 
after that it was safe.</Dialog>
          <Dialog>He got in one after all. If 
he's saved, that's fine.</Dialog>
        </Dialogs>
      </SDL2>
    </Entry>
    <Entry Unknown0="1072835110" Unknown1="4066976232">
      <SDL2 Key="704023674">
        <Unknown>
          <Entry>
            <Values>
              <Entry>
                <Value0>13765</Value0>
                <Value1>0</Value1>
              </Entry>
              <Entry>
                <Value0>13766</Value0>
                <Value1>500</Value1>
              </Entry>
            </Values>
            <Value0>147456</Value0>
            <Value1>65536</Value1>
          </Entry>
          <Entry>
            <Values />
            <Value0>147458</Value0>
            <Value1>196608</Value1>
          </Entry>
          <Entry>
            <Values>
              <Entry>
                <Value0>13767</Value0>
                <Value1>0</Value1>
              </Entry>
            </Values>
            <Value0>147456</Value0>
            <Value1>262144</Value1>
          </Entry>
          <Entry>
            <Values />
            <Value0>147458</Value0>
            <Value1>327680</Value1>
          </Entry>
          <Entry>
            <Values>
              <Entry>
                <Value0>13768</Value0>
                <Value1>0</Value1>
              </Entry>
            </Values>
            <Value0>147456</Value0>
            <Value1>393216</Value1>
          </Entry>
          <Entry>
            <Values />
            <Value0>147458</Value0>
            <Value1>458752</Value1>
          </Entry>
          <Entry>
            <Values>
              <Entry>
                <Value0>13769</Value0>
                <Value1>0</Value1>
              </Entry>
              <Entry>
                <Value0>13770</Value0>
                <Value1>500</Value1>
              </Entry>
            </Values>
            <Value0>147456</Value0>
            <Value1>524288</Value1>
          </Entry>
          <Entry>
            <Values />
            <Value0>147458</Value0>
            <Value1>589824</Value1>
          </Entry>
          <Entry>
            <Values>
              <Entry>
                <Value0>13771</Value0>
                <Value1>0</Value1>
              </Entry>
            </Values>
            <Value0>147456</Value0>
            <Value1>655360</Value1>
          </Entry>
          <Entry>
            <Values />
            <Value0>147458</Value0>
            <Value1>720896</Value1>
          </Entry>
          <Entry>
            <Values>
              <Entry>
                <Value0>13772</Value0>
                <Value1>0</Value1>
              </Entry>
            </Values>
            <Value0>147456</Value0>
            <Value1>786432</Value1>
          </Entry>
          <Entry>
            <Values />
            <Value0>147458</Value0>
            <Value1>851968</Value1>
          </Entry>
        </Unknown>
        <Dialogs>
          <Dialog>高嶺</Dialog>
          <Dialog>The ojisan who was sick 
last time, was admitted to 
the university hospital.</Dialog>
          <Dialog>○○○○○○○○</Dialog>
          <Dialog>He doesn't like ambulances.</Dialog>
          <Dialog>I was hard to persuade him 
to get on.</Dialog>
          <Dialog>He was stubborn.</Dialog>
          <Dialog>So, I got a phone call from 
the hospital to thank me...</Dialog>
          <Dialog>I wish he could be fine 
enough to call you.</Dialog>
          <Dialog>I wonder if he used the 
hospital phone. Papa said 
he couldn't walk because of 
those symptoms.</Dialog>
          <Dialog>It may have been 
impossible. A stubborn 
person has a strong sense 
of duty.</Dialog>
          <Dialog>I wonder if that doesn't 
make his symptoms worse...</Dialog>
          <Dialog>There are a lot of people 
who can use their phones in 
the hospital now, maybe he 
went to bed properly?</Dialog>
          <Dialog>I wonder if the ojisan can 
use his cell phone...</Dialog>
          <Dialog>（Certainly some people are 
not good at being young... 
▲高嶺＊＊▲）</Dialog>
        </Dialogs>
      </SDL2>
    </Entry>
    <Entry Unknown0="3444918740" Unknown1="1879625547">
      <SDL2 Key="704023674">
        <Unknown>
          <Entry>
            <Values>
              <Entry>
                <Value0>13773</Value0>
                <Value1>0</Value1>
              </Entry>
            </Values>
            <Value0>147456</Value0>
            <Value1>65536</Value1>
          </Entry>
          <Entry>
            <Values />
            <Value0>147458</Value0>
            <Value1>196608</Value1>
          </Entry>
          <Entry>
            <Values>
              <Entry>
                <Value0>13774</Value0>
                <Value1>0</Value1>
              </Entry>
            </Values>
            <Value0>147456</Value0>
            <Value1>262144</Value1>
          </Entry>
          <Entry>
            <Values />
            <Value0>147458</Value0>
            <Value1>327680</Value1>
          </Entry>
          <Entry>
            <Values>
              <Entry>
                <Value0>13775</Value0>
                <Value1>0</Value1>
              </Entry>
              <Entry>
                <Value0>13776</Value0>
                <Value1>500</Value1>
              </Entry>
            </Values>
            <Value0>147456</Value0>
            <Value1>393216</Value1>
          </Entry>
          <Entry>
            <Values />
            <Value0>147458</Value0>
            <Value1>458752</Value1>
          </Entry>
          <Entry>
            <Values>
              <Entry>
                <Value0>13777</Value0>
                <Value1>0</Value1>
              </Entry>
            </Values>
            <Value0>147456</Value0>
            <Value1>524288</Value1>
          </Entry>
          <Entry>
            <Values />
            <Value0>147458</Value0>
            <Value1>589824</Value1>
          </Entry>
          <Entry>
            <Values>
              <Entry>
                <Value0>13778</Value0>
                <Value1>0</Value1>
              </Entry>
            </Values>
            <Value0>147456</Value0>
            <Value1>655360</Value1>
          </Entry>
          <Entry>
            <Values />
            <Value0>147458</Value0>
            <Value1>720896</Value1>
          </Entry>
          <Entry>
            <Values>
              <Entry>
                <Value0>13779</Value0>
                <Value1>0</Value1>
              </Entry>
            </Values>
            <Value0>147456</Value0>
            <Value1>786432</Value1>
          </Entry>
        </Unknown>
        <Dialogs>
          <Dialog>高嶺</Dialog>
          <Dialog>The ojisan called to thank 
me.</Dialog>
          <Dialog>○○○○○○○○</Dialog>
          <Dialog>Ah, he's still in the 
hospital?</Dialog>
          <Dialog>He's been able to walk, but 
he's still leaving the 
hospital.</Dialog>
          <Dialog>I see. Why doesn't him stay?</Dialog>
          <Dialog>Papa. Because he doesn't 
receive anything except 
medical treatment fees.</Dialog>
          <Dialog>▲高嶺＊＊▲ you father is not 
stubborn... he's a straight 
person.</Dialog>
          <Dialog>Fufu, he is stubborn.</Dialog>
          <Dialog>Yes... But it seems like a 
lot of trouble if my 
girlfriend's father is 
stubborn.</Dialog>
          <Dialog>Is that so? Why?</Dialog>
          <Dialog>Like... "Give me your 
daughter's hand please" and 
he says "I'm not going to 
do it".</Dialog>
          <Dialog>... Oh you.</Dialog>
        </Dialogs>
      </SDL2>
    </Entry>
    <Entry Unknown0="687144759" Unknown1="3468047082">
      <SDL2 Key="3519487825">
        <Unknown>
          <Entry>
            <Values>
              <Entry>
                <Value0>13780</Value0>
                <Value1>0</Value1>
              </Entry>
            </Values>
            <Value0>147456</Value0>
            <Value1>65536</Value1>
          </Entry>
          <Entry>
            <Values />
            <Value0>147458</Value0>
            <Value1>196608</Value1>
          </Entry>
          <Entry>
            <Values>
              <Entry>
                <Value0>13781</Value0>
                <Value1>0</Value1>
              </Entry>
            </Values>
            <Value0>147456</Value0>
            <Value1>262144</Value1>
          </Entry>
          <Entry>
            <Values />
            <Value0>147458</Value0>
            <Value1>327680</Value1>
          </Entry>
          <Entry>
            <Values>
              <Entry>
                <Value0>13782</Value0>
                <Value1>0</Value1>
              </Entry>
            </Values>
            <Value0>147456</Value0>
            <Value1>393216</Value1>
          </Entry>
          <Entry>
            <Values />
            <Value0>147458</Value0>
            <Value1>458752</Value1>
          </Entry>
          <Entry>
            <Values>
              <Entry>
                <Value0>13783</Value0>
                <Value1>0</Value1>
              </Entry>
            </Values>
            <Value0>147456</Value0>
            <Value1>524288</Value1>
          </Entry>
          <Entry>
            <Values />
            <Value0>147458</Value0>
            <Value1>589824</Value1>
          </Entry>
          <Entry>
            <Values>
              <Entry>
                <Value0>13784</Value0>
                <Value1>0</Value1>
              </Entry>
              <Entry>
                <Value0>13785</Value0>
                <Value1>500</Value1>
              </Entry>
            </Values>
            <Value0>147456</Value0>
            <Value1>655360</Value1>
          </Entry>
          <Entry>
            <Values />
            <Value0>147458</Value0>
            <Value1>720896</Value1>
          </Entry>
          <Entry>
            <Values>
              <Entry>
                <Value0>13786</Value0>
                <Value1>0</Value1>
              </Entry>
              <Entry>
                <Value0>13787</Value0>
                <Value1>500</Value1>
              </Entry>
            </Values>
            <Value0>147456</Value0>
            <Value1>786432</Value1>
          </Entry>
        </Unknown>
        <Dialogs>
          <Dialog>高嶺</Dialog>
          <Dialog>The ojisan who was in the 
hospital said he could 
leave the hospital soon.</Dialog>
          <Dialog>○○○○○○○○</Dialog>
          <Dialog>Then,▲高嶺＊＊▲make sure he 
doesn't forget to bring a 
thank-you gift to your 
house.</Dialog>
          <Dialog>But, I'm sure Papa won't 
take it.</Dialog>
          <Dialog>Hmm.</Dialog>
          <Dialog>It would be rude to return 
an item you received.</Dialog>
          <Dialog>If you park an ambulance 
that you don't like in 
front of your house, the 
ojisan won't get in.</Dialog>
          <Dialog>Ambulances can't be used 
for that.</Dialog>
          <Dialog>Then ask your father to 
dress as an ambulance.</Dialog>
          <Dialog>It's impossible... Fufu, 
Papa's an ambulance?</Dialog>
          <Dialog>Yes. With this... cardboard 
or something.</Dialog>
          <Dialog>Fufu, fufufu. I'm sorry, 
Papa... It's funny.</Dialog>
        </Dialogs>
      </SDL2>
    </Entry>
    <Entry Unknown0="3483523798" Unknown1="3441021336">
      <SDL2 Key="3519487825">
        <Unknown>
          <Entry>
            <Values>
              <Entry>
                <Value0>13788</Value0>
                <Value1>0</Value1>
              </Entry>
            </Values>
            <Value0>147456</Value0>
            <Value1>65536</Value1>
          </Entry>
          <Entry>
            <Values />
            <Value0>147458</Value0>
            <Value1>196608</Value1>
          </Entry>
          <Entry>
            <Values>
              <Entry>
                <Value0>13789</Value0>
                <Value1>0</Value1>
              </Entry>
              <Entry>
                <Value0>13790</Value0>
                <Value1>500</Value1>
              </Entry>
            </Values>
            <Value0>147456</Value0>
            <Value1>262144</Value1>
          </Entry>
          <Entry>
            <Values />
            <Value0>147458</Value0>
            <Value1>327680</Value1>
          </Entry>
          <Entry>
            <Values>
              <Entry>
                <Value0>13791</Value0>
                <Value1>0</Value1>
              </Entry>
            </Values>
            <Value0>147456</Value0>
            <Value1>393216</Value1>
          </Entry>
          <Entry>
            <Values />
            <Value0>147458</Value0>
            <Value1>458752</Value1>
          </Entry>
          <Entry>
            <Values>
              <Entry>
                <Value0>13792</Value0>
                <Value1>0</Value1>
              </Entry>
            </Values>
            <Value0>147456</Value0>
            <Value1>524288</Value1>
          </Entry>
          <Entry>
            <Values />
            <Value0>147458</Value0>
            <Value1>589824</Value1>
          </Entry>
          <Entry>
            <Values>
              <Entry>
                <Value0>13793</Value0>
                <Value1>0</Value1>
              </Entry>
              <Entry>
                <Value0>13794</Value0>
                <Value1>1000</Value1>
              </Entry>
            </Values>
            <Value0>147456</Value0>
            <Value1>655360</Value1>
          </Entry>
          <Entry>
            <Values />
            <Value0>147458</Value0>
            <Value1>720896</Value1>
          </Entry>
          <Entry>
            <Values>
              <Entry>
                <Value0>13795</Value0>
                <Value1>0</Value1>
              </Entry>
              <Entry>
                <Value0>13796</Value0>
                <Value1>500</Value1>
              </Entry>
            </Values>
            <Value0>147456</Value0>
            <Value1>786432</Value1>
          </Entry>
        </Unknown>
        <Dialogs>
          <Dialog>高嶺</Dialog>
          <Dialog>There is a story about the 
king of donkey ears.</Dialog>
          <Dialog>○○○○○○○○</Dialog>
          <Dialog>Oh, yeah.</Dialog>
          <Dialog>Huh, I wonder who did you 
find you were a donkey with 
only your ears.</Dialog>
          <Dialog>...Ah, if it's just the 
ears, it's hard to tell 
whether it's a donkey, a 
horse, or a dog.</Dialog>
          <Dialog>If you're a pig, you can 
tell them apart.</Dialog>
          <Dialog>I'm sorry, but pig's ears 
would make me be eaten.I'm 
sure it's going to be a 
strange story.</Dialog>
          <Dialog>Pig's ear... do you eat 
them?</Dialog>
          <Dialog>Mimigar is Okinawan food 
made of pig's ear. I've 
eaten it before.</Dialog>
          <Dialog>I ate it... But this story 
isn't about Okinawa, is it?</Dialog>
          <Dialog>I mean, it's a country that 
doesn't see donkey ears as 
edible. Where is it?</Dialog>
          <Dialog>Every country is the 
same... Surely.</Dialog>
        </Dialogs>
      </SDL2>
    </Entry>
    <Entry Unknown0="2634414468" Unknown1="1371045883">
      <SDL2 Key="3519487825">
        <Unknown>
          <Entry>
            <Values />
            <Value0>147456</Value0>
            <Value1>65536</Value1>
          </Entry>
          <Entry>
            <Values>
              <Entry>
                <Value0>13797</Value0>
                <Value1>0</Value1>
              </Entry>
            </Values>
            <Value0>147458</Value0>
            <Value1>196608</Value1>
          </Entry>
          <Entry>
            <Values />
            <Value0>147456</Value0>
            <Value1>262144</Value1>
          </Entry>
          <Entry>
            <Values>
              <Entry>
                <Value0>13798</Value0>
                <Value1>0</Value1>
              </Entry>
            </Values>
            <Value0>147458</Value0>
            <Value1>327680</Value1>
          </Entry>
          <Entry>
            <Values />
            <Value0>147456</Value0>
            <Value1>393216</Value1>
          </Entry>
          <Entry>
            <Values>
              <Entry>
                <Value0>13799</Value0>
                <Value1>0</Value1>
              </Entry>
            </Values>
            <Value0>147458</Value0>
            <Value1>458752</Value1>
          </Entry>
          <Entry>
            <Values />
            <Value0>147456</Value0>
            <Value1>524288</Value1>
          </Entry>
          <Entry>
            <Values>
              <Entry>
                <Value0>13800</Value0>
                <Value1>0</Value1>
              </Entry>
              <Entry>
                <Value0>13801</Value0>
                <Value1>3000</Value1>
              </Entry>
            </Values>
            <Value0>147458</Value0>
            <Value1>589824</Value1>
          </Entry>
          <Entry>
            <Values />
            <Value0>147456</Value0>
            <Value1>655360</Value1>
          </Entry>
        </Unknown>
        <Dialogs>
          <Dialog>○○○○○○○○</Dialog>
          <Dialog>It's about the donkey ear's 
story. It's easy to 
understand if they are 
rabbit's ears.</Dialog>
          <Dialog>高嶺</Dialog>
          <Dialog>It jumps out and I can't 
hide it.</Dialog>
          <Dialog>But I think it would be 
popular. Bunny King! There 
is a bunny girl next to me.</Dialog>
          <Dialog>...What? You're staring at 
me suddenly.</Dialog>
          <Dialog>▲高嶺＊＊▲, the rabbit ears 
would look good.</Dialog>
          <Dialog>Me... a bunny girls next 
to the king?</Dialog>
          <Dialog>I'm sure it will look good 
on you. Yes, it definitely 
suits you.</Dialog>
          <Dialog>I don't want that... But, 
it would be good if you 
were the king.</Dialog>
          <Dialog>（King, that's hard）</Dialog>
        </Dialogs>
      </SDL2>
    </Entry>
    <Entry Unknown0="4171509735" Unknown1="3311854234">
      <SDL2 Key="4059510443">
        <Unknown>
          <Entry>
            <Values>
              <Entry>
                <Value0>13802</Value0>
                <Value1>0</Value1>
              </Entry>
              <Entry>
                <Value0>13803</Value0>
                <Value1>500</Value1>
              </Entry>
            </Values>
            <Value0>147456</Value0>
            <Value1>65536</Value1>
          </Entry>
          <Entry>
            <Values />
            <Value0>147458</Value0>
            <Value1>196608</Value1>
          </Entry>
          <Entry>
            <Values>
              <Entry>
                <Value0>13804</Value0>
                <Value1>0</Value1>
              </Entry>
            </Values>
            <Value0>147456</Value0>
            <Value1>262144</Value1>
          </Entry>
          <Entry>
            <Values />
            <Value0>147458</Value0>
            <Value1>327680</Value1>
          </Entry>
          <Entry>
            <Values>
              <Entry>
                <Value0>13805</Value0>
                <Value1>0</Value1>
              </Entry>
              <Entry>
                <Value0>13806</Value0>
                <Value1>1333</Value1>
              </Entry>
            </Values>
            <Value0>147456</Value0>
            <Value1>393216</Value1>
          </Entry>
          <Entry>
            <Values />
            <Value0>147458</Value0>
            <Value1>458752</Value1>
          </Entry>
          <Entry>
            <Values>
              <Entry>
                <Value0>13807</Value0>
                <Value1>0</Value1>
              </Entry>
            </Values>
            <Value0>147456</Value0>
            <Value1>524288</Value1>
          </Entry>
          <Entry>
            <Values />
            <Value0>147458</Value0>
            <Value1>589824</Value1>
          </Entry>
          <Entry>
            <Values>
              <Entry>
                <Value0>13808</Value0>
                <Value1>0</Value1>
              </Entry>
              <Entry>
                <Value0>13809</Value0>
                <Value1>500</Value1>
              </Entry>
            </Values>
            <Value0>147456</Value0>
            <Value1>655360</Value1>
          </Entry>
          <Entry>
            <Values />
            <Value0>147458</Value0>
            <Value1>720896</Value1>
          </Entry>
        </Unknown>
        <Dialogs>
          <Dialog>高嶺</Dialog>
          <Dialog>Hey you. You work part-
time, correct?</Dialog>
          <Dialog>○○○○○○○○</Dialog>
          <Dialog>Hmm.</Dialog>
          <Dialog>Me too... i think I'll give 
it a try.</Dialog>
          <Dialog>Why? Not enough pocket 
money.</Dialog>
          <Dialog>No, that's not why... 
Social studies, I guess?</Dialog>
          <Dialog>So that's it.</Dialog>
          <Dialog>And you...</Dialog>
          <Dialog>Me?</Dialog>
          <Dialog>For studying at school, 
club activities, and 
part-time jobs... I want to 
be an apprentice.</Dialog>
          <Dialog>（I wonder is she's 
seriously want to learn 
from me...）</Dialog>
        </Dialogs>
      </SDL2>
    </Entry>
    <Entry Unknown0="2672986758" Unknown1="382304584">
      <SDL2 Key="4059510443">
        <Unknown>
          <Entry>
            <Values />
            <Value0>147456</Value0>
            <Value1>65536</Value1>
          </Entry>
          <Entry>
            <Values>
              <Entry>
                <Value0>13810</Value0>
                <Value1>0</Value1>
              </Entry>
              <Entry>
                <Value0>13811</Value0>
                <Value1>500</Value1>
              </Entry>
            </Values>
            <Value0>147458</Value0>
            <Value1>196608</Value1>
          </Entry>
          <Entry>
            <Values />
            <Value0>147456</Value0>
            <Value1>262144</Value1>
          </Entry>
          <Entry>
            <Values>
              <Entry>
                <Value0>13812</Value0>
                <Value1>0</Value1>
              </Entry>
              <Entry>
                <Value0>13813</Value0>
                <Value1>500</Value1>
              </Entry>
            </Values>
            <Value0>147458</Value0>
            <Value1>327680</Value1>
          </Entry>
          <Entry>
            <Values />
            <Value0>147456</Value0>
            <Value1>393216</Value1>
          </Entry>
          <Entry>
            <Values>
              <Entry>
                <Value0>13814</Value0>
                <Value1>0</Value1>
              </Entry>
            </Values>
            <Value0>147458</Value0>
            <Value1>458752</Value1>
          </Entry>
          <Entry>
            <Values />
            <Value0>147456</Value0>
            <Value1>524288</Value1>
          </Entry>
          <Entry>
            <Values>
              <Entry>
                <Value0>13815</Value0>
                <Value1>0</Value1>
              </Entry>
            </Values>
            <Value0>147458</Value0>
            <Value1>589824</Value1>
          </Entry>
          <Entry>
            <Values />
            <Value0>147456</Value0>
            <Value1>655360</Value1>
          </Entry>
          <Entry>
            <Values>
              <Entry>
                <Value0>13816</Value0>
                <Value1>0</Value1>
              </Entry>
              <Entry>
                <Value0>13817</Value0>
                <Value1>2333</Value1>
              </Entry>
            </Values>
            <Value0>147458</Value0>
            <Value1>720896</Value1>
          </Entry>
        </Unknown>
        <Dialogs>
          <Dialog>○○○○○○○○</Dialog>
          <Dialog>By the way, what happened 
to the part-time job?</Dialog>
          <Dialog>高嶺</Dialog>
          <Dialog>Yes... I talked with Mama 
and Papa...</Dialog>
          <Dialog>Oh, I wonder what they told 
you.</Dialog>
          <Dialog>Papa said "High school 
students should concentrate 
on their studies and club 
activities".</Dialog>
          <Dialog>I see... But that's fine, 
isn't it?</Dialog>
          <Dialog>Why?</Dialog>
          <Dialog>▲高嶺＊＊▲if you work part-
time, we would spend less 
time together.</Dialog>
          <Dialog>I see, but...</Dialog>
          <Dialog>No good. In high school, 
concentrate on your studies 
and club activities.</Dialog>
          <Dialog>Geez... I get it, Papa.</Dialog>
        </Dialogs>
      </SDL2>
    </Entry>
    <Entry Unknown0="766847284" Unknown1="3563597739">
      <SDL2 Key="1539946882">
        <Unknown>
          <Entry>
            <Values>
              <Entry>
                <Value0>13818</Value0>
                <Value1>0</Value1>
              </Entry>
            </Values>
            <Value0>147456</Value0>
            <Value1>65536</Value1>
          </Entry>
          <Entry>
            <Values />
            <Value0>147458</Value0>
            <Value1>196608</Value1>
          </Entry>
          <Entry>
            <Values>
              <Entry>
                <Value0>13819</Value0>
                <Value1>0</Value1>
              </Entry>
              <Entry>
                <Value0>13820</Value0>
                <Value1>500</Value1>
              </Entry>
            </Values>
            <Value0>147456</Value0>
            <Value1>262144</Value1>
          </Entry>
          <Entry>
            <Values />
            <Value0>147458</Value0>
            <Value1>327680</Value1>
          </Entry>
          <Entry>
            <Values>
              <Entry>
                <Value0>13821</Value0>
                <Value1>0</Value1>
              </Entry>
            </Values>
            <Value0>147456</Value0>
            <Value1>393216</Value1>
          </Entry>
          <Entry>
            <Values />
            <Value0>147458</Value0>
            <Value1>458752</Value1>
          </Entry>
          <Entry>
            <Values>
              <Entry>
                <Value0>13822</Value0>
                <Value1>0</Value1>
              </Entry>
            </Values>
            <Value0>147456</Value0>
            <Value1>524288</Value1>
          </Entry>
          <Entry>
            <Values />
            <Value0>147458</Value0>
            <Value1>589824</Value1>
          </Entry>
          <Entry>
            <Values>
              <Entry>
                <Value0>13823</Value0>
                <Value1>0</Value1>
              </Entry>
            </Values>
            <Value0>147456</Value0>
            <Value1>655360</Value1>
          </Entry>
          <Entry>
            <Values />
            <Value0>147458</Value0>
            <Value1>720896</Value1>
          </Entry>
          <Entry>
            <Values>
              <Entry>
                <Value0>13824</Value0>
                <Value1>0</Value1>
              </Entry>
            </Values>
            <Value0>147456</Value0>
            <Value1>786432</Value1>
          </Entry>
          <Entry>
            <Values />
            <Value0>147458</Value0>
            <Value1>851968</Value1>
          </Entry>
        </Unknown>
        <Dialogs>
          <Dialog>高嶺</Dialog>
          <Dialog>Hey, how do you put 
backspin on your serve?</Dialog>
          <Dialog>○○○○○○○○</Dialog>
          <Dialog>I can't!</Dialog>
          <Dialog>Why? Rina-senpai said there 
was a person who was doing 
it.</Dialog>
          <Dialog>Rina-senpai is ranked in 
the district... Serve and 
backspin?</Dialog>
          <Dialog>How do you do it?</Dialog>
          <Dialog>If it's an overserver, you 
can't backspin, it's under 
it, isn't it?</Dialog>
          <Dialog>Isn't that a slice?</Dialog>
          <Dialog>It's not a slice server. At 
this angle... this way...</Dialog>
          <Dialog>Without a racket, I don't 
know.</Dialog>
          <Dialog>That's why it's like this. 
This way!</Dialog>
          <Dialog>Are you okay?</Dialog>
          <Dialog>It's nothing.</Dialog>
        </Dialogs>
      </SDL2>
    </Entry>
    <Entry Unknown0="2287230871" Unknown1="706122314">
      <SDL2 Key="1539946882">
        <Unknown>
          <Entry>
            <Values>
              <Entry>
                <Value0>13825</Value0>
                <Value1>0</Value1>
              </Entry>
            </Values>
            <Value0>147456</Value0>
            <Value1>65536</Value1>
          </Entry>
          <Entry>
            <Values />
            <Value0>147458</Value0>
            <Value1>196608</Value1>
          </Entry>
          <Entry>
            <Values>
              <Entry>
                <Value0>13826</Value0>
                <Value1>0</Value1>
              </Entry>
              <Entry>
                <Value0>13827</Value0>
                <Value1>500</Value1>
              </Entry>
            </Values>
            <Value0>147456</Value0>
            <Value1>262144</Value1>
          </Entry>
          <Entry>
            <Values />
            <Value0>147458</Value0>
            <Value1>327680</Value1>
          </Entry>
          <Entry>
            <Values>
              <Entry>
                <Value0>13828</Value0>
                <Value1>0</Value1>
              </Entry>
            </Values>
            <Value0>147456</Value0>
            <Value1>393216</Value1>
          </Entry>
          <Entry>
            <Values />
            <Value0>147458</Value0>
            <Value1>458752</Value1>
          </Entry>
          <Entry>
            <Values>
              <Entry>
                <Value0>13829</Value0>
                <Value1>0</Value1>
              </Entry>
            </Values>
            <Value0>147456</Value0>
            <Value1>524288</Value1>
          </Entry>
          <Entry>
            <Values />
            <Value0>147458</Value0>
            <Value1>589824</Value1>
          </Entry>
          <Entry>
            <Values>
              <Entry>
                <Value0>13830</Value0>
                <Value1>0</Value1>
              </Entry>
            </Values>
            <Value0>147456</Value0>
            <Value1>655360</Value1>
          </Entry>
          <Entry>
            <Values />
            <Value0>147458</Value0>
            <Value1>720896</Value1>
          </Entry>
          <Entry>
            <Values>
              <Entry>
                <Value0>13831</Value0>
                <Value1>0</Value1>
              </Entry>
            </Values>
            <Value0>147456</Value0>
            <Value1>786432</Value1>
          </Entry>
        </Unknown>
        <Dialogs>
          <Dialog>高嶺</Dialog>
          <Dialog>Sometimes my backhand and 
top spin don't come right...</Dialog>
          <Dialog>○○○○○○○○</Dialog>
          <Dialog>Oh, then it's non-spining. 
▲高嶺＊＊▲, you have a lot of 
two-handed hits, right?</Dialog>
          <Dialog>I'm better at using both 
hands because I hit it by 
rotating my body.</Dialog>
          <Dialog>If you lower your racket's 
head when you hit it back, 
you'll naturally get a 
topspin.</Dialog>
          <Dialog>It's easier said than done.</Dialog>
          <Dialog>It's like this... All you 
have to do is take it back 
and return it like this.</Dialog>
          <Dialog>If you don't have a racket, 
you won't even know the 
head.</Dialog>
          <Dialog>Look at my wrist, pull like 
this... Like this!</Dialog>
          <Dialog>Are you okay?</Dialog>
          <Dialog>A little... I just slipped.</Dialog>
          <Dialog>Fufu, don't overdo it okay?</Dialog>
        </Dialogs>
      </SDL2>
    </Entry>
    <Entry Unknown0="788675126" Unknown1="2474193400">
      <SDL2 Key="3958955997">
        <Unknown>
          <Entry>
            <Values />
            <Value0>147456</Value0>
            <Value1>65536</Value1>
          </Entry>
          <Entry>
            <Values />
            <Value0>147458</Value0>
            <Value1>65536</Value1>
          </Entry>
          <Entry>
            <Values />
            <Value0>147456</Value0>
            <Value1>65536</Value1>
          </Entry>
          <Entry>
            <Values />
            <Value0>147458</Value0>
            <Value1>196608</Value1>
          </Entry>
          <Entry>
            <Values>
              <Entry>
                <Value0>13832</Value0>
                <Value1>0</Value1>
              </Entry>
            </Values>
            <Value0>147456</Value0>
            <Value1>262144</Value1>
          </Entry>
          <Entry>
            <Values />
            <Value0>147458</Value0>
            <Value1>327680</Value1>
          </Entry>
          <Entry>
            <Values />
            <Value0>147456</Value0>
            <Value1>65536</Value1>
          </Entry>
          <Entry>
            <Values />
            <Value0>147458</Value0>
            <Value1>65536</Value1>
          </Entry>
          <Entry>
            <Values />
            <Value0>147456</Value0>
            <Value1>65536</Value1>
          </Entry>
          <Entry>
            <Values />
            <Value0>147458</Value0>
            <Value1>393216</Value1>
          </Entry>
          <Entry>
            <Values>
              <Entry>
                <Value0>13833</Value0>
                <Value1>0</Value1>
              </Entry>
            </Values>
            <Value0>147456</Value0>
            <Value1>458752</Value1>
          </Entry>
          <Entry>
            <Values />
            <Value0>147458</Value0>
            <Value1>524288</Value1>
          </Entry>
          <Entry>
            <Values>
              <Entry>
                <Value0>13834</Value0>
                <Value1>0</Value1>
              </Entry>
            </Values>
            <Value0>147456</Value0>
            <Value1>589824</Value1>
          </Entry>
          <Entry>
            <Values />
            <Value0>147458</Value0>
            <Value1>655360</Value1>
          </Entry>
        </Unknown>
        <Dialogs>
          <Dialog>高嶺</Dialog>
          <Dialog>....</Dialog>
          <Dialog>○○○○○○○○</Dialog>
          <Dialog>...What?</Dialog>
          <Dialog>No, nothing.</Dialog>
          <Dialog>... That so.</Dialog>
          <Dialog>You're watching, aren't you?</Dialog>
          <Dialog>You can see it, no?</Dialog>
          <Dialog>I don't hate, but...</Dialog>
          <Dialog>Then it's good, right?</Dialog>
          <Dialog>?</Dialog>
        </Dialogs>
      </SDL2>
    </Entry>
    <Entry Unknown0="4251277796" Unknown1="253288283">
      <SDL2 Key="3958955997">
        <Unknown>
          <Entry>
            <Values />
            <Value0>147456</Value0>
            <Value1>65536</Value1>
          </Entry>
          <Entry>
            <Values />
            <Value0>147458</Value0>
            <Value1>196608</Value1>
          </Entry>
          <Entry>
            <Values>
              <Entry>
                <Value0>13835</Value0>
                <Value1>0</Value1>
              </Entry>
            </Values>
            <Value0>147456</Value0>
            <Value1>262144</Value1>
          </Entry>
          <Entry>
            <Values />
            <Value0>147458</Value0>
            <Value1>327680</Value1>
          </Entry>
          <Entry>
            <Values>
              <Entry>
                <Value0>13836</Value0>
                <Value1>0</Value1>
              </Entry>
            </Values>
            <Value0>147456</Value0>
            <Value1>393216</Value1>
          </Entry>
          <Entry>
            <Values />
            <Value0>147458</Value0>
            <Value1>458752</Value1>
          </Entry>
          <Entry>
            <Values>
              <Entry>
                <Value0>13837</Value0>
                <Value1>0</Value1>
              </Entry>
            </Values>
            <Value0>147456</Value0>
            <Value1>524288</Value1>
          </Entry>
          <Entry>
            <Values />
            <Value0>147458</Value0>
            <Value1>589824</Value1>
          </Entry>
          <Entry>
            <Values>
              <Entry>
                <Value0>13838</Value0>
                <Value1>0</Value1>
              </Entry>
            </Values>
            <Value0>147456</Value0>
            <Value1>655360</Value1>
          </Entry>
          <Entry>
            <Values />
            <Value0>147458</Value0>
            <Value1>720896</Value1>
          </Entry>
          <Entry>
            <Values>
              <Entry>
                <Value0>13839</Value0>
                <Value1>0</Value1>
              </Entry>
            </Values>
            <Value0>147456</Value0>
            <Value1>786432</Value1>
          </Entry>
          <Entry>
            <Values />
            <Value0>147458</Value0>
            <Value1>851968</Value1>
          </Entry>
        </Unknown>
        <Dialogs>
          <Dialog>高嶺</Dialog>
          <Dialog>....</Dialog>
          <Dialog>○○○○○○○○</Dialog>
          <Dialog>I'm watching again.</Dialog>
          <Dialog>Fufu, I want to see it.</Dialog>
          <Dialog>Why? It's not really funny.</Dialog>
          <Dialog>No, it's fun, isn't it?</Dialog>
          <Dialog>... I don't have fun 
looking at the mirror.</Dialog>
          <Dialog>I wonder if that's the 
problem.</Dialog>
          <Dialog>Oh, but it might be fun to 
see ▲高嶺＊＊▲'s face.</Dialog>
          <Dialog>... I don't enjoy looking 
in the mirror, do I?</Dialog>
          <Dialog>That's not the problem... 
Huh?</Dialog>
          <Dialog>Fufu, isn't it fun?</Dialog>
          <Dialog>（Oh, well）</Dialog>
        </Dialogs>
      </SDL2>
    </Entry>
  </Entries>
</DBIN2>