<?xml version="1.0" encoding="utf-8"?>
<DBIN2 xmlns:xsi="http://www.w3.org/2001/XMLSchema-instance" xmlns:xsd="http://www.w3.org/2001/XMLSchema" Key="664990821" Unknown="16">
  <Entries>
    <Entry Unknown0="2741308126" Unknown1="2356544947">
      <SDL2 Key="1226446392">
        <Unknown>
          <Entry>
            <Values>
              <Entry>
                <Value0>13840</Value0>
                <Value1>0</Value1>
              </Entry>
              <Entry>
                <Value0>13841</Value0>
                <Value1>2000</Value1>
              </Entry>
            </Values>
            <Value0>147456</Value0>
            <Value1>65536</Value1>
          </Entry>
          <Entry>
            <Values />
            <Value0>147458</Value0>
            <Value1>196608</Value1>
          </Entry>
          <Entry>
            <Values>
              <Entry>
                <Value0>13842</Value0>
                <Value1>0</Value1>
              </Entry>
              <Entry>
                <Value0>13843</Value0>
                <Value1>1333</Value1>
              </Entry>
            </Values>
            <Value0>147456</Value0>
            <Value1>262144</Value1>
          </Entry>
          <Entry>
            <Values />
            <Value0>147458</Value0>
            <Value1>327680</Value1>
          </Entry>
          <Entry>
            <Values>
              <Entry>
                <Value0>13844</Value0>
                <Value1>0</Value1>
              </Entry>
            </Values>
            <Value0>147456</Value0>
            <Value1>393216</Value1>
          </Entry>
          <Entry>
            <Values />
            <Value0>147458</Value0>
            <Value1>458752</Value1>
          </Entry>
          <Entry>
            <Values>
              <Entry>
                <Value0>13845</Value0>
                <Value1>0</Value1>
              </Entry>
              <Entry>
                <Value0>13846</Value0>
                <Value1>500</Value1>
              </Entry>
            </Values>
            <Value0>147456</Value0>
            <Value1>524288</Value1>
          </Entry>
          <Entry>
            <Values>
              <Entry>
                <Value0>13847</Value0>
                <Value1>0</Value1>
              </Entry>
              <Entry>
                <Value0>13848</Value0>
                <Value1>1333</Value1>
              </Entry>
            </Values>
            <Value0>147456</Value0>
            <Value1>589824</Value1>
          </Entry>
          <Entry>
            <Values />
            <Value0>147458</Value0>
            <Value1>655360</Value1>
          </Entry>
          <Entry>
            <Values>
              <Entry>
                <Value0>13849</Value0>
                <Value1>0</Value1>
              </Entry>
              <Entry>
                <Value0>13850</Value0>
                <Value1>500</Value1>
              </Entry>
            </Values>
            <Value0>147456</Value0>
            <Value1>720896</Value1>
          </Entry>
          <Entry>
            <Values />
            <Value0>147458</Value0>
            <Value1>786432</Value1>
          </Entry>
        </Unknown>
        <Dialogs>
          <Dialog>高嶺</Dialog>
          <Dialog>There is fruit punch. Why 
is it called puch?</Dialog>
          <Dialog>○○○○○○○○</Dialog>
          <Dialog>Oh, I thought the same. 
It's a strange name.</Dialog>
          <Dialog>Right? I wonder why it's 
not called fruit compote.</Dialog>
          <Dialog>Com..pote?</Dialog>
          <Dialog>At home, I call it fruit 
compote...</Dialog>
          <Dialog>Huh.</Dialog>
          <Dialog>But in a coffe shop, fruit 
compote is called fruit 
punch.</Dialog>
          <Dialog>I've been curious lately. 
Are you the same?</Dialog>
          <Dialog>Not really... I don't eat 
that much, so I'm not sure.</Dialog>
          <Dialog>I see. Yes, I'll remember 
it.</Dialog>
          <Dialog>（What are you going to use 
that information for?）</Dialog>
        </Dialogs>
      </SDL2>
    </Entry>
    <Entry Unknown0="1007871055" Unknown1="952661600">
      <SDL2 Key="3287980318">
        <Unknown>
          <Entry>
            <Values>
              <Entry>
                <Value0>13851</Value0>
                <Value1>0</Value1>
              </Entry>
            </Values>
            <Value0>147456</Value0>
            <Value1>65536</Value1>
          </Entry>
          <Entry>
            <Values />
            <Value0>147458</Value0>
            <Value1>196608</Value1>
          </Entry>
          <Entry>
            <Values>
              <Entry>
                <Value0>13852</Value0>
                <Value1>0</Value1>
              </Entry>
            </Values>
            <Value0>147456</Value0>
            <Value1>262144</Value1>
          </Entry>
          <Entry>
            <Values />
            <Value0>147458</Value0>
            <Value1>327680</Value1>
          </Entry>
          <Entry>
            <Values>
              <Entry>
                <Value0>13853</Value0>
                <Value1>0</Value1>
              </Entry>
            </Values>
            <Value0>147456</Value0>
            <Value1>393216</Value1>
          </Entry>
          <Entry>
            <Values />
            <Value0>147458</Value0>
            <Value1>458752</Value1>
          </Entry>
          <Entry>
            <Values>
              <Entry>
                <Value0>13854</Value0>
                <Value1>0</Value1>
              </Entry>
              <Entry>
                <Value0>13855</Value0>
                <Value1>500</Value1>
              </Entry>
              <Entry>
                <Value0>13856</Value0>
                <Value1>500</Value1>
              </Entry>
            </Values>
            <Value0>147456</Value0>
            <Value1>524288</Value1>
          </Entry>
          <Entry>
            <Values />
            <Value0>147458</Value0>
            <Value1>589824</Value1>
          </Entry>
          <Entry>
            <Values>
              <Entry>
                <Value0>13857</Value0>
                <Value1>0</Value1>
              </Entry>
            </Values>
            <Value0>147456</Value0>
            <Value1>655360</Value1>
          </Entry>
          <Entry>
            <Values />
            <Value0>147458</Value0>
            <Value1>720896</Value1>
          </Entry>
          <Entry>
            <Values>
              <Entry>
                <Value0>13858</Value0>
                <Value1>0</Value1>
              </Entry>
            </Values>
            <Value0>147456</Value0>
            <Value1>786432</Value1>
          </Entry>
        </Unknown>
        <Dialogs>
          <Dialog>高嶺</Dialog>
          <Dialog>Is there anything alse you 
don't like besides fruit 
punch?</Dialog>
          <Dialog>○○○○○○○○</Dialog>
          <Dialog>It's not that I don't like 
it, I just don't eat that 
much.</Dialog>
          <Dialog>Then, what do you like?</Dialog>
          <Dialog>▲高嶺＊＊▲.</Dialog>
          <Dialog>You can't eat me.</Dialog>
          <Dialog>▲高嶺＊＊▲, anything with you 
is delicious.</Dialog>
          <Dialog>Oh you... But, I think so 
too. Except for bitter 
coffe.</Dialog>
          <Dialog>I add sugar to it. About 10 
dozen.</Dialog>
          <Dialog>That's too sweet.</Dialog>
          <Dialog>Well then, I'll add salt 
too.</Dialog>
          <Dialog>Now, that's just weird.</Dialog>
        </Dialogs>
      </SDL2>
    </Entry>
    <Entry Unknown0="3244578812" Unknown1="2302223282">
      <SDL2 Key="3287980318">
        <Unknown>
          <Entry>
            <Values>
              <Entry>
                <Value0>13859</Value0>
                <Value1>0</Value1>
              </Entry>
            </Values>
            <Value0>147456</Value0>
            <Value1>65536</Value1>
          </Entry>
          <Entry>
            <Values />
            <Value0>147458</Value0>
            <Value1>196608</Value1>
          </Entry>
          <Entry>
            <Values>
              <Entry>
                <Value0>13860</Value0>
                <Value1>0</Value1>
              </Entry>
            </Values>
            <Value0>147456</Value0>
            <Value1>262144</Value1>
          </Entry>
          <Entry>
            <Values />
            <Value0>147458</Value0>
            <Value1>327680</Value1>
          </Entry>
          <Entry>
            <Values>
              <Entry>
                <Value0>13861</Value0>
                <Value1>0</Value1>
              </Entry>
              <Entry>
                <Value0>13862</Value0>
                <Value1>2667</Value1>
              </Entry>
            </Values>
            <Value0>147456</Value0>
            <Value1>393216</Value1>
          </Entry>
          <Entry>
            <Values />
            <Value0>147458</Value0>
            <Value1>458752</Value1>
          </Entry>
          <Entry>
            <Values>
              <Entry>
                <Value0>13863</Value0>
                <Value1>0</Value1>
              </Entry>
              <Entry>
                <Value0>13864</Value0>
                <Value1>500</Value1>
              </Entry>
            </Values>
            <Value0>147456</Value0>
            <Value1>524288</Value1>
          </Entry>
          <Entry>
            <Values />
            <Value0>147458</Value0>
            <Value1>589824</Value1>
          </Entry>
          <Entry>
            <Values>
              <Entry>
                <Value0>13865</Value0>
                <Value1>0</Value1>
              </Entry>
            </Values>
            <Value0>147456</Value0>
            <Value1>655360</Value1>
          </Entry>
          <Entry>
            <Values />
            <Value0>147458</Value0>
            <Value1>720896</Value1>
          </Entry>
          <Entry>
            <Values>
              <Entry>
                <Value0>13866</Value0>
                <Value1>0</Value1>
              </Entry>
            </Values>
            <Value0>147456</Value0>
            <Value1>786432</Value1>
          </Entry>
        </Unknown>
        <Dialogs>
          <Dialog>高嶺</Dialog>
          <Dialog>Come to think of it, do 
you want to put salt in 
your coffe?</Dialog>
          <Dialog>○○○○○○○○</Dialog>
          <Dialog>Huh?</Dialog>
          <Dialog>What other unusual drinks 
are you drinking?</Dialog>
          <Dialog>It was a joke... But, I 
used to drink chili sauce a 
long time ago.</Dialog>
          <Dialog>Oh, nice. Do you love chili 
sauce?</Dialog>
          <Dialog>I didn't liked it. I 
mistakenly tought it was 
tomato juice...</Dialog>
          <Dialog>Was it next to the tomato 
juice? The same as papa.</Dialog>
          <Dialog>What do you mean?</Dialog>
          <Dialog>Papa confused chili sauce 
as tomato juice.</Dialog>
          <Dialog>Huh, I think I'll try it 
next time.</Dialog>
          <Dialog>Fufu, when you meet papa 
someday, can I tell him 
what you think?</Dialog>
        </Dialogs>
      </SDL2>
    </Entry>
    <Entry Unknown0="869661262" Unknown1="4293293347">
      <SDL2 Key="3812209001">
        <Unknown>
          <Entry>
            <Values />
            <Value0>147456</Value0>
            <Value1>65536</Value1>
          </Entry>
          <Entry>
            <Values>
              <Entry>
                <Value0>13867</Value0>
                <Value1>0</Value1>
              </Entry>
            </Values>
            <Value0>147458</Value0>
            <Value1>196608</Value1>
          </Entry>
          <Entry>
            <Values />
            <Value0>147456</Value0>
            <Value1>262144</Value1>
          </Entry>
          <Entry>
            <Values>
              <Entry>
                <Value0>13868</Value0>
                <Value1>0</Value1>
              </Entry>
            </Values>
            <Value0>147458</Value0>
            <Value1>327680</Value1>
          </Entry>
          <Entry>
            <Values />
            <Value0>147456</Value0>
            <Value1>393216</Value1>
          </Entry>
          <Entry>
            <Values>
              <Entry>
                <Value0>13869</Value0>
                <Value1>0</Value1>
              </Entry>
            </Values>
            <Value0>147458</Value0>
            <Value1>458752</Value1>
          </Entry>
          <Entry>
            <Values />
            <Value0>147456</Value0>
            <Value1>524288</Value1>
          </Entry>
          <Entry>
            <Values>
              <Entry>
                <Value0>13870</Value0>
                <Value1>0</Value1>
              </Entry>
            </Values>
            <Value0>147458</Value0>
            <Value1>589824</Value1>
          </Entry>
          <Entry>
            <Values />
            <Value0>147456</Value0>
            <Value1>655360</Value1>
          </Entry>
        </Unknown>
        <Dialogs>
          <Dialog>○○○○○○○○</Dialog>
          <Dialog>It was a surprising use of 
chili sauce and I tried it 
an a mackerel can.</Dialog>
          <Dialog>高嶺</Dialog>
          <Dialog>How was it?</Dialog>
          <Dialog>It was pretty delicious.</Dialog>
          <Dialog>How does it taste?</Dialog>
          <Dialog>It was like mackerel 
muniel. It had a strong 
sour-flavor.</Dialog>
          <Dialog>I guess it's a lemon 
substitute.</Dialog>
          <Dialog>Eh... Well, if you say so, 
that sounds right.</Dialog>
          <Dialog>Fufu, why don't you try 
lemons next time?</Dialog>
          <Dialog>... I will do that.</Dialog>
        </Dialogs>
      </SDL2>
    </Entry>
    <Entry Unknown0="2357351615" Unknown1="2738415312">
      <SDL2 Key="3812209001">
        <Unknown>
          <Entry>
            <Values>
              <Entry>
                <Value0>13871</Value0>
                <Value1>0</Value1>
              </Entry>
            </Values>
            <Value0>147456</Value0>
            <Value1>65536</Value1>
          </Entry>
          <Entry>
            <Values />
            <Value0>147458</Value0>
            <Value1>196608</Value1>
          </Entry>
          <Entry>
            <Values>
              <Entry>
                <Value0>13872</Value0>
                <Value1>0</Value1>
              </Entry>
            </Values>
            <Value0>147456</Value0>
            <Value1>262144</Value1>
          </Entry>
          <Entry>
            <Values />
            <Value0>147458</Value0>
            <Value1>327680</Value1>
          </Entry>
          <Entry>
            <Values>
              <Entry>
                <Value0>13873</Value0>
                <Value1>0</Value1>
              </Entry>
            </Values>
            <Value0>147456</Value0>
            <Value1>393216</Value1>
          </Entry>
          <Entry>
            <Values />
            <Value0>147458</Value0>
            <Value1>458752</Value1>
          </Entry>
          <Entry>
            <Values>
              <Entry>
                <Value0>13874</Value0>
                <Value1>0</Value1>
              </Entry>
            </Values>
            <Value0>147456</Value0>
            <Value1>524288</Value1>
          </Entry>
          <Entry>
            <Values />
            <Value0>147458</Value0>
            <Value1>589824</Value1>
          </Entry>
          <Entry>
            <Values>
              <Entry>
                <Value0>13875</Value0>
                <Value1>0</Value1>
              </Entry>
            </Values>
            <Value0>147456</Value0>
            <Value1>655360</Value1>
          </Entry>
          <Entry>
            <Values />
            <Value0>147458</Value0>
            <Value1>720896</Value1>
          </Entry>
        </Unknown>
        <Dialogs>
          <Dialog>高嶺</Dialog>
          <Dialog>Hey, you live alone, right?</Dialog>
          <Dialog>○○○○○○○○</Dialog>
          <Dialog>Hmm? Yeah.</Dialog>
          <Dialog>Do you do your housework 
properly?</Dialog>
          <Dialog>Well, in its own way. I'm 
doing it... well?</Dialog>
          <Dialog>Really?</Dialog>
          <Dialog>It's okay. I'm doing it 
properly.</Dialog>
          <Dialog>Then it's fine.</Dialog>
          <Dialog>I wonder if it's so 
dangerous.</Dialog>
          <Dialog>That's not the case... I'm 
worried about you.</Dialog>
          <Dialog>（I don't know...）</Dialog>
        </Dialogs>
      </SDL2>
    </Entry>
    <Entry Unknown0="1372899180" Unknown1="4037645090">
      <SDL2 Key="2885370959">
        <Unknown>
          <Entry>
            <Values>
              <Entry>
                <Value0>13876</Value0>
                <Value1>0</Value1>
              </Entry>
            </Values>
            <Value0>147456</Value0>
            <Value1>65536</Value1>
          </Entry>
          <Entry>
            <Values />
            <Value0>147458</Value0>
            <Value1>196608</Value1>
          </Entry>
          <Entry>
            <Values>
              <Entry>
                <Value0>13877</Value0>
                <Value1>0</Value1>
              </Entry>
              <Entry>
                <Value0>13878</Value0>
                <Value1>500</Value1>
              </Entry>
            </Values>
            <Value0>147456</Value0>
            <Value1>262144</Value1>
          </Entry>
          <Entry>
            <Values />
            <Value0>147458</Value0>
            <Value1>327680</Value1>
          </Entry>
          <Entry>
            <Values>
              <Entry>
                <Value0>13879</Value0>
                <Value1>0</Value1>
              </Entry>
            </Values>
            <Value0>147456</Value0>
            <Value1>393216</Value1>
          </Entry>
          <Entry>
            <Values />
            <Value0>147458</Value0>
            <Value1>458752</Value1>
          </Entry>
          <Entry>
            <Values>
              <Entry>
                <Value0>13880</Value0>
                <Value1>0</Value1>
              </Entry>
            </Values>
            <Value0>147456</Value0>
            <Value1>524288</Value1>
          </Entry>
          <Entry>
            <Values />
            <Value0>147458</Value0>
            <Value1>589824</Value1>
          </Entry>
          <Entry>
            <Values>
              <Entry>
                <Value0>13881</Value0>
                <Value1>0</Value1>
              </Entry>
            </Values>
            <Value0>147456</Value0>
            <Value1>655360</Value1>
          </Entry>
          <Entry>
            <Values />
            <Value0>147458</Value0>
            <Value1>720896</Value1>
          </Entry>
        </Unknown>
        <Dialogs>
          <Dialog>高嶺</Dialog>
          <Dialog>Hey, it's about the 
housework.</Dialog>
          <Dialog>○○○○○○○○</Dialog>
          <Dialog>Oh, I'm doing it properly.</Dialog>
          <Dialog>Also the cleaning? Are the 
rooms clean?</Dialog>
          <Dialog>▲高嶺＊＊▲, it might not look 
so... from your point of view.</Dialog>
          <Dialog>I'm getting worried...</Dialog>
          <Dialog>I think it's okay, though. 
I know where things are, 
and there are no 
cockroaches...</Dialog>
          <Dialog>Kya!</Dialog>
          <Dialog>Hmm?</Dialog>
          <Dialog>N-nothing...</Dialog>
          <Dialog>（You don't like them, do 
you...）</Dialog>
        </Dialogs>
      </SDL2>
    </Entry>
    <Entry Unknown0="2202364606" Unknown1="1616307603">
      <SDL2 Key="2885370959">
        <Unknown>
          <Entry>
            <Values>
              <Entry>
                <Value0>13882</Value0>
                <Value1>0</Value1>
              </Entry>
            </Values>
            <Value0>147456</Value0>
            <Value1>65536</Value1>
          </Entry>
          <Entry>
            <Values />
            <Value0>147458</Value0>
            <Value1>196608</Value1>
          </Entry>
          <Entry>
            <Values>
              <Entry>
                <Value0>13883</Value0>
                <Value1>0</Value1>
              </Entry>
            </Values>
            <Value0>147456</Value0>
            <Value1>262144</Value1>
          </Entry>
          <Entry>
            <Values />
            <Value0>147458</Value0>
            <Value1>327680</Value1>
          </Entry>
          <Entry>
            <Values>
              <Entry>
                <Value0>13884</Value0>
                <Value1>0</Value1>
              </Entry>
            </Values>
            <Value0>147456</Value0>
            <Value1>393216</Value1>
          </Entry>
          <Entry>
            <Values />
            <Value0>147458</Value0>
            <Value1>458752</Value1>
          </Entry>
          <Entry>
            <Values>
              <Entry>
                <Value0>13885</Value0>
                <Value1>0</Value1>
              </Entry>
            </Values>
            <Value0>147456</Value0>
            <Value1>524288</Value1>
          </Entry>
          <Entry>
            <Values />
            <Value0>147458</Value0>
            <Value1>589824</Value1>
          </Entry>
          <Entry>
            <Values>
              <Entry>
                <Value0>13886</Value0>
                <Value1>0</Value1>
              </Entry>
            </Values>
            <Value0>147456</Value0>
            <Value1>655360</Value1>
          </Entry>
          <Entry>
            <Values />
            <Value0>147458</Value0>
            <Value1>720896</Value1>
          </Entry>
        </Unknown>
        <Dialogs>
          <Dialog>高嶺</Dialog>
          <Dialog>If I'm persistent, would 
you forgive me?</Dialog>
          <Dialog>○○○○○○○○</Dialog>
          <Dialog>Hmm?</Dialog>
          <Dialog>About the housework...</Dialog>
          <Dialog>Oh, I know you care so much.</Dialog>
          <Dialog>How about washing?</Dialog>
          <Dialog>I try to do it sometimes, 
but...</Dialog>
          <Dialog>Huh, you don't do it 
everyday?</Dialog>
          <Dialog>Almost... every day. It's 
just me, so it's not that 
much.</Dialog>
          <Dialog>Hmm...</Dialog>
          <Dialog>（You don't have to worry 
that much...）</Dialog>
        </Dialogs>
      </SDL2>
    </Entry>
    <Entry Unknown0="485671983" Unknown1="346576448">
      <SDL2 Key="3711658651">
        <Unknown>
          <Entry>
            <Values>
              <Entry>
                <Value0>13887</Value0>
                <Value1>0</Value1>
              </Entry>
            </Values>
            <Value0>147456</Value0>
            <Value1>65536</Value1>
          </Entry>
          <Entry>
            <Values />
            <Value0>147458</Value0>
            <Value1>196608</Value1>
          </Entry>
          <Entry>
            <Values>
              <Entry>
                <Value0>13888</Value0>
                <Value1>0</Value1>
              </Entry>
            </Values>
            <Value0>147456</Value0>
            <Value1>262144</Value1>
          </Entry>
          <Entry>
            <Values />
            <Value0>147458</Value0>
            <Value1>327680</Value1>
          </Entry>
          <Entry>
            <Values>
              <Entry>
                <Value0>13889</Value0>
                <Value1>0</Value1>
              </Entry>
            </Values>
            <Value0>147456</Value0>
            <Value1>393216</Value1>
          </Entry>
          <Entry>
            <Values />
            <Value0>147458</Value0>
            <Value1>458752</Value1>
          </Entry>
          <Entry>
            <Values>
              <Entry>
                <Value0>13890</Value0>
                <Value1>0</Value1>
              </Entry>
            </Values>
            <Value0>147456</Value0>
            <Value1>524288</Value1>
          </Entry>
          <Entry>
            <Values />
            <Value0>147458</Value0>
            <Value1>589824</Value1>
          </Entry>
          <Entry>
            <Values>
              <Entry>
                <Value0>13891</Value0>
                <Value1>0</Value1>
              </Entry>
            </Values>
            <Value0>147456</Value0>
            <Value1>655360</Value1>
          </Entry>
          <Entry>
            <Values />
            <Value0>147458</Value0>
            <Value1>720896</Value1>
          </Entry>
          <Entry>
            <Values>
              <Entry>
                <Value0>13892</Value0>
                <Value1>0</Value1>
              </Entry>
              <Entry>
                <Value0>13893</Value0>
                <Value1>2000</Value1>
              </Entry>
            </Values>
            <Value0>147456</Value0>
            <Value1>786432</Value1>
          </Entry>
          <Entry>
            <Values />
            <Value0>147458</Value0>
            <Value1>851968</Value1>
          </Entry>
        </Unknown>
        <Dialogs>
          <Dialog>高嶺</Dialog>
          <Dialog>Hey, I was thinking...</Dialog>
          <Dialog>○○○○○○○○</Dialog>
          <Dialog>What?</Dialog>
          <Dialog>I think I should help you 
with your housework.</Dialog>
          <Dialog>Huh,▲高嶺＊＊▲ wants to help!?</Dialog>
          <Dialog>... I knew it, can't I?</Dialog>
          <Dialog>I don't hate it, but... I 
think it's not good. And 
your parents would worry.</Dialog>
          <Dialog>Why would mama and papa 
worry?</Dialog>
          <Dialog>I don't know why... I'm 
just sure.</Dialog>
          <Dialog>...</Dialog>
          <Dialog>I'll ask you if you really 
need me, so it's all good.</Dialog>
          <Dialog>Yes... I'll keep it in mind 
for the future, okay?</Dialog>
          <Dialog>（Then... are you looking 
for it?）</Dialog>
        </Dialogs>
      </SDL2>
    </Entry>
    <Entry Unknown0="2705635292" Unknown1="2132345746">
      <SDL2 Key="3711658651">
        <Unknown>
          <Entry>
            <Values>
              <Entry>
                <Value0>13894</Value0>
                <Value1>0</Value1>
              </Entry>
            </Values>
            <Value0>147456</Value0>
            <Value1>65536</Value1>
          </Entry>
          <Entry>
            <Values />
            <Value0>147458</Value0>
            <Value1>196608</Value1>
          </Entry>
          <Entry>
            <Values>
              <Entry>
                <Value0>13895</Value0>
                <Value1>0</Value1>
              </Entry>
              <Entry>
                <Value0>13896</Value0>
                <Value1>2000</Value1>
              </Entry>
            </Values>
            <Value0>147456</Value0>
            <Value1>262144</Value1>
          </Entry>
          <Entry>
            <Values />
            <Value0>147458</Value0>
            <Value1>327680</Value1>
          </Entry>
          <Entry>
            <Values>
              <Entry>
                <Value0>13897</Value0>
                <Value1>0</Value1>
              </Entry>
              <Entry>
                <Value0>13898</Value0>
                <Value1>500</Value1>
              </Entry>
            </Values>
            <Value0>147456</Value0>
            <Value1>393216</Value1>
          </Entry>
          <Entry>
            <Values />
            <Value0>147458</Value0>
            <Value1>458752</Value1>
          </Entry>
          <Entry>
            <Values>
              <Entry>
                <Value0>13899</Value0>
                <Value1>0</Value1>
              </Entry>
            </Values>
            <Value0>147456</Value0>
            <Value1>524288</Value1>
          </Entry>
          <Entry>
            <Values />
            <Value0>147458</Value0>
            <Value1>589824</Value1>
          </Entry>
          <Entry>
            <Values>
              <Entry>
                <Value0>13900</Value0>
                <Value1>0</Value1>
              </Entry>
            </Values>
            <Value0>147456</Value0>
            <Value1>655360</Value1>
          </Entry>
          <Entry>
            <Values />
            <Value0>147458</Value0>
            <Value1>720896</Value1>
          </Entry>
          <Entry>
            <Values>
              <Entry>
                <Value0>13901</Value0>
                <Value1>0</Value1>
              </Entry>
            </Values>
            <Value0>147456</Value0>
            <Value1>786432</Value1>
          </Entry>
        </Unknown>
        <Dialogs>
          <Dialog>高嶺</Dialog>
          <Dialog>... I'd like to talk to you 
about fish dishes.</Dialog>
          <Dialog>○○○○○○○○</Dialog>
          <Dialog>Cooking... I wonder if I'll 
be useful. Otherwise, I'll 
be glad.</Dialog>
          <Dialog>Yes, thank you. I tried to 
judge the fish...</Dialog>
          <Dialog>Was it alive?</Dialog>
          <Dialog>No, not really. The fish 
lying on the cutting board 
seems to be staring at me.</Dialog>
          <Dialog>Yes, I'm sure. It's a 
little scary when you meet 
the fish at the supermarket.</Dialog>
          <Dialog>When I looked into its 
eyes, I couldn't point my 
kitchen knife at all...</Dialog>
          <Dialog>Close you eyes... but it 
would be impossible or 
dangerous.</Dialog>
          <Dialog>What should I do?</Dialog>
          <Dialog>It's not a cooking problem. 
Hmm...</Dialog>
          <Dialog>Hmm...</Dialog>
        </Dialogs>
      </SDL2>
    </Entry>
    <Entry Unknown0="330684974" Unknown1="3385218307">
      <SDL2 Key="3850127928">
        <Unknown>
          <Entry>
            <Values />
            <Value0>147456</Value0>
            <Value1>65536</Value1>
          </Entry>
          <Entry>
            <Values>
              <Entry>
                <Value0>13902</Value0>
                <Value1>0</Value1>
              </Entry>
            </Values>
            <Value0>147458</Value0>
            <Value1>196608</Value1>
          </Entry>
          <Entry>
            <Values />
            <Value0>147456</Value0>
            <Value1>262144</Value1>
          </Entry>
          <Entry>
            <Values>
              <Entry>
                <Value0>13903</Value0>
                <Value1>0</Value1>
              </Entry>
            </Values>
            <Value0>147458</Value0>
            <Value1>327680</Value1>
          </Entry>
          <Entry>
            <Values />
            <Value0>147456</Value0>
            <Value1>393216</Value1>
          </Entry>
          <Entry>
            <Values>
              <Entry>
                <Value0>13904</Value0>
                <Value1>0</Value1>
              </Entry>
              <Entry>
                <Value0>13905</Value0>
                <Value1>500</Value1>
              </Entry>
            </Values>
            <Value0>147458</Value0>
            <Value1>458752</Value1>
          </Entry>
          <Entry>
            <Values />
            <Value0>147456</Value0>
            <Value1>524288</Value1>
          </Entry>
          <Entry>
            <Values>
              <Entry>
                <Value0>13906</Value0>
                <Value1>0</Value1>
              </Entry>
              <Entry>
                <Value0>13907</Value0>
                <Value1>500</Value1>
              </Entry>
            </Values>
            <Value0>147458</Value0>
            <Value1>589824</Value1>
          </Entry>
          <Entry>
            <Values />
            <Value0>147456</Value0>
            <Value1>655360</Value1>
          </Entry>
          <Entry>
            <Values>
              <Entry>
                <Value0>13908</Value0>
                <Value1>0</Value1>
              </Entry>
            </Values>
            <Value0>147458</Value0>
            <Value1>720896</Value1>
          </Entry>
          <Entry>
            <Values />
            <Value0>147456</Value0>
            <Value1>786432</Value1>
          </Entry>
          <Entry>
            <Values>
              <Entry>
                <Value0>13909</Value0>
                <Value1>0</Value1>
              </Entry>
            </Values>
            <Value0>147458</Value0>
            <Value1>851968</Value1>
          </Entry>
        </Unknown>
        <Dialogs>
          <Dialog>○○○○○○○○</Dialog>
          <Dialog>It's about the fish dish 
you mentioned before.</Dialog>
          <Dialog>高嶺</Dialog>
          <Dialog>Yes.</Dialog>
          <Dialog>In other words, are you 
afraid of the fish's eyes?</Dialog>
          <Dialog>It's not the eyes 
themselves, but I can seem 
to hear its voice...</Dialog>
          <Dialog>Voice... from the fish?</Dialog>
          <Dialog>"What are you doing?", 
"What are you doing to 
me?"... That kind of voice.</Dialog>
          <Dialog>You can't actually hear it, 
can you?</Dialog>
          <Dialog>Of course. Doens't happen 
to you? I even hear stuffed 
animals.</Dialog>
          <Dialog>I don't have stuffed 
animals in my room...</Dialog>
          <Dialog>It feels like the stuffed 
bunny will say "Welcome 
back", "Did you have fun?". 
I can hear things like that.</Dialog>
          <Dialog>I'm not affaid of that.</Dialog>
          <Dialog>Of course.</Dialog>
        </Dialogs>
      </SDL2>
    </Entry>
    <Entry Unknown0="1818408095" Unknown1="2669201072">
      <SDL2 Key="2638134782">
        <Unknown>
          <Entry>
            <Values />
            <Value0>147456</Value0>
            <Value1>65536</Value1>
          </Entry>
          <Entry>
            <Values>
              <Entry>
                <Value0>13910</Value0>
                <Value1>0</Value1>
              </Entry>
            </Values>
            <Value0>147458</Value0>
            <Value1>196608</Value1>
          </Entry>
          <Entry>
            <Values />
            <Value0>147456</Value0>
            <Value1>262144</Value1>
          </Entry>
          <Entry>
            <Values>
              <Entry>
                <Value0>13911</Value0>
                <Value1>0</Value1>
              </Entry>
              <Entry>
                <Value0>13912</Value0>
                <Value1>500</Value1>
              </Entry>
            </Values>
            <Value0>147458</Value0>
            <Value1>327680</Value1>
          </Entry>
          <Entry>
            <Values />
            <Value0>147456</Value0>
            <Value1>393216</Value1>
          </Entry>
          <Entry>
            <Values>
              <Entry>
                <Value0>13913</Value0>
                <Value1>0</Value1>
              </Entry>
            </Values>
            <Value0>147458</Value0>
            <Value1>458752</Value1>
          </Entry>
          <Entry>
            <Values />
            <Value0>147456</Value0>
            <Value1>524288</Value1>
          </Entry>
          <Entry>
            <Values>
              <Entry>
                <Value0>13914</Value0>
                <Value1>0</Value1>
              </Entry>
            </Values>
            <Value0>147458</Value0>
            <Value1>589824</Value1>
          </Entry>
          <Entry>
            <Values />
            <Value0>147456</Value0>
            <Value1>655360</Value1>
          </Entry>
          <Entry>
            <Values>
              <Entry>
                <Value0>13915</Value0>
                <Value1>0</Value1>
              </Entry>
            </Values>
            <Value0>147458</Value0>
            <Value1>720896</Value1>
          </Entry>
          <Entry>
            <Values />
            <Value0>147456</Value0>
            <Value1>786432</Value1>
          </Entry>
        </Unknown>
        <Dialogs>
          <Dialog>○○○○○○○○</Dialog>
          <Dialog>It's about the fish dishes.</Dialog>
          <Dialog>高嶺</Dialog>
          <Dialog>Yes, isn't there a good way?</Dialog>
          <Dialog>Why don't you turn your 
face when you buy it?</Dialog>
          <Dialog>If that's the case, I can't 
see how fresh it is... And 
it's not a fundamental 
solution.</Dialog>
          <Dialog>Why don't you wear 
sunglasess and cook? You 
won't even see the eyes of 
the fish.</Dialog>
          <Dialog>Then I would look like a 
weird person.</Dialog>
          <Dialog>Paint the fish's eyes. Even 
magic paint is good.</Dialog>
          <Dialog>That would be a little 
cruel...</Dialog>
          <Dialog>But they are already dead.</Dialog>
          <Dialog>Even so... it's not good.</Dialog>
          <Dialog>Well, that's right...</Dialog>
        </Dialogs>
      </SDL2>
    </Entry>
    <Entry Unknown0="833890124" Unknown1="3431559938">
      <SDL2 Key="2638134782">
        <Unknown>
          <Entry>
            <Values />
            <Value0>147456</Value0>
            <Value1>65536</Value1>
          </Entry>
          <Entry>
            <Values>
              <Entry>
                <Value0>13916</Value0>
                <Value1>0</Value1>
              </Entry>
            </Values>
            <Value0>147458</Value0>
            <Value1>196608</Value1>
          </Entry>
          <Entry>
            <Values />
            <Value0>147456</Value0>
            <Value1>262144</Value1>
          </Entry>
          <Entry>
            <Values>
              <Entry>
                <Value0>13917</Value0>
                <Value1>0</Value1>
              </Entry>
              <Entry>
                <Value0>13918</Value0>
                <Value1>500</Value1>
              </Entry>
            </Values>
            <Value0>147458</Value0>
            <Value1>327680</Value1>
          </Entry>
          <Entry>
            <Values />
            <Value0>147456</Value0>
            <Value1>393216</Value1>
          </Entry>
          <Entry>
            <Values>
              <Entry>
                <Value0>13919</Value0>
                <Value1>0</Value1>
              </Entry>
            </Values>
            <Value0>147458</Value0>
            <Value1>458752</Value1>
          </Entry>
          <Entry>
            <Values />
            <Value0>147456</Value0>
            <Value1>524288</Value1>
          </Entry>
          <Entry>
            <Values>
              <Entry>
                <Value0>13920</Value0>
                <Value1>0</Value1>
              </Entry>
            </Values>
            <Value0>147458</Value0>
            <Value1>589824</Value1>
          </Entry>
          <Entry>
            <Values />
            <Value0>147456</Value0>
            <Value1>655360</Value1>
          </Entry>
          <Entry>
            <Values>
              <Entry>
                <Value0>13921</Value0>
                <Value1>0</Value1>
              </Entry>
            </Values>
            <Value0>147458</Value0>
            <Value1>720896</Value1>
          </Entry>
          <Entry>
            <Values />
            <Value0>147456</Value0>
            <Value1>786432</Value1>
          </Entry>
          <Entry>
            <Values>
              <Entry>
                <Value0>13922</Value0>
                <Value1>0</Value1>
              </Entry>
              <Entry>
                <Value0>13923</Value0>
                <Value1>500</Value1>
              </Entry>
            </Values>
            <Value0>147458</Value0>
            <Value1>851968</Value1>
          </Entry>
          <Entry>
            <Values>
              <Entry>
                <Value0>13924</Value0>
                <Value1>0</Value1>
              </Entry>
              <Entry>
                <Value0>13925</Value0>
                <Value1>500</Value1>
              </Entry>
            </Values>
            <Value0>147458</Value0>
            <Value1>917504</Value1>
          </Entry>
        </Unknown>
        <Dialogs>
          <Dialog>○○○○○○○○</Dialog>
          <Dialog>About the problem of 
cooking fish.</Dialog>
          <Dialog>高嶺</Dialog>
          <Dialog>Yes.</Dialog>
          <Dialog>You should hide the eyes of 
the fish, cover them with a 
cloth.</Dialog>
          <Dialog>I've already done it, but I 
can still feel them. Those 
eyes under the cloth... 
gazing.</Dialog>
          <Dialog>Then... I have it!</Dialog>
          <Dialog>What's wrong?</Dialog>
          <Dialog>I will scold it. Don't 
complain to▲高嶺＊＊▲!</Dialog>
          <Dialog>The fish...?</Dialog>
          <Dialog>That's right, don't scare 
other people's girlfriends!</Dialog>
          <Dialog>The fish fot angry... 
That's why I can eat it.</Dialog>
          <Dialog>...That's right!</Dialog>
          <Dialog>I feel a little pity for 
it. But... okay.</Dialog>
          <Dialog>I will cook while thinking 
you are on my side. If I 
can do that, I will be fine.</Dialog>
        </Dialogs>
      </SDL2>
    </Entry>
    <Entry Unknown0="1663388318" Unknown1="1379321203">
      <SDL2 Key="3481134425">
        <Unknown>
          <Entry>
            <Values>
              <Entry>
                <Value0>13926</Value0>
                <Value1>0</Value1>
              </Entry>
            </Values>
            <Value0>147456</Value0>
            <Value1>65536</Value1>
          </Entry>
          <Entry>
            <Values />
            <Value0>147458</Value0>
            <Value1>196608</Value1>
          </Entry>
          <Entry>
            <Values>
              <Entry>
                <Value0>13927</Value0>
                <Value1>0</Value1>
              </Entry>
            </Values>
            <Value0>147456</Value0>
            <Value1>262144</Value1>
          </Entry>
          <Entry>
            <Values>
              <Entry>
                <Value0>13928</Value0>
                <Value1>0</Value1>
              </Entry>
            </Values>
            <Value0>147456</Value0>
            <Value1>327680</Value1>
          </Entry>
          <Entry>
            <Values />
            <Value0>147458</Value0>
            <Value1>393216</Value1>
          </Entry>
          <Entry>
            <Values>
              <Entry>
                <Value0>13929</Value0>
                <Value1>0</Value1>
              </Entry>
              <Entry>
                <Value0>13930</Value0>
                <Value1>500</Value1>
              </Entry>
            </Values>
            <Value0>147456</Value0>
            <Value1>458752</Value1>
          </Entry>
          <Entry>
            <Values />
            <Value0>147458</Value0>
            <Value1>524288</Value1>
          </Entry>
          <Entry>
            <Values>
              <Entry>
                <Value0>13931</Value0>
                <Value1>0</Value1>
              </Entry>
            </Values>
            <Value0>147456</Value0>
            <Value1>589824</Value1>
          </Entry>
          <Entry>
            <Values />
            <Value0>147458</Value0>
            <Value1>655360</Value1>
          </Entry>
          <Entry>
            <Values>
              <Entry>
                <Value0>13932</Value0>
                <Value1>0</Value1>
              </Entry>
              <Entry>
                <Value0>13933</Value0>
                <Value1>500</Value1>
              </Entry>
            </Values>
            <Value0>147456</Value0>
            <Value1>720896</Value1>
          </Entry>
          <Entry>
            <Values />
            <Value0>147458</Value0>
            <Value1>786432</Value1>
          </Entry>
          <Entry>
            <Values>
              <Entry>
                <Value0>13934</Value0>
                <Value1>0</Value1>
              </Entry>
              <Entry>
                <Value0>13935</Value0>
                <Value1>500</Value1>
              </Entry>
            </Values>
            <Value0>147456</Value0>
            <Value1>851968</Value1>
          </Entry>
          <Entry>
            <Values />
            <Value0>147458</Value0>
            <Value1>917504</Value1>
          </Entry>
        </Unknown>
        <Dialogs>
          <Dialog>高嶺</Dialog>
          <Dialog>There's something I'd like 
to tell you.</Dialog>
          <Dialog>○○○○○○○○</Dialog>
          <Dialog>What?</Dialog>
          <Dialog>I often don't understand 
the words everyone uses...</Dialog>
          <Dialog>Sometimes I miss myself in 
the conversation.</Dialog>
          <Dialog>Ah, I see. It's okay, I 
know some words.</Dialog>
          <Dialog>Thank you. Then... what is 
"Gachi"?</Dialog>
          <Dialog>"Gachi" is...</Dialog>
          <Dialog>How do you write its kanji?</Dialog>
          <Dialog>...Kanji?</Dialog>
          <Dialog>A fair game, seriously... I 
understand the meaning, but 
I don't understand the 
kanji.</Dialog>
          <Dialog>Gachi, uh... "Ga" means I, 
and "chi" means... blood?</Dialog>
          <Dialog>I see! That's great, thank 
you.</Dialog>
          <Dialog>...I'm sorry,▲高嶺＊＊▲. It was 
a joke...</Dialog>
        </Dialogs>
      </SDL2>
    </Entry>
    <Entry Unknown0="4241630223" Unknown1="3867686432">
      <SDL2 Key="3481134425">
        <Unknown>
          <Entry>
            <Values>
              <Entry>
                <Value0>13936</Value0>
                <Value1>0</Value1>
              </Entry>
            </Values>
            <Value0>147456</Value0>
            <Value1>65536</Value1>
          </Entry>
          <Entry>
            <Values />
            <Value0>147458</Value0>
            <Value1>196608</Value1>
          </Entry>
          <Entry>
            <Values>
              <Entry>
                <Value0>13937</Value0>
                <Value1>0</Value1>
              </Entry>
            </Values>
            <Value0>147456</Value0>
            <Value1>262144</Value1>
          </Entry>
          <Entry>
            <Values />
            <Value0>147458</Value0>
            <Value1>327680</Value1>
          </Entry>
          <Entry>
            <Values>
              <Entry>
                <Value0>13938</Value0>
                <Value1>0</Value1>
              </Entry>
            </Values>
            <Value0>147456</Value0>
            <Value1>393216</Value1>
          </Entry>
          <Entry>
            <Values />
            <Value0>147458</Value0>
            <Value1>458752</Value1>
          </Entry>
          <Entry>
            <Values>
              <Entry>
                <Value0>13939</Value0>
                <Value1>0</Value1>
              </Entry>
            </Values>
            <Value0>147456</Value0>
            <Value1>524288</Value1>
          </Entry>
          <Entry>
            <Values />
            <Value0>147458</Value0>
            <Value1>589824</Value1>
          </Entry>
          <Entry>
            <Values>
              <Entry>
                <Value0>13940</Value0>
                <Value1>0</Value1>
              </Entry>
            </Values>
            <Value0>147456</Value0>
            <Value1>655360</Value1>
          </Entry>
          <Entry>
            <Values />
            <Value0>147458</Value0>
            <Value1>720896</Value1>
          </Entry>
          <Entry>
            <Values>
              <Entry>
                <Value0>13941</Value0>
                <Value1>0</Value1>
              </Entry>
            </Values>
            <Value0>147456</Value0>
            <Value1>786432</Value1>
          </Entry>
        </Unknown>
        <Dialogs>
          <Dialog>高嶺</Dialog>
          <Dialog>You know, there's another 
popular word I don't 
understand...</Dialog>
          <Dialog>○○○○○○○○</Dialog>
          <Dialog>What kind?</Dialog>
          <Dialog>What does women's power 
mean?</Dialog>
          <Dialog>Well,▲高嶺＊＊▲ has high girl 
power.</Dialog>
          <Dialog>My friend told me, is that 
a good thing?</Dialog>
          <Dialog>Of course, it's expensive.</Dialog>
          <Dialog>Then, are you high on male 
power?</Dialog>
          <Dialog>...I wonder. It's different 
from boyfriend's power.</Dialog>
          <Dialog>?</Dialog>
          <Dialog>Whatever!</Dialog>
          <Dialog>... It's weird.</Dialog>
        </Dialogs>
      </SDL2>
    </Entry>
    <Entry Unknown0="2166659004" Unknown1="1811538802">
      <SDL2 Key="4289538997">
        <Unknown>
          <Entry>
            <Values>
              <Entry>
                <Value0>13942</Value0>
                <Value1>0</Value1>
              </Entry>
              <Entry>
                <Value0>13943</Value0>
                <Value1>500</Value1>
              </Entry>
            </Values>
            <Value0>147456</Value0>
            <Value1>65536</Value1>
          </Entry>
          <Entry>
            <Values />
            <Value0>147458</Value0>
            <Value1>196608</Value1>
          </Entry>
          <Entry>
            <Values>
              <Entry>
                <Value0>13944</Value0>
                <Value1>0</Value1>
              </Entry>
              <Entry>
                <Value0>13945</Value0>
                <Value1>500</Value1>
              </Entry>
              <Entry>
                <Value0>13946</Value0>
                <Value1>500</Value1>
              </Entry>
            </Values>
            <Value0>147456</Value0>
            <Value1>262144</Value1>
          </Entry>
          <Entry>
            <Values />
            <Value0>147458</Value0>
            <Value1>327680</Value1>
          </Entry>
          <Entry>
            <Values>
              <Entry>
                <Value0>13947</Value0>
                <Value1>0</Value1>
              </Entry>
            </Values>
            <Value0>147456</Value0>
            <Value1>393216</Value1>
          </Entry>
          <Entry>
            <Values />
            <Value0>147458</Value0>
            <Value1>458752</Value1>
          </Entry>
          <Entry>
            <Values>
              <Entry>
                <Value0>13948</Value0>
                <Value1>0</Value1>
              </Entry>
            </Values>
            <Value0>147456</Value0>
            <Value1>524288</Value1>
          </Entry>
          <Entry>
            <Values />
            <Value0>147458</Value0>
            <Value1>589824</Value1>
          </Entry>
          <Entry>
            <Values>
              <Entry>
                <Value0>13949</Value0>
                <Value1>0</Value1>
              </Entry>
            </Values>
            <Value0>147456</Value0>
            <Value1>655360</Value1>
          </Entry>
          <Entry>
            <Values />
            <Value0>147458</Value0>
            <Value1>720896</Value1>
          </Entry>
          <Entry>
            <Values>
              <Entry>
                <Value0>13950</Value0>
                <Value1>0</Value1>
              </Entry>
              <Entry>
                <Value0>13951</Value0>
                <Value1>2000</Value1>
              </Entry>
            </Values>
            <Value0>147456</Value0>
            <Value1>786432</Value1>
          </Entry>
          <Entry>
            <Values />
            <Value0>147458</Value0>
            <Value1>851968</Value1>
          </Entry>
        </Unknown>
        <Dialogs>
          <Dialog>高嶺</Dialog>
          <Dialog>Hey. What kind of person is 
"Pane"?</Dialog>
          <Dialog>○○○○○○○○</Dialog>
          <Dialog>Marzipan.</Dialog>
          <Dialog>Yes, that's the one. I 
really understand what it 
means. I think it should be 
called Pa nee-san.</Dialog>
          <Dialog>I don't think "Pa nee-san" 
is correct.</Dialog>
          <Dialog>You don't have to laugh so 
much...</Dialog>
          <Dialog>Sorry, sorry.</Dialog>
          <Dialog>You mean... it isn't about 
people?</Dialog>
          <Dialog>It might be a person.</Dialog>
          <Dialog>Oh, is that right?</Dialog>
          <Dialog>It may not be a person.</Dialog>
          <Dialog>Eh... Oh, come on! I'm 
messing around with you.</Dialog>
          <Dialog>Ha ha.</Dialog>
        </Dialogs>
      </SDL2>
    </Entry>
    <Entry Unknown0="4086643214" Unknown1="2644915683">
      <SDL2 Key="4289538997">
        <Unknown>
          <Entry>
            <Values>
              <Entry>
                <Value0>13952</Value0>
                <Value1>0</Value1>
              </Entry>
              <Entry>
                <Value0>13953</Value0>
                <Value1>500</Value1>
              </Entry>
            </Values>
            <Value0>147456</Value0>
            <Value1>65536</Value1>
          </Entry>
          <Entry>
            <Values />
            <Value0>147458</Value0>
            <Value1>196608</Value1>
          </Entry>
          <Entry>
            <Values>
              <Entry>
                <Value0>13954</Value0>
                <Value1>0</Value1>
              </Entry>
              <Entry>
                <Value0>13955</Value0>
                <Value1>500</Value1>
              </Entry>
              <Entry>
                <Value0>13956</Value0>
                <Value1>500</Value1>
              </Entry>
            </Values>
            <Value0>147456</Value0>
            <Value1>262144</Value1>
          </Entry>
          <Entry>
            <Values />
            <Value0>147458</Value0>
            <Value1>327680</Value1>
          </Entry>
          <Entry>
            <Values>
              <Entry>
                <Value0>13957</Value0>
                <Value1>0</Value1>
              </Entry>
            </Values>
            <Value0>147456</Value0>
            <Value1>393216</Value1>
          </Entry>
          <Entry>
            <Values />
            <Value0>147458</Value0>
            <Value1>458752</Value1>
          </Entry>
          <Entry>
            <Values>
              <Entry>
                <Value0>13958</Value0>
                <Value1>0</Value1>
              </Entry>
              <Entry>
                <Value0>13959</Value0>
                <Value1>500</Value1>
              </Entry>
            </Values>
            <Value0>147456</Value0>
            <Value1>524288</Value1>
          </Entry>
          <Entry>
            <Values />
            <Value0>147458</Value0>
            <Value1>589824</Value1>
          </Entry>
          <Entry>
            <Values>
              <Entry>
                <Value0>13960</Value0>
                <Value1>0</Value1>
              </Entry>
            </Values>
            <Value0>147456</Value0>
            <Value1>655360</Value1>
          </Entry>
          <Entry>
            <Values />
            <Value0>147458</Value0>
            <Value1>720896</Value1>
          </Entry>
        </Unknown>
        <Dialogs>
          <Dialog>高嶺</Dialog>
          <Dialog>There are also words that I 
don't understand. When do 
you use "Disuru"?</Dialog>
          <Dialog>○○○○○○○○</Dialog>
          <Dialog>▲高嶺＊＊▲, I don't want to be 
dissed.</Dialog>
          <Dialog>THIS can be done? THIS is 
passive? I wonder what it 
means...</Dialog>
          <Dialog>No, no. It's not "This", 
but "Dis".</Dialog>
          <Dialog>Oh, then that's a bad thing.</Dialog>
          <Dialog>Was it originally a rapper 
term?</Dialog>
          <Dialog>Rap? Is it a music term?</Dialog>
          <Dialog>Well...</Dialog>
          <Dialog>Well, I'll see you later...</Dialog>
          <Dialog>（This thing is one of you 
good points,▲高嶺＊＊▲）</Dialog>
        </Dialogs>
      </SDL2>
    </Entry>
  </Entries>
</DBIN2>