<?xml version="1.0" encoding="utf-8"?>
<DBIN2 xmlns:xsi="http://www.w3.org/2001/XMLSchema-instance" xmlns:xsd="http://www.w3.org/2001/XMLSchema" Key="3587779673" Unknown="100">
  <Entries>
    <Entry Unknown0="1090657834" Unknown1="3610050476">
      <SDL2 Key="1864574811">
        <Unknown>
          <Entry>
            <Values>
              <Entry>
                <Value0>14759</Value0>
                <Value1>0</Value1>
              </Entry>
            </Values>
            <Value0>147456</Value0>
            <Value1>65536</Value1>
          </Entry>
        </Unknown>
        <Dialogs>
          <Dialog>高嶺</Dialog>
          <Dialog>Whass~up~, it's~Ma~na~ka~.</Dialog>
        </Dialogs>
      </SDL2>
    </Entry>
    <Entry Unknown0="1065359872" Unknown1="1411962154">
      <SDL2 Key="1864574811">
        <Unknown>
          <Entry>
            <Values>
              <Entry>
                <Value0>14761</Value0>
                <Value1>0</Value1>
              </Entry>
            </Values>
            <Value0>147456</Value0>
            <Value1>65536</Value1>
          </Entry>
        </Unknown>
        <Dialogs>
          <Dialog>高嶺</Dialog>
          <Dialog>This is a swordfish.</Dialog>
        </Dialogs>
      </SDL2>
    </Entry>
    <Entry Unknown0="3179044990" Unknown1="1409176358">
      <SDL2 Key="2405650102">
        <Unknown>
          <Entry>
            <Values>
              <Entry>
                <Value0>14763</Value0>
                <Value1>0</Value1>
              </Entry>
            </Values>
            <Value0>147456</Value0>
            <Value1>65536</Value1>
          </Entry>
        </Unknown>
        <Dialogs>
          <Dialog>高嶺</Dialog>
          <Dialog>I won't forgive you if you 
don't say it...</Dialog>
        </Dialogs>
      </SDL2>
    </Entry>
    <Entry Unknown0="2975002234" Unknown1="612126716">
      <SDL2 Key="2405650102">
        <Unknown>
          <Entry>
            <Values>
              <Entry>
                <Value0>14765</Value0>
                <Value1>0</Value1>
              </Entry>
            </Values>
            <Value0>147456</Value0>
            <Value1>65536</Value1>
          </Entry>
        </Unknown>
        <Dialogs>
          <Dialog>高嶺</Dialog>
          <Dialog>A bachi scarf feels so 
romantic.</Dialog>
        </Dialogs>
      </SDL2>
    </Entry>
    <Entry Unknown0="1875962448" Unknown1="2709005690">
      <SDL2 Key="2405650102">
        <Unknown>
          <Entry>
            <Values>
              <Entry>
                <Value0>14767</Value0>
                <Value1>0</Value1>
              </Entry>
            </Values>
            <Value0>147456</Value0>
            <Value1>65536</Value1>
          </Entry>
        </Unknown>
        <Dialogs>
          <Dialog>高嶺</Dialog>
          <Dialog>Mao-sama▼</Dialog>
        </Dialogs>
      </SDL2>
    </Entry>
    <Entry Unknown0="3989582030" Unknown1="2756617078">
      <SDL2 Key="2405650102">
        <Unknown>
          <Entry>
            <Values>
              <Entry>
                <Value0>14769</Value0>
                <Value1>0</Value1>
              </Entry>
            </Values>
            <Value0>147456</Value0>
            <Value1>65536</Value1>
          </Entry>
        </Unknown>
        <Dialogs>
          <Dialog>高嶺</Dialog>
          <Dialog>Can I really take it out?</Dialog>
        </Dialogs>
      </SDL2>
    </Entry>
    <Entry Unknown0="3785539274" Unknown1="1909235532">
      <SDL2 Key="2405650102">
        <Unknown>
          <Entry>
            <Values>
              <Entry>
                <Value0>14771</Value0>
                <Value1>0</Value1>
              </Entry>
            </Values>
            <Value0>147456</Value0>
            <Value1>65536</Value1>
          </Entry>
        </Unknown>
        <Dialogs>
          <Dialog>高嶺</Dialog>
          <Dialog>You can do it, maybe.</Dialog>
        </Dialogs>
      </SDL2>
    </Entry>
    <Entry Unknown0="3743464096" Unknown1="4073223626">
      <SDL2 Key="2405650102">
        <Unknown>
          <Entry>
            <Values>
              <Entry>
                <Value0>14773</Value0>
                <Value1>0</Value1>
              </Entry>
            </Values>
            <Value0>147456</Value0>
            <Value1>65536</Value1>
          </Entry>
        </Unknown>
        <Dialogs>
          <Dialog>高嶺</Dialog>
          <Dialog>You don't have to worry 
about it, do you?</Dialog>
        </Dialogs>
      </SDL2>
    </Entry>
    <Entry Unknown0="1562148894" Unknown1="4187943878">
      <SDL2 Key="2405650102">
        <Unknown>
          <Entry>
            <Values>
              <Entry>
                <Value0>14775</Value0>
                <Value1>0</Value1>
              </Entry>
            </Values>
            <Value0>147456</Value0>
            <Value1>65536</Value1>
          </Entry>
        </Unknown>
        <Dialogs>
          <Dialog>高嶺</Dialog>
          <Dialog>Two birds with one stone, 
I did it♪</Dialog>
        </Dialogs>
      </SDL2>
    </Entry>
    <Entry Unknown0="1374817818" Unknown1="3458002844">
      <SDL2 Key="2405650102">
        <Unknown>
          <Entry>
            <Values>
              <Entry>
                <Value0>14777</Value0>
                <Value1>0</Value1>
              </Entry>
            </Values>
            <Value0>147456</Value0>
            <Value1>65536</Value1>
          </Entry>
        </Unknown>
        <Dialogs>
          <Dialog>高嶺</Dialog>
          <Dialog>That's likely around 
100,000 Scoville.</Dialog>
        </Dialogs>
      </SDL2>
    </Entry>
    <Entry Unknown0="259001072" Unknown1="1327023386">
      <SDL2 Key="2405650102">
        <Unknown>
          <Entry>
            <Values>
              <Entry>
                <Value0>14779</Value0>
                <Value1>0</Value1>
              </Entry>
            </Values>
            <Value0>147456</Value0>
            <Value1>65536</Value1>
          </Entry>
        </Unknown>
        <Dialogs>
          <Dialog>高嶺</Dialog>
          <Dialog>Let's do it! Come on! 
Soldiers! Fight! Already, 
stop.</Dialog>
        </Dialogs>
      </SDL2>
    </Entry>
    <Entry Unknown0="2372685934" Unknown1="1257128726">
      <SDL2 Key="2405650102">
        <Unknown>
          <Entry>
            <Values>
              <Entry>
                <Value0>14781</Value0>
                <Value1>0</Value1>
              </Entry>
            </Values>
            <Value0>147456</Value0>
            <Value1>65536</Value1>
          </Entry>
        </Unknown>
        <Dialogs>
          <Dialog>高嶺</Dialog>
          <Dialog>Where's To-Two? A!</Dialog>
        </Dialogs>
      </SDL2>
    </Entry>
    <Entry Unknown0="2168643178" Unknown1="460079084">
      <SDL2 Key="2405650102">
        <Unknown>
          <Entry>
            <Values>
              <Entry>
                <Value0>14783</Value0>
                <Value1>0</Value1>
              </Entry>
            </Values>
            <Value0>147456</Value0>
            <Value1>65536</Value1>
          </Entry>
        </Unknown>
        <Dialogs>
          <Dialog>高嶺</Dialog>
          <Dialog>Don't leave it next to the 
meat!</Dialog>
        </Dialogs>
      </SDL2>
    </Entry>
    <Entry Unknown0="2143345216" Unknown1="2556958058">
      <SDL2 Key="2405650102">
        <Unknown>
          <Entry>
            <Values>
              <Entry>
                <Value0>14785</Value0>
                <Value1>0</Value1>
              </Entry>
            </Values>
            <Value0>147456</Value0>
            <Value1>65536</Value1>
          </Entry>
        </Unknown>
        <Dialogs>
          <Dialog>高嶺</Dialog>
          <Dialog>Not just anyone.</Dialog>
        </Dialogs>
      </SDL2>
    </Entry>
    <Entry Unknown0="4256964798" Unknown1="2671678310">
      <SDL2 Key="2405650102">
        <Unknown>
          <Entry>
            <Values>
              <Entry>
                <Value0>14787</Value0>
                <Value1>0</Value1>
              </Entry>
            </Values>
            <Value0>147456</Value0>
            <Value1>65536</Value1>
          </Entry>
        </Unknown>
        <Dialogs>
          <Dialog>高嶺</Dialog>
          <Dialog>Peel off the scab, and 
what's in there!?</Dialog>
        </Dialogs>
      </SDL2>
    </Entry>
    <Entry Unknown0="4052922042" Unknown1="1757187900">
      <SDL2 Key="2405650102">
        <Unknown>
          <Entry>
            <Values>
              <Entry>
                <Value0>14789</Value0>
                <Value1>0</Value1>
              </Entry>
            </Values>
            <Value0>147456</Value0>
            <Value1>65536</Value1>
          </Entry>
        </Unknown>
        <Dialogs>
          <Dialog>高嶺</Dialog>
          <Dialog>The front is the best!</Dialog>
        </Dialogs>
      </SDL2>
    </Entry>
    <Entry Unknown0="2937105040" Unknown1="4122502586">
      <SDL2 Key="2405650102">
        <Unknown>
          <Entry>
            <Values>
              <Entry>
                <Value0>14791</Value0>
                <Value1>0</Value1>
              </Entry>
            </Values>
            <Value0>147456</Value0>
            <Value1>65536</Value1>
          </Entry>
        </Unknown>
        <Dialogs>
          <Dialog>高嶺</Dialog>
          <Dialog>My ship is Sailor Liebe.</Dialog>
        </Dialogs>
      </SDL2>
    </Entry>
    <Entry Unknown0="755822606" Unknown1="4035896246">
      <SDL2 Key="1227145868">
        <Unknown>
          <Entry>
            <Values>
              <Entry>
                <Value0>14793</Value0>
                <Value1>0</Value1>
              </Entry>
            </Values>
            <Value0>147456</Value0>
            <Value1>65536</Value1>
          </Entry>
        </Unknown>
        <Dialogs>
          <Dialog>高嶺</Dialog>
          <Dialog>I've heard about it...</Dialog>
        </Dialogs>
      </SDL2>
    </Entry>
    <Entry Unknown0="568491530" Unknown1="2769084300">
      <SDL2 Key="1227145868">
        <Unknown>
          <Entry>
            <Values>
              <Entry>
                <Value0>14795</Value0>
                <Value1>0</Value1>
              </Entry>
            </Values>
            <Value0>147456</Value0>
            <Value1>65536</Value1>
          </Entry>
        </Unknown>
        <Dialogs>
          <Dialog>高嶺</Dialog>
          <Dialog>Tokyo tokkyo! The end!</Dialog>
        </Dialogs>
      </SDL2>
    </Entry>
    <Entry Unknown0="526416608" Unknown1="638104842">
      <SDL2 Key="1227145868">
        <Unknown>
          <Entry>
            <Values>
              <Entry>
                <Value0>14797</Value0>
                <Value1>0</Value1>
              </Entry>
            </Values>
            <Value0>147456</Value0>
            <Value1>65536</Value1>
          </Entry>
        </Unknown>
        <Dialogs>
          <Dialog>高嶺</Dialog>
          <Dialog>Want to watch! I want to 
hear! Muay Thai!</Dialog>
        </Dialogs>
      </SDL2>
    </Entry>
    <Entry Unknown0="2640068702" Unknown1="635319046">
      <SDL2 Key="1227145868">
        <Unknown>
          <Entry>
            <Values>
              <Entry>
                <Value0>14799</Value0>
                <Value1>0</Value1>
              </Entry>
            </Values>
            <Value0>147456</Value0>
            <Value1>65536</Value1>
          </Entry>
        </Unknown>
        <Dialogs>
          <Dialog>高嶺</Dialog>
          <Dialog>Yeah! Was it a sample?</Dialog>
        </Dialogs>
      </SDL2>
    </Entry>
    <Entry Unknown0="2436025946" Unknown1="308031452">
      <SDL2 Key="1227145868">
        <Unknown>
          <Entry>
            <Values>
              <Entry>
                <Value0>14801</Value0>
                <Value1>0</Value1>
              </Entry>
            </Values>
            <Value0>147456</Value0>
            <Value1>65536</Value1>
          </Entry>
        </Unknown>
        <Dialogs>
          <Dialog>高嶺</Dialog>
          <Dialog>My prince▼</Dialog>
        </Dialogs>
      </SDL2>
    </Entry>
    <Entry Unknown0="1336986160" Unknown1="2472019290">
      <SDL2 Key="1227145868">
        <Unknown>
          <Entry>
            <Values>
              <Entry>
                <Value0>14803</Value0>
                <Value1>0</Value1>
              </Entry>
            </Values>
            <Value0>147456</Value0>
            <Value1>65536</Value1>
          </Entry>
        </Unknown>
        <Dialogs>
          <Dialog>高嶺</Dialog>
          <Dialog>All the way I turned.</Dialog>
        </Dialogs>
      </SDL2>
    </Entry>
    <Entry Unknown0="3450605742" Unknown1="2519630678">
      <SDL2 Key="1227145868">
        <Unknown>
          <Entry>
            <Values>
              <Entry>
                <Value0>14805</Value0>
                <Value1>0</Value1>
              </Entry>
            </Values>
            <Value0>147456</Value0>
            <Value1>65536</Value1>
          </Entry>
        </Unknown>
        <Dialogs>
          <Dialog>高嶺</Dialog>
          <Dialog>Kacho Fugetsu, it's a style.</Dialog>
        </Dialogs>
      </SDL2>
    </Entry>
    <Entry Unknown0="3246562986" Unknown1="1336704812">
      <SDL2 Key="1227145868">
        <Unknown>
          <Entry>
            <Values>
              <Entry>
                <Value0>14807</Value0>
                <Value1>0</Value1>
              </Entry>
            </Values>
            <Value0>147456</Value0>
            <Value1>65536</Value1>
          </Entry>
        </Unknown>
        <Dialogs>
          <Dialog>高嶺</Dialog>
          <Dialog>I'm hungry, I'm hungry, I'm 
hungry...</Dialog>
        </Dialogs>
      </SDL2>
    </Entry>
    <Entry Unknown0="3204487808" Unknown1="3433584042">
      <SDL2 Key="1227145868">
        <Unknown>
          <Entry>
            <Values>
              <Entry>
                <Value0>14809</Value0>
                <Value1>0</Value1>
              </Entry>
            </Values>
            <Value0>147456</Value0>
            <Value1>65536</Value1>
          </Entry>
        </Unknown>
        <Dialogs>
          <Dialog>高嶺</Dialog>
          <Dialog>Welcome! Have fun!</Dialog>
        </Dialogs>
      </SDL2>
    </Entry>
    <Entry Unknown0="1039982846" Unknown1="3414086566">
      <SDL2 Key="1227145868">
        <Unknown>
          <Entry>
            <Values>
              <Entry>
                <Value0>14811</Value0>
                <Value1>0</Value1>
              </Entry>
            </Values>
            <Value0>147456</Value0>
            <Value1>65536</Value1>
          </Entry>
        </Unknown>
        <Dialogs>
          <Dialog>高嶺</Dialog>
          <Dialog>I don't do muscle training 
properly...</Dialog>
        </Dialogs>
      </SDL2>
    </Entry>
    <Entry Unknown0="835874554" Unknown1="3170684796">
      <SDL2 Key="1227145868">
        <Unknown>
          <Entry>
            <Values>
              <Entry>
                <Value0>14813</Value0>
                <Value1>0</Value1>
              </Entry>
            </Values>
            <Value0>147456</Value0>
            <Value1>65536</Value1>
          </Entry>
        </Unknown>
        <Dialogs>
          <Dialog>高嶺</Dialog>
          <Dialog>It's not you, right? You 
were messed up, right?</Dialog>
        </Dialogs>
      </SDL2>
    </Entry>
    <Entry Unknown0="4015024848" Unknown1="972596730">
      <SDL2 Key="1227145868">
        <Unknown>
          <Entry>
            <Values>
              <Entry>
                <Value0>14815</Value0>
                <Value1>0</Value1>
              </Entry>
            </Values>
            <Value0>147456</Value0>
            <Value1>65536</Value1>
          </Entry>
        </Unknown>
        <Dialogs>
          <Dialog>高嶺</Dialog>
          <Dialog>It's a rabbit, señor!</Dialog>
        </Dialogs>
      </SDL2>
    </Entry>
    <Entry Unknown0="1833742414" Unknown1="1020142582">
      <SDL2 Key="1227145868">
        <Unknown>
          <Entry>
            <Values>
              <Entry>
                <Value0>14817</Value0>
                <Value1>0</Value1>
              </Entry>
            </Values>
            <Value0>147456</Value0>
            <Value1>65536</Value1>
          </Entry>
        </Unknown>
        <Dialogs>
          <Dialog>高嶺</Dialog>
          <Dialog>Call the store owner!</Dialog>
        </Dialogs>
      </SDL2>
    </Entry>
    <Entry Unknown0="1629634122" Unknown1="3914080204">
      <SDL2 Key="1227145868">
        <Unknown>
          <Entry>
            <Values>
              <Entry>
                <Value0>14819</Value0>
                <Value1>0</Value1>
              </Entry>
            </Values>
            <Value0>147456</Value0>
            <Value1>65536</Value1>
          </Entry>
        </Unknown>
        <Dialogs>
          <Dialog>高嶺</Dialog>
          <Dialog>Sorry, I thought about udon 
and bread.</Dialog>
        </Dialogs>
      </SDL2>
    </Entry>
    <Entry Unknown0="1604336160" Unknown1="1783166282">
      <SDL2 Key="1227145868">
        <Unknown>
          <Entry>
            <Values>
              <Entry>
                <Value0>14821</Value0>
                <Value1>0</Value1>
              </Entry>
            </Values>
            <Value0>147456</Value0>
            <Value1>65536</Value1>
          </Entry>
        </Unknown>
        <Dialogs>
          <Dialog>高嶺</Dialog>
          <Dialog>It seems that the finger on 
the left is longer.</Dialog>
        </Dialogs>
      </SDL2>
    </Entry>
    <Entry Unknown0="3717988510" Unknown1="1360950086">
      <SDL2 Key="1227145868">
        <Unknown>
          <Entry>
            <Values>
              <Entry>
                <Value0>14823</Value0>
                <Value1>0</Value1>
              </Entry>
            </Values>
            <Value0>147456</Value0>
            <Value1>65536</Value1>
          </Entry>
        </Unknown>
        <Dialogs>
          <Dialog>高嶺</Dialog>
          <Dialog>Indecision, be more clear!</Dialog>
        </Dialogs>
      </SDL2>
    </Entry>
    <Entry Unknown0="3513945754" Unknown1="1721528092">
      <SDL2 Key="2036656359">
        <Unknown>
          <Entry>
            <Values>
              <Entry>
                <Value0>14825</Value0>
                <Value1>0</Value1>
              </Entry>
            </Values>
            <Value0>147456</Value0>
            <Value1>65536</Value1>
          </Entry>
        </Unknown>
        <Dialogs>
          <Dialog>高嶺</Dialog>
          <Dialog>Let me expect... Let me... 
Are you going to betray me?</Dialog>
        </Dialogs>
      </SDL2>
    </Entry>
    <Entry Unknown0="2414905968" Unknown1="3885516186">
      <SDL2 Key="2036656359">
        <Unknown>
          <Entry>
            <Values>
              <Entry>
                <Value0>14827</Value0>
                <Value1>0</Value1>
              </Entry>
            </Values>
            <Value0>147456</Value0>
            <Value1>65536</Value1>
          </Entry>
        </Unknown>
        <Dialogs>
          <Dialog>高嶺</Dialog>
          <Dialog>I can't help it, just a 
little.</Dialog>
        </Dialogs>
      </SDL2>
    </Entry>
    <Entry Unknown0="233623790" Unknown1="3798909846">
      <SDL2 Key="2036656359">
        <Unknown>
          <Entry>
            <Values>
              <Entry>
                <Value0>14829</Value0>
                <Value1>0</Value1>
              </Entry>
            </Values>
            <Value0>147456</Value0>
            <Value1>65536</Value1>
          </Entry>
        </Unknown>
        <Dialogs>
          <Dialog>高嶺</Dialog>
          <Dialog>Come! Raise the blinds!</Dialog>
        </Dialogs>
      </SDL2>
    </Entry>
    <Entry Unknown0="29515498" Unknown1="3018637164">
      <SDL2 Key="2036656359">
        <Unknown>
          <Entry>
            <Values>
              <Entry>
                <Value0>14831</Value0>
                <Value1>0</Value1>
              </Entry>
            </Values>
            <Value0>147456</Value0>
            <Value1>65536</Value1>
          </Entry>
        </Unknown>
        <Dialogs>
          <Dialog>高嶺</Dialog>
          <Dialog>Carry and rice laid 
overnight.</Dialog>
        </Dialogs>
      </SDL2>
    </Entry>
    <Entry Unknown0="4282407616" Unknown1="820549098">
      <SDL2 Key="2036656359">
        <Unknown>
          <Entry>
            <Values>
              <Entry>
                <Value0>14833</Value0>
                <Value1>0</Value1>
              </Entry>
            </Values>
            <Value0>147456</Value0>
            <Value1>65536</Value1>
          </Entry>
        </Unknown>
        <Dialogs>
          <Dialog>高嶺</Dialog>
          <Dialog>This tsukemen... I want to 
hear you impression.</Dialog>
        </Dialogs>
      </SDL2>
    </Entry>
    <Entry Unknown0="2101125182" Unknown1="935203814">
      <SDL2 Key="2036656359">
        <Unknown>
          <Entry>
            <Values>
              <Entry>
                <Value0>14835</Value0>
                <Value1>0</Value1>
              </Entry>
            </Values>
            <Value0>147456</Value0>
            <Value1>65536</Value1>
          </Entry>
        </Unknown>
        <Dialogs>
          <Dialog>高嶺</Dialog>
          <Dialog>Ah, my legs...</Dialog>
        </Dialogs>
      </SDL2>
    </Entry>
    <Entry Unknown0="1897016890" Unknown1="3225161660">
      <SDL2 Key="2036656359">
        <Unknown>
          <Entry>
            <Values>
              <Entry>
                <Value0>14837</Value0>
                <Value1>0</Value1>
              </Entry>
            </Values>
            <Value0>147456</Value0>
            <Value1>65536</Value1>
          </Entry>
        </Unknown>
        <Dialogs>
          <Dialog>高嶺</Dialog>
          <Dialog>Today... It's a good place 
to stay.</Dialog>
        </Dialogs>
      </SDL2>
    </Entry>
    <Entry Unknown0="797977104" Unknown1="1295574330">
      <SDL2 Key="2036656359">
        <Unknown>
          <Entry>
            <Values>
              <Entry>
                <Value0>14839</Value0>
                <Value1>0</Value1>
              </Entry>
            </Values>
            <Value0>147456</Value0>
            <Value1>65536</Value1>
          </Entry>
        </Unknown>
        <Dialogs>
          <Dialog>高嶺</Dialog>
          <Dialog>Mutual love, Aha♪</Dialog>
        </Dialogs>
      </SDL2>
    </Entry>
    <Entry Unknown0="2911662222" Unknown1="1208902454">
      <SDL2 Key="2036656359">
        <Unknown>
          <Entry>
            <Values>
              <Entry>
                <Value0>14841</Value0>
                <Value1>0</Value1>
              </Entry>
            </Values>
            <Value0>147456</Value0>
            <Value1>65536</Value1>
          </Entry>
        </Unknown>
        <Dialogs>
          <Dialog>高嶺</Dialog>
          <Dialog>The key to the mystery is 
in the mailbox.</Dialog>
        </Dialogs>
      </SDL2>
    </Entry>
    <Entry Unknown0="2707619466" Unknown1="495738636">
      <SDL2 Key="2036656359">
        <Unknown>
          <Entry>
            <Values>
              <Entry>
                <Value0>14843</Value0>
                <Value1>0</Value1>
              </Entry>
            </Values>
            <Value0>147456</Value0>
            <Value1>65536</Value1>
          </Entry>
        </Unknown>
        <Dialogs>
          <Dialog>高嶺</Dialog>
          <Dialog>Don't cry, Rainbow▼</Dialog>
        </Dialogs>
      </SDL2>
    </Entry>
    <Entry Unknown0="2682321504" Unknown1="2659726730">
      <SDL2 Key="2036656359">
        <Unknown>
          <Entry>
            <Values>
              <Entry>
                <Value0>14845</Value0>
                <Value1>0</Value1>
              </Entry>
            </Values>
            <Value0>147456</Value0>
            <Value1>65536</Value1>
          </Entry>
        </Unknown>
        <Dialogs>
          <Dialog>高嶺</Dialog>
          <Dialog>What is the color of 
Nigoro's Nigoro?</Dialog>
        </Dialogs>
      </SDL2>
    </Entry>
    <Entry Unknown0="501006558" Unknown1="2640229254">
      <SDL2 Key="2036656359">
        <Unknown>
          <Entry>
            <Values>
              <Entry>
                <Value0>14847</Value0>
                <Value1>0</Value1>
              </Entry>
            </Values>
            <Value0>147456</Value0>
            <Value1>65536</Value1>
          </Entry>
        </Unknown>
        <Dialogs>
          <Dialog>高嶺</Dialog>
          <Dialog>Miracles happen in the hot 
water supply room.</Dialog>
        </Dialogs>
      </SDL2>
    </Entry>
    <Entry Unknown0="296898266" Unknown1="2866589532">
      <SDL2 Key="2036656359">
        <Unknown>
          <Entry>
            <Values>
              <Entry>
                <Value0>14849</Value0>
                <Value1>0</Value1>
              </Entry>
            </Values>
            <Value0>147456</Value0>
            <Value1>65536</Value1>
          </Entry>
        </Unknown>
        <Dialogs>
          <Dialog>高嶺</Dialog>
          <Dialog>This is... I can't give it 
to customers.</Dialog>
        </Dialogs>
      </SDL2>
    </Entry>
    <Entry Unknown0="3476048560" Unknown1="735610330">
      <SDL2 Key="2036656359">
        <Unknown>
          <Entry>
            <Values>
              <Entry>
                <Value0>14851</Value0>
                <Value1>0</Value1>
              </Entry>
            </Values>
            <Value0>147456</Value0>
            <Value1>65536</Value1>
          </Entry>
        </Unknown>
        <Dialogs>
          <Dialog>高嶺</Dialog>
          <Dialog>It comes out fast, only at 
times like this.</Dialog>
        </Dialogs>
      </SDL2>
    </Entry>
    <Entry Unknown0="1294766126" Unknown1="783156182">
      <SDL2 Key="824605629">
        <Unknown>
          <Entry>
            <Values>
              <Entry>
                <Value0>14853</Value0>
                <Value1>0</Value1>
              </Entry>
            </Values>
            <Value0>147456</Value0>
            <Value1>65536</Value1>
          </Entry>
        </Unknown>
        <Dialogs>
          <Dialog>高嶺</Dialog>
          <Dialog>It can't be, such a 
terminal price...</Dialog>
        </Dialogs>
      </SDL2>
    </Entry>
    <Entry Unknown0="1090657834" Unknown1="3878485932">
      <SDL2 Key="824605629">
        <Unknown>
          <Entry>
            <Values>
              <Entry>
                <Value0>14855</Value0>
                <Value1>0</Value1>
              </Entry>
            </Values>
            <Value0>147456</Value0>
            <Value1>65536</Value1>
          </Entry>
        </Unknown>
        <Dialogs>
          <Dialog>高嶺</Dialog>
          <Dialog>It's not Bibimbap, it's 
Pibimba isn't it?</Dialog>
        </Dialogs>
      </SDL2>
    </Entry>
    <Entry Unknown0="1065359872" Unknown1="1680397610">
      <SDL2 Key="824605629">
        <Unknown>
          <Entry>
            <Values>
              <Entry>
                <Value0>14857</Value0>
                <Value1>0</Value1>
              </Entry>
            </Values>
            <Value0>147456</Value0>
            <Value1>65536</Value1>
          </Entry>
        </Unknown>
        <Dialogs>
          <Dialog>高嶺</Dialog>
          <Dialog>Don~!</Dialog>
        </Dialogs>
      </SDL2>
    </Entry>
    <Entry Unknown0="3179044990" Unknown1="1677611814">
      <SDL2 Key="824605629">
        <Unknown>
          <Entry>
            <Values>
              <Entry>
                <Value0>14859</Value0>
                <Value1>0</Value1>
              </Entry>
            </Values>
            <Value0>147456</Value0>
            <Value1>65536</Value1>
          </Entry>
        </Unknown>
        <Dialogs>
          <Dialog>高嶺</Dialog>
          <Dialog>This doll grows tall while 
I'm sleeping!</Dialog>
        </Dialogs>
      </SDL2>
    </Entry>
    <Entry Unknown0="2975002234" Unknown1="343691260">
      <SDL2 Key="824605629">
        <Unknown>
          <Entry>
            <Values>
              <Entry>
                <Value0>14861</Value0>
                <Value1>0</Value1>
              </Entry>
            </Values>
            <Value0>147456</Value0>
            <Value1>65536</Value1>
          </Entry>
        </Unknown>
        <Dialogs>
          <Dialog>高嶺</Dialog>
          <Dialog>Manaka power, injected♪</Dialog>
        </Dialogs>
      </SDL2>
    </Entry>
    <Entry Unknown0="1875962448" Unknown1="2440570234">
      <SDL2 Key="824605629">
        <Unknown>
          <Entry>
            <Values>
              <Entry>
                <Value0>14863</Value0>
                <Value1>0</Value1>
              </Entry>
            </Values>
            <Value0>147456</Value0>
            <Value1>65536</Value1>
          </Entry>
        </Unknown>
        <Dialogs>
          <Dialog>高嶺</Dialog>
          <Dialog>That's the prospect, 
surrender.</Dialog>
        </Dialogs>
      </SDL2>
    </Entry>
    <Entry Unknown0="3989582030" Unknown1="2488181622">
      <SDL2 Key="824605629">
        <Unknown>
          <Entry>
            <Values>
              <Entry>
                <Value0>14865</Value0>
                <Value1>0</Value1>
              </Entry>
            </Values>
            <Value0>147456</Value0>
            <Value1>65536</Value1>
          </Entry>
        </Unknown>
        <Dialogs>
          <Dialog>高嶺</Dialog>
          <Dialog>More snaps... Tell me?</Dialog>
        </Dialogs>
      </SDL2>
    </Entry>
    <Entry Unknown0="3785539274" Unknown1="1103929164">
      <SDL2 Key="824605629">
        <Unknown>
          <Entry>
            <Values>
              <Entry>
                <Value0>14867</Value0>
                <Value1>0</Value1>
              </Entry>
            </Values>
            <Value0>147456</Value0>
            <Value1>65536</Value1>
          </Entry>
        </Unknown>
        <Dialogs>
          <Dialog>高嶺</Dialog>
          <Dialog>I can't do my best only in 
the court!</Dialog>
        </Dialogs>
      </SDL2>
    </Entry>
    <Entry Unknown0="3743464096" Unknown1="3267917258">
      <SDL2 Key="824605629">
        <Unknown>
          <Entry>
            <Values>
              <Entry>
                <Value0>14869</Value0>
                <Value1>0</Value1>
              </Entry>
            </Values>
            <Value0>147456</Value0>
            <Value1>65536</Value1>
          </Entry>
        </Unknown>
        <Dialogs>
          <Dialog>高嶺</Dialog>
          <Dialog>It can't help becoming 
poison or a medicine.</Dialog>
        </Dialogs>
      </SDL2>
    </Entry>
    <Entry Unknown0="1562148894" Unknown1="3382637510">
      <SDL2 Key="824605629">
        <Unknown>
          <Entry>
            <Values>
              <Entry>
                <Value0>14871</Value0>
                <Value1>0</Value1>
              </Entry>
            </Values>
            <Value0>147456</Value0>
            <Value1>65536</Value1>
          </Entry>
        </Unknown>
        <Dialogs>
          <Dialog>高嶺</Dialog>
          <Dialog>Luciferin?</Dialog>
        </Dialogs>
      </SDL2>
    </Entry>
    <Entry Unknown0="1374817818" Unknown1="4263309212">
      <SDL2 Key="824605629">
        <Unknown>
          <Entry>
            <Values>
              <Entry>
                <Value0>14873</Value0>
                <Value1>0</Value1>
              </Entry>
            </Values>
            <Value0>147456</Value0>
            <Value1>65536</Value1>
          </Entry>
        </Unknown>
        <Dialogs>
          <Dialog>高嶺</Dialog>
          <Dialog>No, this tofu is delicious.</Dialog>
        </Dialogs>
      </SDL2>
    </Entry>
    <Entry Unknown0="259001072" Unknown1="2132329754">
      <SDL2 Key="824605629">
        <Unknown>
          <Entry>
            <Values>
              <Entry>
                <Value0>14875</Value0>
                <Value1>0</Value1>
              </Entry>
              <Entry>
                <Value0>14877</Value0>
                <Value1>500</Value1>
              </Entry>
            </Values>
            <Value0>147456</Value0>
            <Value1>65536</Value1>
          </Entry>
        </Unknown>
        <Dialogs>
          <Dialog>高嶺</Dialog>
          <Dialog>I wonder what this kanji is.
The color changes depending 
on the writing order.</Dialog>
        </Dialogs>
      </SDL2>
    </Entry>
    <Entry Unknown0="2372685934" Unknown1="2062435094">
      <SDL2 Key="824605629">
        <Unknown>
          <Entry>
            <Values>
              <Entry>
                <Value0>14879</Value0>
                <Value1>0</Value1>
              </Entry>
            </Values>
            <Value0>147456</Value0>
            <Value1>65536</Value1>
          </Entry>
        </Unknown>
        <Dialogs>
          <Dialog>高嶺</Dialog>
          <Dialog>Yes, let's get on the ship.</Dialog>
        </Dialogs>
      </SDL2>
    </Entry>
    <Entry Unknown0="2168643178" Unknown1="728514540">
      <SDL2 Key="824605629">
        <Unknown>
          <Entry>
            <Values>
              <Entry>
                <Value0>14881</Value0>
                <Value1>0</Value1>
              </Entry>
            </Values>
            <Value0>147456</Value0>
            <Value1>65536</Value1>
          </Entry>
        </Unknown>
        <Dialogs>
          <Dialog>高嶺</Dialog>
          <Dialog>I doesn't fit on the 
screen...</Dialog>
        </Dialogs>
      </SDL2>
    </Entry>
    <Entry Unknown0="2143345216" Unknown1="2825393514">
      <SDL2 Key="824605629">
        <Unknown>
          <Entry>
            <Values>
              <Entry>
                <Value0>14883</Value0>
                <Value1>0</Value1>
              </Entry>
            </Values>
            <Value0>147456</Value0>
            <Value1>65536</Value1>
          </Entry>
        </Unknown>
        <Dialogs>
          <Dialog>高嶺</Dialog>
          <Dialog>Wait! No scooping rice.</Dialog>
        </Dialogs>
      </SDL2>
    </Entry>
    <Entry Unknown0="4256964798" Unknown1="2940113766">
      <SDL2 Key="824605629">
        <Unknown>
          <Entry>
            <Values>
              <Entry>
                <Value0>14885</Value0>
                <Value1>0</Value1>
              </Entry>
            </Values>
            <Value0>147456</Value0>
            <Value1>65536</Value1>
          </Entry>
        </Unknown>
        <Dialogs>
          <Dialog>高嶺</Dialog>
          <Dialog>Here, look. The coco comes!</Dialog>
        </Dialogs>
      </SDL2>
    </Entry>
    <Entry Unknown0="4052922042" Unknown1="1488752444">
      <SDL2 Key="1365611049">
        <Unknown>
          <Entry>
            <Values>
              <Entry>
                <Value0>14887</Value0>
                <Value1>0</Value1>
              </Entry>
            </Values>
            <Value0>147456</Value0>
            <Value1>65536</Value1>
          </Entry>
        </Unknown>
        <Dialogs>
          <Dialog>高嶺</Dialog>
          <Dialog>Ketsukachin▼</Dialog>
        </Dialogs>
      </SDL2>
    </Entry>
    <Entry Unknown0="2937105040" Unknown1="2780325306">
      <SDL2 Key="1365611049">
        <Unknown>
          <Entry>
            <Values>
              <Entry>
                <Value0>14889</Value0>
                <Value1>0</Value1>
              </Entry>
            </Values>
            <Value0>147456</Value0>
            <Value1>65536</Value1>
          </Entry>
        </Unknown>
        <Dialogs>
          <Dialog>高嶺</Dialog>
          <Dialog>I want to make miso soup 
for you every day.</Dialog>
        </Dialogs>
      </SDL2>
    </Entry>
    <Entry Unknown0="755822606" Unknown1="2693718966">
      <SDL2 Key="1365611049">
        <Unknown>
          <Entry>
            <Values>
              <Entry>
                <Value0>14891</Value0>
                <Value1>0</Value1>
              </Entry>
            </Values>
            <Value0>147456</Value0>
            <Value1>65536</Value1>
          </Entry>
        </Unknown>
        <Dialogs>
          <Dialog>高嶺</Dialog>
          <Dialog>I doesn't have to be 
troublesome.</Dialog>
        </Dialogs>
      </SDL2>
    </Entry>
    <Entry Unknown0="568491530" Unknown1="4111261580">
      <SDL2 Key="1365611049">
        <Unknown>
          <Entry>
            <Values>
              <Entry>
                <Value0>14893</Value0>
                <Value1>0</Value1>
              </Entry>
            </Values>
            <Value0>147456</Value0>
            <Value1>65536</Value1>
          </Entry>
        </Unknown>
        <Dialogs>
          <Dialog>高嶺</Dialog>
          <Dialog>"The moon is beautiful"</Dialog>
        </Dialogs>
      </SDL2>
    </Entry>
    <Entry Unknown0="526416608" Unknown1="1980282122">
      <SDL2 Key="1365611049">
        <Unknown>
          <Entry>
            <Values>
              <Entry>
                <Value0>14895</Value0>
                <Value1>0</Value1>
              </Entry>
            </Values>
            <Value0>147456</Value0>
            <Value1>65536</Value1>
          </Entry>
        </Unknown>
        <Dialogs>
          <Dialog>高嶺</Dialog>
          <Dialog>"I can die"</Dialog>
        </Dialogs>
      </SDL2>
    </Entry>
    <Entry Unknown0="2640068702" Unknown1="1977496326">
      <SDL2 Key="1365611049">
        <Unknown>
          <Entry>
            <Values>
              <Entry>
                <Value0>14897</Value0>
                <Value1>0</Value1>
              </Entry>
            </Values>
            <Value0>147456</Value0>
            <Value1>65536</Value1>
          </Entry>
        </Unknown>
        <Dialogs>
          <Dialog>高嶺</Dialog>
          <Dialog>To the telephone both, 
squeeze squeeze!</Dialog>
        </Dialogs>
      </SDL2>
    </Entry>
    <Entry Unknown0="2436025946" Unknown1="1113337820">
      <SDL2 Key="1365611049">
        <Unknown>
          <Entry>
            <Values>
              <Entry>
                <Value0>14899</Value0>
                <Value1>0</Value1>
              </Entry>
            </Values>
            <Value0>147456</Value0>
            <Value1>65536</Value1>
          </Entry>
        </Unknown>
        <Dialogs>
          <Dialog>高嶺</Dialog>
          <Dialog>What does it mean that all 
applicants will get a 
present!?</Dialog>
        </Dialogs>
      </SDL2>
    </Entry>
    <Entry Unknown0="1336986160" Unknown1="3277325658">
      <SDL2 Key="1365611049">
        <Unknown>
          <Entry>
            <Values>
              <Entry>
                <Value0>14901</Value0>
                <Value1>0</Value1>
              </Entry>
            </Values>
            <Value0>147456</Value0>
            <Value1>65536</Value1>
          </Entry>
        </Unknown>
        <Dialogs>
          <Dialog>高嶺</Dialog>
          <Dialog>I love people who can eat 
a lot of rice.</Dialog>
        </Dialogs>
      </SDL2>
    </Entry>
    <Entry Unknown0="3450605742" Unknown1="3324937046">
      <SDL2 Key="1365611049">
        <Unknown>
          <Entry>
            <Values>
              <Entry>
                <Value0>14903</Value0>
                <Value1>0</Value1>
              </Entry>
            </Values>
            <Value0>147456</Value0>
            <Value1>65536</Value1>
          </Entry>
        </Unknown>
        <Dialogs>
          <Dialog>高嶺</Dialog>
          <Dialog>For the first time, I 
thought it would be no 
shame to run away.</Dialog>
        </Dialogs>
      </SDL2>
    </Entry>
    <Entry Unknown0="3246562986" Unknown1="531398444">
      <SDL2 Key="1365611049">
        <Unknown>
          <Entry>
            <Values>
              <Entry>
                <Value0>14905</Value0>
                <Value1>0</Value1>
              </Entry>
            </Values>
            <Value0>147456</Value0>
            <Value1>65536</Value1>
          </Entry>
        </Unknown>
        <Dialogs>
          <Dialog>高嶺</Dialog>
          <Dialog>Don't mess with me!</Dialog>
        </Dialogs>
      </SDL2>
    </Entry>
    <Entry Unknown0="3204487808" Unknown1="2628277674">
      <SDL2 Key="1365611049">
        <Unknown>
          <Entry>
            <Values>
              <Entry>
                <Value0>14907</Value0>
                <Value1>0</Value1>
              </Entry>
            </Values>
            <Value0>147456</Value0>
            <Value1>65536</Value1>
          </Entry>
        </Unknown>
        <Dialogs>
          <Dialog>高嶺</Dialog>
          <Dialog>There is no meat in my 
curry...</Dialog>
        </Dialogs>
      </SDL2>
    </Entry>
    <Entry Unknown0="1039982846" Unknown1="2608780198">
      <SDL2 Key="1365611049">
        <Unknown>
          <Entry>
            <Values>
              <Entry>
                <Value0>14909</Value0>
                <Value1>0</Value1>
              </Entry>
            </Values>
            <Value0>147456</Value0>
            <Value1>65536</Value1>
          </Entry>
        </Unknown>
        <Dialogs>
          <Dialog>高嶺</Dialog>
          <Dialog>...Did you shake now?</Dialog>
        </Dialogs>
      </SDL2>
    </Entry>
    <Entry Unknown0="835874554" Unknown1="3975991164">
      <SDL2 Key="1365611049">
        <Unknown>
          <Entry>
            <Values>
              <Entry>
                <Value0>14911</Value0>
                <Value1>0</Value1>
              </Entry>
            </Values>
            <Value0>147456</Value0>
            <Value1>65536</Value1>
          </Entry>
        </Unknown>
        <Dialogs>
          <Dialog>高嶺</Dialog>
          <Dialog>It's gone, the last train.</Dialog>
        </Dialogs>
      </SDL2>
    </Entry>
    <Entry Unknown0="4015024848" Unknown1="1777903098">
      <SDL2 Key="1365611049">
        <Unknown>
          <Entry>
            <Values>
              <Entry>
                <Value0>14913</Value0>
                <Value1>0</Value1>
              </Entry>
            </Values>
            <Value0>147456</Value0>
            <Value1>65536</Value1>
          </Entry>
        </Unknown>
        <Dialogs>
          <Dialog>高嶺</Dialog>
          <Dialog>I wanted to eat Oyakodon</Dialog>
        </Dialogs>
      </SDL2>
    </Entry>
    <Entry Unknown0="1833742414" Unknown1="1825448950">
      <SDL2 Key="1365611049">
        <Unknown>
          <Entry>
            <Values>
              <Entry>
                <Value0>14915</Value0>
                <Value1>0</Value1>
              </Entry>
            </Values>
            <Value0>147456</Value0>
            <Value1>65536</Value1>
          </Entry>
        </Unknown>
        <Dialogs>
          <Dialog>高嶺</Dialog>
          <Dialog>Embrace me to the bones.</Dialog>
        </Dialogs>
      </SDL2>
    </Entry>
    <Entry Unknown0="1629634122" Unknown1="3108773836">
      <SDL2 Key="1365611049">
        <Unknown>
          <Entry>
            <Values>
              <Entry>
                <Value0>14917</Value0>
                <Value1>0</Value1>
              </Entry>
            </Values>
            <Value0>147456</Value0>
            <Value1>65536</Value1>
          </Entry>
        </Unknown>
        <Dialogs>
          <Dialog>高嶺</Dialog>
          <Dialog>I want to eat a marshmallow 
oden.</Dialog>
        </Dialogs>
      </SDL2>
    </Entry>
    <Entry Unknown0="1604336160" Unknown1="977859914">
      <SDL2 Key="1365611049">
        <Unknown>
          <Entry>
            <Values>
              <Entry>
                <Value0>14919</Value0>
                <Value1>0</Value1>
              </Entry>
            </Values>
            <Value0>147456</Value0>
            <Value1>65536</Value1>
          </Entry>
        </Unknown>
        <Dialogs>
          <Dialog>高嶺</Dialog>
          <Dialog>Is it some kind of isotope?</Dialog>
        </Dialogs>
      </SDL2>
    </Entry>
    <Entry Unknown0="3717988510" Unknown1="555643718">
      <SDL2 Key="2207631476">
        <Unknown>
          <Entry>
            <Values>
              <Entry>
                <Value0>14921</Value0>
                <Value1>0</Value1>
              </Entry>
            </Values>
            <Value0>147456</Value0>
            <Value1>65536</Value1>
          </Entry>
        </Unknown>
        <Dialogs>
          <Dialog>高嶺</Dialog>
          <Dialog>It's just my heart, but 
please accept it.</Dialog>
        </Dialogs>
      </SDL2>
    </Entry>
    <Entry Unknown0="3513945754" Unknown1="379350812">
      <SDL2 Key="2207631476">
        <Unknown>
          <Entry>
            <Values>
              <Entry>
                <Value0>14923</Value0>
                <Value1>0</Value1>
              </Entry>
            </Values>
            <Value0>147456</Value0>
            <Value1>65536</Value1>
          </Entry>
        </Unknown>
        <Dialogs>
          <Dialog>高嶺</Dialog>
          <Dialog>It was crazy, and it was 
dangerous.</Dialog>
        </Dialogs>
      </SDL2>
    </Entry>
    <Entry Unknown0="2414905968" Unknown1="2543338906">
      <SDL2 Key="2207631476">
        <Unknown>
          <Entry>
            <Values>
              <Entry>
                <Value0>14925</Value0>
                <Value1>0</Value1>
              </Entry>
            </Values>
            <Value0>147456</Value0>
            <Value1>65536</Value1>
          </Entry>
        </Unknown>
        <Dialogs>
          <Dialog>高嶺</Dialog>
          <Dialog>This is a nikuman, and this 
is anman. It's easy, isn't 
it?</Dialog>
        </Dialogs>
      </SDL2>
    </Entry>
    <Entry Unknown0="233623790" Unknown1="2456732566">
      <SDL2 Key="2207631476">
        <Unknown>
          <Entry>
            <Values>
              <Entry>
                <Value0>14927</Value0>
                <Value1>0</Value1>
              </Entry>
            </Values>
            <Value0>147456</Value0>
            <Value1>65536</Value1>
          </Entry>
        </Unknown>
        <Dialogs>
          <Dialog>高嶺</Dialog>
          <Dialog>Don't lose to yourself.</Dialog>
        </Dialogs>
      </SDL2>
    </Entry>
    <Entry Unknown0="29515498" Unknown1="3287072620">
      <SDL2 Key="2207631476">
        <Unknown>
          <Entry>
            <Values>
              <Entry>
                <Value0>14929</Value0>
                <Value1>0</Value1>
              </Entry>
            </Values>
            <Value0>147456</Value0>
            <Value1>65536</Value1>
          </Entry>
        </Unknown>
        <Dialogs>
          <Dialog>高嶺</Dialog>
          <Dialog>It's like we're here for 
the first time♪</Dialog>
        </Dialogs>
      </SDL2>
    </Entry>
    <Entry Unknown0="4282407616" Unknown1="1088984554">
      <SDL2 Key="2207631476">
        <Unknown>
          <Entry>
            <Values>
              <Entry>
                <Value0>14931</Value0>
                <Value1>0</Value1>
              </Entry>
            </Values>
            <Value0>147456</Value0>
            <Value1>65536</Value1>
          </Entry>
        </Unknown>
        <Dialogs>
          <Dialog>高嶺</Dialog>
          <Dialog>The subject of the 3 letter 
composition is eel.</Dialog>
        </Dialogs>
      </SDL2>
    </Entry>
    <Entry Unknown0="2101125182" Unknown1="1203639270">
      <SDL2 Key="2207631476">
        <Unknown>
          <Entry>
            <Values>
              <Entry>
                <Value0>14933</Value0>
                <Value1>0</Value1>
              </Entry>
            </Values>
            <Value0>147456</Value0>
            <Value1>65536</Value1>
          </Entry>
        </Unknown>
        <Dialogs>
          <Dialog>高嶺</Dialog>
          <Dialog>Shiritori... is it?</Dialog>
        </Dialogs>
      </SDL2>
    </Entry>
    <Entry Unknown0="1897016890" Unknown1="2956726204">
      <SDL2 Key="2207631476">
        <Unknown>
          <Entry>
            <Values>
              <Entry>
                <Value0>14935</Value0>
                <Value1>0</Value1>
              </Entry>
            </Values>
            <Value0>147456</Value0>
            <Value1>65536</Value1>
          </Entry>
        </Unknown>
        <Dialogs>
          <Dialog>高嶺</Dialog>
          <Dialog>But don't day that.</Dialog>
        </Dialogs>
      </SDL2>
    </Entry>
    <Entry Unknown0="797977104" Unknown1="1027138874">
      <SDL2 Key="2207631476">
        <Unknown>
          <Entry>
            <Values>
              <Entry>
                <Value0>14937</Value0>
                <Value1>0</Value1>
              </Entry>
            </Values>
            <Value0>147456</Value0>
            <Value1>65536</Value1>
          </Entry>
        </Unknown>
        <Dialogs>
          <Dialog>高嶺</Dialog>
          <Dialog>Say hello!</Dialog>
        </Dialogs>
      </SDL2>
    </Entry>
    <Entry Unknown0="2911662222" Unknown1="940466998">
      <SDL2 Key="2207631476">
        <Unknown>
          <Entry>
            <Values>
              <Entry>
                <Value0>14939</Value0>
                <Value1>0</Value1>
              </Entry>
            </Values>
            <Value0>147456</Value0>
            <Value1>65536</Value1>
          </Entry>
        </Unknown>
        <Dialogs>
          <Dialog>高嶺</Dialog>
          <Dialog>Sushi, it's an all-you-can-
eat.</Dialog>
        </Dialogs>
      </SDL2>
    </Entry>
    <Entry Unknown0="2707619466" Unknown1="1837915916">
      <SDL2 Key="2207631476">
        <Unknown>
          <Entry>
            <Values>
              <Entry>
                <Value0>14941</Value0>
                <Value1>0</Value1>
              </Entry>
            </Values>
            <Value0>147456</Value0>
            <Value1>65536</Value1>
          </Entry>
        </Unknown>
        <Dialogs>
          <Dialog>高嶺</Dialog>
          <Dialog>Tea pillar, stand!</Dialog>
        </Dialogs>
      </SDL2>
    </Entry>
    <Entry Unknown0="2682321504" Unknown1="4001904010">
      <SDL2 Key="2207631476">
        <Unknown>
          <Entry>
            <Values>
              <Entry>
                <Value0>14943</Value0>
                <Value1>0</Value1>
              </Entry>
            </Values>
            <Value0>147456</Value0>
            <Value1>65536</Value1>
          </Entry>
        </Unknown>
        <Dialogs>
          <Dialog>高嶺</Dialog>
          <Dialog>Rain, stop!</Dialog>
        </Dialogs>
      </SDL2>
    </Entry>
    <Entry Unknown0="501006558" Unknown1="3982406534">
      <SDL2 Key="2207631476">
        <Unknown>
          <Entry>
            <Values>
              <Entry>
                <Value0>14945</Value0>
                <Value1>0</Value1>
              </Entry>
            </Values>
            <Value0>147456</Value0>
            <Value1>65536</Value1>
          </Entry>
        </Unknown>
        <Dialogs>
          <Dialog>高嶺</Dialog>
          <Dialog>Train, make it in time!</Dialog>
        </Dialogs>
      </SDL2>
    </Entry>
    <Entry Unknown0="296898266" Unknown1="3671895900">
      <SDL2 Key="2207631476">
        <Unknown>
          <Entry>
            <Values>
              <Entry>
                <Value0>14947</Value0>
                <Value1>0</Value1>
              </Entry>
            </Values>
            <Value0>147456</Value0>
            <Value1>65536</Value1>
          </Entry>
        </Unknown>
        <Dialogs>
          <Dialog>高嶺</Dialog>
          <Dialog>Work, which one!</Dialog>
        </Dialogs>
      </SDL2>
    </Entry>
    <Entry Unknown0="3476048560" Unknown1="1540916698">
      <SDL2 Key="2207631476">
        <Unknown>
          <Entry>
            <Values>
              <Entry>
                <Value0>14949</Value0>
                <Value1>0</Value1>
              </Entry>
            </Values>
            <Value0>147456</Value0>
            <Value1>65536</Value1>
          </Entry>
        </Unknown>
        <Dialogs>
          <Dialog>高嶺</Dialog>
          <Dialog>Let's get another ice 
cream~!</Dialog>
        </Dialogs>
      </SDL2>
    </Entry>
    <Entry Unknown0="1294766126" Unknown1="1588462550">
      <SDL2 Key="996625242">
        <Unknown>
          <Entry>
            <Values>
              <Entry>
                <Value0>14951</Value0>
                <Value1>0</Value1>
              </Entry>
            </Values>
            <Value0>147456</Value0>
            <Value1>65536</Value1>
          </Entry>
        </Unknown>
        <Dialogs>
          <Dialog>高嶺</Dialog>
          <Dialog>Rice, stand up!</Dialog>
        </Dialogs>
      </SDL2>
    </Entry>
    <Entry Unknown0="1090657834" Unknown1="3073179564">
      <SDL2 Key="996625242">
        <Unknown>
          <Entry>
            <Values>
              <Entry>
                <Value0>14953</Value0>
                <Value1>0</Value1>
              </Entry>
            </Values>
            <Value0>147456</Value0>
            <Value1>65536</Value1>
          </Entry>
        </Unknown>
        <Dialogs>
          <Dialog>高嶺</Dialog>
          <Dialog>Headache, cure!</Dialog>
        </Dialogs>
      </SDL2>
    </Entry>
    <Entry Unknown0="1065359872" Unknown1="875091242">
      <SDL2 Key="996625242">
        <Unknown>
          <Entry>
            <Values>
              <Entry>
                <Value0>14955</Value0>
                <Value1>0</Value1>
              </Entry>
            </Values>
            <Value0>147456</Value0>
            <Value1>65536</Value1>
          </Entry>
        </Unknown>
        <Dialogs>
          <Dialog>高嶺</Dialog>
          <Dialog>My stomach hurts~!</Dialog>
        </Dialogs>
      </SDL2>
    </Entry>
    <Entry Unknown0="3179044990" Unknown1="872305446">
      <SDL2 Key="996625242">
        <Unknown>
          <Entry>
            <Values>
              <Entry>
                <Value0>14957</Value0>
                <Value1>0</Value1>
              </Entry>
            </Values>
            <Value0>147456</Value0>
            <Value1>65536</Value1>
          </Entry>
        </Unknown>
        <Dialogs>
          <Dialog>高嶺</Dialog>
          <Dialog>Stretch your back!</Dialog>
        </Dialogs>
      </SDL2>
    </Entry>
    <Entry Unknown0="2975002234" Unknown1="1148997628">
      <SDL2 Key="996625242">
        <Unknown>
          <Entry>
            <Values>
              <Entry>
                <Value0>14959</Value0>
                <Value1>0</Value1>
              </Entry>
            </Values>
            <Value0>147456</Value0>
            <Value1>65536</Value1>
          </Entry>
        </Unknown>
        <Dialogs>
          <Dialog>高嶺</Dialog>
          <Dialog>Fortunately!</Dialog>
        </Dialogs>
      </SDL2>
    </Entry>
  </Entries>
</DBIN2>