<?xml version="1.0" encoding="utf-8"?>
<DBIN2 xmlns:xsi="http://www.w3.org/2001/XMLSchema-instance" xmlns:xsd="http://www.w3.org/2001/XMLSchema" Key="1574841314" Unknown="61">
  <Entries>
    <Entry Unknown0="3903806809" Unknown1="208516713">
      <SDL2 Key="460539615">
        <Unknown>
          <Entry>
            <Values>
              <Entry>
                <Value0>15176</Value0>
                <Value1>0</Value1>
              </Entry>
            </Values>
            <Value0>147456</Value0>
            <Value1>65536</Value1>
          </Entry>
        </Unknown>
        <Dialogs>
          <Dialog>高嶺</Dialog>
          <Dialog>Are you nervous?</Dialog>
        </Dialogs>
      </SDL2>
    </Entry>
    <Entry Unknown0="2497800157" Unknown1="1065826971">
      <SDL2 Key="1302490171">
        <Unknown>
          <Entry>
            <Values>
              <Entry>
                <Value0>15177</Value0>
                <Value1>0</Value1>
              </Entry>
            </Values>
            <Value0>147456</Value0>
            <Value1>65536</Value1>
          </Entry>
        </Unknown>
        <Dialogs>
          <Dialog>高嶺</Dialog>
          <Dialog>What should I do tomorrow?</Dialog>
        </Dialogs>
      </SDL2>
    </Entry>
    <Entry Unknown0="2801525519" Unknown1="1510698165">
      <SDL2 Key="1302490171">
        <Unknown>
          <Entry>
            <Values>
              <Entry>
                <Value0>15178</Value0>
                <Value1>0</Value1>
              </Entry>
            </Values>
            <Value0>147456</Value0>
            <Value1>65536</Value1>
          </Entry>
        </Unknown>
        <Dialogs>
          <Dialog>高嶺</Dialog>
          <Dialog>Are you still sleepy?</Dialog>
        </Dialogs>
      </SDL2>
    </Entry>
    <Entry Unknown0="3632246057" Unknown1="3745351225">
      <SDL2 Key="1302490171">
        <Unknown>
          <Entry>
            <Values>
              <Entry>
                <Value0>15179</Value0>
                <Value1>0</Value1>
              </Entry>
            </Values>
            <Value0>147456</Value0>
            <Value1>65536</Value1>
          </Entry>
        </Unknown>
        <Dialogs>
          <Dialog>高嶺</Dialog>
          <Dialog>Don't look so much...</Dialog>
        </Dialogs>
      </SDL2>
    </Entry>
    <Entry Unknown0="1152497581" Unknown1="173476459">
      <SDL2 Key="1302490171">
        <Unknown>
          <Entry>
            <Values>
              <Entry>
                <Value0>15180</Value0>
                <Value1>0</Value1>
              </Entry>
            </Values>
            <Value0>147456</Value0>
            <Value1>65536</Value1>
          </Entry>
        </Unknown>
        <Dialogs>
          <Dialog>高嶺</Dialog>
          <Dialog>Today... I might be able to 
stay up late.</Dialog>
        </Dialogs>
      </SDL2>
    </Entry>
    <Entry Unknown0="2529899487" Unknown1="584793221">
      <SDL2 Key="1302490171">
        <Unknown>
          <Entry>
            <Values>
              <Entry>
                <Value0>15181</Value0>
                <Value1>0</Value1>
              </Entry>
            </Values>
            <Value0>147456</Value0>
            <Value1>65536</Value1>
          </Entry>
        </Unknown>
        <Dialogs>
          <Dialog>高嶺</Dialog>
          <Dialog>What? Fufu.</Dialog>
        </Dialogs>
      </SDL2>
    </Entry>
    <Entry Unknown0="2286943737" Unknown1="2802669065">
      <SDL2 Key="1302490171">
        <Unknown>
          <Entry>
            <Values>
              <Entry>
                <Value0>15182</Value0>
                <Value1>0</Value1>
              </Entry>
            </Values>
            <Value0>147456</Value0>
            <Value1>65536</Value1>
          </Entry>
        </Unknown>
        <Dialogs>
          <Dialog>高嶺</Dialog>
          <Dialog>Fufu, what do you want to 
do?</Dialog>
        </Dialogs>
      </SDL2>
    </Entry>
    <Entry Unknown0="880904061" Unknown1="3525827131">
      <SDL2 Key="1302490171">
        <Unknown>
          <Entry>
            <Values>
              <Entry>
                <Value0>15183</Value0>
                <Value1>0</Value1>
              </Entry>
            </Values>
            <Value0>147456</Value0>
            <Value1>65536</Value1>
          </Entry>
        </Unknown>
        <Dialogs>
          <Dialog>高嶺</Dialog>
          <Dialog>Go to bead early. I'm 
kidding.</Dialog>
        </Dialogs>
      </SDL2>
    </Entry>
    <Entry Unknown0="1184564143" Unknown1="4121627733">
      <SDL2 Key="1302490171">
        <Unknown>
          <Entry>
            <Values>
              <Entry>
                <Value0>15184</Value0>
                <Value1>0</Value1>
              </Entry>
            </Values>
            <Value0>147456</Value0>
            <Value1>65536</Value1>
          </Entry>
        </Unknown>
        <Dialogs>
          <Dialog>高嶺</Dialog>
          <Dialog>Your hands are warm.</Dialog>
        </Dialogs>
      </SDL2>
    </Entry>
    <Entry Unknown0="2015350217" Unknown1="1759323865">
      <SDL2 Key="4118081298">
        <Unknown>
          <Entry>
            <Values>
              <Entry>
                <Value0>15185</Value0>
                <Value1>0</Value1>
              </Entry>
            </Values>
            <Value0>147456</Value0>
            <Value1>65536</Value1>
          </Entry>
        </Unknown>
        <Dialogs>
          <Dialog>高嶺</Dialog>
          <Dialog>I can see your face well.</Dialog>
        </Dialogs>
      </SDL2>
    </Entry>
    <Entry Unknown0="3830568781" Unknown1="3153570315">
      <SDL2 Key="4118081298">
        <Unknown>
          <Entry>
            <Values>
              <Entry>
                <Value0>15186</Value0>
                <Value1>0</Value1>
              </Entry>
            </Values>
            <Value0>147456</Value0>
            <Value1>65536</Value1>
          </Entry>
        </Unknown>
        <Dialogs>
          <Dialog>高嶺</Dialog>
          <Dialog>Yeah, it feels good.</Dialog>
        </Dialogs>
      </SDL2>
    </Entry>
    <Entry Unknown0="913003391" Unknown1="3598441509">
      <SDL2 Key="4118081298">
        <Unknown>
          <Entry>
            <Values>
              <Entry>
                <Value0>15187</Value0>
                <Value1>0</Value1>
              </Entry>
            </Values>
            <Value0>147456</Value0>
            <Value1>65536</Value1>
          </Entry>
        </Unknown>
        <Dialogs>
          <Dialog>高嶺</Dialog>
          <Dialog>That is exciting.</Dialog>
        </Dialogs>
      </SDL2>
    </Entry>
    <Entry Unknown0="686759321" Unknown1="1403909801">
      <SDL2 Key="4118081298">
        <Unknown>
          <Entry>
            <Values>
              <Entry>
                <Value0>15188</Value0>
                <Value1>0</Value1>
              </Entry>
            </Values>
            <Value0>147456</Value0>
            <Value1>65536</Value1>
          </Entry>
        </Unknown>
        <Dialogs>
          <Dialog>高嶺</Dialog>
          <Dialog>That's what I'm going to do 
right away.</Dialog>
        </Dialogs>
      </SDL2>
    </Entry>
    <Entry Unknown0="3558942493" Unknown1="1590131419">
      <SDL2 Key="4118081298">
        <Unknown>
          <Entry>
            <Values>
              <Entry>
                <Value0>15189</Value0>
                <Value1>0</Value1>
              </Entry>
            </Values>
            <Value0>147456</Value0>
            <Value1>65536</Value1>
          </Entry>
        </Unknown>
        <Dialogs>
          <Dialog>高嶺</Dialog>
          <Dialog>Hmm... Already.</Dialog>
        </Dialogs>
      </SDL2>
    </Entry>
    <Entry Unknown0="3862668111" Unknown1="2957749493">
      <SDL2 Key="4118081298">
        <Unknown>
          <Entry>
            <Values>
              <Entry>
                <Value0>15190</Value0>
                <Value1>0</Value1>
              </Entry>
            </Values>
            <Value0>147456</Value0>
            <Value1>65536</Value1>
          </Entry>
        </Unknown>
        <Dialogs>
          <Dialog>高嶺</Dialog>
          <Dialog>I don't want it...</Dialog>
        </Dialogs>
      </SDL2>
    </Entry>
    <Entry Unknown0="415198569" Unknown1="2021508729">
      <SDL2 Key="4118081298">
        <Unknown>
          <Entry>
            <Values>
              <Entry>
                <Value0>15191</Value0>
                <Value1>0</Value1>
              </Entry>
            </Values>
            <Value0>147456</Value0>
            <Value1>65536</Value1>
          </Entry>
        </Unknown>
        <Dialogs>
          <Dialog>高嶺</Dialog>
          <Dialog>Let's talk more... more...</Dialog>
        </Dialogs>
      </SDL2>
    </Entry>
    <Entry Unknown0="2230417389" Unknown1="731335339">
      <SDL2 Key="4118081298">
        <Unknown>
          <Entry>
            <Values>
              <Entry>
                <Value0>15192</Value0>
                <Value1>0</Value1>
              </Entry>
            </Values>
            <Value0>147456</Value0>
            <Value1>65536</Value1>
          </Entry>
        </Unknown>
        <Dialogs>
          <Dialog>高嶺</Dialog>
          <Dialog>I'm not sleepy yet...</Dialog>
        </Dialogs>
      </SDL2>
    </Entry>
    <Entry Unknown0="3591107359" Unknown1="236682437">
      <SDL2 Key="4118081298">
        <Unknown>
          <Entry>
            <Values>
              <Entry>
                <Value0>15193</Value0>
                <Value1>0</Value1>
              </Entry>
            </Values>
            <Value0>147456</Value0>
            <Value1>65536</Value1>
          </Entry>
        </Unknown>
        <Dialogs>
          <Dialog>高嶺</Dialog>
          <Dialog>Hmm... are you not sleeping?</Dialog>
        </Dialogs>
      </SDL2>
    </Entry>
    <Entry Unknown0="3364863289" Unknown1="2337117769">
      <SDL2 Key="4118081298">
        <Unknown>
          <Entry>
            <Values>
              <Entry>
                <Value0>15194</Value0>
                <Value1>0</Value1>
              </Entry>
            </Values>
            <Value0>147456</Value0>
            <Value1>65536</Value1>
          </Entry>
        </Unknown>
        <Dialogs>
          <Dialog>高嶺</Dialog>
          <Dialog>... What?</Dialog>
        </Dialogs>
      </SDL2>
    </Entry>
    <Entry Unknown0="1958823869" Unknown1="1885805179">
      <SDL2 Key="631510636">
        <Unknown>
          <Entry>
            <Values>
              <Entry>
                <Value0>15195</Value0>
                <Value1>0</Value1>
              </Entry>
            </Values>
            <Value0>147456</Value0>
            <Value1>65536</Value1>
          </Entry>
        </Unknown>
        <Dialogs>
          <Dialog>高嶺</Dialog>
          <Dialog>Already, what have you done?</Dialog>
        </Dialogs>
      </SDL2>
    </Entry>
    <Entry Unknown0="2262549487" Unknown1="1089162389">
      <SDL2 Key="631510636">
        <Unknown>
          <Entry>
            <Values>
              <Entry>
                <Value0>15196</Value0>
                <Value1>0</Value1>
              </Entry>
            </Values>
            <Value0>147456</Value0>
            <Value1>65536</Value1>
          </Entry>
        </Unknown>
        <Dialogs>
          <Dialog>高嶺</Dialog>
          <Dialog>Huh, right now... What?</Dialog>
        </Dialogs>
      </SDL2>
    </Entry>
    <Entry Unknown0="3093269769" Unknown1="1042114073">
      <SDL2 Key="631510636">
        <Unknown>
          <Entry>
            <Values>
              <Entry>
                <Value0>15197</Value0>
                <Value1>0</Value1>
              </Entry>
            </Values>
            <Value0>147456</Value0>
            <Value1>65536</Value1>
          </Entry>
        </Unknown>
        <Dialogs>
          <Dialog>高嶺</Dialog>
          <Dialog>I can't help it...</Dialog>
        </Dialogs>
      </SDL2>
    </Entry>
    <Entry Unknown0="613521293" Unknown1="1832381003">
      <SDL2 Key="631510636">
        <Unknown>
          <Entry>
            <Values>
              <Entry>
                <Value0>15198</Value0>
                <Value1>0</Value1>
              </Entry>
            </Values>
            <Value0>147456</Value0>
            <Value1>65536</Value1>
          </Entry>
        </Unknown>
        <Dialogs>
          <Dialog>高嶺</Dialog>
          <Dialog>Hmm... Fufu.</Dialog>
        </Dialogs>
      </SDL2>
    </Entry>
    <Entry Unknown0="1990923199" Unknown1="3233487973">
      <SDL2 Key="631510636">
        <Unknown>
          <Entry>
            <Values>
              <Entry>
                <Value0>15199</Value0>
                <Value1>0</Value1>
              </Entry>
            </Values>
            <Value0>147456</Value0>
            <Value1>65536</Value1>
          </Entry>
        </Unknown>
        <Dialogs>
          <Dialog>高嶺</Dialog>
          <Dialog>You're near me, right?</Dialog>
        </Dialogs>
      </SDL2>
    </Entry>
    <Entry Unknown0="1747967449" Unknown1="1173173993">
      <SDL2 Key="631510636">
        <Unknown>
          <Entry>
            <Values>
              <Entry>
                <Value0>15200</Value0>
                <Value1>0</Value1>
              </Entry>
            </Values>
            <Value0>147456</Value0>
            <Value1>65536</Value1>
          </Entry>
        </Unknown>
        <Dialogs>
          <Dialog>高嶺</Dialog>
          <Dialog>I like you...</Dialog>
        </Dialogs>
      </SDL2>
    </Entry>
    <Entry Unknown0="341960541" Unknown1="1946663451">
      <SDL2 Key="631510636">
        <Unknown>
          <Entry>
            <Values>
              <Entry>
                <Value0>15201</Value0>
                <Value1>0</Value1>
              </Entry>
            </Values>
            <Value0>147456</Value0>
            <Value1>65536</Value1>
          </Entry>
        </Unknown>
        <Dialogs>
          <Dialog>高嶺</Dialog>
          <Dialog>Sniff sniff.</Dialog>
        </Dialogs>
      </SDL2>
    </Entry>
    <Entry Unknown0="645620623" Unknown1="327937077">
      <SDL2 Key="631510636">
        <Unknown>
          <Entry>
            <Values>
              <Entry>
                <Value0>15202</Value0>
                <Value1>0</Value1>
              </Entry>
            </Values>
            <Value0>147456</Value0>
            <Value1>65536</Value1>
          </Entry>
        </Unknown>
        <Dialogs>
          <Dialog>高嶺</Dialog>
          <Dialog>I did it...</Dialog>
        </Dialogs>
      </SDL2>
    </Entry>
    <Entry Unknown0="1493118377" Unknown1="2428307129">
      <SDL2 Key="631510636">
        <Unknown>
          <Entry>
            <Values>
              <Entry>
                <Value0>15203</Value0>
                <Value1>0</Value1>
              </Entry>
            </Values>
            <Value0>147456</Value0>
            <Value1>65536</Value1>
          </Entry>
        </Unknown>
        <Dialogs>
          <Dialog>高嶺</Dialog>
          <Dialog>Hmm, fufu...</Dialog>
        </Dialogs>
      </SDL2>
    </Entry>
    <Entry Unknown0="3291559725" Unknown1="1557629675">
      <SDL2 Key="631510636">
        <Unknown>
          <Entry>
            <Values>
              <Entry>
                <Value0>15204</Value0>
                <Value1>0</Value1>
              </Entry>
            </Values>
            <Value0>147456</Value0>
            <Value1>65536</Value1>
          </Entry>
        </Unknown>
        <Dialogs>
          <Dialog>高嶺</Dialog>
          <Dialog>Hmm....</Dialog>
        </Dialogs>
      </SDL2>
    </Entry>
    <Entry Unknown0="374059871" Unknown1="2069609477">
      <SDL2 Key="631510636">
        <Unknown>
          <Entry>
            <Values>
              <Entry>
                <Value0>15205</Value0>
                <Value1>0</Value1>
              </Entry>
            </Values>
            <Value0>147456</Value0>
            <Value1>65536</Value1>
          </Entry>
        </Unknown>
        <Dialogs>
          <Dialog>高嶺</Dialog>
          <Dialog>No way...</Dialog>
        </Dialogs>
      </SDL2>
    </Entry>
    <Entry Unknown0="147815801" Unknown1="4170045065">
      <SDL2 Key="631510636">
        <Unknown>
          <Entry>
            <Values>
              <Entry>
                <Value0>15206</Value0>
                <Value1>0</Value1>
              </Entry>
            </Values>
            <Value0>147456</Value0>
            <Value1>65536</Value1>
          </Entry>
        </Unknown>
        <Dialogs>
          <Dialog>高嶺</Dialog>
          <Dialog>That's... not good.</Dialog>
        </Dialogs>
      </SDL2>
    </Entry>
    <Entry Unknown0="3019966461" Unknown1="2343000763">
      <SDL2 Key="3715471683">
        <Unknown>
          <Entry>
            <Values>
              <Entry>
                <Value0>15207</Value0>
                <Value1>0</Value1>
              </Entry>
            </Values>
            <Value0>147456</Value0>
            <Value1>65536</Value1>
          </Entry>
        </Unknown>
        <Dialogs>
          <Dialog>高嶺</Dialog>
          <Dialog>Yup, I understand.</Dialog>
        </Dialogs>
      </SDL2>
    </Entry>
    <Entry Unknown0="3323691823" Unknown1="2922089685">
      <SDL2 Key="3715471683">
        <Unknown>
          <Entry>
            <Values>
              <Entry>
                <Value0>15208</Value0>
                <Value1>0</Value1>
              </Entry>
            </Values>
            <Value0>147456</Value0>
            <Value1>65536</Value1>
          </Entry>
        </Unknown>
        <Dialogs>
          <Dialog>高嶺</Dialog>
          <Dialog>Hot!... Hot.</Dialog>
        </Dialogs>
      </SDL2>
    </Entry>
    <Entry Unknown0="4171189577" Unknown1="543008345">
      <SDL2 Key="3715471683">
        <Unknown>
          <Entry>
            <Values>
              <Entry>
                <Value0>15209</Value0>
                <Value1>0</Value1>
              </Entry>
            </Values>
            <Value0>147456</Value0>
            <Value1>65536</Value1>
          </Entry>
        </Unknown>
        <Dialogs>
          <Dialog>高嶺</Dialog>
          <Dialog>Hmm, stop it.</Dialog>
        </Dialogs>
      </SDL2>
    </Entry>
    <Entry Unknown0="1691441100" Unknown1="41364107">
      <SDL2 Key="3715471683">
        <Unknown>
          <Entry>
            <Values>
              <Entry>
                <Value0>15210</Value0>
                <Value1>0</Value1>
              </Entry>
            </Values>
            <Value0>147456</Value0>
            <Value1>65536</Value1>
          </Entry>
        </Unknown>
        <Dialogs>
          <Dialog>高嶺</Dialog>
          <Dialog>That's not it...</Dialog>
        </Dialogs>
      </SDL2>
    </Entry>
    <Entry Unknown0="3068908542" Unknown1="1710972069">
      <SDL2 Key="3715471683">
        <Unknown>
          <Entry>
            <Values>
              <Entry>
                <Value0>15211</Value0>
                <Value1>0</Value1>
              </Entry>
            </Values>
            <Value0>147456</Value0>
            <Value1>65536</Value1>
          </Entry>
        </Unknown>
        <Dialogs>
          <Dialog>高嶺</Dialog>
          <Dialog>...Sniff.</Dialog>
        </Dialogs>
      </SDL2>
    </Entry>
    <Entry Unknown0="2825887000" Unknown1="3794630185">
      <SDL2 Key="3715471683">
        <Unknown>
          <Entry>
            <Values>
              <Entry>
                <Value0>15212</Value0>
                <Value1>0</Value1>
              </Entry>
            </Values>
            <Value0>147456</Value0>
            <Value1>65536</Value1>
          </Entry>
        </Unknown>
        <Dialogs>
          <Dialog>高嶺</Dialog>
          <Dialog>Fufu...</Dialog>
        </Dialogs>
      </SDL2>
    </Entry>
    <Entry Unknown0="1419880348" Unknown1="3360160347">
      <SDL2 Key="3715471683">
        <Unknown>
          <Entry>
            <Values>
              <Entry>
                <Value0>15213</Value0>
                <Value1>0</Value1>
              </Entry>
            </Values>
            <Value0>147456</Value0>
            <Value1>65536</Value1>
          </Entry>
        </Unknown>
        <Dialogs>
          <Dialog>高嶺</Dialog>
          <Dialog>Hmm!</Dialog>
        </Dialogs>
      </SDL2>
    </Entry>
    <Entry Unknown0="1723540430" Unknown1="801844341">
      <SDL2 Key="3715471683">
        <Unknown>
          <Entry>
            <Values>
              <Entry>
                <Value0>15214</Value0>
                <Value1>0</Value1>
              </Entry>
            </Values>
            <Value0>147456</Value0>
            <Value1>65536</Value1>
          </Entry>
        </Unknown>
        <Dialogs>
          <Dialog>高嶺</Dialog>
          <Dialog>No way...</Dialog>
        </Dialogs>
      </SDL2>
    </Entry>
    <Entry Unknown0="2554326504" Unknown1="2768062201">
      <SDL2 Key="3715471683">
        <Unknown>
          <Entry>
            <Values>
              <Entry>
                <Value0>15215</Value0>
                <Value1>0</Value1>
              </Entry>
            </Values>
            <Value0>147456</Value0>
            <Value1>65536</Value1>
          </Entry>
        </Unknown>
        <Dialogs>
          <Dialog>高嶺</Dialog>
          <Dialog>Hmmm, fufu.</Dialog>
        </Dialogs>
      </SDL2>
    </Entry>
    <Entry Unknown0="74577772" Unknown1="1578617387">
      <SDL2 Key="3715471683">
        <Unknown>
          <Entry>
            <Values>
              <Entry>
                <Value0>15216</Value0>
                <Value1>0</Value1>
              </Entry>
            </Values>
            <Value0>147456</Value0>
            <Value1>65536</Value1>
          </Entry>
        </Unknown>
        <Dialogs>
          <Dialog>高嶺</Dialog>
          <Dialog>My face, is red?</Dialog>
        </Dialogs>
      </SDL2>
    </Entry>
    <Entry Unknown0="1451979678" Unknown1="2040265797">
      <SDL2 Key="3715471683">
        <Unknown>
          <Entry>
            <Values>
              <Entry>
                <Value0>15217</Value0>
                <Value1>0</Value1>
              </Entry>
            </Values>
            <Value0>147456</Value0>
            <Value1>65536</Value1>
          </Entry>
        </Unknown>
        <Dialogs>
          <Dialog>高嶺</Dialog>
          <Dialog>Can you hear my heartbeat?</Dialog>
        </Dialogs>
      </SDL2>
    </Entry>
    <Entry Unknown0="1208958392" Unknown1="4274853577">
      <SDL2 Key="3715471683">
        <Unknown>
          <Entry>
            <Values>
              <Entry>
                <Value0>15218</Value0>
                <Value1>0</Value1>
              </Entry>
            </Values>
            <Value0>147456</Value0>
            <Value1>65536</Value1>
          </Entry>
        </Unknown>
        <Dialogs>
          <Dialog>高嶺</Dialog>
          <Dialog>Where are you watching?</Dialog>
        </Dialogs>
      </SDL2>
    </Entry>
    <Entry Unknown0="4097951548" Unknown1="233282299">
      <SDL2 Key="3715471683">
        <Unknown>
          <Entry>
            <Values>
              <Entry>
                <Value0>15219</Value0>
                <Value1>0</Value1>
              </Entry>
            </Values>
            <Value0>147456</Value0>
            <Value1>65536</Value1>
          </Entry>
        </Unknown>
        <Dialogs>
          <Dialog>高嶺</Dialog>
          <Dialog>Calm down...</Dialog>
        </Dialogs>
      </SDL2>
    </Entry>
    <Entry Unknown0="106644334" Unknown1="577489941">
      <SDL2 Key="3715471683">
        <Unknown>
          <Entry>
            <Values>
              <Entry>
                <Value0>15220</Value0>
                <Value1>0</Value1>
              </Entry>
            </Values>
            <Value0>147456</Value0>
            <Value1>65536</Value1>
          </Entry>
        </Unknown>
        <Dialogs>
          <Dialog>高嶺</Dialog>
          <Dialog>Fufu, it feel good...</Dialog>
        </Dialogs>
      </SDL2>
    </Entry>
    <Entry Unknown0="954142088" Unknown1="2812143257">
      <SDL2 Key="3715471683">
        <Unknown>
          <Entry>
            <Values>
              <Entry>
                <Value0>15221</Value0>
                <Value1>0</Value1>
              </Entry>
            </Values>
            <Value0>147456</Value0>
            <Value1>65536</Value1>
          </Entry>
        </Unknown>
        <Dialogs>
          <Dialog>高嶺</Dialog>
          <Dialog>Yes, look over here.</Dialog>
        </Dialogs>
      </SDL2>
    </Entry>
    <Entry Unknown0="2752583436" Unknown1="3401018059">
      <SDL2 Key="3715471683">
        <Unknown>
          <Entry>
            <Values>
              <Entry>
                <Value0>15222</Value0>
                <Value1>0</Value1>
              </Entry>
            </Values>
            <Value0>147456</Value0>
            <Value1>65536</Value1>
          </Entry>
        </Unknown>
        <Dialogs>
          <Dialog>高嶺</Dialog>
          <Dialog>This is funny.</Dialog>
        </Dialogs>
      </SDL2>
    </Entry>
    <Entry Unknown0="4130050878" Unknown1="758881509">
      <SDL2 Key="4255494558">
        <Unknown>
          <Entry>
            <Values>
              <Entry>
                <Value0>15223</Value0>
                <Value1>0</Value1>
              </Entry>
            </Values>
            <Value0>147456</Value0>
            <Value1>65536</Value1>
          </Entry>
        </Unknown>
        <Dialogs>
          <Dialog>高嶺</Dialog>
          <Dialog>It's hot.</Dialog>
        </Dialogs>
      </SDL2>
    </Entry>
    <Entry Unknown0="3903806808" Unknown1="2725099113">
      <SDL2 Key="4255494558">
        <Unknown>
          <Entry>
            <Values>
              <Entry>
                <Value0>15224</Value0>
                <Value1>0</Value1>
              </Entry>
            </Values>
            <Value0>147456</Value0>
            <Value1>65536</Value1>
          </Entry>
        </Unknown>
        <Dialogs>
          <Dialog>高嶺</Dialog>
          <Dialog>Hmm... Uff.</Dialog>
        </Dialogs>
      </SDL2>
    </Entry>
    <Entry Unknown0="2497800156" Unknown1="2441558683">
      <SDL2 Key="4255494558">
        <Unknown>
          <Entry>
            <Values>
              <Entry>
                <Value0>15225</Value0>
                <Value1>0</Value1>
              </Entry>
            </Values>
            <Value0>147456</Value0>
            <Value1>65536</Value1>
          </Entry>
        </Unknown>
        <Dialogs>
          <Dialog>高嶺</Dialog>
          <Dialog>Already, no good.</Dialog>
        </Dialogs>
      </SDL2>
    </Entry>
    <Entry Unknown0="2801525518" Unknown1="2886429877">
      <SDL2 Key="4255494558">
        <Unknown>
          <Entry>
            <Values>
              <Entry>
                <Value0>15226</Value0>
                <Value1>0</Value1>
              </Entry>
            </Values>
            <Value0>147456</Value0>
            <Value1>65536</Value1>
          </Entry>
        </Unknown>
        <Dialogs>
          <Dialog>高嶺</Dialog>
          <Dialog>Hmm. Um... Ah, I'm sorry.</Dialog>
        </Dialogs>
      </SDL2>
    </Entry>
    <Entry Unknown0="3632246056" Unknown1="691897913">
      <SDL2 Key="4255494558">
        <Unknown>
          <Entry>
            <Values>
              <Entry>
                <Value0>15227</Value0>
                <Value1>0</Value1>
              </Entry>
            </Values>
            <Value0>147456</Value0>
            <Value1>65536</Value1>
          </Entry>
        </Unknown>
        <Dialogs>
          <Dialog>高嶺</Dialog>
          <Dialog>Eh, did I fall sleep?</Dialog>
        </Dialogs>
      </SDL2>
    </Entry>
    <Entry Unknown0="1152497580" Unknown1="4166453867">
      <SDL2 Key="4255494558">
        <Unknown>
          <Entry>
            <Values>
              <Entry>
                <Value0>15228</Value0>
                <Value1>0</Value1>
              </Entry>
            </Values>
            <Value0>147456</Value0>
            <Value1>65536</Value1>
          </Entry>
        </Unknown>
        <Dialogs>
          <Dialog>高嶺</Dialog>
          <Dialog>Hmm... What?</Dialog>
        </Dialogs>
      </SDL2>
    </Entry>
    <Entry Unknown0="2529899486" Unknown1="3755687045">
      <SDL2 Key="4255494558">
        <Unknown>
          <Entry>
            <Values>
              <Entry>
                <Value0>15229</Value0>
                <Value1>0</Value1>
              </Entry>
            </Values>
            <Value0>147456</Value0>
            <Value1>65536</Value1>
          </Entry>
        </Unknown>
        <Dialogs>
          <Dialog>高嶺</Dialog>
          <Dialog>Hmm... What happened?</Dialog>
        </Dialogs>
      </SDL2>
    </Entry>
    <Entry Unknown0="2286943736" Unknown1="1410160137">
      <SDL2 Key="4255494558">
        <Unknown>
          <Entry>
            <Values>
              <Entry>
                <Value0>15230</Value0>
                <Value1>0</Value1>
              </Entry>
            </Values>
            <Value0>147456</Value0>
            <Value1>65536</Value1>
          </Entry>
        </Unknown>
        <Dialogs>
          <Dialog>高嶺</Dialog>
          <Dialog>Kya... Whoa, I was 
surprised.</Dialog>
        </Dialogs>
      </SDL2>
    </Entry>
    <Entry Unknown0="880904063" Unknown1="2250758715">
      <SDL2 Key="3886508751">
        <Unknown>
          <Entry>
            <Values>
              <Entry>
                <Value0>15231</Value0>
                <Value1>0</Value1>
              </Entry>
            </Values>
            <Value0>147456</Value0>
            <Value1>65536</Value1>
          </Entry>
          <Entry>
            <Values />
            <Value0>147458</Value0>
            <Value1>196608</Value1>
          </Entry>
          <Entry>
            <Values>
              <Entry>
                <Value0>15232</Value0>
                <Value1>0</Value1>
              </Entry>
            </Values>
            <Value0>147456</Value0>
            <Value1>262144</Value1>
          </Entry>
          <Entry>
            <Values />
            <Value0>147458</Value0>
            <Value1>327680</Value1>
          </Entry>
          <Entry>
            <Values>
              <Entry>
                <Value0>15233</Value0>
                <Value1>0</Value1>
              </Entry>
            </Values>
            <Value0>147456</Value0>
            <Value1>393216</Value1>
          </Entry>
          <Entry>
            <Values />
            <Value0>147458</Value0>
            <Value1>458752</Value1>
          </Entry>
          <Entry>
            <Values>
              <Entry>
                <Value0>15234</Value0>
                <Value1>0</Value1>
              </Entry>
              <Entry>
                <Value0>15235</Value0>
                <Value1>500</Value1>
              </Entry>
            </Values>
            <Value0>147456</Value0>
            <Value1>524288</Value1>
          </Entry>
          <Entry>
            <Values />
            <Value0>147458</Value0>
            <Value1>589824</Value1>
          </Entry>
          <Entry>
            <Values>
              <Entry>
                <Value0>15236</Value0>
                <Value1>0</Value1>
              </Entry>
              <Entry>
                <Value0>15237</Value0>
                <Value1>667</Value1>
              </Entry>
            </Values>
            <Value0>147456</Value0>
            <Value1>655360</Value1>
          </Entry>
          <Entry>
            <Values />
            <Value0>147458</Value0>
            <Value1>720896</Value1>
          </Entry>
        </Unknown>
        <Dialogs>
          <Dialog>高嶺</Dialog>
          <Dialog>Ah...</Dialog>
          <Dialog>○○○○○○○○</Dialog>
          <Dialog>Hmm?</Dialog>
          <Dialog>It's nothing...</Dialog>
          <Dialog>What's wrong?</Dialog>
          <Dialog>...You know, my legs 
started to hurt a while ago.</Dialog>
          <Dialog>Ah, sorry. Is it too 
painful?</Dialog>
          <Dialog>No, not really... It's 
classic for a boy.</Dialog>
          <Dialog>Huh?</Dialog>
          <Dialog>You're tough. Can I touch 
them?</Dialog>
          <Dialog>（It's going to be weird...）</Dialog>
        </Dialogs>
      </SDL2>
    </Entry>
    <Entry Unknown0="1184564141" Unknown1="2712341589">
      <SDL2 Key="3483899122">
        <Unknown>
          <Entry>
            <Values>
              <Entry>
                <Value0>15238</Value0>
                <Value1>0</Value1>
              </Entry>
            </Values>
            <Value0>147456</Value0>
            <Value1>65536</Value1>
          </Entry>
          <Entry>
            <Values />
            <Value0>147458</Value0>
            <Value1>196608</Value1>
          </Entry>
          <Entry>
            <Values>
              <Entry>
                <Value0>15239</Value0>
                <Value1>0</Value1>
              </Entry>
            </Values>
            <Value0>147456</Value0>
            <Value1>262144</Value1>
          </Entry>
          <Entry>
            <Values />
            <Value0>147458</Value0>
            <Value1>327680</Value1>
          </Entry>
          <Entry>
            <Values>
              <Entry>
                <Value0>15240</Value0>
                <Value1>0</Value1>
              </Entry>
            </Values>
            <Value0>147456</Value0>
            <Value1>393216</Value1>
          </Entry>
          <Entry>
            <Values />
            <Value0>147458</Value0>
            <Value1>458752</Value1>
          </Entry>
          <Entry>
            <Values>
              <Entry>
                <Value0>15241</Value0>
                <Value1>0</Value1>
              </Entry>
            </Values>
            <Value0>147456</Value0>
            <Value1>524288</Value1>
          </Entry>
          <Entry>
            <Values />
            <Value0>147458</Value0>
            <Value1>589824</Value1>
          </Entry>
        </Unknown>
        <Dialogs>
          <Dialog>高嶺</Dialog>
          <Dialog>Can you hold it like this? 
You hand...</Dialog>
          <Dialog>○○○○○○○○</Dialog>
          <Dialog>Ok...</Dialog>
          <Dialog>For a little while... I 
don't want to let go...</Dialog>
          <Dialog>Oh...</Dialog>
          <Dialog>When we're together so 
close...</Dialog>
          <Dialog>Hmm?</Dialog>
          <Dialog>It seems like we're the 
only people in the world...</Dialog>
          <Dialog>（▲高嶺＊＊▲...）</Dialog>
        </Dialogs>
      </SDL2>
    </Entry>
    <Entry Unknown0="2015350219" Unknown1="652027609">
      <SDL2 Key="791114167">
        <Unknown>
          <Entry>
            <Values>
              <Entry>
                <Value0>15242</Value0>
                <Value1>0</Value1>
              </Entry>
            </Values>
            <Value0>147456</Value0>
            <Value1>65536</Value1>
          </Entry>
          <Entry>
            <Values />
            <Value0>147458</Value0>
            <Value1>196608</Value1>
          </Entry>
          <Entry>
            <Values>
              <Entry>
                <Value0>15243</Value0>
                <Value1>0</Value1>
              </Entry>
            </Values>
            <Value0>147456</Value0>
            <Value1>262144</Value1>
          </Entry>
          <Entry>
            <Values />
            <Value0>147458</Value0>
            <Value1>327680</Value1>
          </Entry>
          <Entry>
            <Values>
              <Entry>
                <Value0>15244</Value0>
                <Value1>0</Value1>
              </Entry>
            </Values>
            <Value0>147456</Value0>
            <Value1>393216</Value1>
          </Entry>
          <Entry>
            <Values>
              <Entry>
                <Value0>15245</Value0>
                <Value1>0</Value1>
              </Entry>
            </Values>
            <Value0>147456</Value0>
            <Value1>458752</Value1>
          </Entry>
          <Entry>
            <Values />
            <Value0>147458</Value0>
            <Value1>524288</Value1>
          </Entry>
          <Entry>
            <Values>
              <Entry>
                <Value0>15246</Value0>
                <Value1>0</Value1>
              </Entry>
            </Values>
            <Value0>147456</Value0>
            <Value1>589824</Value1>
          </Entry>
          <Entry>
            <Values />
            <Value0>147458</Value0>
            <Value1>655360</Value1>
          </Entry>
        </Unknown>
        <Dialogs>
          <Dialog>高嶺</Dialog>
          <Dialog>Should I go there more?</Dialog>
          <Dialog>○○○○○○○○</Dialog>
          <Dialog>It's not bad...</Dialog>
          <Dialog>But, I wat to be closer to 
you.</Dialog>
          <Dialog>From now on, by your side?</Dialog>
          <Dialog>Yes, forever...</Dialog>
          <Dialog>I want to be close to you 
forever...</Dialog>
          <Dialog>Yes, me too...</Dialog>
          <Dialog>Yup...</Dialog>
          <Dialog>（▲高嶺＊＊▲...）</Dialog>
        </Dialogs>
      </SDL2>
    </Entry>
    <Entry Unknown0="3830568783" Unknown1="4126648843">
      <SDL2 Key="422128617">
        <Unknown>
          <Entry>
            <Values>
              <Entry>
                <Value0>15247</Value0>
                <Value1>0</Value1>
              </Entry>
            </Values>
            <Value0>147456</Value0>
            <Value1>65536</Value1>
          </Entry>
          <Entry>
            <Values />
            <Value0>147458</Value0>
            <Value1>196608</Value1>
          </Entry>
          <Entry>
            <Values>
              <Entry>
                <Value0>15248</Value0>
                <Value1>0</Value1>
              </Entry>
            </Values>
            <Value0>147456</Value0>
            <Value1>262144</Value1>
          </Entry>
          <Entry>
            <Values />
            <Value0>147458</Value0>
            <Value1>327680</Value1>
          </Entry>
          <Entry>
            <Values>
              <Entry>
                <Value0>15249</Value0>
                <Value1>0</Value1>
              </Entry>
            </Values>
            <Value0>147456</Value0>
            <Value1>393216</Value1>
          </Entry>
          <Entry>
            <Values />
            <Value0>147458</Value0>
            <Value1>458752</Value1>
          </Entry>
          <Entry>
            <Values>
              <Entry>
                <Value0>15250</Value0>
                <Value1>0</Value1>
              </Entry>
            </Values>
            <Value0>147456</Value0>
            <Value1>524288</Value1>
          </Entry>
          <Entry>
            <Values />
            <Value0>147458</Value0>
            <Value1>589824</Value1>
          </Entry>
          <Entry>
            <Values>
              <Entry>
                <Value0>15251</Value0>
                <Value1>0</Value1>
              </Entry>
            </Values>
            <Value0>147456</Value0>
            <Value1>655360</Value1>
          </Entry>
          <Entry>
            <Values />
            <Value0>147458</Value0>
            <Value1>720896</Value1>
          </Entry>
        </Unknown>
        <Dialogs>
          <Dialog>高嶺</Dialog>
          <Dialog>Hmm...</Dialog>
          <Dialog>○○○○○○○○</Dialog>
          <Dialog>What's wrong?</Dialog>
          <Dialog>Hmm, my yukata...</Dialog>
          <Dialog>Oh, I'm sorry. I was 
pulling it...</Dialog>
          <Dialog>Again...</Dialog>
          <Dialog>I-it wasn't intentional...</Dialog>
          <Dialog>If it were on purpose, I 
wouldn't forgive you...</Dialog>
          <Dialog>Haha, that's right.</Dialog>
          <Dialog>I know, it's not good...</Dialog>
          <Dialog>（▲高嶺＊＊▲?）</Dialog>
        </Dialogs>
      </SDL2>
    </Entry>
    <Entry Unknown0="913003389" Unknown1="2491145253">
      <SDL2 Key="422128617">
        <Unknown>
          <Entry>
            <Values>
              <Entry>
                <Value0>15252</Value0>
                <Value1>0</Value1>
              </Entry>
            </Values>
            <Value0>147456</Value0>
            <Value1>65536</Value1>
          </Entry>
          <Entry>
            <Values />
            <Value0>147458</Value0>
            <Value1>196608</Value1>
          </Entry>
          <Entry>
            <Values>
              <Entry>
                <Value0>15253</Value0>
                <Value1>0</Value1>
              </Entry>
            </Values>
            <Value0>147456</Value0>
            <Value1>262144</Value1>
          </Entry>
          <Entry>
            <Values />
            <Value0>147458</Value0>
            <Value1>327680</Value1>
          </Entry>
          <Entry>
            <Values />
            <Value0>147458</Value0>
            <Value1>393216</Value1>
          </Entry>
          <Entry>
            <Values>
              <Entry>
                <Value0>15254</Value0>
                <Value1>0</Value1>
              </Entry>
            </Values>
            <Value0>147456</Value0>
            <Value1>458752</Value1>
          </Entry>
          <Entry>
            <Values />
            <Value0>147458</Value0>
            <Value1>524288</Value1>
          </Entry>
          <Entry>
            <Values>
              <Entry>
                <Value0>15255</Value0>
                <Value1>0</Value1>
              </Entry>
            </Values>
            <Value0>147456</Value0>
            <Value1>589824</Value1>
          </Entry>
          <Entry>
            <Values />
            <Value0>147458</Value0>
            <Value1>655360</Value1>
          </Entry>
          <Entry>
            <Values>
              <Entry>
                <Value0>15256</Value0>
                <Value1>0</Value1>
              </Entry>
            </Values>
            <Value0>147456</Value0>
            <Value1>720896</Value1>
          </Entry>
          <Entry>
            <Values />
            <Value0>147458</Value0>
            <Value1>786432</Value1>
          </Entry>
        </Unknown>
        <Dialogs>
          <Dialog>高嶺</Dialog>
          <Dialog>Turn your back over here?</Dialog>
          <Dialog>○○○○○○○○</Dialog>
          <Dialog>What?</Dialog>
          <Dialog>Please.</Dialog>
          <Dialog>Yes...</Dialog>
          <Dialog>Here?</Dialog>
          <Dialog>Yup, then...</Dialog>
          <Dialog>▲高嶺＊＊▲!?</Dialog>
          <Dialog>It's not embarrassing to 
hug you like this.</Dialog>
          <Dialog>（I wonder...）</Dialog>
          <Dialog>It's goo to be like this...</Dialog>
          <Dialog>（▲高嶺＊＊▲...）</Dialog>
        </Dialogs>
      </SDL2>
    </Entry>
    <Entry Unknown0="686759323" Unknown1="4037932713">
      <SDL2 Key="324729718">
        <Unknown>
          <Entry>
            <Values>
              <Entry>
                <Value0>15257</Value0>
                <Value1>0</Value1>
              </Entry>
            </Values>
            <Value0>147456</Value0>
            <Value1>65536</Value1>
          </Entry>
          <Entry>
            <Values />
            <Value0>147458</Value0>
            <Value1>196608</Value1>
          </Entry>
          <Entry>
            <Values>
              <Entry>
                <Value0>15258</Value0>
                <Value1>0</Value1>
              </Entry>
            </Values>
            <Value0>147456</Value0>
            <Value1>262144</Value1>
          </Entry>
          <Entry>
            <Values />
            <Value0>147458</Value0>
            <Value1>327680</Value1>
          </Entry>
          <Entry>
            <Values>
              <Entry>
                <Value0>15259</Value0>
                <Value1>0</Value1>
              </Entry>
            </Values>
            <Value0>147456</Value0>
            <Value1>393216</Value1>
          </Entry>
          <Entry>
            <Values />
            <Value0>147458</Value0>
            <Value1>458752</Value1>
          </Entry>
          <Entry>
            <Values>
              <Entry>
                <Value0>15260</Value0>
                <Value1>0</Value1>
              </Entry>
            </Values>
            <Value0>147456</Value0>
            <Value1>524288</Value1>
          </Entry>
          <Entry>
            <Values />
            <Value0>147458</Value0>
            <Value1>589824</Value1>
          </Entry>
          <Entry>
            <Values>
              <Entry>
                <Value0>15261</Value0>
                <Value1>0</Value1>
              </Entry>
            </Values>
            <Value0>147456</Value0>
            <Value1>655360</Value1>
          </Entry>
          <Entry>
            <Values />
            <Value0>147458</Value0>
            <Value1>720896</Value1>
          </Entry>
          <Entry>
            <Values>
              <Entry>
                <Value0>15262</Value0>
                <Value1>0</Value1>
              </Entry>
            </Values>
            <Value0>147456</Value0>
            <Value1>786432</Value1>
          </Entry>
          <Entry>
            <Values />
            <Value0>147458</Value0>
            <Value1>851968</Value1>
          </Entry>
          <Entry>
            <Values>
              <Entry>
                <Value0>15263</Value0>
                <Value1>0</Value1>
              </Entry>
            </Values>
            <Value0>147456</Value0>
            <Value1>917504</Value1>
          </Entry>
          <Entry>
            <Values />
            <Value0>147458</Value0>
            <Value1>983040</Value1>
          </Entry>
          <Entry>
            <Values>
              <Entry>
                <Value0>15264</Value0>
                <Value1>0</Value1>
              </Entry>
              <Entry>
                <Value0>15265</Value0>
                <Value1>833</Value1>
              </Entry>
            </Values>
            <Value0>147456</Value0>
            <Value1>1048576</Value1>
          </Entry>
          <Entry>
            <Values>
              <Entry>
                <Value0>15266</Value0>
                <Value1>0</Value1>
              </Entry>
            </Values>
            <Value0>147456</Value0>
            <Value1>458752</Value1>
          </Entry>
          <Entry>
            <Values />
            <Value0>147458</Value0>
            <Value1>1114112</Value1>
          </Entry>
          <Entry>
            <Values />
            <Value0>147458</Value0>
            <Value1>1179648</Value1>
          </Entry>
          <Entry>
            <Values />
            <Value0>147458</Value0>
            <Value1>458752</Value1>
          </Entry>
          <Entry>
            <Values />
            <Value0>147458</Value0>
            <Value1>1245184</Value1>
          </Entry>
        </Unknown>
        <Dialogs>
          <Dialog>高嶺</Dialog>
          <Dialog>Hey, can I?</Dialog>
          <Dialog>○○○○○○○○</Dialog>
          <Dialog>What's wrong?</Dialog>
          <Dialog>Can we hold hands?</Dialog>
          <Dialog>...Ah, it's okay.</Dialog>
          <Dialog>Yup...</Dialog>
          <Dialog>...</Dialog>
          <Dialog>...Sorry, I knew it...</Dialog>
          <Dialog>Huh?</Dialog>
          <Dialog>I don't want to hold 
hands...</Dialog>
          <Dialog>▲高嶺＊＊▲?</Dialog>
          <Dialog>...I'm sorry to bother you.</Dialog>
          <Dialog>Well...</Dialog>
          <Dialog>I want you to hold me like 
this until morning...</Dialog>
          <Dialog>...Yes, it's okay.</Dialog>
          <Dialog>Thank you... I feel 
relieved...</Dialog>
          <Dialog>（Did she fall asleep...）</Dialog>
          <Dialog>（I'm sleepy...）</Dialog>
          <Dialog>...</Dialog>
        </Dialogs>
      </SDL2>
    </Entry>
  </Entries>
</DBIN2>