<?xml version="1.0" encoding="utf-8"?>
<DBIN2 xmlns:xsi="http://www.w3.org/2001/XMLSchema-instance" xmlns:xsd="http://www.w3.org/2001/XMLSchema" Key="1341242076" Unknown="24">
  <Entries>
    <Entry Unknown0="1367139732" Unknown1="3406095130">
      <SDL2 Key="926022606">
        <Unknown>
          <Entry>
            <Values>
              <Entry>
                <Value0>16409</Value0>
                <Value1>0</Value1>
              </Entry>
            </Values>
            <Value0>147456</Value0>
            <Value1>65536</Value1>
          </Entry>
          <Entry>
            <Values />
            <Value0>147458</Value0>
            <Value1>196608</Value1>
          </Entry>
          <Entry>
            <Values>
              <Entry>
                <Value0>16410</Value0>
                <Value1>0</Value1>
              </Entry>
              <Entry>
                <Value0>16411</Value0>
                <Value1>500</Value1>
              </Entry>
            </Values>
            <Value0>147456</Value0>
            <Value1>262144</Value1>
          </Entry>
          <Entry>
            <Values />
            <Value0>147458</Value0>
            <Value1>327680</Value1>
          </Entry>
          <Entry>
            <Values>
              <Entry>
                <Value0>16412</Value0>
                <Value1>0</Value1>
              </Entry>
            </Values>
            <Value0>147456</Value0>
            <Value1>393216</Value1>
          </Entry>
          <Entry>
            <Values />
            <Value0>147458</Value0>
            <Value1>458752</Value1>
          </Entry>
          <Entry>
            <Values>
              <Entry>
                <Value0>16413</Value0>
                <Value1>0</Value1>
              </Entry>
              <Entry>
                <Value0>16414</Value0>
                <Value1>500</Value1>
              </Entry>
            </Values>
            <Value0>147456</Value0>
            <Value1>524288</Value1>
          </Entry>
          <Entry>
            <Values />
            <Value0>147458</Value0>
            <Value1>589824</Value1>
          </Entry>
          <Entry>
            <Values>
              <Entry>
                <Value0>16415</Value0>
                <Value1>0</Value1>
              </Entry>
              <Entry>
                <Value0>16416</Value0>
                <Value1>500</Value1>
              </Entry>
            </Values>
            <Value0>147456</Value0>
            <Value1>655360</Value1>
          </Entry>
          <Entry>
            <Values />
            <Value0>147458</Value0>
            <Value1>393216</Value1>
          </Entry>
          <Entry>
            <Values>
              <Entry>
                <Value0>16417</Value0>
                <Value1>0</Value1>
              </Entry>
            </Values>
            <Value0>147456</Value0>
            <Value1>720896</Value1>
          </Entry>
          <Entry>
            <Values />
            <Value0>147458</Value0>
            <Value1>786432</Value1>
          </Entry>
        </Unknown>
        <Dialogs>
          <Dialog>高嶺</Dialog>
          <Dialog>Hey, what does it mean to 
have a relationhsip?</Dialog>
          <Dialog>○○○○○○○○</Dialog>
          <Dialog>What happened all of a 
sudden?</Dialog>
          <Dialog>Yes... I've changed since 
we started dating, but I 
wonder how you see me. I'm 
the only one who worries.</Dialog>
          <Dialog>▲高嶺＊＊▲is▲高嶺＊＊▲. I don't 
think you've changed.</Dialog>
          <Dialog>Huh?</Dialog>
          <Dialog>You've been kind and 
beautiful ever since the 
first time I met you.</Dialog>
          <Dialog>...You're so unfair... But, 
thank you. It's better than 
being told that I've 
changed.</Dialog>
          <Dialog>I see, then what about me?</Dialog>
          <Dialog>Do you want me to say it?...
You have not changed. 
You're stil nice.</Dialog>
          <Dialog>Even though you can hear 
me... Oh, I don't know 
anymore.</Dialog>
          <Dialog>（I wanted to hear it again）</Dialog>
        </Dialogs>
      </SDL2>
    </Entry>
    <Entry Unknown0="323046486" Unknown1="2423039455">
      <SDL2 Key="926022606">
        <Unknown>
          <Entry>
            <Values>
              <Entry>
                <Value0>16418</Value0>
                <Value1>0</Value1>
              </Entry>
            </Values>
            <Value0>147456</Value0>
            <Value1>65536</Value1>
          </Entry>
          <Entry>
            <Values />
            <Value0>147458</Value0>
            <Value1>196608</Value1>
          </Entry>
          <Entry>
            <Values>
              <Entry>
                <Value0>16419</Value0>
                <Value1>0</Value1>
              </Entry>
            </Values>
            <Value0>147456</Value0>
            <Value1>262144</Value1>
          </Entry>
          <Entry>
            <Values />
            <Value0>147458</Value0>
            <Value1>327680</Value1>
          </Entry>
          <Entry>
            <Values>
              <Entry>
                <Value0>16420</Value0>
                <Value1>0</Value1>
              </Entry>
            </Values>
            <Value0>147456</Value0>
            <Value1>393216</Value1>
          </Entry>
          <Entry>
            <Values>
              <Entry>
                <Value0>16421</Value0>
                <Value1>0</Value1>
              </Entry>
            </Values>
            <Value0>147456</Value0>
            <Value1>458752</Value1>
          </Entry>
          <Entry>
            <Values />
            <Value0>147458</Value0>
            <Value1>524288</Value1>
          </Entry>
          <Entry>
            <Values>
              <Entry>
                <Value0>16422</Value0>
                <Value1>0</Value1>
              </Entry>
            </Values>
            <Value0>147456</Value0>
            <Value1>589824</Value1>
          </Entry>
          <Entry>
            <Values />
            <Value0>147458</Value0>
            <Value1>655360</Value1>
          </Entry>
          <Entry>
            <Values>
              <Entry>
                <Value0>16423</Value0>
                <Value1>0</Value1>
              </Entry>
              <Entry>
                <Value0>16424</Value0>
                <Value1>500</Value1>
              </Entry>
            </Values>
            <Value0>147456</Value0>
            <Value1>720896</Value1>
          </Entry>
          <Entry>
            <Values />
            <Value0>147458</Value0>
            <Value1>786432</Value1>
          </Entry>
        </Unknown>
        <Dialogs>
          <Dialog>高嶺</Dialog>
          <Dialog>Before? I was talking to a 
friend. What does it mean 
to have a relationship?</Dialog>
          <Dialog>○○○○○○○○</Dialog>
          <Dialog>What do you mean? ...Hmm.</Dialog>
          <Dialog>Everyone was groaning like 
that. It's hard to put into 
words.</Dialog>
          <Dialog>It may be so. So, did you 
get the answer?</Dialog>
          <Dialog>Yes. It's my own answer... 
To be the closest to the 
one you like.</Dialog>
          <Dialog>I can be closer to you than 
anyone else. That kind of 
thing.</Dialog>
          <Dialog>▲高嶺＊＊▲...</Dialog>
          <Dialog>... Then, everyone laughed 
at me. </Dialog>
          <Dialog>Eh! Did you tell everyone?</Dialog>
          <Dialog>Yes. But you know, I wish 
you could forget what I 
told you about....</Dialog>
          <Dialog>（I can't do that...）</Dialog>
        </Dialogs>
      </SDL2>
    </Entry>
    <Entry Unknown0="3635065371" Unknown1="4180896328">
      <SDL2 Key="926022606">
        <Unknown>
          <Entry>
            <Values />
            <Value0>147456</Value0>
            <Value1>65536</Value1>
          </Entry>
          <Entry>
            <Values>
              <Entry>
                <Value0>16425</Value0>
                <Value1>0</Value1>
              </Entry>
              <Entry>
                <Value0>16426</Value0>
                <Value1>500</Value1>
              </Entry>
            </Values>
            <Value0>147458</Value0>
            <Value1>196608</Value1>
          </Entry>
          <Entry>
            <Values>
              <Entry>
                <Value0>16427</Value0>
                <Value1>0</Value1>
              </Entry>
            </Values>
            <Value0>147458</Value0>
            <Value1>262144</Value1>
          </Entry>
          <Entry>
            <Values />
            <Value0>147456</Value0>
            <Value1>327680</Value1>
          </Entry>
          <Entry>
            <Values>
              <Entry>
                <Value0>16428</Value0>
                <Value1>0</Value1>
              </Entry>
            </Values>
            <Value0>147458</Value0>
            <Value1>393216</Value1>
          </Entry>
          <Entry>
            <Values />
            <Value0>147456</Value0>
            <Value1>458752</Value1>
          </Entry>
          <Entry>
            <Values>
              <Entry>
                <Value0>16429</Value0>
                <Value1>0</Value1>
              </Entry>
            </Values>
            <Value0>147458</Value0>
            <Value1>524288</Value1>
          </Entry>
          <Entry>
            <Values>
              <Entry>
                <Value0>16430</Value0>
                <Value1>0</Value1>
              </Entry>
            </Values>
            <Value0>147458</Value0>
            <Value1>589824</Value1>
          </Entry>
          <Entry>
            <Values />
            <Value0>147456</Value0>
            <Value1>655360</Value1>
          </Entry>
        </Unknown>
        <Dialogs>
          <Dialog>○○○○○○○○</Dialog>
          <Dialog>What does dating mean?</Dialog>
          <Dialog>高嶺</Dialog>
          <Dialog>What's wrong with you 
face? Alright, I'll think 
with you.</Dialog>
          <Dialog>Hmm... You mean I'll be 
monopolizing you?</Dialog>
          <Dialog>I see, we can monopolize 
each other.</Dialog>
          <Dialog>Who knows, I wonder about 
it?</Dialog>
          <Dialog>Emm, no!?</Dialog>
          <Dialog>... I'm kidding.</Dialog>
          <Dialog>Aika will always be yours▼</Dialog>
          <Dialog>（Oh...）</Dialog>
        </Dialogs>
      </SDL2>
    </Entry>
    <Entry Unknown0="560788868" Unknown1="3136606986">
      <SDL2 Key="1735471674">
        <Unknown>
          <Entry>
            <Values />
            <Value0>147456</Value0>
            <Value1>65536</Value1>
          </Entry>
          <Entry>
            <Values>
              <Entry>
                <Value0>16431</Value0>
                <Value1>0</Value1>
              </Entry>
            </Values>
            <Value0>147458</Value0>
            <Value1>196608</Value1>
          </Entry>
          <Entry>
            <Values />
            <Value0>147456</Value0>
            <Value1>262144</Value1>
          </Entry>
          <Entry>
            <Values>
              <Entry>
                <Value0>16432</Value0>
                <Value1>0</Value1>
              </Entry>
            </Values>
            <Value0>147458</Value0>
            <Value1>327680</Value1>
          </Entry>
          <Entry>
            <Values />
            <Value0>147456</Value0>
            <Value1>393216</Value1>
          </Entry>
          <Entry>
            <Values />
            <Value0>147458</Value0>
            <Value1>458752</Value1>
          </Entry>
          <Entry>
            <Values>
              <Entry>
                <Value0>16433</Value0>
                <Value1>0</Value1>
              </Entry>
            </Values>
            <Value0>147458</Value0>
            <Value1>524288</Value1>
          </Entry>
          <Entry>
            <Values />
            <Value0>147456</Value0>
            <Value1>589824</Value1>
          </Entry>
          <Entry>
            <Values>
              <Entry>
                <Value0>16434</Value0>
                <Value1>0</Value1>
              </Entry>
            </Values>
            <Value0>147458</Value0>
            <Value1>655360</Value1>
          </Entry>
          <Entry>
            <Values />
            <Value0>147456</Value0>
            <Value1>720896</Value1>
          </Entry>
        </Unknown>
        <Dialogs>
          <Dialog>○○○○○○○○</Dialog>
          <Dialog>What do girls usually 
think?</Dialog>
          <Dialog>高嶺</Dialog>
          <Dialog>What's wrong? That's sudden.</Dialog>
          <Dialog>I'm a little curious.</Dialog>
          <Dialog>Fufu... What about boys?</Dialog>
          <Dialog>That is...</Dialog>
          <Dialog>....</Dialog>
          <Dialog>... Pervert.</Dialog>
          <Dialog>Huh!? I didn't say anything!</Dialog>
          <Dialog>I'm kidding. Why did you 
panic so much?</Dialog>
          <Dialog>（▲高嶺＊＊▲, I didn't know you 
could do that...）</Dialog>
        </Dialogs>
      </SDL2>
    </Entry>
    <Entry Unknown0="3811662918" Unknown1="2170328527">
      <SDL2 Key="1735471674">
        <Unknown>
          <Entry>
            <Values />
            <Value0>147456</Value0>
            <Value1>65536</Value1>
          </Entry>
          <Entry>
            <Values>
              <Entry>
                <Value0>16435</Value0>
                <Value1>0</Value1>
              </Entry>
            </Values>
            <Value0>147458</Value0>
            <Value1>196608</Value1>
          </Entry>
          <Entry>
            <Values />
            <Value0>147456</Value0>
            <Value1>262144</Value1>
          </Entry>
          <Entry>
            <Values>
              <Entry>
                <Value0>16436</Value0>
                <Value1>0</Value1>
              </Entry>
            </Values>
            <Value0>147458</Value0>
            <Value1>327680</Value1>
          </Entry>
          <Entry>
            <Values />
            <Value0>147456</Value0>
            <Value1>393216</Value1>
          </Entry>
          <Entry>
            <Values>
              <Entry>
                <Value0>16437</Value0>
                <Value1>0</Value1>
              </Entry>
            </Values>
            <Value0>147458</Value0>
            <Value1>458752</Value1>
          </Entry>
          <Entry>
            <Values />
            <Value0>147456</Value0>
            <Value1>524288</Value1>
          </Entry>
          <Entry>
            <Values>
              <Entry>
                <Value0>16438</Value0>
                <Value1>0</Value1>
              </Entry>
              <Entry>
                <Value0>16439</Value0>
                <Value1>500</Value1>
              </Entry>
            </Values>
            <Value0>147458</Value0>
            <Value1>589824</Value1>
          </Entry>
          <Entry>
            <Values />
            <Value0>147456</Value0>
            <Value1>655360</Value1>
          </Entry>
          <Entry>
            <Values>
              <Entry>
                <Value0>16440</Value0>
                <Value1>0</Value1>
              </Entry>
            </Values>
            <Value0>147458</Value0>
            <Value1>720896</Value1>
          </Entry>
          <Entry>
            <Values />
            <Value0>147456</Value0>
            <Value1>786432</Value1>
          </Entry>
          <Entry>
            <Values>
              <Entry>
                <Value0>16441</Value0>
                <Value1>0</Value1>
              </Entry>
            </Values>
            <Value0>147458</Value0>
            <Value1>851968</Value1>
          </Entry>
          <Entry>
            <Values />
            <Value0>147456</Value0>
            <Value1>917504</Value1>
          </Entry>
        </Unknown>
        <Dialogs>
          <Dialog>○○○○○○○○</Dialog>
          <Dialog>You know, what do you think 
about girls?</Dialog>
          <Dialog>高嶺</Dialog>
          <Dialog>What's wrong? What... What 
happened?</Dialog>
          <Dialog>There was a girl in class 
who started crying the 
other day.</Dialog>
          <Dialog>I wonder if there was 
something sad...?</Dialog>
          <Dialog>I wonder. Maybe lack of 
rest or nervousness... I 
don't know. </Dialog>
          <Dialog>Oh, I see... But, I'm 
worried.</Dialog>
          <Dialog>I'm worried about that too, 
but I'm wondering if such 
things happen to you,▲高嶺＊＊▲.</Dialog>
          <Dialog>Me? I'm probably fine. Even 
if... if I suddenly feel 
sad... right? </Dialog>
          <Dialog>Huh?</Dialog>
          <Dialog>....</Dialog>
          <Dialog>Hmm?</Dialog>
          <Dialog>...Yup! I think it's okay 
after all.</Dialog>
          <Dialog>（????）</Dialog>
        </Dialogs>
      </SDL2>
    </Entry>
    <Entry Unknown0="2828698123" Unknown1="3894630968">
      <SDL2 Key="1735471674">
        <Unknown>
          <Entry>
            <Values />
            <Value0>147456</Value0>
            <Value1>65536</Value1>
          </Entry>
          <Entry>
            <Values>
              <Entry>
                <Value0>16442</Value0>
                <Value1>0</Value1>
              </Entry>
            </Values>
            <Value0>147458</Value0>
            <Value1>196608</Value1>
          </Entry>
          <Entry>
            <Values />
            <Value0>147456</Value0>
            <Value1>262144</Value1>
          </Entry>
          <Entry>
            <Values>
              <Entry>
                <Value0>16443</Value0>
                <Value1>0</Value1>
              </Entry>
            </Values>
            <Value0>147458</Value0>
            <Value1>327680</Value1>
          </Entry>
          <Entry>
            <Values />
            <Value0>147456</Value0>
            <Value1>393216</Value1>
          </Entry>
          <Entry>
            <Values>
              <Entry>
                <Value0>16444</Value0>
                <Value1>0</Value1>
              </Entry>
            </Values>
            <Value0>147458</Value0>
            <Value1>458752</Value1>
          </Entry>
          <Entry>
            <Values>
              <Entry>
                <Value0>16445</Value0>
                <Value1>0</Value1>
              </Entry>
            </Values>
            <Value0>147458</Value0>
            <Value1>524288</Value1>
          </Entry>
          <Entry>
            <Values />
            <Value0>147456</Value0>
            <Value1>589824</Value1>
          </Entry>
        </Unknown>
        <Dialogs>
          <Dialog>○○○○○○○○</Dialog>
          <Dialog>What do girls usually think?</Dialog>
          <Dialog>高嶺</Dialog>
          <Dialog>Girl? Not me?... Is there a 
girl you care about?</Dialog>
          <Dialog>No! It's not that!</Dialog>
          <Dialog>...Fufu!</Dialog>
          <Dialog>!?　▲高嶺＊＊▲~...</Dialog>
          <Dialog>I'm sorry. I'm just 
thinking about you so much 
and I said something like 
that.</Dialog>
          <Dialog>To answer the question... 
Is this alright?</Dialog>
          <Dialog>Good!</Dialog>
        </Dialogs>
      </SDL2>
    </Entry>
    <Entry Unknown0="828163444" Unknown1="2850341882">
      <SDL2 Key="791913969">
        <Unknown>
          <Entry>
            <Values />
            <Value0>147456</Value0>
            <Value1>65536</Value1>
          </Entry>
          <Entry>
            <Values>
              <Entry>
                <Value0>16446</Value0>
                <Value1>0</Value1>
              </Entry>
            </Values>
            <Value0>147458</Value0>
            <Value1>196608</Value1>
          </Entry>
          <Entry>
            <Values />
            <Value0>147456</Value0>
            <Value1>262144</Value1>
          </Entry>
          <Entry>
            <Values>
              <Entry>
                <Value0>16447</Value0>
                <Value1>0</Value1>
              </Entry>
            </Values>
            <Value0>147458</Value0>
            <Value1>327680</Value1>
          </Entry>
          <Entry>
            <Values />
            <Value0>147456</Value0>
            <Value1>393216</Value1>
          </Entry>
          <Entry>
            <Values>
              <Entry>
                <Value0>16448</Value0>
                <Value1>0</Value1>
              </Entry>
            </Values>
            <Value0>147458</Value0>
            <Value1>458752</Value1>
          </Entry>
          <Entry>
            <Values />
            <Value0>147456</Value0>
            <Value1>524288</Value1>
          </Entry>
          <Entry>
            <Values>
              <Entry>
                <Value0>16449</Value0>
                <Value1>0</Value1>
              </Entry>
            </Values>
            <Value0>147458</Value0>
            <Value1>589824</Value1>
          </Entry>
          <Entry>
            <Values />
            <Value0>147456</Value0>
            <Value1>655360</Value1>
          </Entry>
          <Entry>
            <Values>
              <Entry>
                <Value0>16450</Value0>
                <Value1>0</Value1>
              </Entry>
            </Values>
            <Value0>147458</Value0>
            <Value1>720896</Value1>
          </Entry>
          <Entry>
            <Values />
            <Value0>147456</Value0>
            <Value1>786432</Value1>
          </Entry>
        </Unknown>
        <Dialogs>
          <Dialog>○○○○○○○○</Dialog>
          <Dialog>▲高嶺＊＊▲? You face is red, 
are you okay?</Dialog>
          <Dialog>高嶺</Dialog>
          <Dialog>Yes, my heart is beating 
fast.</Dialog>
          <Dialog>It's also fever..., Your 
forehead---</Dialog>
          <Dialog>Kya!</Dialog>
          <Dialog>What's wrong?</Dialog>
          <Dialog>It's because you're the one 
who causes the beating.</Dialog>
          <Dialog>Did I do something?</Dialog>
          <Dialog>No. Sometimes when I think 
of you... This is what 
happens.</Dialog>
          <Dialog>▲高嶺＊＊▲...</Dialog>
          <Dialog>Usually, it's when I'm 
alone. Sometimes when I 
look at my face... Hey, how 
can I fix it?　</Dialog>
          <Dialog>（I want to help you, but I 
don't wish it...）</Dialog>
        </Dialogs>
      </SDL2>
    </Entry>
    <Entry Unknown0="4079070262" Unknown1="1917617599">
      <SDL2 Key="1098046315">
        <Unknown>
          <Entry>
            <Values />
            <Value0>147456</Value0>
            <Value1>65536</Value1>
          </Entry>
          <Entry>
            <Values>
              <Entry>
                <Value0>16451</Value0>
                <Value1>0</Value1>
              </Entry>
            </Values>
            <Value0>147458</Value0>
            <Value1>196608</Value1>
          </Entry>
          <Entry>
            <Values>
              <Entry>
                <Value0>16452</Value0>
                <Value1>0</Value1>
              </Entry>
            </Values>
            <Value0>147458</Value0>
            <Value1>262144</Value1>
          </Entry>
          <Entry>
            <Values />
            <Value0>147456</Value0>
            <Value1>327680</Value1>
          </Entry>
          <Entry>
            <Values>
              <Entry>
                <Value0>16453</Value0>
                <Value1>0</Value1>
              </Entry>
            </Values>
            <Value0>147458</Value0>
            <Value1>393216</Value1>
          </Entry>
          <Entry>
            <Values>
              <Entry>
                <Value0>16454</Value0>
                <Value1>0</Value1>
              </Entry>
            </Values>
            <Value0>147458</Value0>
            <Value1>458752</Value1>
          </Entry>
          <Entry>
            <Values />
            <Value0>147456</Value0>
            <Value1>524288</Value1>
          </Entry>
          <Entry>
            <Values>
              <Entry>
                <Value0>16455</Value0>
                <Value1>0</Value1>
              </Entry>
            </Values>
            <Value0>147458</Value0>
            <Value1>589824</Value1>
          </Entry>
          <Entry>
            <Values />
            <Value0>147456</Value0>
            <Value1>655360</Value1>
          </Entry>
        </Unknown>
        <Dialogs>
          <Dialog>○○○○○○○○</Dialog>
          <Dialog>Hey, ▲高嶺＊＊▲. When do you 
feel nervous?</Dialog>
          <Dialog>高嶺</Dialog>
          <Dialog>Nervous? Well...</Dialog>
          <Dialog>When you and I meet at 
school... I wonder.</Dialog>
          <Dialog>Me?</Dialog>
          <Dialog>Yes. I see you in the 
distance and then you 
notice me. The our eyes 
lock, right?</Dialog>
          <Dialog>At that time, I was 
excited... After that you 
laugh a little... I really 
liked it.</Dialog>
          <Dialog>Huh?</Dialog>
          <Dialog>...And I told you that. 
Please forget it now, okay?</Dialog>
          <Dialog>（That's too much!）</Dialog>
        </Dialogs>
      </SDL2>
    </Entry>
    <Entry Unknown0="3096089339" Unknown1="3675474472">
      <SDL2 Key="4180959026">
        <Unknown>
          <Entry>
            <Values>
              <Entry>
                <Value0>16456</Value0>
                <Value1>0</Value1>
              </Entry>
            </Values>
            <Value0>147456</Value0>
            <Value1>65536</Value1>
          </Entry>
          <Entry>
            <Values />
            <Value0>147458</Value0>
            <Value1>196608</Value1>
          </Entry>
          <Entry>
            <Values>
              <Entry>
                <Value0>16457</Value0>
                <Value1>0</Value1>
              </Entry>
            </Values>
            <Value0>147456</Value0>
            <Value1>262144</Value1>
          </Entry>
          <Entry>
            <Values />
            <Value0>147458</Value0>
            <Value1>327680</Value1>
          </Entry>
          <Entry>
            <Values>
              <Entry>
                <Value0>16458</Value0>
                <Value1>0</Value1>
              </Entry>
            </Values>
            <Value0>147456</Value0>
            <Value1>393216</Value1>
          </Entry>
          <Entry>
            <Values />
            <Value0>147458</Value0>
            <Value1>458752</Value1>
          </Entry>
          <Entry>
            <Values>
              <Entry>
                <Value0>16459</Value0>
                <Value1>0</Value1>
              </Entry>
            </Values>
            <Value0>147456</Value0>
            <Value1>524288</Value1>
          </Entry>
          <Entry>
            <Values />
            <Value0>147458</Value0>
            <Value1>589824</Value1>
          </Entry>
          <Entry>
            <Values>
              <Entry>
                <Value0>16460</Value0>
                <Value1>0</Value1>
              </Entry>
            </Values>
            <Value0>147456</Value0>
            <Value1>655360</Value1>
          </Entry>
          <Entry>
            <Values />
            <Value0>147458</Value0>
            <Value1>720896</Value1>
          </Entry>
          <Entry>
            <Values>
              <Entry>
                <Value0>16461</Value0>
                <Value1>0</Value1>
              </Entry>
              <Entry>
                <Value0>16462</Value0>
                <Value1>500</Value1>
              </Entry>
            </Values>
            <Value0>147456</Value0>
            <Value1>786432</Value1>
          </Entry>
          <Entry>
            <Values />
            <Value0>147458</Value0>
            <Value1>851968</Value1>
          </Entry>
        </Unknown>
        <Dialogs>
          <Dialog>高嶺</Dialog>
          <Dialog>Hey, do you know what the 
suspension bridge effect is?</Dialog>
          <Dialog>○○○○○○○○</Dialog>
          <Dialog>I wonder if my brain 
misunderstands the fear of 
crossing a suspension 
bridge and love.</Dialog>
          <Dialog>Right. But I wonder if love 
is so simple that you're 
going to fall in love with 
someone based on that.</Dialog>
          <Dialog>It would be a bit 
disappointing if true.</Dialog>
          <Dialog>Yes, me too. I want it to 
be more sacred.</Dialog>
          <Dialog>When I first saw ▲高嶺＊＊▲, I 
was thrilled...</Dialog>
          <Dialog>... Really?</Dialog>
          <Dialog>Of course. How about ▲高嶺＊＊▲?</Dialog>
          <Dialog>Far from the first...</Dialog>
          <Dialog>Huh?</Dialog>
          <Dialog>Even now, when I see you, I 
suddenly feel nervous. I 
want romance to be such a 
wonderful thing...</Dialog>
          <Dialog>（▲高嶺＊＊▲...）</Dialog>
        </Dialogs>
      </SDL2>
    </Entry>
    <Entry Unknown0="21812580" Unknown1="2564076522">
      <SDL2 Key="326451134">
        <Unknown>
          <Entry>
            <Values>
              <Entry>
                <Value0>16463</Value0>
                <Value1>0</Value1>
              </Entry>
            </Values>
            <Value0>147456</Value0>
            <Value1>65536</Value1>
          </Entry>
          <Entry>
            <Values />
            <Value0>147458</Value0>
            <Value1>196608</Value1>
          </Entry>
          <Entry>
            <Values>
              <Entry>
                <Value0>16464</Value0>
                <Value1>0</Value1>
              </Entry>
            </Values>
            <Value0>147456</Value0>
            <Value1>262144</Value1>
          </Entry>
          <Entry>
            <Values />
            <Value0>147458</Value0>
            <Value1>327680</Value1>
          </Entry>
          <Entry>
            <Values>
              <Entry>
                <Value0>16465</Value0>
                <Value1>0</Value1>
              </Entry>
              <Entry>
                <Value0>16466</Value0>
                <Value1>500</Value1>
              </Entry>
            </Values>
            <Value0>147456</Value0>
            <Value1>393216</Value1>
          </Entry>
          <Entry>
            <Values>
              <Entry>
                <Value0>16467</Value0>
                <Value1>0</Value1>
              </Entry>
              <Entry>
                <Value0>16468</Value0>
                <Value1>500</Value1>
              </Entry>
              <Entry>
                <Value0>16469</Value0>
                <Value1>500</Value1>
              </Entry>
            </Values>
            <Value0>147456</Value0>
            <Value1>458752</Value1>
          </Entry>
          <Entry>
            <Values />
            <Value0>147458</Value0>
            <Value1>524288</Value1>
          </Entry>
          <Entry>
            <Values>
              <Entry>
                <Value0>16470</Value0>
                <Value1>0</Value1>
              </Entry>
            </Values>
            <Value0>147456</Value0>
            <Value1>589824</Value1>
          </Entry>
          <Entry>
            <Values />
            <Value0>147458</Value0>
            <Value1>655360</Value1>
          </Entry>
        </Unknown>
        <Dialogs>
          <Dialog>高嶺</Dialog>
          <Dialog>Don't you feel like the 
time we spend together is 
short?</Dialog>
          <Dialog>○○○○○○○○</Dialog>
          <Dialog>Yeah, that's something I 
can feel in no time.</Dialog>
          <Dialog>Yup. So, I thought about 
it. About the reason.</Dialog>
          <Dialog>As expected,▲高嶺＊＊▲! Teach 
me please.</Dialog>
          <Dialog>Elementary, dear Watson-kun.
Perhaps it's beacuse I'm so 
excited when we're together.</Dialog>
          <Dialog>Heartbeat means having a 
high heart rate. Time flows 
faster than usual, when 
it's the two of us.</Dialog>
          <Dialog>It's an interesting 
hypotesis.</Dialog>
          <Dialog>Therefore, feeling that the 
time is short means we're 
excited... That's why we 
get along. Right?</Dialog>
          <Dialog>Well then, it's no use 
feeling that time is short. 
I'm disappointed.</Dialog>
        </Dialogs>
      </SDL2>
    </Entry>
    <Entry Unknown0="3272719398" Unknown1="1664906671">
      <SDL2 Key="3950500335">
        <Unknown>
          <Entry>
            <Values>
              <Entry>
                <Value0>16471</Value0>
                <Value1>0</Value1>
              </Entry>
            </Values>
            <Value0>147456</Value0>
            <Value1>65536</Value1>
          </Entry>
          <Entry>
            <Values />
            <Value0>147458</Value0>
            <Value1>196608</Value1>
          </Entry>
          <Entry>
            <Values>
              <Entry>
                <Value0>16472</Value0>
                <Value1>0</Value1>
              </Entry>
            </Values>
            <Value0>147456</Value0>
            <Value1>262144</Value1>
          </Entry>
          <Entry>
            <Values />
            <Value0>147458</Value0>
            <Value1>327680</Value1>
          </Entry>
          <Entry>
            <Values>
              <Entry>
                <Value0>16473</Value0>
                <Value1>0</Value1>
              </Entry>
            </Values>
            <Value0>147456</Value0>
            <Value1>393216</Value1>
          </Entry>
          <Entry>
            <Values />
            <Value0>147458</Value0>
            <Value1>458752</Value1>
          </Entry>
          <Entry>
            <Values>
              <Entry>
                <Value0>16474</Value0>
                <Value1>0</Value1>
              </Entry>
            </Values>
            <Value0>147456</Value0>
            <Value1>524288</Value1>
          </Entry>
          <Entry>
            <Values />
            <Value0>147458</Value0>
            <Value1>589824</Value1>
          </Entry>
          <Entry>
            <Values>
              <Entry>
                <Value0>16475</Value0>
                <Value1>0</Value1>
              </Entry>
            </Values>
            <Value0>147456</Value0>
            <Value1>655360</Value1>
          </Entry>
          <Entry>
            <Values />
            <Value0>147458</Value0>
            <Value1>720896</Value1>
          </Entry>
          <Entry>
            <Values>
              <Entry>
                <Value0>16476</Value0>
                <Value1>0</Value1>
              </Entry>
            </Values>
            <Value0>147456</Value0>
            <Value1>786432</Value1>
          </Entry>
          <Entry>
            <Values />
            <Value0>147458</Value0>
            <Value1>851968</Value1>
          </Entry>
        </Unknown>
        <Dialogs>
          <Dialog>高嶺</Dialog>
          <Dialog>Phew...</Dialog>
          <Dialog>○○○○○○○○</Dialog>
          <Dialog>What's wrong?</Dialog>
          <Dialog>No, nothing. I'm alright. 
But... that smell...</Dialog>
          <Dialog>Emm, me?</Dialog>
          <Dialog>Yes... When I was with you, 
I was suddenly conscious of 
you smell, and I got 
nervous...</Dialog>
          <Dialog>▲高嶺＊＊▲ always smells good, 
but... do I?</Dialog>
          <Dialog>I like it.</Dialog>
          <Dialog>Well then, it's okay. Here, 
you can smell me!</Dialog>
          <Dialog>Geez! Don't make it sound 
like people are dogs.</Dialog>
          <Dialog>Haha, sorry, sorry.</Dialog>
          <Dialog>Huh? When I got surprised, 
it seemed like I stopped 
feeling nervous.</Dialog>
          <Dialog>（...Looks like hiccups）</Dialog>
        </Dialogs>
      </SDL2>
    </Entry>
    <Entry Unknown0="2289754859" Unknown1="3389209112">
      <SDL2 Key="903336408">
        <Unknown>
          <Entry>
            <Values>
              <Entry>
                <Value0>16477</Value0>
                <Value1>0</Value1>
              </Entry>
            </Values>
            <Value0>147456</Value0>
            <Value1>65536</Value1>
          </Entry>
          <Entry>
            <Values />
            <Value0>147458</Value0>
            <Value1>196608</Value1>
          </Entry>
          <Entry>
            <Values>
              <Entry>
                <Value0>16478</Value0>
                <Value1>0</Value1>
              </Entry>
            </Values>
            <Value0>147456</Value0>
            <Value1>262144</Value1>
          </Entry>
          <Entry>
            <Values />
            <Value0>147458</Value0>
            <Value1>327680</Value1>
          </Entry>
          <Entry>
            <Values>
              <Entry>
                <Value0>16479</Value0>
                <Value1>0</Value1>
              </Entry>
            </Values>
            <Value0>147456</Value0>
            <Value1>393216</Value1>
          </Entry>
          <Entry>
            <Values />
            <Value0>147458</Value0>
            <Value1>458752</Value1>
          </Entry>
          <Entry>
            <Values>
              <Entry>
                <Value0>16480</Value0>
                <Value1>0</Value1>
              </Entry>
            </Values>
            <Value0>147456</Value0>
            <Value1>524288</Value1>
          </Entry>
          <Entry>
            <Values />
            <Value0>147458</Value0>
            <Value1>589824</Value1>
          </Entry>
          <Entry>
            <Values>
              <Entry>
                <Value0>16481</Value0>
                <Value1>0</Value1>
              </Entry>
            </Values>
            <Value0>147456</Value0>
            <Value1>655360</Value1>
          </Entry>
          <Entry>
            <Values />
            <Value0>147458</Value0>
            <Value1>720896</Value1>
          </Entry>
          <Entry>
            <Values>
              <Entry>
                <Value0>16482</Value0>
                <Value1>0</Value1>
              </Entry>
            </Values>
            <Value0>147456</Value0>
            <Value1>786432</Value1>
          </Entry>
        </Unknown>
        <Dialogs>
          <Dialog>高嶺</Dialog>
          <Dialog>The other day, I was really 
nervous.</Dialog>
          <Dialog>○○○○○○○○</Dialog>
          <Dialog>Oh, what happened?</Dialog>
          <Dialog>You were talking to another 
girl.</Dialog>
          <Dialog>Eh!?</Dialog>
          <Dialog>It looked really fun...</Dialog>
          <Dialog>It's a misunderstanding!</Dialog>
          <Dialog>I know. I'm just jealous. 
But...</Dialog>
          <Dialog>... But?</Dialog>
          <Dialog>If you make me jealous too 
much, I might make you 
nervous too, okay?</Dialog>
          <Dialog>That means... ▲高嶺＊＊▲ is on 
good terms with other 
boys... I don't need that!</Dialog>
          <Dialog>Yes.</Dialog>
        </Dialogs>
      </SDL2>
    </Entry>
    <Entry Unknown0="289154388" Unknown1="2412028890">
      <SDL2 Key="903336408">
        <Unknown>
          <Entry>
            <Values>
              <Entry>
                <Value0>16483</Value0>
                <Value1>0</Value1>
              </Entry>
            </Values>
            <Value0>147456</Value0>
            <Value1>65536</Value1>
          </Entry>
          <Entry>
            <Values />
            <Value0>147458</Value0>
            <Value1>196608</Value1>
          </Entry>
          <Entry>
            <Values>
              <Entry>
                <Value0>16484</Value0>
                <Value1>0</Value1>
              </Entry>
              <Entry>
                <Value0>16485</Value0>
                <Value1>500</Value1>
              </Entry>
            </Values>
            <Value0>147456</Value0>
            <Value1>262144</Value1>
          </Entry>
          <Entry>
            <Values />
            <Value0>147458</Value0>
            <Value1>327680</Value1>
          </Entry>
          <Entry>
            <Values>
              <Entry>
                <Value0>16486</Value0>
                <Value1>0</Value1>
              </Entry>
              <Entry>
                <Value0>16487</Value0>
                <Value1>500</Value1>
              </Entry>
            </Values>
            <Value0>147456</Value0>
            <Value1>393216</Value1>
          </Entry>
          <Entry>
            <Values />
            <Value0>147458</Value0>
            <Value1>458752</Value1>
          </Entry>
          <Entry>
            <Values>
              <Entry>
                <Value0>16488</Value0>
                <Value1>0</Value1>
              </Entry>
            </Values>
            <Value0>147456</Value0>
            <Value1>524288</Value1>
          </Entry>
          <Entry>
            <Values />
            <Value0>147458</Value0>
            <Value1>589824</Value1>
          </Entry>
        </Unknown>
        <Dialogs>
          <Dialog>高嶺</Dialog>
          <Dialog>Have your fashion tastes 
changed recently?</Dialog>
          <Dialog>○○○○○○○○</Dialog>
          <Dialog>That's right... Is it 
something you're happy with?</Dialog>
          <Dialog>Yup. I haven't really 
thought about fashion that 
much... It's fresh to hear 
I've changed.</Dialog>
          <Dialog>I see, I liked you fashion 
when we first met ▲高嶺＊＊▲.</Dialog>
          <Dialog>Thank you. But you know, I 
want you to see me in 
various ways..., I'm 
kidding.</Dialog>
          <Dialog>▲高嶺＊＊▲...</Dialog>
          <Dialog>Fufu, so be prepared!</Dialog>
          <Dialog>（▲高嶺＊＊▲, I'm glad you 
change based on me）</Dialog>
        </Dialogs>
      </SDL2>
    </Entry>
    <Entry Unknown0="3540093974" Unknown1="1412195743">
      <SDL2 Key="3718866110">
        <Unknown>
          <Entry>
            <Values>
              <Entry>
                <Value0>16489</Value0>
                <Value1>0</Value1>
              </Entry>
            </Values>
            <Value0>147456</Value0>
            <Value1>65536</Value1>
          </Entry>
          <Entry>
            <Values />
            <Value0>147458</Value0>
            <Value1>196608</Value1>
          </Entry>
          <Entry>
            <Values>
              <Entry>
                <Value0>16490</Value0>
                <Value1>0</Value1>
              </Entry>
              <Entry>
                <Value0>16491</Value0>
                <Value1>500</Value1>
              </Entry>
            </Values>
            <Value0>147456</Value0>
            <Value1>262144</Value1>
          </Entry>
          <Entry>
            <Values />
            <Value0>147458</Value0>
            <Value1>327680</Value1>
          </Entry>
          <Entry>
            <Values>
              <Entry>
                <Value0>16492</Value0>
                <Value1>0</Value1>
              </Entry>
            </Values>
            <Value0>147456</Value0>
            <Value1>393216</Value1>
          </Entry>
          <Entry>
            <Values />
            <Value0>147458</Value0>
            <Value1>458752</Value1>
          </Entry>
          <Entry>
            <Values>
              <Entry>
                <Value0>16493</Value0>
                <Value1>0</Value1>
              </Entry>
              <Entry>
                <Value0>16494</Value0>
                <Value1>500</Value1>
              </Entry>
              <Entry>
                <Value0>16495</Value0>
                <Value1>500</Value1>
              </Entry>
            </Values>
            <Value0>147456</Value0>
            <Value1>524288</Value1>
          </Entry>
          <Entry>
            <Values />
            <Value0>147458</Value0>
            <Value1>589824</Value1>
          </Entry>
          <Entry>
            <Values>
              <Entry>
                <Value0>16496</Value0>
                <Value1>0</Value1>
              </Entry>
              <Entry>
                <Value0>16497</Value0>
                <Value1>500</Value1>
              </Entry>
            </Values>
            <Value0>147456</Value0>
            <Value1>655360</Value1>
          </Entry>
          <Entry>
            <Values />
            <Value0>147458</Value0>
            <Value1>720896</Value1>
          </Entry>
          <Entry>
            <Values>
              <Entry>
                <Value0>16498</Value0>
                <Value1>0</Value1>
              </Entry>
            </Values>
            <Value0>147456</Value0>
            <Value1>786432</Value1>
          </Entry>
          <Entry>
            <Values />
            <Value0>147458</Value0>
            <Value1>851968</Value1>
          </Entry>
        </Unknown>
        <Dialogs>
          <Dialog>高嶺</Dialog>
          <Dialog>I didn't come, I forgot my 
cell phone at home and 
rushed to get it back.</Dialog>
          <Dialog>○○○○○○○○</Dialog>
          <Dialog>Haha,▲高嶺＊＊▲ also forgets 
too.</Dialog>
          <Dialog>Don't make fun of me 
anymore. So when I was 
back, I suddenly realized...</Dialog>
          <Dialog>What?</Dialog>
          <Dialog>I never thought I would 
have gone out before I 
started dating you.</Dialog>
          <Dialog>Before we started dating 
▲高嶺＊＊▲?</Dialog>
          <Dialog>Yes. I'm sure I won't miss 
it one day. I went back to 
get it...I'm always waiting 
your messages.</Dialog>
          <Dialog>I see, thank you.</Dialog>
          <Dialog>No... I should be thanking 
you. It's wonderful to 
think I changed with that 
small detail. Thanks to you.</Dialog>
          <Dialog>▲高嶺＊＊▲...</Dialog>
          <Dialog>Fufu, so send me a lot of 
emails and call me a lot! 
Okay?</Dialog>
          <Dialog>Alright!</Dialog>
        </Dialogs>
      </SDL2>
    </Entry>
    <Entry Unknown0="2557145819" Unknown1="3186829832">
      <SDL2 Key="3718866110">
        <Unknown>
          <Entry>
            <Values>
              <Entry>
                <Value0>16499</Value0>
                <Value1>0</Value1>
              </Entry>
            </Values>
            <Value0>147456</Value0>
            <Value1>65536</Value1>
          </Entry>
          <Entry>
            <Values />
            <Value0>147458</Value0>
            <Value1>196608</Value1>
          </Entry>
          <Entry>
            <Values>
              <Entry>
                <Value0>16500</Value0>
                <Value1>0</Value1>
              </Entry>
            </Values>
            <Value0>147456</Value0>
            <Value1>262144</Value1>
          </Entry>
          <Entry>
            <Values />
            <Value0>147458</Value0>
            <Value1>327680</Value1>
          </Entry>
          <Entry>
            <Values>
              <Entry>
                <Value0>16501</Value0>
                <Value1>0</Value1>
              </Entry>
              <Entry>
                <Value0>16502</Value0>
                <Value1>500</Value1>
              </Entry>
              <Entry>
                <Value0>16503</Value0>
                <Value1>500</Value1>
              </Entry>
            </Values>
            <Value0>147456</Value0>
            <Value1>393216</Value1>
          </Entry>
          <Entry>
            <Values />
            <Value0>147458</Value0>
            <Value1>458752</Value1>
          </Entry>
          <Entry>
            <Values>
              <Entry>
                <Value0>16504</Value0>
                <Value1>0</Value1>
              </Entry>
            </Values>
            <Value0>147456</Value0>
            <Value1>524288</Value1>
          </Entry>
          <Entry>
            <Values />
            <Value0>147458</Value0>
            <Value1>589824</Value1>
          </Entry>
          <Entry>
            <Values>
              <Entry>
                <Value0>16505</Value0>
                <Value1>0</Value1>
              </Entry>
            </Values>
            <Value0>147456</Value0>
            <Value1>655360</Value1>
          </Entry>
          <Entry>
            <Values />
            <Value0>147458</Value0>
            <Value1>720896</Value1>
          </Entry>
          <Entry>
            <Values>
              <Entry>
                <Value0>16506</Value0>
                <Value1>0</Value1>
              </Entry>
            </Values>
            <Value0>147456</Value0>
            <Value1>786432</Value1>
          </Entry>
          <Entry>
            <Values />
            <Value0>147458</Value0>
            <Value1>851968</Value1>
          </Entry>
          <Entry>
            <Values>
              <Entry>
                <Value0>16507</Value0>
                <Value1>0</Value1>
              </Entry>
            </Values>
            <Value0>147456</Value0>
            <Value1>917504</Value1>
          </Entry>
        </Unknown>
        <Dialogs>
          <Dialog>高嶺</Dialog>
          <Dialog>It's the first time I've 
been in a relationship, 
I've come to understand...</Dialog>
          <Dialog>○○○○○○○○</Dialog>
          <Dialog>What?</Dialog>
          <Dialog>The atmosphere has become 
gentler.</Dialog>
          <Dialog>Really...? It's been a 
long time, isn't it?</Dialog>
          <Dialog>Thank you. But I was told 
by people I haven't seen 
in a long time, or my 
family... I was not aware.</Dialog>
          <Dialog>I didn't notice...</Dialog>
          <Dialog>Yes, that's the problem. 
Why only me...?</Dialog>
          <Dialog>Why?</Dialog>
          <Dialog>Now, think about it?</Dialog>
          <Dialog>... Hmm, I give up.</Dialog>
          <Dialog>Maybe, is it because I 
talk to you about a lot of 
things? So... you're the 
one who changed me.</Dialog>
          <Dialog>I mean, because we're 
thinking the same thing?</Dialog>
          <Dialog>Yes. So I guess it's a 
joint work between you and 
me now?</Dialog>
        </Dialogs>
      </SDL2>
    </Entry>
    <Entry Unknown0="3777770820" Unknown1="2125763530">
      <SDL2 Key="500795929">
        <Unknown>
          <Entry>
            <Values>
              <Entry>
                <Value0>16508</Value0>
                <Value1>0</Value1>
              </Entry>
            </Values>
            <Value0>147456</Value0>
            <Value1>65536</Value1>
          </Entry>
          <Entry>
            <Values />
            <Value0>147458</Value0>
            <Value1>196608</Value1>
          </Entry>
          <Entry>
            <Values>
              <Entry>
                <Value0>16509</Value0>
                <Value1>0</Value1>
              </Entry>
            </Values>
            <Value0>147456</Value0>
            <Value1>262144</Value1>
          </Entry>
          <Entry>
            <Values />
            <Value0>147458</Value0>
            <Value1>327680</Value1>
          </Entry>
          <Entry>
            <Values>
              <Entry>
                <Value0>16510</Value0>
                <Value1>0</Value1>
              </Entry>
              <Entry>
                <Value0>16511</Value0>
                <Value1>500</Value1>
              </Entry>
            </Values>
            <Value0>147456</Value0>
            <Value1>393216</Value1>
          </Entry>
          <Entry>
            <Values />
            <Value0>147458</Value0>
            <Value1>458752</Value1>
          </Entry>
          <Entry>
            <Values>
              <Entry>
                <Value0>16512</Value0>
                <Value1>0</Value1>
              </Entry>
            </Values>
            <Value0>147456</Value0>
            <Value1>524288</Value1>
          </Entry>
          <Entry>
            <Values />
            <Value0>147458</Value0>
            <Value1>589824</Value1>
          </Entry>
          <Entry>
            <Values>
              <Entry>
                <Value0>16513</Value0>
                <Value1>0</Value1>
              </Entry>
              <Entry>
                <Value0>16514</Value0>
                <Value1>500</Value1>
              </Entry>
            </Values>
            <Value0>147456</Value0>
            <Value1>655360</Value1>
          </Entry>
          <Entry>
            <Values />
            <Value0>147458</Value0>
            <Value1>720896</Value1>
          </Entry>
        </Unknown>
        <Dialogs>
          <Dialog>高嶺</Dialog>
          <Dialog>Recently, I've been often 
asked for directions, and 
suddenly kids are calling 
out to me.</Dialog>
          <Dialog>○○○○○○○○</Dialog>
          <Dialog>Surely, if it's ▲高嶺＊＊▲, 
she'll tell you the way, 
and kids want to play with 
their beautiful onee-san.</Dialog>
          <Dialog>Even if you praise me so 
much, nothing will come out.</Dialog>
          <Dialog>Haha. But certainly, there 
are people who are easy to 
talk to, and you have a 
gentle aura.</Dialog>
          <Dialog>Is that a gift of our 
relationship? Aura... There 
was someone who said that.</Dialog>
          <Dialog>Huh?</Dialog>
          <Dialog>Last time, there was one 
who taught me the way, but 
I hear that his ex's aura 
was coming out me.</Dialog>
          <Dialog>No... that's not it,▲高嶺＊＊▲! 
It was a pickup line!</Dialog>
          <Dialog>Really? I thought it would 
be better to ask the 
policeman, so I took him to 
the police box...</Dialog>
          <Dialog>（Phew... I was worried. I 
need to keep an eye on 
▲高嶺＊＊▲）</Dialog>
        </Dialogs>
      </SDL2>
    </Entry>
    <Entry Unknown0="2750520326" Unknown1="1159484815">
      <SDL2 Key="500795929">
        <Unknown>
          <Entry>
            <Values>
              <Entry>
                <Value0>16515</Value0>
                <Value1>0</Value1>
              </Entry>
            </Values>
            <Value0>147456</Value0>
            <Value1>65536</Value1>
          </Entry>
          <Entry>
            <Values />
            <Value0>147458</Value0>
            <Value1>196608</Value1>
          </Entry>
          <Entry>
            <Values>
              <Entry>
                <Value0>16516</Value0>
                <Value1>0</Value1>
              </Entry>
            </Values>
            <Value0>147456</Value0>
            <Value1>262144</Value1>
          </Entry>
          <Entry>
            <Values />
            <Value0>147458</Value0>
            <Value1>327680</Value1>
          </Entry>
          <Entry>
            <Values>
              <Entry>
                <Value0>16517</Value0>
                <Value1>0</Value1>
              </Entry>
            </Values>
            <Value0>147456</Value0>
            <Value1>393216</Value1>
          </Entry>
          <Entry>
            <Values />
            <Value0>147458</Value0>
            <Value1>458752</Value1>
          </Entry>
          <Entry>
            <Values>
              <Entry>
                <Value0>16518</Value0>
                <Value1>0</Value1>
              </Entry>
              <Entry>
                <Value0>16519</Value0>
                <Value1>500</Value1>
              </Entry>
              <Entry>
                <Value0>16520</Value0>
                <Value1>500</Value1>
              </Entry>
            </Values>
            <Value0>147456</Value0>
            <Value1>524288</Value1>
          </Entry>
          <Entry>
            <Values />
            <Value0>147458</Value0>
            <Value1>589824</Value1>
          </Entry>
          <Entry>
            <Values>
              <Entry>
                <Value0>16521</Value0>
                <Value1>0</Value1>
              </Entry>
            </Values>
            <Value0>147456</Value0>
            <Value1>655360</Value1>
          </Entry>
          <Entry>
            <Values />
            <Value0>147458</Value0>
            <Value1>720896</Value1>
          </Entry>
        </Unknown>
        <Dialogs>
          <Dialog>高嶺</Dialog>
          <Dialog>Oh, I'm sorry... An email, 
from mama.</Dialog>
          <Dialog>○○○○○○○○</Dialog>
          <Dialog>What did it say?</Dialog>
          <Dialog>Yes. I was asked to read 
it, and... say hello to the 
person next to me. Fufu.</Dialog>
          <Dialog>The person next to you... 
Me?</Dialog>
          <Dialog>There is no one next to me, 
except you.</Dialog>
          <Dialog>That's true!</Dialog>
          <Dialog>Yes... Before it was "Where 
are you now?" Or something 
like that. But they've been 
relieved sice we are dating.</Dialog>
          <Dialog>That's right... Then let's 
live up to their 
expectations.</Dialog>
          <Dialog>Fufu. If so, let's continue 
to get along.</Dialog>
          <Dialog>（I'll send it to you 
straigh, Mom!）</Dialog>
        </Dialogs>
      </SDL2>
    </Entry>
    <Entry Unknown0="1750778571" Unknown1="2900564728">
      <SDL2 Key="1294512484">
        <Unknown>
          <Entry>
            <Values>
              <Entry>
                <Value0>16522</Value0>
                <Value1>0</Value1>
              </Entry>
            </Values>
            <Value0>147456</Value0>
            <Value1>65536</Value1>
          </Entry>
          <Entry>
            <Values />
            <Value0>147458</Value0>
            <Value1>196608</Value1>
          </Entry>
          <Entry>
            <Values>
              <Entry>
                <Value0>16523</Value0>
                <Value1>0</Value1>
              </Entry>
            </Values>
            <Value0>147456</Value0>
            <Value1>262144</Value1>
          </Entry>
          <Entry>
            <Values />
            <Value0>147458</Value0>
            <Value1>327680</Value1>
          </Entry>
          <Entry>
            <Values>
              <Entry>
                <Value0>16524</Value0>
                <Value1>0</Value1>
              </Entry>
            </Values>
            <Value0>147456</Value0>
            <Value1>393216</Value1>
          </Entry>
          <Entry>
            <Values />
            <Value0>147458</Value0>
            <Value1>458752</Value1>
          </Entry>
          <Entry>
            <Values>
              <Entry>
                <Value0>16525</Value0>
                <Value1>0</Value1>
              </Entry>
            </Values>
            <Value0>147456</Value0>
            <Value1>524288</Value1>
          </Entry>
          <Entry>
            <Values />
            <Value0>147458</Value0>
            <Value1>589824</Value1>
          </Entry>
          <Entry>
            <Values>
              <Entry>
                <Value0>16526</Value0>
                <Value1>0</Value1>
              </Entry>
            </Values>
            <Value0>147456</Value0>
            <Value1>655360</Value1>
          </Entry>
          <Entry>
            <Values />
            <Value0>147458</Value0>
            <Value1>720896</Value1>
          </Entry>
          <Entry>
            <Values>
              <Entry>
                <Value0>16527</Value0>
                <Value1>0</Value1>
              </Entry>
            </Values>
            <Value0>147456</Value0>
            <Value1>786432</Value1>
          </Entry>
          <Entry>
            <Values />
            <Value0>147458</Value0>
            <Value1>851968</Value1>
          </Entry>
        </Unknown>
        <Dialogs>
          <Dialog>高嶺</Dialog>
          <Dialog>It's sudden, but I have one 
question, is it okay?</Dialog>
          <Dialog>○○○○○○○○</Dialog>
          <Dialog>Yeah, what is it?</Dialog>
          <Dialog>Recently, my friend told me 
that I was beautiful...</Dialog>
          <Dialog>Not recently though!</Dialog>
          <Dialog>Listen already. It's not 
just one person, it's more 
than one friend.</Dialog>
          <Dialog>It feel like it's just 
now...</Dialog>
          <Dialog>... It doesn't make sense.</Dialog>
          <Dialog>Hmm?</Dialog>
          <Dialog>Actually, I was trying to 
be beautiful.</Dialog>
          <Dialog>Oh, then, that's good. I 
think it has produced 
results.</Dialog>
          <Dialog>Still, it doesn't make 
sense unless you notice it!</Dialog>
          <Dialog>（Is that... for me? I 
see...）</Dialog>
        </Dialogs>
      </SDL2>
    </Entry>
    <Entry Unknown0="4045145396" Unknown1="1839498170">
      <SDL2 Key="3889837130">
        <Unknown>
          <Entry>
            <Values>
              <Entry>
                <Value0>16528</Value0>
                <Value1>0</Value1>
              </Entry>
            </Values>
            <Value0>147456</Value0>
            <Value1>65536</Value1>
          </Entry>
          <Entry>
            <Values />
            <Value0>147458</Value0>
            <Value1>196608</Value1>
          </Entry>
          <Entry>
            <Values>
              <Entry>
                <Value0>16529</Value0>
                <Value1>0</Value1>
              </Entry>
            </Values>
            <Value0>147456</Value0>
            <Value1>262144</Value1>
          </Entry>
          <Entry>
            <Values />
            <Value0>147458</Value0>
            <Value1>327680</Value1>
          </Entry>
          <Entry>
            <Values>
              <Entry>
                <Value0>16530</Value0>
                <Value1>0</Value1>
              </Entry>
            </Values>
            <Value0>147456</Value0>
            <Value1>393216</Value1>
          </Entry>
          <Entry>
            <Values />
            <Value0>147458</Value0>
            <Value1>458752</Value1>
          </Entry>
          <Entry>
            <Values>
              <Entry>
                <Value0>16531</Value0>
                <Value1>0</Value1>
              </Entry>
            </Values>
            <Value0>147456</Value0>
            <Value1>524288</Value1>
          </Entry>
          <Entry>
            <Values />
            <Value0>147458</Value0>
            <Value1>589824</Value1>
          </Entry>
          <Entry>
            <Values>
              <Entry>
                <Value0>16532</Value0>
                <Value1>0</Value1>
              </Entry>
            </Values>
            <Value0>147456</Value0>
            <Value1>655360</Value1>
          </Entry>
          <Entry>
            <Values />
            <Value0>147458</Value0>
            <Value1>720896</Value1>
          </Entry>
          <Entry>
            <Values>
              <Entry>
                <Value0>16533</Value0>
                <Value1>0</Value1>
              </Entry>
            </Values>
            <Value0>147456</Value0>
            <Value1>786432</Value1>
          </Entry>
          <Entry>
            <Values />
            <Value0>147458</Value0>
            <Value1>851968</Value1>
          </Entry>
        </Unknown>
        <Dialogs>
          <Dialog>高嶺</Dialog>
          <Dialog>Hey, do you care about 
other couples?</Dialog>
          <Dialog>○○○○○○○○</Dialog>
          <Dialog>...Why?</Dialog>
          <Dialog>There are things that make 
you aware of couples 
walking in front of you 
during a date.</Dialog>
          <Dialog>Ah, maybe there is. 
Especially in the same age 
group.</Dialog>
          <Dialog>I wonder if you think it's 
cute, especially is it's a 
cute girl.</Dialog>
          <Dialog>I don't think so. On the 
contrary, I'm worried about 
what ▲高嶺＊＊▲ thinks of 
another man.</Dialog>
          <Dialog>I'm the only one who can't.</Dialog>
          <Dialog>That's what I'm doing!</Dialog>
          <Dialog>Fufu.</Dialog>
          <Dialog>Hahaha.</Dialog>
          <Dialog>Yes, I don't care about 
other couples anymore.</Dialog>
          <Dialog>（That's right!）</Dialog>
        </Dialogs>
      </SDL2>
    </Entry>
    <Entry Unknown0="3017927926" Unknown1="906773887">
      <SDL2 Key="656042902">
        <Unknown>
          <Entry>
            <Values>
              <Entry>
                <Value0>16534</Value0>
                <Value1>0</Value1>
              </Entry>
            </Values>
            <Value0>147456</Value0>
            <Value1>65536</Value1>
          </Entry>
          <Entry>
            <Values />
            <Value0>147458</Value0>
            <Value1>196608</Value1>
          </Entry>
          <Entry>
            <Values>
              <Entry>
                <Value0>16535</Value0>
                <Value1>0</Value1>
              </Entry>
            </Values>
            <Value0>147456</Value0>
            <Value1>262144</Value1>
          </Entry>
          <Entry>
            <Values />
            <Value0>147458</Value0>
            <Value1>327680</Value1>
          </Entry>
          <Entry>
            <Values>
              <Entry>
                <Value0>16536</Value0>
                <Value1>0</Value1>
              </Entry>
            </Values>
            <Value0>147456</Value0>
            <Value1>393216</Value1>
          </Entry>
          <Entry>
            <Values />
            <Value0>147458</Value0>
            <Value1>458752</Value1>
          </Entry>
          <Entry>
            <Values>
              <Entry>
                <Value0>16537</Value0>
                <Value1>0</Value1>
              </Entry>
              <Entry>
                <Value0>16538</Value0>
                <Value1>500</Value1>
              </Entry>
            </Values>
            <Value0>147456</Value0>
            <Value1>524288</Value1>
          </Entry>
          <Entry>
            <Values>
              <Entry>
                <Value0>16539</Value0>
                <Value1>0</Value1>
              </Entry>
              <Entry>
                <Value0>16540</Value0>
                <Value1>500</Value1>
              </Entry>
            </Values>
            <Value0>147456</Value0>
            <Value1>589824</Value1>
          </Entry>
          <Entry>
            <Values />
            <Value0>147458</Value0>
            <Value1>655360</Value1>
          </Entry>
          <Entry>
            <Values>
              <Entry>
                <Value0>16541</Value0>
                <Value1>0</Value1>
              </Entry>
            </Values>
            <Value0>147456</Value0>
            <Value1>720896</Value1>
          </Entry>
          <Entry>
            <Values />
            <Value0>147458</Value0>
            <Value1>786432</Value1>
          </Entry>
        </Unknown>
        <Dialogs>
          <Dialog>高嶺</Dialog>
          <Dialog>...Hey.</Dialog>
          <Dialog>○○○○○○○○</Dialog>
          <Dialog>Hmm?</Dialog>
          <Dialog>You know...</Dialog>
          <Dialog>What's wrong?</Dialog>
          <Dialog>Are we... kissing... too 
much?</Dialog>
          <Dialog>Huh!?</Dialog>
          <Dialog>That was the talk with my 
friends... That's what he 
does, right? Not every date 
and... you said you would...</Dialog>
          <Dialog>So I'm a little worried... 
It's better not to care...</Dialog>
          <Dialog>Yup! It's better to just do 
our thing!</Dialog>
          <Dialog>... Yes.</Dialog>
          <Dialog>（I feel like I'm losing...）</Dialog>
        </Dialogs>
      </SDL2>
    </Entry>
    <Entry Unknown0="2018169531" Unknown1="2681408232">
      <SDL2 Key="656042902">
        <Unknown>
          <Entry>
            <Values>
              <Entry>
                <Value0>16542</Value0>
                <Value1>0</Value1>
              </Entry>
            </Values>
            <Value0>147456</Value0>
            <Value1>65536</Value1>
          </Entry>
          <Entry>
            <Values />
            <Value0>147458</Value0>
            <Value1>196608</Value1>
          </Entry>
          <Entry>
            <Values>
              <Entry>
                <Value0>16543</Value0>
                <Value1>0</Value1>
              </Entry>
            </Values>
            <Value0>147456</Value0>
            <Value1>262144</Value1>
          </Entry>
          <Entry>
            <Values />
            <Value0>147458</Value0>
            <Value1>327680</Value1>
          </Entry>
          <Entry>
            <Values>
              <Entry>
                <Value0>16544</Value0>
                <Value1>0</Value1>
              </Entry>
            </Values>
            <Value0>147456</Value0>
            <Value1>393216</Value1>
          </Entry>
          <Entry>
            <Values />
            <Value0>147458</Value0>
            <Value1>458752</Value1>
          </Entry>
          <Entry>
            <Values>
              <Entry>
                <Value0>16545</Value0>
                <Value1>0</Value1>
              </Entry>
            </Values>
            <Value0>147456</Value0>
            <Value1>524288</Value1>
          </Entry>
          <Entry>
            <Values />
            <Value0>147458</Value0>
            <Value1>589824</Value1>
          </Entry>
        </Unknown>
        <Dialogs>
          <Dialog>高嶺</Dialog>
          <Dialog>Hey. We're better friends 
than any other couple, 
aren't we?</Dialog>
          <Dialog>○○○○○○○○</Dialog>
          <Dialog>Oh yeah! It's second to 
none.</Dialog>
          <Dialog>Fufu. That's true. But... 
You're pretty confident, 
aren't you?</Dialog>
          <Dialog>That's right. That's the 
boyfriend power for you!</Dialog>
          <Dialog>Huh?</Dialog>
          <Dialog>This story!</Dialog>
          <Dialog>? Is that so?</Dialog>
          <Dialog>（From now on, I'll keep 
going!）</Dialog>
        </Dialogs>
      </SDL2>
    </Entry>
    <Entry Unknown0="3238794532" Unknown1="1553232810">
      <SDL2 Key="3755728508">
        <Unknown>
          <Entry>
            <Values>
              <Entry>
                <Value0>16546</Value0>
                <Value1>0</Value1>
              </Entry>
            </Values>
            <Value0>147456</Value0>
            <Value1>65536</Value1>
          </Entry>
          <Entry>
            <Values />
            <Value0>147458</Value0>
            <Value1>196608</Value1>
          </Entry>
          <Entry>
            <Values>
              <Entry>
                <Value0>16547</Value0>
                <Value1>0</Value1>
              </Entry>
            </Values>
            <Value0>147456</Value0>
            <Value1>262144</Value1>
          </Entry>
          <Entry>
            <Values />
            <Value0>147458</Value0>
            <Value1>327680</Value1>
          </Entry>
          <Entry>
            <Values>
              <Entry>
                <Value0>16548</Value0>
                <Value1>0</Value1>
              </Entry>
              <Entry>
                <Value0>16549</Value0>
                <Value1>500</Value1>
              </Entry>
            </Values>
            <Value0>147456</Value0>
            <Value1>393216</Value1>
          </Entry>
          <Entry>
            <Values />
            <Value0>147458</Value0>
            <Value1>458752</Value1>
          </Entry>
          <Entry>
            <Values>
              <Entry>
                <Value0>16550</Value0>
                <Value1>0</Value1>
              </Entry>
            </Values>
            <Value0>147456</Value0>
            <Value1>524288</Value1>
          </Entry>
          <Entry>
            <Values />
            <Value0>147458</Value0>
            <Value1>589824</Value1>
          </Entry>
          <Entry>
            <Values>
              <Entry>
                <Value0>16551</Value0>
                <Value1>0</Value1>
              </Entry>
              <Entry>
                <Value0>16552</Value0>
                <Value1>500</Value1>
              </Entry>
            </Values>
            <Value0>147456</Value0>
            <Value1>655360</Value1>
          </Entry>
          <Entry>
            <Values />
            <Value0>147458</Value0>
            <Value1>720896</Value1>
          </Entry>
        </Unknown>
        <Dialogs>
          <Dialog>高嶺</Dialog>
          <Dialog>I wonder how long I have 
spend with you...</Dialog>
          <Dialog>○○○○○○○○</Dialog>
          <Dialog>Time?</Dialog>
          <Dialog>Yes. You know, even after a 
year of dating, we probably 
haven't spent half the time 
together, right? </Dialog>
          <Dialog>That's right. At home... 
Even during class, most of 
the day we're separated.</Dialog>
          <Dialog>Is that so. But, even if 
you can't be with me, I'm 
thinking of you.</Dialog>
          <Dialog>▲高嶺＊＊▲...</Dialog>
          <Dialog>That's why I decided to 
think that even when I 
couldn't see you, it didn't 
change we're dating.</Dialog>
          <Dialog>Yes, rather that being 
together and thinking about 
other things, it's better 
to think about each other.</Dialog>
          <Dialog>Yeah, that's right. Fufu, 
I'm glad you agree.</Dialog>
          <Dialog>Me too!</Dialog>
        </Dialogs>
      </SDL2>
    </Entry>
    <Entry Unknown0="2211577062" Unknown1="670840175">
      <SDL2 Key="4279965127">
        <Unknown>
          <Entry>
            <Values>
              <Entry>
                <Value0>16553</Value0>
                <Value1>0</Value1>
              </Entry>
            </Values>
            <Value0>147456</Value0>
            <Value1>65536</Value1>
          </Entry>
          <Entry>
            <Values />
            <Value0>147458</Value0>
            <Value1>196608</Value1>
          </Entry>
          <Entry>
            <Values>
              <Entry>
                <Value0>16554</Value0>
                <Value1>0</Value1>
              </Entry>
              <Entry>
                <Value0>16555</Value0>
                <Value1>500</Value1>
              </Entry>
            </Values>
            <Value0>147456</Value0>
            <Value1>262144</Value1>
          </Entry>
          <Entry>
            <Values>
              <Entry>
                <Value0>16556</Value0>
                <Value1>0</Value1>
              </Entry>
              <Entry>
                <Value0>16557</Value0>
                <Value1>500</Value1>
              </Entry>
            </Values>
            <Value0>147456</Value0>
            <Value1>327680</Value1>
          </Entry>
          <Entry>
            <Values />
            <Value0>147458</Value0>
            <Value1>393216</Value1>
          </Entry>
          <Entry>
            <Values>
              <Entry>
                <Value0>16558</Value0>
                <Value1>0</Value1>
              </Entry>
            </Values>
            <Value0>147456</Value0>
            <Value1>458752</Value1>
          </Entry>
          <Entry>
            <Values />
            <Value0>147458</Value0>
            <Value1>524288</Value1>
          </Entry>
          <Entry>
            <Values>
              <Entry>
                <Value0>4294901760</Value0>
                <Value1>0</Value1>
              </Entry>
              <Entry>
                <Value0>16559</Value0>
                <Value1>500</Value1>
              </Entry>
            </Values>
            <Value0>147456</Value0>
            <Value1>589824</Value1>
          </Entry>
          <Entry>
            <Values />
            <Value0>147458</Value0>
            <Value1>655360</Value1>
          </Entry>
        </Unknown>
        <Dialogs>
          <Dialog>高嶺</Dialog>
          <Dialog>You know, someday, when I 
become a grandmother, will 
you remember how I was?</Dialog>
          <Dialog>○○○○○○○○</Dialog>
          <Dialog>What do you mean?</Dialog>
          <Dialog>Yes, that's right. That's 
what I'm talking about. You 
have a troubled face... But 
you're listening to me...</Dialog>
          <Dialog>I don't want to forget... 
No matter how long we've 
been together, no matter 
how small...</Dialog>
          <Dialog>I see. Yes, it's okay, I 
can remember too!</Dialog>
          <Dialog>Really?</Dialog>
          <Dialog>Oh, as a grandpa, I will 
remember.</Dialog>
          <Dialog>▲主人公＊▲. Yup! Please!</Dialog>
          <Dialog>Leave it to me!</Dialog>
        </Dialogs>
      </SDL2>
    </Entry>
    <Entry Unknown0="1211769515" Unknown1="2395208408">
      <SDL2 Key="4279965127">
        <Unknown>
          <Entry>
            <Values>
              <Entry>
                <Value0>16560</Value0>
                <Value1>0</Value1>
              </Entry>
            </Values>
            <Value0>147456</Value0>
            <Value1>65536</Value1>
          </Entry>
          <Entry>
            <Values />
            <Value0>147458</Value0>
            <Value1>196608</Value1>
          </Entry>
          <Entry>
            <Values>
              <Entry>
                <Value0>16561</Value0>
                <Value1>0</Value1>
              </Entry>
            </Values>
            <Value0>147456</Value0>
            <Value1>262144</Value1>
          </Entry>
          <Entry>
            <Values />
            <Value0>147458</Value0>
            <Value1>327680</Value1>
          </Entry>
          <Entry>
            <Values>
              <Entry>
                <Value0>16562</Value0>
                <Value1>0</Value1>
              </Entry>
              <Entry>
                <Value0>16563</Value0>
                <Value1>500</Value1>
              </Entry>
            </Values>
            <Value0>147456</Value0>
            <Value1>393216</Value1>
          </Entry>
          <Entry>
            <Values />
            <Value0>147458</Value0>
            <Value1>458752</Value1>
          </Entry>
          <Entry>
            <Values>
              <Entry>
                <Value0>16564</Value0>
                <Value1>0</Value1>
              </Entry>
            </Values>
            <Value0>147456</Value0>
            <Value1>524288</Value1>
          </Entry>
          <Entry>
            <Values />
            <Value0>147458</Value0>
            <Value1>589824</Value1>
          </Entry>
          <Entry>
            <Values>
              <Entry>
                <Value0>16565</Value0>
                <Value1>0</Value1>
              </Entry>
            </Values>
            <Value0>147456</Value0>
            <Value1>655360</Value1>
          </Entry>
          <Entry>
            <Values />
            <Value0>147458</Value0>
            <Value1>720896</Value1>
          </Entry>
          <Entry>
            <Values>
              <Entry>
                <Value0>16566</Value0>
                <Value1>0</Value1>
              </Entry>
            </Values>
            <Value0>147456</Value0>
            <Value1>786432</Value1>
          </Entry>
          <Entry>
            <Values />
            <Value0>147458</Value0>
            <Value1>851968</Value1>
          </Entry>
        </Unknown>
        <Dialogs>
          <Dialog>高嶺</Dialog>
          <Dialog>Do you and I look alike?</Dialog>
          <Dialog>○○○○○○○○</Dialog>
          <Dialog>Eh, where is it?</Dialog>
          <Dialog>It's not where... My friend 
told me that the atmosphere 
is similar.</Dialog>
          <Dialog>I wonder if that's right... 
I don't know for myself.</Dialog>
          <Dialog>That's right. However, it 
is often said that married 
couples have similar 
auras... I was happy.</Dialog>
          <Dialog>Yes, it's kind of nice. 
That kind of thing.</Dialog>
          <Dialog>And you often say that dogs 
look like their owners, 
don't you?</Dialog>
          <Dialog>Huh?</Dialog>
          <Dialog>Oh, you look like a cute 
dog.</Dialog>
          <Dialog>Yes!</Dialog>
          <Dialog>Let's go for a walk, okay?</Dialog>
          <Dialog>... Woof.</Dialog>
        </Dialogs>
      </SDL2>
    </Entry>
  </Entries>
</DBIN2>