<?xml version="1.0" encoding="utf-8"?>
<DBIN2 xmlns:xsi="http://www.w3.org/2001/XMLSchema-instance" xmlns:xsd="http://www.w3.org/2001/XMLSchema" Key="3387787812" Unknown="42">
  <Entries>
    <Entry Unknown0="1675278400" Unknown1="2745305452">
      <SDL2 Key="2972423036">
        <Unknown>
          <Entry>
            <Values>
              <Entry>
                <Value0>18442</Value0>
                <Value1>0</Value1>
              </Entry>
            </Values>
            <Value0>147456</Value0>
            <Value1>65536</Value1>
          </Entry>
        </Unknown>
        <Dialogs>
          <Dialog>高嶺</Dialog>
          <Dialog>Umm... Right now... It's 
okay.</Dialog>
        </Dialogs>
      </SDL2>
    </Entry>
    <Entry Unknown0="3553054608" Unknown1="2431932761">
      <SDL2 Key="2972423036">
        <Unknown>
          <Entry>
            <Values>
              <Entry>
                <Value0>18443</Value0>
                <Value1>0</Value1>
              </Entry>
            </Values>
            <Value0>147456</Value0>
            <Value1>65536</Value1>
          </Entry>
        </Unknown>
        <Dialogs>
          <Dialog>高嶺</Dialog>
          <Dialog>...If it's just a little... 
It's okay.</Dialog>
        </Dialogs>
      </SDL2>
    </Entry>
    <Entry Unknown0="2686066557" Unknown1="3812968108">
      <SDL2 Key="2972423036">
        <Unknown>
          <Entry>
            <Values>
              <Entry>
                <Value0>18444</Value0>
                <Value1>0</Value1>
              </Entry>
            </Values>
            <Value0>147456</Value0>
            <Value1>65536</Value1>
          </Entry>
        </Unknown>
        <Dialogs>
          <Dialog>高嶺</Dialog>
          <Dialog>Hey, closer would be okay...</Dialog>
        </Dialogs>
      </SDL2>
    </Entry>
    <Entry Unknown0="325716176" Unknown1="842177020">
      <SDL2 Key="2972423036">
        <Unknown>
          <Entry>
            <Values>
              <Entry>
                <Value0>18445</Value0>
                <Value1>0</Value1>
              </Entry>
            </Values>
            <Value0>147456</Value0>
            <Value1>65536</Value1>
          </Entry>
        </Unknown>
        <Dialogs>
          <Dialog>高嶺</Dialog>
          <Dialog>Huh?</Dialog>
        </Dialogs>
      </SDL2>
    </Entry>
    <Entry Unknown0="1129832224" Unknown1="562358761">
      <SDL2 Key="2972423036">
        <Unknown>
          <Entry>
            <Values>
              <Entry>
                <Value0>18446</Value0>
                <Value1>0</Value1>
              </Entry>
            </Values>
            <Value0>147456</Value0>
            <Value1>65536</Value1>
          </Entry>
        </Unknown>
        <Dialogs>
          <Dialog>高嶺</Dialog>
          <Dialog>Do you hate it? Well then, 
it's okay.</Dialog>
        </Dialogs>
      </SDL2>
    </Entry>
    <Entry Unknown0="1353346829" Unknown1="1926616636">
      <SDL2 Key="2972423036">
        <Unknown>
          <Entry>
            <Values>
              <Entry>
                <Value0>18447</Value0>
                <Value1>0</Value1>
              </Entry>
            </Values>
            <Value0>147456</Value0>
            <Value1>65536</Value1>
          </Entry>
        </Unknown>
        <Dialogs>
          <Dialog>高嶺</Dialog>
          <Dialog>...Oh come on. That's what 
I'm going to do.</Dialog>
        </Dialogs>
      </SDL2>
    </Entry>
    <Entry Unknown0="2214238304" Unknown1="3250727308">
      <SDL2 Key="2972423036">
        <Unknown>
          <Entry>
            <Values />
            <Value0>147456</Value0>
            <Value1>65536</Value1>
          </Entry>
        </Unknown>
        <Dialogs>
          <Dialog>○○○○○○○○</Dialog>
          <Dialog>▲高嶺＊＊▲...</Dialog>
        </Dialogs>
      </SDL2>
    </Entry>
    <Entry Unknown0="4092014512" Unknown1="2987686265">
      <SDL2 Key="2972423036">
        <Unknown>
          <Entry>
            <Values />
            <Value0>147456</Value0>
            <Value1>65536</Value1>
          </Entry>
        </Unknown>
        <Dialogs>
          <Dialog>○○○○○○○○</Dialog>
          <Dialog>Um...</Dialog>
        </Dialogs>
      </SDL2>
    </Entry>
    <Entry Unknown0="3225091997" Unknown1="23422668">
      <SDL2 Key="2972423036">
        <Unknown>
          <Entry>
            <Values />
            <Value0>147456</Value0>
            <Value1>65536</Value1>
          </Entry>
        </Unknown>
        <Dialogs>
          <Dialog>○○○○○○○○</Dialog>
          <Dialog>No one is watching...</Dialog>
        </Dialogs>
      </SDL2>
    </Entry>
    <Entry Unknown0="864741616" Unknown1="928168220">
      <SDL2 Key="2972423036">
        <Unknown>
          <Entry>
            <Values>
              <Entry>
                <Value0>18448</Value0>
                <Value1>0</Value1>
              </Entry>
            </Values>
            <Value0>147456</Value0>
            <Value1>65536</Value1>
          </Entry>
        </Unknown>
        <Dialogs>
          <Dialog>高嶺</Dialog>
          <Dialog>You're so kind to me... I 
like you.</Dialog>
        </Dialogs>
      </SDL2>
    </Entry>
    <Entry Unknown0="1668792128" Unknown1="614729993">
      <SDL2 Key="3781937624">
        <Unknown>
          <Entry>
            <Values>
              <Entry>
                <Value0>18449</Value0>
                <Value1>0</Value1>
              </Entry>
            </Values>
            <Value0>147456</Value0>
            <Value1>65536</Value1>
          </Entry>
        </Unknown>
        <Dialogs>
          <Dialog>高嶺</Dialog>
          <Dialog>Don't do it, my heart can't 
take it...</Dialog>
        </Dialogs>
      </SDL2>
    </Entry>
    <Entry Unknown0="1892306733" Unknown1="4160091740">
      <SDL2 Key="3781937624">
        <Unknown>
          <Entry>
            <Values>
              <Entry>
                <Value0>18450</Value0>
                <Value1>0</Value1>
              </Entry>
            </Values>
            <Value0>147456</Value0>
            <Value1>65536</Value1>
          </Entry>
        </Unknown>
        <Dialogs>
          <Dialog>高嶺</Dialog>
          <Dialog>I like you, after all...</Dialog>
        </Dialogs>
      </SDL2>
    </Entry>
    <Entry Unknown0="2736420992" Unknown1="2262976940">
      <SDL2 Key="3781937624">
        <Unknown>
          <Entry>
            <Values>
              <Entry>
                <Value0>18451</Value0>
                <Value1>0</Value1>
              </Entry>
            </Values>
            <Value0>147456</Value0>
            <Value1>65536</Value1>
          </Entry>
        </Unknown>
        <Dialogs>
          <Dialog>高嶺</Dialog>
          <Dialog>Only you, just like this...</Dialog>
        </Dialogs>
      </SDL2>
    </Entry>
    <Entry Unknown0="319229904" Unknown1="3040123289">
      <SDL2 Key="3781937624">
        <Unknown>
          <Entry>
            <Values>
              <Entry>
                <Value0>18452</Value0>
                <Value1>0</Value1>
              </Entry>
            </Values>
            <Value0>147456</Value0>
            <Value1>65536</Value1>
          </Entry>
        </Unknown>
        <Dialogs>
          <Dialog>高嶺</Dialog>
          <Dialog>I wonder if it's okay to be 
so satisfied...</Dialog>
        </Dialogs>
      </SDL2>
    </Entry>
    <Entry Unknown0="3764051901" Unknown1="1183155948">
      <SDL2 Key="3781937624">
        <Unknown>
          <Entry>
            <Values>
              <Entry>
                <Value0>18453</Value0>
                <Value1>0</Value1>
              </Entry>
            </Values>
            <Value0>147456</Value0>
            <Value1>65536</Value1>
          </Entry>
        </Unknown>
        <Dialogs>
          <Dialog>高嶺</Dialog>
          <Dialog>Do you know how happy you 
make me?</Dialog>
        </Dialogs>
      </SDL2>
    </Entry>
    <Entry Unknown0="1403701264" Unknown1="359848252">
      <SDL2 Key="3781937624">
        <Unknown>
          <Entry>
            <Values>
              <Entry>
                <Value0>18454</Value0>
                <Value1>0</Value1>
              </Entry>
            </Values>
            <Value0>147456</Value0>
            <Value1>65536</Value1>
          </Entry>
        </Unknown>
        <Dialogs>
          <Dialog>高嶺</Dialog>
          <Dialog>Your face is red... But I'm 
sure mine's a lot more.</Dialog>
        </Dialogs>
      </SDL2>
    </Entry>
    <Entry Unknown0="2207752032" Unknown1="113518889">
      <SDL2 Key="3781937624">
        <Unknown>
          <Entry>
            <Values>
              <Entry>
                <Value0>18455</Value0>
                <Value1>0</Value1>
              </Entry>
            </Values>
            <Value0>147456</Value0>
            <Value1>65536</Value1>
          </Entry>
        </Unknown>
        <Dialogs>
          <Dialog>高嶺</Dialog>
          <Dialog>It's getting warmer while 
we're together...</Dialog>
        </Dialogs>
      </SDL2>
    </Entry>
    <Entry Unknown0="2431266637" Unknown1="3574929020">
      <SDL2 Key="3781937624">
        <Unknown>
          <Entry>
            <Values>
              <Entry>
                <Value0>18456</Value0>
                <Value1>0</Value1>
              </Entry>
            </Values>
            <Value0>147456</Value0>
            <Value1>65536</Value1>
          </Entry>
        </Unknown>
        <Dialogs>
          <Dialog>高嶺</Dialog>
          <Dialog>We're lovers now, so it's 
good...</Dialog>
        </Dialogs>
      </SDL2>
    </Entry>
    <Entry Unknown0="3275380896" Unknown1="1677879756">
      <SDL2 Key="3781937624">
        <Unknown>
          <Entry>
            <Values>
              <Entry>
                <Value0>18457</Value0>
                <Value1>0</Value1>
              </Entry>
            </Values>
            <Value0>147456</Value0>
            <Value1>65536</Value1>
          </Entry>
        </Unknown>
        <Dialogs>
          <Dialog>高嶺</Dialog>
          <Dialog>Just right there. Right?</Dialog>
        </Dialogs>
      </SDL2>
    </Entry>
    <Entry Unknown0="858255344" Unknown1="2538912185">
      <SDL2 Key="3781937624">
        <Unknown>
          <Entry>
            <Values>
              <Entry>
                <Value0>18458</Value0>
                <Value1>0</Value1>
              </Entry>
            </Values>
            <Value0>147456</Value0>
            <Value1>65536</Value1>
          </Entry>
        </Unknown>
        <Dialogs>
          <Dialog>高嶺</Dialog>
          <Dialog>Geez, I get it...</Dialog>
        </Dialogs>
      </SDL2>
    </Entry>
    <Entry Unknown0="8044509" Unknown1="614835724">
      <SDL2 Key="3781937624">
        <Unknown>
          <Entry>
            <Values>
              <Entry>
                <Value0>18459</Value0>
                <Value1>0</Value1>
              </Entry>
            </Values>
            <Value0>147456</Value0>
            <Value1>65536</Value1>
          </Entry>
        </Unknown>
        <Dialogs>
          <Dialog>高嶺</Dialog>
          <Dialog>It can't be helped...</Dialog>
        </Dialogs>
      </SDL2>
    </Entry>
    <Entry Unknown0="1942661168" Unknown1="4220713308">
      <SDL2 Key="3781937624">
        <Unknown>
          <Entry>
            <Values>
              <Entry>
                <Value0>18460</Value0>
                <Value1>0</Value1>
              </Entry>
            </Values>
            <Value0>147456</Value0>
            <Value1>65536</Value1>
          </Entry>
        </Unknown>
        <Dialogs>
          <Dialog>高嶺</Dialog>
          <Dialog>... I'm being spoiled.</Dialog>
        </Dialogs>
      </SDL2>
    </Entry>
    <Entry Unknown0="2746711936" Unknown1="3907275081">
      <SDL2 Key="3781937624">
        <Unknown>
          <Entry>
            <Values>
              <Entry>
                <Value0>18461</Value0>
                <Value1>0</Value1>
              </Entry>
            </Values>
            <Value0>147456</Value0>
            <Value1>65536</Value1>
          </Entry>
        </Unknown>
        <Dialogs>
          <Dialog>高嶺</Dialog>
          <Dialog>Geez, you don't have to say 
it...</Dialog>
        </Dialogs>
      </SDL2>
    </Entry>
    <Entry Unknown0="2953449325" Unknown1="3140826780">
      <SDL2 Key="3781937624">
        <Unknown>
          <Entry>
            <Values>
              <Entry>
                <Value0>18462</Value0>
                <Value1>0</Value1>
              </Entry>
            </Values>
            <Value0>147456</Value0>
            <Value1>65536</Value1>
          </Entry>
        </Unknown>
        <Dialogs>
          <Dialog>高嶺</Dialog>
          <Dialog>Am I being too greedy... 
maybe?</Dialog>
        </Dialogs>
      </SDL2>
    </Entry>
    <Entry Unknown0="3814340800" Unknown1="1243777516">
      <SDL2 Key="3781937624">
        <Unknown>
          <Entry>
            <Values>
              <Entry>
                <Value0>18463</Value0>
                <Value1>0</Value1>
              </Entry>
            </Values>
            <Value0>147456</Value0>
            <Value1>65536</Value1>
          </Entry>
        </Unknown>
        <Dialogs>
          <Dialog>高嶺</Dialog>
          <Dialog>...Calm down.</Dialog>
        </Dialogs>
      </SDL2>
    </Entry>
    <Entry Unknown0="1397214992" Unknown1="2037701081">
      <SDL2 Key="2569817262">
        <Unknown>
          <Entry>
            <Values>
              <Entry>
                <Value0>18464</Value0>
                <Value1>0</Value1>
              </Entry>
            </Values>
            <Value0>147456</Value0>
            <Value1>65536</Value1>
          </Entry>
        </Unknown>
        <Dialogs>
          <Dialog>高嶺</Dialog>
          <Dialog>I want you to think about 
my feelings...</Dialog>
        </Dialogs>
      </SDL2>
    </Entry>
    <Entry Unknown0="547004413" Unknown1="180733484">
      <SDL2 Key="2569817262">
        <Unknown>
          <Entry>
            <Values>
              <Entry>
                <Value0>18465</Value0>
                <Value1>0</Value1>
              </Entry>
            </Values>
            <Value0>147456</Value0>
            <Value1>65536</Value1>
          </Entry>
        </Unknown>
        <Dialogs>
          <Dialog>高嶺</Dialog>
          <Dialog>That's not it... I wonder 
if you can understand it.</Dialog>
        </Dialogs>
      </SDL2>
    </Entry>
    <Entry Unknown0="2481621072" Unknown1="3652327804">
      <SDL2 Key="2569817262">
        <Unknown>
          <Entry>
            <Values>
              <Entry>
                <Value0>18466</Value0>
                <Value1>0</Value1>
              </Entry>
            </Values>
            <Value0>147456</Value0>
            <Value1>65536</Value1>
          </Entry>
        </Unknown>
        <Dialogs>
          <Dialog>高嶺</Dialog>
          <Dialog>You know, I'm a little 
scared.</Dialog>
        </Dialogs>
      </SDL2>
    </Entry>
    <Entry Unknown0="3285671840" Unknown1="3389286761">
      <SDL2 Key="2569817262">
        <Unknown>
          <Entry>
            <Values>
              <Entry>
                <Value0>18467</Value0>
                <Value1>0</Value1>
              </Entry>
            </Values>
            <Value0>147456</Value0>
            <Value1>65536</Value1>
          </Entry>
        </Unknown>
        <Dialogs>
          <Dialog>高嶺</Dialog>
          <Dialog>I want to cherish it more, 
please...</Dialog>
        </Dialogs>
      </SDL2>
    </Entry>
    <Entry Unknown0="3492474765" Unknown1="2572506812">
      <SDL2 Key="2569817262">
        <Unknown>
          <Entry>
            <Values>
              <Entry>
                <Value0>18468</Value0>
                <Value1>0</Value1>
              </Entry>
            </Values>
            <Value0>147456</Value0>
            <Value1>65536</Value1>
          </Entry>
        </Unknown>
        <Dialogs>
          <Dialog>高嶺</Dialog>
          <Dialog>I hate being forceful.</Dialog>
        </Dialogs>
      </SDL2>
    </Entry>
    <Entry Unknown0="58333408" Unknown1="675457292">
      <SDL2 Key="2569817262">
        <Unknown>
          <Entry>
            <Values>
              <Entry>
                <Value0>18469</Value0>
                <Value1>0</Value1>
              </Entry>
            </Values>
            <Value0>147456</Value0>
            <Value1>65536</Value1>
          </Entry>
        </Unknown>
        <Dialogs>
          <Dialog>高嶺</Dialog>
          <Dialog>Geez, it's a lot...</Dialog>
        </Dialogs>
      </SDL2>
    </Entry>
    <Entry Unknown0="1936174896" Unknown1="1536489977">
      <SDL2 Key="2569817262">
        <Unknown>
          <Entry>
            <Values>
              <Entry>
                <Value0>18470</Value0>
                <Value1>0</Value1>
              </Entry>
            </Values>
            <Value0>147456</Value0>
            <Value1>65536</Value1>
          </Entry>
        </Unknown>
        <Dialogs>
          <Dialog>高嶺</Dialog>
          <Dialog>Hey, what was it? That 
thing now...</Dialog>
        </Dialogs>
      </SDL2>
    </Entry>
    <Entry Unknown0="1085964061" Unknown1="3907380812">
      <SDL2 Key="2569817262">
        <Unknown>
          <Entry>
            <Values>
              <Entry>
                <Value0>18471</Value0>
                <Value1>0</Value1>
              </Entry>
            </Values>
            <Value0>147456</Value0>
            <Value1>65536</Value1>
          </Entry>
        </Unknown>
        <Dialogs>
          <Dialog>高嶺</Dialog>
          <Dialog>Did you realize I don't 
like like?</Dialog>
        </Dialogs>
      </SDL2>
    </Entry>
    <Entry Unknown0="3003803760" Unknown1="3218225564">
      <SDL2 Key="2569817262">
        <Unknown>
          <Entry>
            <Values>
              <Entry>
                <Value0>18472</Value0>
                <Value1>0</Value1>
              </Entry>
            </Values>
            <Value0>147456</Value0>
            <Value1>65536</Value1>
          </Entry>
        </Unknown>
        <Dialogs>
          <Dialog>高嶺</Dialog>
          <Dialog>Stop it... I don't want to 
hate you.</Dialog>
        </Dialogs>
      </SDL2>
    </Entry>
    <Entry Unknown0="3824631744" Unknown1="2888075657">
      <SDL2 Key="2569817262">
        <Unknown>
          <Entry>
            <Values>
              <Entry>
                <Value0>18473</Value0>
                <Value1>0</Value1>
              </Entry>
            </Values>
            <Value0>147456</Value0>
            <Value1>65536</Value1>
          </Entry>
        </Unknown>
        <Dialogs>
          <Dialog>高嶺</Dialog>
          <Dialog>I'm sorry... can you move.</Dialog>
        </Dialogs>
      </SDL2>
    </Entry>
    <Entry Unknown0="4031434669" Unknown1="2138404572">
      <SDL2 Key="2569817262">
        <Unknown>
          <Entry>
            <Values>
              <Entry>
                <Value0>18474</Value0>
                <Value1>0</Value1>
              </Entry>
            </Values>
            <Value0>147456</Value0>
            <Value1>65536</Value1>
          </Entry>
        </Unknown>
        <Dialogs>
          <Dialog>高嶺</Dialog>
          <Dialog>Do do this to other girls...</Dialog>
        </Dialogs>
      </SDL2>
    </Entry>
    <Entry Unknown0="597358592" Unknown1="241355052">
      <SDL2 Key="2569817262">
        <Unknown>
          <Entry>
            <Values>
              <Entry>
                <Value0>18475</Value0>
                <Value1>0</Value1>
              </Entry>
            </Values>
            <Value0>147456</Value0>
            <Value1>65536</Value1>
          </Entry>
        </Unknown>
        <Dialogs>
          <Dialog>高嶺</Dialog>
          <Dialog>I think this is rude...</Dialog>
        </Dialogs>
      </SDL2>
    </Entry>
    <Entry Unknown0="2475134800" Unknown1="1035213081">
      <SDL2 Key="2569817262">
        <Unknown>
          <Entry>
            <Values>
              <Entry>
                <Value0>18476</Value0>
                <Value1>0</Value1>
              </Entry>
            </Values>
            <Value0>147456</Value0>
            <Value1>65536</Value1>
          </Entry>
        </Unknown>
        <Dialogs>
          <Dialog>高嶺</Dialog>
          <Dialog>...I'm sorry, I don't think 
I can treasure this...</Dialog>
        </Dialogs>
      </SDL2>
    </Entry>
    <Entry Unknown0="1624923965" Unknown1="3456435820">
      <SDL2 Key="2569817262">
        <Unknown>
          <Entry>
            <Values>
              <Entry>
                <Value0>18477</Value0>
                <Value1>0</Value1>
              </Entry>
            </Values>
            <Value0>147456</Value0>
            <Value1>65536</Value1>
          </Entry>
        </Unknown>
        <Dialogs>
          <Dialog>高嶺</Dialog>
          <Dialog>Geez, my patience is at the 
limit.</Dialog>
        </Dialogs>
      </SDL2>
    </Entry>
    <Entry Unknown0="3542763664" Unknown1="1005738428">
      <SDL2 Key="2569817262">
        <Unknown>
          <Entry>
            <Values>
              <Entry>
                <Value0>18478</Value0>
                <Value1>0</Value1>
              </Entry>
            </Values>
            <Value0>147456</Value0>
            <Value1>65536</Value1>
          </Entry>
        </Unknown>
        <Dialogs>
          <Dialog>高嶺</Dialog>
          <Dialog>Huh? Did I misunderstand it?</Dialog>
        </Dialogs>
      </SDL2>
    </Entry>
    <Entry Unknown0="51847136" Unknown1="675588521">
      <SDL2 Key="2569817262">
        <Unknown>
          <Entry>
            <Values>
              <Entry>
                <Value0>18479</Value0>
                <Value1>0</Value1>
              </Entry>
            </Values>
            <Value0>147456</Value0>
            <Value1>65536</Value1>
          </Entry>
        </Unknown>
        <Dialogs>
          <Dialog>高嶺</Dialog>
          <Dialog>...Any thoughts?</Dialog>
        </Dialogs>
      </SDL2>
    </Entry>
    <Entry Unknown0="275427277" Unknown1="4220884732">
      <SDL2 Key="3412882425">
        <Unknown>
          <Entry>
            <Values>
              <Entry>
                <Value0>18480</Value0>
                <Value1>0</Value1>
              </Entry>
            </Values>
            <Value0>147456</Value0>
            <Value1>65536</Value1>
          </Entry>
        </Unknown>
        <Dialogs>
          <Dialog>高嶺</Dialog>
          <Dialog>... What do you mean?</Dialog>
        </Dialogs>
      </SDL2>
    </Entry>
  </Entries>
</DBIN2>