<?xml version="1.0" encoding="utf-8"?>
<DBIN2 xmlns:xsi="http://www.w3.org/2001/XMLSchema-instance" xmlns:xsd="http://www.w3.org/2001/XMLSchema" Key="3783054550" Unknown="95">
  <Entries>
    <Entry Unknown0="769751578" Unknown1="184351651">
      <SDL2 Key="3757227729">
        <Unknown>
          <Entry>
            <Values>
              <Entry>
                <Value0>18550</Value0>
                <Value1>0</Value1>
              </Entry>
            </Values>
            <Value0>147456</Value0>
            <Value1>65536</Value1>
          </Entry>
        </Unknown>
        <Dialogs>
          <Dialog>高嶺</Dialog>
          <Dialog>You turned off the power 
without saving, right? It's 
against the rules.</Dialog>
        </Dialogs>
      </SDL2>
    </Entry>
    <Entry Unknown0="1384192295" Unknown1="2858551363">
      <SDL2 Key="3757227729">
        <Unknown>
          <Entry>
            <Values>
              <Entry>
                <Value0>18551</Value0>
                <Value1>0</Value1>
              </Entry>
              <Entry>
                <Value0>18552</Value0>
                <Value1>500</Value1>
              </Entry>
            </Values>
            <Value0>147456</Value0>
            <Value1>65536</Value1>
          </Entry>
        </Unknown>
        <Dialogs>
          <Dialog>高嶺</Dialog>
          <Dialog>Did you turn off the power 
without saving? Why are you 
doing something so terrible?</Dialog>
        </Dialogs>
      </SDL2>
    </Entry>
    <Entry Unknown0="4075088583" Unknown1="225355942">
      <SDL2 Key="3757227729">
        <Unknown>
          <Entry>
            <Values>
              <Entry>
                <Value0>18553</Value0>
                <Value1>0</Value1>
              </Entry>
            </Values>
            <Value0>147456</Value0>
            <Value1>65536</Value1>
          </Entry>
        </Unknown>
        <Dialogs>
          <Dialog>高嶺</Dialog>
          <Dialog>You turned off the power 
without saving, right? It's 
a good prospect.</Dialog>
        </Dialogs>
      </SDL2>
    </Entry>
    <Entry Unknown0="1576094251" Unknown1="4262202291">
      <SDL2 Key="3757227729">
        <Unknown>
          <Entry>
            <Values>
              <Entry>
                <Value0>18554</Value0>
                <Value1>0</Value1>
              </Entry>
            </Values>
            <Value0>147456</Value0>
            <Value1>65536</Value1>
          </Entry>
        </Unknown>
        <Dialogs>
          <Dialog>高嶺</Dialog>
          <Dialog>You turned off the power 
without saving again... I 
went to all this trouble 
to forgive you.</Dialog>
        </Dialogs>
      </SDL2>
    </Entry>
    <Entry Unknown0="1116858678" Unknown1="1584535635">
      <SDL2 Key="3757227729">
        <Unknown>
          <Entry>
            <Values>
              <Entry>
                <Value0>18555</Value0>
                <Value1>0</Value1>
              </Entry>
            </Values>
            <Value0>147456</Value0>
            <Value1>65536</Value1>
          </Entry>
        </Unknown>
        <Dialogs>
          <Dialog>高嶺</Dialog>
          <Dialog>You turned off the power 
without saving again... I 
was careful the other day.</Dialog>
        </Dialogs>
      </SDL2>
    </Entry>
    <Entry Unknown0="3807705814" Unknown1="4185831606">
      <SDL2 Key="3757227729">
        <Unknown>
          <Entry>
            <Values>
              <Entry>
                <Value0>18556</Value0>
                <Value1>0</Value1>
              </Entry>
            </Values>
            <Value0>147456</Value0>
            <Value1>65536</Value1>
          </Entry>
        </Unknown>
        <Dialogs>
          <Dialog>高嶺</Dialog>
          <Dialog>Did you turn off the power 
without saving again? 
Didn't you hear my request?</Dialog>
        </Dialogs>
      </SDL2>
    </Entry>
    <Entry Unknown0="1291934267" Unknown1="1914444739">
      <SDL2 Key="3757227729">
        <Unknown>
          <Entry>
            <Values>
              <Entry>
                <Value0>18557</Value0>
                <Value1>0</Value1>
              </Entry>
            </Values>
            <Value0>147456</Value0>
            <Value1>65536</Value1>
          </Entry>
        </Unknown>
        <Dialogs>
          <Dialog>高嶺</Dialog>
          <Dialog>You know why I'm angry 
right? You turned off the 
power without saving, right?</Dialog>
        </Dialogs>
      </SDL2>
    </Entry>
    <Entry Unknown0="1923217734" Unknown1="310519907">
      <SDL2 Key="3757227729">
        <Unknown>
          <Entry>
            <Values>
              <Entry>
                <Value0>18558</Value0>
                <Value1>0</Value1>
              </Entry>
            </Values>
            <Value0>147456</Value0>
            <Value1>65536</Value1>
          </Entry>
        </Unknown>
        <Dialogs>
          <Dialog>高嶺</Dialog>
          <Dialog>You turned off the power 
without saving many 
times... It's not good it 
it's on purpose.</Dialog>
        </Dialogs>
      </SDL2>
    </Entry>
    <Entry Unknown0="302303974" Unknown1="1972291782">
      <SDL2 Key="3757227729">
        <Unknown>
          <Entry>
            <Values>
              <Entry>
                <Value0>18559</Value0>
                <Value1>0</Value1>
              </Entry>
              <Entry>
                <Value0>18560</Value0>
                <Value1>500</Value1>
              </Entry>
            </Values>
            <Value0>147456</Value0>
            <Value1>65536</Value1>
          </Entry>
        </Unknown>
        <Dialogs>
          <Dialog>高嶺</Dialog>
          <Dialog>You turned off the power 
without saving, how many 
times have you done this? 
This is the limit.</Dialog>
        </Dialogs>
      </SDL2>
    </Entry>
    <Entry Unknown0="2098276939" Unknown1="1663839187">
      <SDL2 Key="2546152119">
        <Unknown>
          <Entry>
            <Values>
              <Entry>
                <Value0>18561</Value0>
                <Value1>0</Value1>
              </Entry>
            </Values>
            <Value0>147456</Value0>
            <Value1>65536</Value1>
          </Entry>
        </Unknown>
        <Dialogs>
          <Dialog>高嶺</Dialog>
          <Dialog>Say "I won't do it anymore, 
please forgive me". Say it 
with all your heart.</Dialog>
        </Dialogs>
      </SDL2>
    </Entry>
    <Entry Unknown0="1655818582" Unknown1="59914355">
      <SDL2 Key="2546152119">
        <Unknown>
          <Entry>
            <Values>
              <Entry>
                <Value0>18562</Value0>
                <Value1>0</Value1>
              </Entry>
            </Values>
            <Value0>147456</Value0>
            <Value1>65536</Value1>
          </Entry>
        </Unknown>
        <Dialogs>
          <Dialog>高嶺</Dialog>
          <Dialog>The way to apologize is 
saying "I won't do it 
anymore, please forgive me".
Then... I'll believe in you.</Dialog>
        </Dialogs>
      </SDL2>
    </Entry>
    <Entry Unknown0="34921206" Unknown1="1688131798">
      <SDL2 Key="2546152119">
        <Unknown>
          <Entry>
            <Values>
              <Entry>
                <Value0>18563</Value0>
                <Value1>0</Value1>
              </Entry>
            </Values>
            <Value0>147456</Value0>
            <Value1>65536</Value1>
          </Entry>
        </Unknown>
        <Dialogs>
          <Dialog>高嶺</Dialog>
          <Dialog>Until you say "I won't do 
it anymore, please forgive 
me", I won't forgive you, 
understand?</Dialog>
        </Dialogs>
      </SDL2>
    </Entry>
    <Entry Unknown0="1830894171" Unknown1="2419866595">
      <SDL2 Key="2546152119">
        <Unknown>
          <Entry>
            <Values>
              <Entry>
                <Value0>18564</Value0>
                <Value1>0</Value1>
              </Entry>
            </Values>
            <Value0>147456</Value0>
            <Value1>65536</Value1>
          </Entry>
        </Unknown>
        <Dialogs>
          <Dialog>高嶺</Dialog>
          <Dialog>... Say it.</Dialog>
        </Dialogs>
      </SDL2>
    </Entry>
    <Entry Unknown0="2462177638" Unknown1="815941763">
      <SDL2 Key="2546152119">
        <Unknown>
          <Entry>
            <Values>
              <Entry>
                <Value0>18565</Value0>
                <Value1>0</Value1>
              </Entry>
            </Values>
            <Value0>147456</Value0>
            <Value1>65536</Value1>
          </Entry>
        </Unknown>
        <Dialogs>
          <Dialog>高嶺</Dialog>
          <Dialog>Don't you feel bad...?</Dialog>
        </Dialogs>
      </SDL2>
    </Entry>
    <Entry Unknown0="841263622" Unknown1="2544822502">
      <SDL2 Key="2546152119">
        <Unknown>
          <Entry>
            <Values>
              <Entry>
                <Value0>18566</Value0>
                <Value1>0</Value1>
              </Entry>
            </Values>
            <Value0>147456</Value0>
            <Value1>65536</Value1>
          </Entry>
        </Unknown>
        <Dialogs>
          <Dialog>高嶺</Dialog>
          <Dialog>Have courage, do it.</Dialog>
        </Dialogs>
      </SDL2>
    </Entry>
    <Entry Unknown0="2637236843" Unknown1="2169261043">
      <SDL2 Key="2546152119">
        <Unknown>
          <Entry>
            <Values>
              <Entry>
                <Value0>18567</Value0>
                <Value1>0</Value1>
              </Entry>
              <Entry>
                <Value0>18568</Value0>
                <Value1>500</Value1>
              </Entry>
            </Values>
            <Value0>147456</Value0>
            <Value1>65536</Value1>
          </Entry>
        </Unknown>
        <Dialogs>
          <Dialog>高嶺</Dialog>
          <Dialog>"I won't do it anymore, 
please forgive me"... Don't 
make me repeat it again.</Dialog>
        </Dialogs>
      </SDL2>
    </Entry>
    <Entry Unknown0="2194778486" Unknown1="565336211">
      <SDL2 Key="2546152119">
        <Unknown>
          <Entry>
            <Values>
              <Entry>
                <Value0>18569</Value0>
                <Value1>0</Value1>
              </Entry>
            </Values>
            <Value0>147456</Value0>
            <Value1>65536</Value1>
          </Entry>
        </Unknown>
        <Dialogs>
          <Dialog>高嶺</Dialog>
          <Dialog>Listen well. "I won't do it 
anymore, please forgive me".</Dialog>
        </Dialogs>
      </SDL2>
    </Entry>
    <Entry Unknown0="573880854" Unknown1="2260662518">
      <SDL2 Key="2546152119">
        <Unknown>
          <Entry>
            <Values>
              <Entry>
                <Value0>18570</Value0>
                <Value1>0</Value1>
              </Entry>
            </Values>
            <Value0>147456</Value0>
            <Value1>65536</Value1>
          </Entry>
        </Unknown>
        <Dialogs>
          <Dialog>高嶺</Dialog>
          <Dialog>"I won't do it anymore, 
please forgive me". Can you 
say it?</Dialog>
        </Dialogs>
      </SDL2>
    </Entry>
    <Entry Unknown0="2369854075" Unknown1="3059505923">
      <SDL2 Key="3086182419">
        <Unknown>
          <Entry>
            <Values>
              <Entry>
                <Value0>18571</Value0>
                <Value1>0</Value1>
              </Entry>
            </Values>
            <Value0>147456</Value0>
            <Value1>65536</Value1>
          </Entry>
        </Unknown>
        <Dialogs>
          <Dialog>高嶺</Dialog>
          <Dialog>Say it more properly. 
Because it's important.</Dialog>
        </Dialogs>
      </SDL2>
    </Entry>
    <Entry Unknown0="3001137542" Unknown1="1455581347">
      <SDL2 Key="3086182419">
        <Unknown>
          <Entry>
            <Values>
              <Entry>
                <Value0>18572</Value0>
                <Value1>0</Value1>
              </Entry>
            </Values>
            <Value0>147456</Value0>
            <Value1>65536</Value1>
          </Entry>
        </Unknown>
        <Dialogs>
          <Dialog>高嶺</Dialog>
          <Dialog>I'm sorry, I didn't get 
that. One more time, okay?</Dialog>
        </Dialogs>
      </SDL2>
    </Entry>
    <Entry Unknown0="1380223526" Unknown1="2983069702">
      <SDL2 Key="3086182419">
        <Unknown>
          <Entry>
            <Values>
              <Entry>
                <Value0>18573</Value0>
                <Value1>0</Value1>
              </Entry>
            </Values>
            <Value0>147456</Value0>
            <Value1>65536</Value1>
          </Entry>
        </Unknown>
        <Dialogs>
          <Dialog>高嶺</Dialog>
          <Dialog>I'm not convinced with just 
that. Clearly, one more 
time.</Dialog>
        </Dialogs>
      </SDL2>
    </Entry>
    <Entry Unknown0="3176262283" Unknown1="2808900371">
      <SDL2 Key="3086182419">
        <Unknown>
          <Entry>
            <Values>
              <Entry>
                <Value0>18574</Value0>
                <Value1>0</Value1>
              </Entry>
            </Values>
            <Value0>147456</Value0>
            <Value1>65536</Value1>
          </Entry>
        </Unknown>
        <Dialogs>
          <Dialog>高嶺</Dialog>
          <Dialog>I can believe that... Yes, 
I forgive you.</Dialog>
        </Dialogs>
      </SDL2>
    </Entry>
    <Entry Unknown0="2733738390" Unknown1="1204975795">
      <SDL2 Key="3086182419">
        <Unknown>
          <Entry>
            <Values>
              <Entry>
                <Value0>18575</Value0>
                <Value1>0</Value1>
              </Entry>
            </Values>
            <Value0>147456</Value0>
            <Value1>65536</Value1>
          </Entry>
        </Unknown>
        <Dialogs>
          <Dialog>高嶺</Dialog>
          <Dialog>Eh... sly. You know, I 
forgive you...</Dialog>
        </Dialogs>
      </SDL2>
    </Entry>
    <Entry Unknown0="1112840758" Unknown1="2698909718">
      <SDL2 Key="3086182419">
        <Unknown>
          <Entry>
            <Values>
              <Entry>
                <Value0>18576</Value0>
                <Value1>0</Value1>
              </Entry>
            </Values>
            <Value0>147456</Value0>
            <Value1>65536</Value1>
          </Entry>
        </Unknown>
        <Dialogs>
          <Dialog>高嶺</Dialog>
          <Dialog>Ah... It's different from 
what I asked... It's not 
right... But, I forgive you.</Dialog>
        </Dialogs>
      </SDL2>
    </Entry>
    <Entry Unknown0="2908879515" Unknown1="3564927779">
      <SDL2 Key="3086182419">
        <Unknown>
          <Entry>
            <Values>
              <Entry>
                <Value0>18577</Value0>
                <Value1>0</Value1>
              </Entry>
            </Values>
            <Value0>147456</Value0>
            <Value1>65536</Value1>
          </Entry>
        </Unknown>
        <Dialogs>
          <Dialog>高嶺</Dialog>
          <Dialog>You told me properly.</Dialog>
        </Dialogs>
      </SDL2>
    </Entry>
    <Entry Unknown0="3523320230" Unknown1="1961003203">
      <SDL2 Key="3086182419">
        <Unknown>
          <Entry>
            <Values>
              <Entry>
                <Value0>18578</Value0>
                <Value1>0</Value1>
              </Entry>
            </Values>
            <Value0>147456</Value0>
            <Value1>65536</Value1>
          </Entry>
        </Unknown>
        <Dialogs>
          <Dialog>高嶺</Dialog>
          <Dialog>Yes... You said it properly.</Dialog>
        </Dialogs>
      </SDL2>
    </Entry>
    <Entry Unknown0="1919183430" Unknown1="3555600422">
      <SDL2 Key="3086182419">
        <Unknown>
          <Entry>
            <Values>
              <Entry>
                <Value0>18579</Value0>
                <Value1>0</Value1>
              </Entry>
            </Values>
            <Value0>147456</Value0>
            <Value1>65536</Value1>
          </Entry>
        </Unknown>
        <Dialogs>
          <Dialog>高嶺</Dialog>
          <Dialog>Oh, already... I can't help 
it.</Dialog>
        </Dialogs>
      </SDL2>
    </Entry>
    <Entry Unknown0="3715222187" Unknown1="3314322227">
      <SDL2 Key="3086182419">
        <Unknown>
          <Entry>
            <Values>
              <Entry>
                <Value0>18580</Value0>
                <Value1>0</Value1>
              </Entry>
            </Values>
            <Value0>147456</Value0>
            <Value1>65536</Value1>
          </Entry>
        </Unknown>
        <Dialogs>
          <Dialog>高嶺</Dialog>
          <Dialog>I beg of you. Don't do 
anything terrible anymore.</Dialog>
        </Dialogs>
      </SDL2>
    </Entry>
    <Entry Unknown0="3255921078" Unknown1="1710397651">
      <SDL2 Key="3086182419">
        <Unknown>
          <Entry>
            <Values>
              <Entry>
                <Value0>18581</Value0>
                <Value1>0</Value1>
              </Entry>
            </Values>
            <Value0>147456</Value0>
            <Value1>65536</Value1>
          </Entry>
        </Unknown>
        <Dialogs>
          <Dialog>高嶺</Dialog>
          <Dialog>I'll believe in you again.</Dialog>
        </Dialogs>
      </SDL2>
    </Entry>
    <Entry Unknown0="1651800662" Unknown1="3271440438">
      <SDL2 Key="3086182419">
        <Unknown>
          <Entry>
            <Values>
              <Entry>
                <Value0>18582</Value0>
                <Value1>0</Value1>
              </Entry>
            </Values>
            <Value0>147456</Value0>
            <Value1>65536</Value1>
          </Entry>
        </Unknown>
        <Dialogs>
          <Dialog>高嶺</Dialog>
          <Dialog>Well then, this story is 
over. Right?</Dialog>
        </Dialogs>
      </SDL2>
    </Entry>
    <Entry Unknown0="3447839419" Unknown1="4204567363">
      <SDL2 Key="2143673321">
        <Unknown>
          <Entry>
            <Values>
              <Entry>
                <Value0>18583</Value0>
                <Value1>0</Value1>
              </Entry>
            </Values>
            <Value0>147456</Value0>
            <Value1>65536</Value1>
          </Entry>
        </Unknown>
        <Dialogs>
          <Dialog>高嶺</Dialog>
          <Dialog>Don't let me down any 
more...</Dialog>
        </Dialogs>
      </SDL2>
    </Entry>
    <Entry Unknown0="4062280134" Unknown1="2583865571">
      <SDL2 Key="2143673321">
        <Unknown>
          <Entry>
            <Values>
              <Entry>
                <Value0>18584</Value0>
                <Value1>0</Value1>
              </Entry>
            </Values>
            <Value0>147456</Value0>
            <Value1>65536</Value1>
          </Entry>
        </Unknown>
        <Dialogs>
          <Dialog>高嶺</Dialog>
          <Dialog>If you keep silent, you 
won't anything...</Dialog>
        </Dialogs>
      </SDL2>
    </Entry>
    <Entry Unknown0="2458143334" Unknown1="4245571654">
      <SDL2 Key="2143673321">
        <Unknown>
          <Entry>
            <Values>
              <Entry>
                <Value0>18585</Value0>
                <Value1>0</Value1>
              </Entry>
            </Values>
            <Value0>147456</Value0>
            <Value1>65536</Value1>
          </Entry>
        </Unknown>
        <Dialogs>
          <Dialog>高嶺</Dialog>
          <Dialog>... A comparison? I won't 
lose.</Dialog>
        </Dialogs>
      </SDL2>
    </Entry>
    <Entry Unknown0="4254182091" Unknown1="2259462995">
      <SDL2 Key="2143673321">
        <Unknown>
          <Entry>
            <Values>
              <Entry>
                <Value0>18586</Value0>
                <Value1>0</Value1>
              </Entry>
            </Values>
            <Value0>147456</Value0>
            <Value1>65536</Value1>
          </Entry>
        </Unknown>
        <Dialogs>
          <Dialog>高嶺</Dialog>
          <Dialog>You turned off the power 
without saving again... 
Quit that already!</Dialog>
        </Dialogs>
      </SDL2>
    </Entry>
    <Entry Unknown0="3794880982" Unknown1="3859986675">
      <SDL2 Key="2143673321">
        <Unknown>
          <Entry>
            <Values>
              <Entry>
                <Value0>18587</Value0>
                <Value1>0</Value1>
              </Entry>
            </Values>
            <Value0>147456</Value0>
            <Value1>65536</Value1>
          </Entry>
        </Unknown>
        <Dialogs>
          <Dialog>高嶺</Dialog>
          <Dialog>You turned off the power 
without saving again... Can 
you remember what I told 
you?</Dialog>
        </Dialogs>
      </SDL2>
    </Entry>
    <Entry Unknown0="2190760566" Unknown1="2166249558">
      <SDL2 Key="2143673321">
        <Unknown>
          <Entry>
            <Values>
              <Entry>
                <Value0>18588</Value0>
                <Value1>0</Value1>
              </Entry>
            </Values>
            <Value0>147456</Value0>
            <Value1>65536</Value1>
          </Entry>
        </Unknown>
        <Dialogs>
          <Dialog>高嶺</Dialog>
          <Dialog>I know it, you turned off 
the power without saving 
again.</Dialog>
        </Dialogs>
      </SDL2>
    </Entry>
    <Entry Unknown0="3986799323" Unknown1="2008857443">
      <SDL2 Key="2143673321">
        <Unknown>
          <Entry>
            <Values>
              <Entry>
                <Value0>18589</Value0>
                <Value1>0</Value1>
              </Entry>
            </Values>
            <Value0>147456</Value0>
            <Value1>65536</Value1>
          </Entry>
        </Unknown>
        <Dialogs>
          <Dialog>高嶺</Dialog>
          <Dialog>If you want me to forgive 
you... "I love Manaka the 
most". Now, say it.</Dialog>
        </Dialogs>
      </SDL2>
    </Entry>
    <Entry Unknown0="306272742" Unknown1="3609380867">
      <SDL2 Key="2143673321">
        <Unknown>
          <Entry>
            <Values>
              <Entry>
                <Value0>18590</Value0>
                <Value1>0</Value1>
              </Entry>
            </Values>
            <Value0>147456</Value0>
            <Value1>65536</Value1>
          </Entry>
        </Unknown>
        <Dialogs>
          <Dialog>高嶺</Dialog>
          <Dialog>Can you say "I love Manaka 
the most"? Then I will 
too...</Dialog>
        </Dialogs>
      </SDL2>
    </Entry>
    <Entry Unknown0="2997103238" Unknown1="1882089574">
      <SDL2 Key="2143673321">
        <Unknown>
          <Entry>
            <Values>
              <Entry>
                <Value0>18591</Value0>
                <Value1>0</Value1>
              </Entry>
            </Values>
            <Value0>147456</Value0>
            <Value1>65536</Value1>
          </Entry>
        </Unknown>
        <Dialogs>
          <Dialog>高嶺</Dialog>
          <Dialog>"I love Manaka the most". I 
can't forgive you unless 
you tell me that.</Dialog>
        </Dialogs>
      </SDL2>
    </Entry>
    <Entry Unknown0="498174699" Unknown1="1691143027">
      <SDL2 Key="2143673321">
        <Unknown>
          <Entry>
            <Values>
              <Entry>
                <Value0>18592</Value0>
                <Value1>0</Value1>
              </Entry>
            </Values>
            <Value0>147456</Value0>
            <Value1>65536</Value1>
          </Entry>
        </Unknown>
        <Dialogs>
          <Dialog>高嶺</Dialog>
          <Dialog>No way, are you going to 
keep quiet all the time?</Dialog>
        </Dialogs>
      </SDL2>
    </Entry>
    <Entry Unknown0="38873590" Unknown1="3291666451">
      <SDL2 Key="2143673321">
        <Unknown>
          <Entry>
            <Values>
              <Entry>
                <Value0>18593</Value0>
                <Value1>0</Value1>
              </Entry>
            </Values>
            <Value0>147456</Value0>
            <Value1>65536</Value1>
          </Entry>
        </Unknown>
        <Dialogs>
          <Dialog>高嶺</Dialog>
          <Dialog>Why don't you tell me 
anything?</Dialog>
        </Dialogs>
      </SDL2>
    </Entry>
    <Entry Unknown0="2729720470" Unknown1="1665038454">
      <SDL2 Key="2143673321">
        <Unknown>
          <Entry>
            <Values>
              <Entry>
                <Value0>18594</Value0>
                <Value1>0</Value1>
              </Entry>
            </Values>
            <Value0>147456</Value0>
            <Value1>65536</Value1>
          </Entry>
        </Unknown>
        <Dialogs>
          <Dialog>高嶺</Dialog>
          <Dialog>Aren't you remorseful?</Dialog>
        </Dialogs>
      </SDL2>
    </Entry>
    <Entry Unknown0="230791931" Unknown1="1440537475">
      <SDL2 Key="2143673321">
        <Unknown>
          <Entry>
            <Values>
              <Entry>
                <Value0>18595</Value0>
                <Value1>0</Value1>
              </Entry>
              <Entry>
                <Value0>18596</Value0>
                <Value1>500</Value1>
              </Entry>
            </Values>
            <Value0>147456</Value0>
            <Value1>65536</Value1>
          </Entry>
        </Unknown>
        <Dialogs>
          <Dialog>高嶺</Dialog>
          <Dialog>I'll know even if you 
cheat. One more time.</Dialog>
        </Dialogs>
      </SDL2>
    </Entry>
    <Entry Unknown0="845232390" Unknown1="3041060899">
      <SDL2 Key="2143673321">
        <Unknown>
          <Entry>
            <Values>
              <Entry>
                <Value0>18597</Value0>
                <Value1>0</Value1>
              </Entry>
            </Values>
            <Value0>147456</Value0>
            <Value1>65536</Value1>
          </Entry>
        </Unknown>
        <Dialogs>
          <Dialog>高嶺</Dialog>
          <Dialog>I want you to say it 
properly. Can you try again?</Dialog>
        </Dialogs>
      </SDL2>
    </Entry>
    <Entry Unknown0="3536063142" Unknown1="1380878470">
      <SDL2 Key="2143673321">
        <Unknown>
          <Entry>
            <Values>
              <Entry>
                <Value0>18598</Value0>
                <Value1>0</Value1>
              </Entry>
            </Values>
            <Value0>147456</Value0>
            <Value1>65536</Value1>
          </Entry>
        </Unknown>
        <Dialogs>
          <Dialog>高嶺</Dialog>
          <Dialog>Say it clearly. One more 
time.</Dialog>
        </Dialogs>
      </SDL2>
    </Entry>
    <Entry Unknown0="1037134347" Unknown1="1257040787">
      <SDL2 Key="2717127236">
        <Unknown>
          <Entry>
            <Values>
              <Entry>
                <Value0>18599</Value0>
                <Value1>0</Value1>
              </Entry>
            </Values>
            <Value0>147456</Value0>
            <Value1>65536</Value1>
          </Entry>
        </Unknown>
        <Dialogs>
          <Dialog>高嶺</Dialog>
          <Dialog>I don't want to hear that.</Dialog>
        </Dialogs>
      </SDL2>
    </Entry>
    <Entry Unknown0="577833238" Unknown1="2857564211">
      <SDL2 Key="2717127236">
        <Unknown>
          <Entry>
            <Values>
              <Entry>
                <Value0>18600</Value0>
                <Value1>0</Value1>
              </Entry>
            </Values>
            <Value0>147456</Value0>
            <Value1>65536</Value1>
          </Entry>
        </Unknown>
        <Dialogs>
          <Dialog>高嶺</Dialog>
          <Dialog>Don't you want to say that 
much?</Dialog>
        </Dialogs>
      </SDL2>
    </Entry>
    <Entry Unknown0="3268680374" Unknown1="1298045078">
      <SDL2 Key="2717127236">
        <Unknown>
          <Entry>
            <Values>
              <Entry>
                <Value0>18601</Value0>
                <Value1>0</Value1>
              </Entry>
            </Values>
            <Value0>147456</Value0>
            <Value1>65536</Value1>
          </Entry>
        </Unknown>
        <Dialogs>
          <Dialog>高嶺</Dialog>
          <Dialog>I don't really understand 
what you are saying...</Dialog>
        </Dialogs>
      </SDL2>
    </Entry>
    <Entry Unknown0="769751579" Unknown1="1006435235">
      <SDL2 Key="2717127236">
        <Unknown>
          <Entry>
            <Values>
              <Entry>
                <Value0>18602</Value0>
                <Value1>0</Value1>
              </Entry>
            </Values>
            <Value0>147456</Value0>
            <Value1>65536</Value1>
          </Entry>
        </Unknown>
        <Dialogs>
          <Dialog>高嶺</Dialog>
          <Dialog>...Yes. I heard it.</Dialog>
        </Dialogs>
      </SDL2>
    </Entry>
    <Entry Unknown0="1384192294" Unknown1="2606893123">
      <SDL2 Key="2717127236">
        <Unknown>
          <Entry>
            <Values>
              <Entry>
                <Value0>18603</Value0>
                <Value1>0</Value1>
              </Entry>
            </Values>
            <Value0>147456</Value0>
            <Value1>65536</Value1>
          </Entry>
        </Unknown>
        <Dialogs>
          <Dialog>高嶺</Dialog>
          <Dialog>I'm glad... I wonder what 
would you do if I didn't 
told you.</Dialog>
        </Dialogs>
      </SDL2>
    </Entry>
    <Entry Unknown0="4075088582" Unknown1="1013885094">
      <SDL2 Key="2717127236">
        <Unknown>
          <Entry>
            <Values>
              <Entry>
                <Value0>18604</Value0>
                <Value1>0</Value1>
              </Entry>
            </Values>
            <Value0>147456</Value0>
            <Value1>65536</Value1>
          </Entry>
        </Unknown>
        <Dialogs>
          <Dialog>高嶺</Dialog>
          <Dialog>Yes, thank you. I'm glad.</Dialog>
        </Dialogs>
      </SDL2>
    </Entry>
    <Entry Unknown0="1576094251" Unknown1="671878067">
      <SDL2 Key="2717127236">
        <Unknown>
          <Entry>
            <Values>
              <Entry>
                <Value0>18605</Value0>
                <Value1>0</Value1>
              </Entry>
            </Values>
            <Value0>147456</Value0>
            <Value1>65536</Value1>
          </Entry>
        </Unknown>
        <Dialogs>
          <Dialog>高嶺</Dialog>
          <Dialog>But it's not enough. Say "I 
like you" 3 times.</Dialog>
        </Dialogs>
      </SDL2>
    </Entry>
    <Entry Unknown0="1116858678" Unknown1="2289178707">
      <SDL2 Key="2717127236">
        <Unknown>
          <Entry>
            <Values>
              <Entry>
                <Value0>18606</Value0>
                <Value1>0</Value1>
              </Entry>
              <Entry>
                <Value0>18607</Value0>
                <Value1>500</Value1>
              </Entry>
            </Values>
            <Value0>147456</Value0>
            <Value1>65536</Value1>
          </Entry>
        </Unknown>
        <Dialogs>
          <Dialog>高嶺</Dialog>
          <Dialog>Next... Say "I like you" 3 
times. Then I'll accept it.</Dialog>
        </Dialogs>
      </SDL2>
    </Entry>
    <Entry Unknown0="3807705814" Unknown1="796833974">
      <SDL2 Key="2717127236">
        <Unknown>
          <Entry>
            <Values>
              <Entry>
                <Value0>18608</Value0>
                <Value1>0</Value1>
              </Entry>
            </Values>
            <Value0>147456</Value0>
            <Value1>65536</Value1>
          </Entry>
        </Unknown>
        <Dialogs>
          <Dialog>高嶺</Dialog>
          <Dialog>Then, if you say "I like 
you" 3 times, I'll really 
forgive you.</Dialog>
        </Dialogs>
      </SDL2>
    </Entry>
    <Entry Unknown0="1291934267" Unknown1="421272515">
      <SDL2 Key="2717127236">
        <Unknown>
          <Entry>
            <Values>
              <Entry>
                <Value0>18609</Value0>
                <Value1>0</Value1>
              </Entry>
            </Values>
            <Value0>147456</Value0>
            <Value1>65536</Value1>
          </Entry>
        </Unknown>
        <Dialogs>
          <Dialog>高嶺</Dialog>
          <Dialog>I'll get angrier next time, 
okay?</Dialog>
        </Dialogs>
      </SDL2>
    </Entry>
    <Entry Unknown0="1923217734" Unknown1="2038573155">
      <SDL2 Key="2717127236">
        <Unknown>
          <Entry>
            <Values>
              <Entry>
                <Value0>18610</Value0>
                <Value1>0</Value1>
              </Entry>
            </Values>
            <Value0>147456</Value0>
            <Value1>65536</Value1>
          </Entry>
        </Unknown>
        <Dialogs>
          <Dialog>高嶺</Dialog>
          <Dialog>Don't you want to make up?</Dialog>
        </Dialogs>
      </SDL2>
    </Entry>
    <Entry Unknown0="302303974" Unknown1="512673990">
      <SDL2 Key="2717127236">
        <Unknown>
          <Entry>
            <Values>
              <Entry>
                <Value0>18611</Value0>
                <Value1>0</Value1>
              </Entry>
            </Values>
            <Value0>147456</Value0>
            <Value1>65536</Value1>
          </Entry>
        </Unknown>
        <Dialogs>
          <Dialog>高嶺</Dialog>
          <Dialog>Don't be shy, say it.</Dialog>
        </Dialogs>
      </SDL2>
    </Entry>
    <Entry Unknown0="2098276939" Unknown1="237775827">
      <SDL2 Key="2717127236">
        <Unknown>
          <Entry>
            <Values>
              <Entry>
                <Value0>18612</Value0>
                <Value1>0</Value1>
              </Entry>
            </Values>
            <Value0>147456</Value0>
            <Value1>65536</Value1>
          </Entry>
        </Unknown>
        <Dialogs>
          <Dialog>高嶺</Dialog>
          <Dialog>You know what I mean, right?</Dialog>
        </Dialogs>
      </SDL2>
    </Entry>
    <Entry Unknown0="1655818582" Unknown1="1855076467">
      <SDL2 Key="2717127236">
        <Unknown>
          <Entry>
            <Values>
              <Entry>
                <Value0>18613</Value0>
                <Value1>0</Value1>
              </Entry>
            </Values>
            <Value0>147456</Value0>
            <Value1>65536</Value1>
          </Entry>
        </Unknown>
        <Dialogs>
          <Dialog>高嶺</Dialog>
          <Dialog>I don't know anymore...</Dialog>
        </Dialogs>
      </SDL2>
    </Entry>
    <Entry Unknown0="34921206" Unknown1="161405142">
      <SDL2 Key="2717127236">
        <Unknown>
          <Entry>
            <Values>
              <Entry>
                <Value0>18614</Value0>
                <Value1>0</Value1>
              </Entry>
            </Values>
            <Value0>147456</Value0>
            <Value1>65536</Value1>
          </Entry>
        </Unknown>
        <Dialogs>
          <Dialog>高嶺</Dialog>
          <Dialog>I don't want you to tell 
me anything silly...</Dialog>
        </Dialogs>
      </SDL2>
    </Entry>
    <Entry Unknown0="1830894171" Unknown1="4282137571">
      <SDL2 Key="3242473903">
        <Unknown>
          <Entry>
            <Values>
              <Entry>
                <Value0>18615</Value0>
                <Value1>0</Value1>
              </Entry>
            </Values>
            <Value0>147456</Value0>
            <Value1>65536</Value1>
          </Entry>
        </Unknown>
        <Dialogs>
          <Dialog>高嶺</Dialog>
          <Dialog>Fufu, I made you say it.</Dialog>
        </Dialogs>
      </SDL2>
    </Entry>
    <Entry Unknown0="2462177638" Unknown1="1604470915">
      <SDL2 Key="3242473903">
        <Unknown>
          <Entry>
            <Values>
              <Entry>
                <Value0>18616</Value0>
                <Value1>0</Value1>
              </Entry>
            </Values>
            <Value0>147456</Value0>
            <Value1>65536</Value1>
          </Entry>
        </Unknown>
        <Dialogs>
          <Dialog>高嶺</Dialog>
          <Dialog>... I was excited.</Dialog>
        </Dialogs>
      </SDL2>
    </Entry>
    <Entry Unknown0="841263622" Unknown1="4172212454">
      <SDL2 Key="3242473903">
        <Unknown>
          <Entry>
            <Values>
              <Entry>
                <Value0>18617</Value0>
                <Value1>0</Value1>
              </Entry>
            </Values>
            <Value0>147456</Value0>
            <Value1>65536</Value1>
          </Entry>
        </Unknown>
        <Dialogs>
          <Dialog>高嶺</Dialog>
          <Dialog>Yes... let me tell you, 
but... I'm shy.</Dialog>
        </Dialogs>
      </SDL2>
    </Entry>
    <Entry Unknown0="2637236843" Unknown1="3964423155">
      <SDL2 Key="3242473903">
        <Unknown>
          <Entry>
            <Values>
              <Entry>
                <Value0>18618</Value0>
                <Value1>0</Value1>
              </Entry>
              <Entry>
                <Value0>18619</Value0>
                <Value1>500</Value1>
              </Entry>
            </Values>
            <Value0>147456</Value0>
            <Value1>65536</Value1>
          </Entry>
        </Unknown>
        <Dialogs>
          <Dialog>高嶺</Dialog>
          <Dialog>Well then, let's make up 
again. No doing this 
anymore, okay? It's an 
important memory.</Dialog>
        </Dialogs>
      </SDL2>
    </Entry>
    <Entry Unknown0="2194778486" Unknown1="1286756499">
      <SDL2 Key="3242473903">
        <Unknown>
          <Entry>
            <Values>
              <Entry>
                <Value0>18620</Value0>
                <Value1>0</Value1>
              </Entry>
              <Entry>
                <Value0>18621</Value0>
                <Value1>500</Value1>
              </Entry>
            </Values>
            <Value0>147456</Value0>
            <Value1>65536</Value1>
          </Entry>
        </Unknown>
        <Dialogs>
          <Dialog>高嶺</Dialog>
          <Dialog>Finally, remember it. Even 
if something seems 
unpleasant, it's a memory 
of us.</Dialog>
        </Dialogs>
      </SDL2>
    </Entry>
    <Entry Unknown0="573880854" Unknown1="3955161334">
      <SDL2 Key="3242473903">
        <Unknown>
          <Entry>
            <Values>
              <Entry>
                <Value0>18622</Value0>
                <Value1>0</Value1>
              </Entry>
              <Entry>
                <Value0>18623</Value0>
                <Value1>500</Value1>
              </Entry>
            </Values>
            <Value0>147456</Value0>
            <Value1>65536</Value1>
          </Entry>
        </Unknown>
        <Dialogs>
          <Dialog>高嶺</Dialog>
          <Dialog>Promise you'll never do 
this again. All good and 
bad things are part of our 
memories.</Dialog>
        </Dialogs>
      </SDL2>
    </Entry>
    <Entry Unknown0="2369854075" Unknown1="3713817347">
      <SDL2 Key="3242473903">
        <Unknown>
          <Entry>
            <Values>
              <Entry>
                <Value0>18624</Value0>
                <Value1>0</Value1>
              </Entry>
            </Values>
            <Value0>147456</Value0>
            <Value1>65536</Value1>
          </Entry>
        </Unknown>
        <Dialogs>
          <Dialog>高嶺</Dialog>
          <Dialog>That's not nice...</Dialog>
        </Dialogs>
      </SDL2>
    </Entry>
    <Entry Unknown0="3001137542" Unknown1="1036150947">
      <SDL2 Key="3242473903">
        <Unknown>
          <Entry>
            <Values>
              <Entry>
                <Value0>18625</Value0>
                <Value1>0</Value1>
              </Entry>
            </Values>
            <Value0>147456</Value0>
            <Value1>65536</Value1>
          </Entry>
        </Unknown>
        <Dialogs>
          <Dialog>高嶺</Dialog>
          <Dialog>A troublesome person...</Dialog>
        </Dialogs>
      </SDL2>
    </Entry>
    <Entry Unknown0="1380223526" Unknown1="3670935558">
      <SDL2 Key="3242473903">
        <Unknown>
          <Entry>
            <Values>
              <Entry>
                <Value0>18626</Value0>
                <Value1>0</Value1>
              </Entry>
            </Values>
            <Value0>147456</Value0>
            <Value1>65536</Value1>
          </Entry>
        </Unknown>
        <Dialogs>
          <Dialog>高嶺</Dialog>
          <Dialog>...You haven't re-opened 
it, have you?</Dialog>
        </Dialogs>
      </SDL2>
    </Entry>
    <Entry Unknown0="3176262280" Unknown1="1785555731">
      <SDL2 Key="3242473903">
        <Unknown>
          <Entry>
            <Values>
              <Entry>
                <Value0>18627</Value0>
                <Value1>0</Value1>
              </Entry>
            </Values>
            <Value0>147456</Value0>
            <Value1>65536</Value1>
          </Entry>
        </Unknown>
        <Dialogs>
          <Dialog>高嶺</Dialog>
          <Dialog>If you're really reflecting 
on it... I want you to say 
a lot of words of love to 
prove you're serious.</Dialog>
        </Dialogs>
      </SDL2>
    </Entry>
    <Entry Unknown0="2733738389" Unknown1="2345695411">
      <SDL2 Key="3242473903">
        <Unknown>
          <Entry>
            <Values>
              <Entry>
                <Value0>18628</Value0>
                <Value1>0</Value1>
              </Entry>
            </Values>
            <Value0>147456</Value0>
            <Value1>65536</Value1>
          </Entry>
        </Unknown>
        <Dialogs>
          <Dialog>高嶺</Dialog>
          <Dialog>The word I want you to say 
is "I love you".</Dialog>
        </Dialogs>
      </SDL2>
    </Entry>
    <Entry Unknown0="1112840757" Unknown1="1876760598">
      <SDL2 Key="3242473903">
        <Unknown>
          <Entry>
            <Values>
              <Entry>
                <Value0>18629</Value0>
                <Value1>0</Value1>
              </Entry>
            </Values>
            <Value0>147456</Value0>
            <Value1>65536</Value1>
          </Entry>
        </Unknown>
        <Dialogs>
          <Dialog>高嶺</Dialog>
          <Dialog>Um... I would you to say 
"I'm sorry" a lot, okay?</Dialog>
        </Dialogs>
      </SDL2>
    </Entry>
    <Entry Unknown0="2908879512" Unknown1="427653923">
      <SDL2 Key="3242473903">
        <Unknown>
          <Entry>
            <Values>
              <Entry>
                <Value0>18630</Value0>
                <Value1>0</Value1>
              </Entry>
            </Values>
            <Value0>147456</Value0>
            <Value1>65536</Value1>
          </Entry>
        </Unknown>
        <Dialogs>
          <Dialog>高嶺</Dialog>
          <Dialog>Well then... Say "I will 
never cheat".</Dialog>
        </Dialogs>
      </SDL2>
    </Entry>
    <Entry Unknown0="3523320229" Unknown1="3202386115">
      <SDL2 Key="3242473903">
        <Unknown>
          <Entry>
            <Values>
              <Entry>
                <Value0>18631</Value0>
                <Value1>0</Value1>
              </Entry>
            </Values>
            <Value0>147456</Value0>
            <Value1>65536</Value1>
          </Entry>
        </Unknown>
        <Dialogs>
          <Dialog>高嶺</Dialog>
          <Dialog>Do your best♪</Dialog>
        </Dialogs>
      </SDL2>
    </Entry>
    <Entry Unknown0="1919183429" Unknown1="418195494">
      <SDL2 Key="3242473903">
        <Unknown>
          <Entry>
            <Values>
              <Entry>
                <Value0>18632</Value0>
                <Value1>0</Value1>
              </Entry>
            </Values>
            <Value0>147456</Value0>
            <Value1>65536</Value1>
          </Entry>
        </Unknown>
        <Dialogs>
          <Dialog>高嶺</Dialog>
          <Dialog>Fight!</Dialog>
        </Dialogs>
      </SDL2>
    </Entry>
    <Entry Unknown0="3715222184" Unknown1="210602803">
      <SDL2 Key="3242473903">
        <Unknown>
          <Entry>
            <Values>
              <Entry>
                <Value0>18633</Value0>
                <Value1>0</Value1>
              </Entry>
            </Values>
            <Value0>147456</Value0>
            <Value1>65536</Value1>
          </Entry>
        </Unknown>
        <Dialogs>
          <Dialog>高嶺</Dialog>
          <Dialog>Hmm... My feelings can't 
reach you.</Dialog>
        </Dialogs>
      </SDL2>
    </Entry>
    <Entry Unknown0="3255921077" Unknown1="2918226131">
      <SDL2 Key="2314648694">
        <Unknown>
          <Entry>
            <Values>
              <Entry>
                <Value0>18634</Value0>
                <Value1>0</Value1>
              </Entry>
            </Values>
            <Value0>147456</Value0>
            <Value1>65536</Value1>
          </Entry>
        </Unknown>
        <Dialogs>
          <Dialog>高嶺</Dialog>
          <Dialog>It was close!</Dialog>
        </Dialogs>
      </SDL2>
    </Entry>
    <Entry Unknown0="1651800661" Unknown1="905787446">
      <SDL2 Key="2314648694">
        <Unknown>
          <Entry>
            <Values>
              <Entry>
                <Value0>18635</Value0>
                <Value1>0</Value1>
              </Entry>
            </Values>
            <Value0>147456</Value0>
            <Value1>65536</Value1>
          </Entry>
        </Unknown>
        <Dialogs>
          <Dialog>高嶺</Dialog>
          <Dialog>Yes. I was able to convey 
your feelings.</Dialog>
        </Dialogs>
      </SDL2>
    </Entry>
    <Entry Unknown0="3447839416" Unknown1="60660547">
      <SDL2 Key="2314648694">
        <Unknown>
          <Entry>
            <Values>
              <Entry>
                <Value0>18636</Value0>
                <Value1>0</Value1>
              </Entry>
            </Values>
            <Value0>147456</Value0>
            <Value1>65536</Value1>
          </Entry>
        </Unknown>
        <Dialogs>
          <Dialog>高嶺</Dialog>
          <Dialog>Nice♪ You set a new record!</Dialog>
        </Dialogs>
      </SDL2>
    </Entry>
    <Entry Unknown0="4062280133" Unknown1="3187714275">
      <SDL2 Key="2314648694">
        <Unknown>
          <Entry>
            <Values>
              <Entry>
                <Value0>18637</Value0>
                <Value1>0</Value1>
              </Entry>
            </Values>
            <Value0>147456</Value0>
            <Value1>65536</Value1>
          </Entry>
        </Unknown>
        <Dialogs>
          <Dialog>高嶺</Dialog>
          <Dialog>If you're reflecting on it, 
express those feelings of 
reflection.</Dialog>
        </Dialogs>
      </SDL2>
    </Entry>
    <Entry Unknown0="2458143333" Unknown1="3624749126">
      <SDL2 Key="2314648694">
        <Unknown>
          <Entry>
            <Values>
              <Entry>
                <Value0>18638</Value0>
                <Value1>0</Value1>
              </Entry>
            </Values>
            <Value0>147456</Value0>
            <Value1>65536</Value1>
          </Entry>
        </Unknown>
        <Dialogs>
          <Dialog>高嶺</Dialog>
          <Dialog>Do your best, do your 
best~.</Dialog>
        </Dialogs>
      </SDL2>
    </Entry>
    <Entry Unknown0="4254182088" Unknown1="3433933651">
      <SDL2 Key="2314648694">
        <Unknown>
          <Entry>
            <Values>
              <Entry>
                <Value0>18639</Value0>
                <Value1>0</Value1>
              </Entry>
            </Values>
            <Value0>147456</Value0>
            <Value1>65536</Value1>
          </Entry>
        </Unknown>
        <Dialogs>
          <Dialog>高嶺</Dialog>
          <Dialog>You can write beautifully.</Dialog>
        </Dialogs>
      </SDL2>
    </Entry>
    <Entry Unknown0="3794880981" Unknown1="2903554291">
      <SDL2 Key="2314648694">
        <Unknown>
          <Entry>
            <Values>
              <Entry>
                <Value0>18640</Value0>
                <Value1>0</Value1>
              </Entry>
            </Values>
            <Value0>147456</Value0>
            <Value1>65536</Value1>
          </Entry>
        </Unknown>
        <Dialogs>
          <Dialog>高嶺</Dialog>
          <Dialog>I have to write it 
carefully.</Dialog>
        </Dialogs>
      </SDL2>
    </Entry>
    <Entry Unknown0="2190760565" Unknown1="3038599254">
      <SDL2 Key="2314648694">
        <Unknown>
          <Entry>
            <Values>
              <Entry>
                <Value0>18641</Value0>
                <Value1>0</Value1>
              </Entry>
            </Values>
            <Value0>147456</Value0>
            <Value1>65536</Value1>
          </Entry>
        </Unknown>
        <Dialogs>
          <Dialog>高嶺</Dialog>
          <Dialog>Please write it down!</Dialog>
        </Dialogs>
      </SDL2>
    </Entry>
    <Entry Unknown0="3986799320" Unknown1="1136507747">
      <SDL2 Key="2314648694">
        <Unknown>
          <Entry>
            <Values>
              <Entry>
                <Value0>18642</Value0>
                <Value1>0</Value1>
              </Entry>
            </Values>
            <Value0>147456</Value0>
            <Value1>65536</Value1>
          </Entry>
        </Unknown>
        <Dialogs>
          <Dialog>高嶺</Dialog>
          <Dialog>I'm really loving it. It 
was good♪</Dialog>
        </Dialogs>
      </SDL2>
    </Entry>
    <Entry Unknown0="306272741" Unknown1="3760244739">
      <SDL2 Key="2314648694">
        <Unknown>
          <Entry>
            <Values>
              <Entry>
                <Value0>18643</Value0>
                <Value1>0</Value1>
              </Entry>
            </Values>
            <Value0>147456</Value0>
            <Value1>65536</Value1>
          </Entry>
        </Unknown>
        <Dialogs>
          <Dialog>高嶺</Dialog>
          <Dialog>Wow, you've reached a new 
record!</Dialog>
        </Dialogs>
      </SDL2>
    </Entry>
    <Entry Unknown0="2997103236" Unknown1="2771216486">
      <SDL2 Key="2314648694">
        <Unknown>
          <Entry>
            <Values>
              <Entry>
                <Value0>18644</Value0>
                <Value1>0</Value1>
              </Entry>
            </Values>
            <Value0>147456</Value0>
            <Value1>65536</Value1>
          </Entry>
        </Unknown>
        <Dialogs>
          <Dialog>高嶺</Dialog>
          <Dialog>If you've reflected on it, 
can you stare at my eyes? 
If you can't then you're 
not honest.</Dialog>
        </Dialogs>
      </SDL2>
    </Entry>
    <Entry Unknown0="498174697" Unknown1="3016608627">
      <SDL2 Key="2314648694">
        <Unknown>
          <Entry>
            <Values>
              <Entry>
                <Value0>18645</Value0>
                <Value1>0</Value1>
              </Entry>
            </Values>
            <Value0>147456</Value0>
            <Value1>65536</Value1>
          </Entry>
        </Unknown>
        <Dialogs>
          <Dialog>高嶺</Dialog>
          <Dialog>Yes, look carefully.</Dialog>
        </Dialogs>
      </SDL2>
    </Entry>
    <Entry Unknown0="38873588" Unknown1="271636499">
      <SDL2 Key="2314648694">
        <Unknown>
          <Entry>
            <Values>
              <Entry>
                <Value0>18646</Value0>
                <Value1>0</Value1>
              </Entry>
            </Values>
            <Value0>147456</Value0>
            <Value1>65536</Value1>
          </Entry>
        </Unknown>
        <Dialogs>
          <Dialog>高嶺</Dialog>
          <Dialog>Just me... Just look at me.</Dialog>
        </Dialogs>
      </SDL2>
    </Entry>
    <Entry Unknown0="2729720468" Unknown1="3057481846">
      <SDL2 Key="2314648694">
        <Unknown>
          <Entry>
            <Values>
              <Entry>
                <Value0>18647</Value0>
                <Value1>0</Value1>
              </Entry>
            </Values>
            <Value0>147456</Value0>
            <Value1>65536</Value1>
          </Entry>
        </Unknown>
        <Dialogs>
          <Dialog>高嶺</Dialog>
          <Dialog>Don't move anymore!</Dialog>
        </Dialogs>
      </SDL2>
    </Entry>
    <Entry Unknown0="230791929" Unknown1="2262686595">
      <SDL2 Key="2314648694">
        <Unknown>
          <Entry>
            <Values>
              <Entry>
                <Value0>18648</Value0>
                <Value1>0</Value1>
              </Entry>
            </Values>
            <Value0>147456</Value0>
            <Value1>65536</Value1>
          </Entry>
        </Unknown>
        <Dialogs>
          <Dialog>高嶺</Dialog>
          <Dialog>Don't look away!</Dialog>
        </Dialogs>
      </SDL2>
    </Entry>
    <Entry Unknown0="845232388" Unknown1="1732306979">
      <SDL2 Key="2314648694">
        <Unknown>
          <Entry>
            <Values>
              <Entry>
                <Value0>18649</Value0>
                <Value1>0</Value1>
              </Entry>
            </Values>
            <Value0>147456</Value0>
            <Value1>65536</Value1>
          </Entry>
        </Unknown>
        <Dialogs>
          <Dialog>高嶺</Dialog>
          <Dialog>Your eyes are beautiful.</Dialog>
        </Dialogs>
      </SDL2>
    </Entry>
    <Entry Unknown0="3536063140" Unknown1="2202896518">
      <SDL2 Key="3108361169">
        <Unknown>
          <Entry>
            <Values>
              <Entry>
                <Value0>18650</Value0>
                <Value1>0</Value1>
              </Entry>
            </Values>
            <Value0>147456</Value0>
            <Value1>65536</Value1>
          </Entry>
        </Unknown>
        <Dialogs>
          <Dialog>高嶺</Dialog>
          <Dialog>Incredible! You have set a 
new record♪</Dialog>
        </Dialogs>
      </SDL2>
    </Entry>
    <Entry Unknown0="1037134345" Unknown1="921562003">
      <SDL2 Key="3108361169">
        <Unknown>
          <Entry>
            <Values>
              <Entry>
                <Value0>18651</Value0>
                <Value1>0</Value1>
              </Entry>
            </Values>
            <Value0>147456</Value0>
            <Value1>65536</Value1>
          </Entry>
        </Unknown>
        <Dialogs>
          <Dialog>高嶺</Dialog>
          <Dialog>It's already a give-up. 
You're going to reflect on 
it, aren't you?</Dialog>
        </Dialogs>
      </SDL2>
    </Entry>
    <Entry Unknown0="577833236" Unknown1="3696293939">
      <SDL2 Key="3108361169">
        <Unknown>
          <Entry>
            <Values>
              <Entry>
                <Value0>18652</Value0>
                <Value1>0</Value1>
              </Entry>
            </Values>
            <Value0>147456</Value0>
            <Value1>65536</Value1>
          </Entry>
        </Unknown>
        <Dialogs>
          <Dialog>高嶺</Dialog>
          <Dialog>Okay... I'll forgive you 
this time.</Dialog>
        </Dialogs>
      </SDL2>
    </Entry>
  </Entries>
</DBIN2>