<?xml version="1.0" encoding="utf-8"?>
<DBIN2 xmlns:xsi="http://www.w3.org/2001/XMLSchema-instance" xmlns:xsd="http://www.w3.org/2001/XMLSchema" Key="1804749270" Unknown="21">
  <Entries>
    <Entry Unknown0="1957246667" Unknown1="348337791">
      <SDL2 Key="1800761718">
        <Unknown>
          <Entry>
            <Values>
              <Entry>
                <Value0>20283</Value0>
                <Value1>0</Value1>
              </Entry>
            </Values>
            <Value0>147456</Value0>
            <Value1>65536</Value1>
          </Entry>
          <Entry>
            <Values />
            <Value0>147458</Value0>
            <Value1>196608</Value1>
          </Entry>
          <Entry>
            <Values>
              <Entry>
                <Value0>20284</Value0>
                <Value1>0</Value1>
              </Entry>
            </Values>
            <Value0>147456</Value0>
            <Value1>262144</Value1>
          </Entry>
          <Entry>
            <Values />
            <Value0>65541</Value0>
            <Value1>65542</Value1>
          </Entry>
          <Entry>
            <Values />
            <Value0>65542</Value0>
            <Value1>147456</Value1>
          </Entry>
          <Entry>
            <Values>
              <Entry>
                <Value0>20285</Value0>
                <Value1>0</Value1>
              </Entry>
            </Values>
            <Value0>147456</Value0>
            <Value1>458752</Value1>
          </Entry>
          <Entry>
            <Values>
              <Entry>
                <Value0>20286</Value0>
                <Value1>0</Value1>
              </Entry>
            </Values>
            <Value0>147456</Value0>
            <Value1>524288</Value1>
          </Entry>
          <Entry>
            <Values />
            <Value0>147458</Value0>
            <Value1>589824</Value1>
          </Entry>
          <Entry>
            <Values>
              <Entry>
                <Value0>20287</Value0>
                <Value1>0</Value1>
              </Entry>
            </Values>
            <Value0>147456</Value0>
            <Value1>655360</Value1>
          </Entry>
          <Entry>
            <Values />
            <Value0>147458</Value0>
            <Value1>720896</Value1>
          </Entry>
          <Entry>
            <Values />
            <Value0>147458</Value0>
            <Value1>786432</Value1>
          </Entry>
          <Entry>
            <Values>
              <Entry>
                <Value0>20288</Value0>
                <Value1>0</Value1>
              </Entry>
            </Values>
            <Value0>147456</Value0>
            <Value1>851968</Value1>
          </Entry>
        </Unknown>
        <Dialogs>
          <Dialog>高嶺</Dialog>
          <Dialog>Hey, are you thirsty?</Dialog>
          <Dialog>○○○○○○○○</Dialog>
          <Dialog>Yeah, a little.</Dialog>
          <Dialog>Well then, I think I'll buy 
it. Can you wait for me?</Dialog>
          <Dialog>Ah, of course!</Dialog>
          <Dialog>Wait! I'll do it!</Dialog>
          <Dialog>Yes. Wait there like a good 
boy, I'm kidding.</Dialog>
          <Dialog>I'm sorry to have kept you 
waiting. You know, it was 
alright?</Dialog>
          <Dialog>Okay, thank you.</Dialog>
          <Dialog>Trully?</Dialog>
          <Dialog>Of course. I'll be back 
soon, so wait.</Dialog>
          <Dialog>Sorry to keep you waiting, 
were you glad?</Dialog>
          <Dialog>Welcome back. You don't 
have to hurry so much, but 
thank you.</Dialog>
        </Dialogs>
      </SDL2>
    </Entry>
    <Entry Unknown0="3564080171" Unknown1="3679295045">
      <SDL2 Key="1800761718">
        <Unknown>
          <Entry>
            <Values>
              <Entry>
                <Value0>20289</Value0>
                <Value1>0</Value1>
              </Entry>
            </Values>
            <Value0>147456</Value0>
            <Value1>65536</Value1>
          </Entry>
          <Entry>
            <Values />
            <Value0>147458</Value0>
            <Value1>196608</Value1>
          </Entry>
          <Entry>
            <Values>
              <Entry>
                <Value0>20290</Value0>
                <Value1>0</Value1>
              </Entry>
            </Values>
            <Value0>147456</Value0>
            <Value1>262144</Value1>
          </Entry>
          <Entry>
            <Values />
            <Value0>65541</Value0>
            <Value1>65542</Value1>
          </Entry>
          <Entry>
            <Values />
            <Value0>65542</Value0>
            <Value1>147456</Value1>
          </Entry>
          <Entry>
            <Values>
              <Entry>
                <Value0>20291</Value0>
                <Value1>0</Value1>
              </Entry>
            </Values>
            <Value0>147456</Value0>
            <Value1>458752</Value1>
          </Entry>
          <Entry>
            <Values />
            <Value0>147458</Value0>
            <Value1>524288</Value1>
          </Entry>
          <Entry>
            <Values>
              <Entry>
                <Value0>20292</Value0>
                <Value1>0</Value1>
              </Entry>
            </Values>
            <Value0>147456</Value0>
            <Value1>589824</Value1>
          </Entry>
          <Entry>
            <Values>
              <Entry>
                <Value0>20293</Value0>
                <Value1>0</Value1>
              </Entry>
            </Values>
            <Value0>147456</Value0>
            <Value1>655360</Value1>
          </Entry>
          <Entry>
            <Values />
            <Value0>147458</Value0>
            <Value1>720896</Value1>
          </Entry>
          <Entry>
            <Values>
              <Entry>
                <Value0>20294</Value0>
                <Value1>0</Value1>
              </Entry>
            </Values>
            <Value0>147456</Value0>
            <Value1>786432</Value1>
          </Entry>
        </Unknown>
        <Dialogs>
          <Dialog>高嶺</Dialog>
          <Dialog>Hey, why don't we take a 
break on that bench?</Dialog>
          <Dialog>○○○○○○○○</Dialog>
          <Dialog>Okay, let's go.</Dialog>
          <Dialog>Whew.</Dialog>
          <Dialog>I'm a little tired, so I'll 
take it easy.</Dialog>
          <Dialog>Let's move after we rest a 
little.</Dialog>
          <Dialog>I don't mind staying here 
like this today...</Dialog>
          <Dialog>Forever?</Dialog>
          <Dialog>If it's you and me, 
everywhere, forever... I'm 
kidding.</Dialog>
          <Dialog>Yes. Hey, where do you want 
to go next?</Dialog>
          <Dialog>▲高嶺＊＊▲, where you wanna go!</Dialog>
          <Dialog>Then, I want to go to you▼　
I'm kidding.</Dialog>
        </Dialogs>
      </SDL2>
    </Entry>
    <Entry Unknown0="2465803505" Unknown1="1722637519">
      <SDL2 Key="1800761718">
        <Unknown>
          <Entry>
            <Values>
              <Entry>
                <Value0>20295</Value0>
                <Value1>0</Value1>
              </Entry>
            </Values>
            <Value0>147456</Value0>
            <Value1>65536</Value1>
          </Entry>
          <Entry>
            <Values />
            <Value0>65538</Value0>
            <Value1>65539</Value1>
          </Entry>
          <Entry>
            <Values />
            <Value0>65539</Value0>
            <Value1>147456</Value1>
          </Entry>
          <Entry>
            <Values>
              <Entry>
                <Value0>20296</Value0>
                <Value1>0</Value1>
              </Entry>
            </Values>
            <Value0>147456</Value0>
            <Value1>262144</Value1>
          </Entry>
          <Entry>
            <Values>
              <Entry>
                <Value0>20297</Value0>
                <Value1>0</Value1>
              </Entry>
            </Values>
            <Value0>147456</Value0>
            <Value1>327680</Value1>
          </Entry>
          <Entry>
            <Values />
            <Value0>147462</Value0>
            <Value1>458752</Value1>
          </Entry>
          <Entry>
            <Values>
              <Entry>
                <Value0>20298</Value0>
                <Value1>0</Value1>
              </Entry>
            </Values>
            <Value0>147456</Value0>
            <Value1>524288</Value1>
          </Entry>
          <Entry>
            <Values />
            <Value0>147462</Value0>
            <Value1>589824</Value1>
          </Entry>
          <Entry>
            <Values>
              <Entry>
                <Value0>20299</Value0>
                <Value1>0</Value1>
              </Entry>
            </Values>
            <Value0>147456</Value0>
            <Value1>655360</Value1>
          </Entry>
        </Unknown>
        <Dialogs>
          <Dialog>高嶺</Dialog>
          <Dialog>It's a bit hot today. Maybe 
I should take off my 
jacket...</Dialog>
          <Dialog>Yes, isn't it good?</Dialog>
          <Dialog>Hmm. Would you like to get 
a sunburn?</Dialog>
          <Dialog>Is that so? Well then, I'm 
sorry?</Dialog>
          <Dialog>Whew, Hmm, it's so cool.</Dialog>
          <Dialog>○○○○○○○○</Dialog>
          <Dialog>Haha, it looks so 
comfortable.</Dialog>
          <Dialog>Ah... yes. The sun is 
strong, isn't it?</Dialog>
          <Dialog>Yup. All right. I'll fan 
you with my hands!</Dialog>
          <Dialog>Fufu! Then, please▼</Dialog>
        </Dialogs>
      </SDL2>
    </Entry>
    <Entry Unknown0="72967803" Unknown1="3346261551">
      <SDL2 Key="1431775911">
        <Unknown>
          <Entry>
            <Values>
              <Entry>
                <Value0>20300</Value0>
                <Value1>0</Value1>
              </Entry>
            </Values>
            <Value0>147456</Value0>
            <Value1>65536</Value1>
          </Entry>
          <Entry>
            <Values />
            <Value0>65538</Value0>
            <Value1>65539</Value1>
          </Entry>
          <Entry>
            <Values />
            <Value0>65539</Value0>
            <Value1>147460</Value1>
          </Entry>
          <Entry>
            <Values />
            <Value0>147460</Value0>
            <Value1>327680</Value1>
          </Entry>
          <Entry>
            <Values>
              <Entry>
                <Value0>20301</Value0>
                <Value1>0</Value1>
              </Entry>
            </Values>
            <Value0>147456</Value0>
            <Value1>393216</Value1>
          </Entry>
          <Entry>
            <Values />
            <Value0>147460</Value0>
            <Value1>458752</Value1>
          </Entry>
          <Entry>
            <Values>
              <Entry>
                <Value0>20302</Value0>
                <Value1>0</Value1>
              </Entry>
            </Values>
            <Value0>147456</Value0>
            <Value1>524288</Value1>
          </Entry>
          <Entry>
            <Values />
            <Value0>147460</Value0>
            <Value1>589824</Value1>
          </Entry>
        </Unknown>
        <Dialogs>
          <Dialog>高嶺</Dialog>
          <Dialog>It's a bit cold today...</Dialog>
          <Dialog>▲高嶺＊＊▲, over here.</Dialog>
          <Dialog>Should we move to another 
place?</Dialog>
          <Dialog>○○○○○○○○</Dialog>
          <Dialog>I'm also cold, let's warm 
up▼</Dialog>
          <Dialog>...Okay. I understand.</Dialog>
          <Dialog>Do you want to go elsewhere?</Dialog>
          <Dialog>Hmm... But it's okay, it's 
not cold if I stick with 
you.</Dialog>
          <Dialog>I see...</Dialog>
        </Dialogs>
      </SDL2>
    </Entry>
    <Entry Unknown0="1679817947" Unknown1="2398963445">
      <SDL2 Key="1431775911">
        <Unknown>
          <Entry>
            <Values>
              <Entry>
                <Value0>20303</Value0>
                <Value1>0</Value1>
              </Entry>
            </Values>
            <Value0>147456</Value0>
            <Value1>65536</Value1>
          </Entry>
          <Entry>
            <Values />
            <Value0>65538</Value0>
            <Value1>65539</Value1>
          </Entry>
          <Entry>
            <Values />
            <Value0>65539</Value0>
            <Value1>147456</Value1>
          </Entry>
          <Entry>
            <Values>
              <Entry>
                <Value0>20304</Value0>
                <Value1>0</Value1>
              </Entry>
            </Values>
            <Value0>147456</Value0>
            <Value1>262144</Value1>
          </Entry>
          <Entry>
            <Values />
            <Value0>147461</Value0>
            <Value1>393216</Value1>
          </Entry>
          <Entry>
            <Values>
              <Entry>
                <Value0>20305</Value0>
                <Value1>0</Value1>
              </Entry>
            </Values>
            <Value0>147456</Value0>
            <Value1>458752</Value1>
          </Entry>
          <Entry>
            <Values />
            <Value0>147461</Value0>
            <Value1>524288</Value1>
          </Entry>
          <Entry>
            <Values />
            <Value0>147461</Value0>
            <Value1>589824</Value1>
          </Entry>
          <Entry>
            <Values>
              <Entry>
                <Value0>20306</Value0>
                <Value1>0</Value1>
              </Entry>
            </Values>
            <Value0>147456</Value0>
            <Value1>655360</Value1>
          </Entry>
          <Entry>
            <Values />
            <Value0>147461</Value0>
            <Value1>720896</Value1>
          </Entry>
          <Entry>
            <Values>
              <Entry>
                <Value0>20307</Value0>
                <Value1>0</Value1>
              </Entry>
            </Values>
            <Value0>147456</Value0>
            <Value1>786432</Value1>
          </Entry>
        </Unknown>
        <Dialogs>
          <Dialog>高嶺</Dialog>
          <Dialog>Hey. Don't you smell 
something good from that 
shop?</Dialog>
          <Dialog>Why don't you buy it if 
you're curious?</Dialog>
          <Dialog>All right, then I'll buy it!</Dialog>
          <Dialog>Well then, let's go.</Dialog>
          <Dialog>○○○○○○○○</Dialog>
          <Dialog>Welcome back. What was that?</Dialog>
          <Dialog>...I have your share here, 
too. Take it.</Dialog>
          <Dialog>Oh, thank you!</Dialog>
          <Dialog>I'm going to see. Wait a 
minute.</Dialog>
          <Dialog>Then why don't we go 
together?</Dialog>
          <Dialog>Ah, it was pretty good!</Dialog>
          <Dialog>It does seem to be the shop 
that always comes around. 
We're lucky right?</Dialog>
        </Dialogs>
      </SDL2>
    </Entry>
    <Entry Unknown0="581541025" Unknown1="291310719">
      <SDL2 Key="1837693508">
        <Unknown>
          <Entry>
            <Values>
              <Entry>
                <Value0>20308</Value0>
                <Value1>0</Value1>
              </Entry>
            </Values>
            <Value0>147456</Value0>
            <Value1>65536</Value1>
          </Entry>
          <Entry>
            <Values />
            <Value0>65538</Value0>
            <Value1>65539</Value1>
          </Entry>
          <Entry>
            <Values />
            <Value0>65539</Value0>
            <Value1>147456</Value1>
          </Entry>
          <Entry>
            <Values>
              <Entry>
                <Value0>20309</Value0>
                <Value1>0</Value1>
              </Entry>
            </Values>
            <Value0>147456</Value0>
            <Value1>262144</Value1>
          </Entry>
          <Entry>
            <Values />
            <Value0>147461</Value0>
            <Value1>393216</Value1>
          </Entry>
          <Entry>
            <Values>
              <Entry>
                <Value0>20310</Value0>
                <Value1>0</Value1>
              </Entry>
            </Values>
            <Value0>147456</Value0>
            <Value1>458752</Value1>
          </Entry>
          <Entry>
            <Values />
            <Value0>147461</Value0>
            <Value1>524288</Value1>
          </Entry>
          <Entry>
            <Values>
              <Entry>
                <Value0>20311</Value0>
                <Value1>0</Value1>
              </Entry>
            </Values>
            <Value0>147456</Value0>
            <Value1>589824</Value1>
          </Entry>
          <Entry>
            <Values>
              <Entry>
                <Value0>20312</Value0>
                <Value1>0</Value1>
              </Entry>
            </Values>
            <Value0>147456</Value0>
            <Value1>655360</Value1>
          </Entry>
          <Entry>
            <Values />
            <Value0>147461</Value0>
            <Value1>720896</Value1>
          </Entry>
          <Entry>
            <Values>
              <Entry>
                <Value0>20313</Value0>
                <Value1>0</Value1>
              </Entry>
            </Values>
            <Value0>147456</Value0>
            <Value1>786432</Value1>
          </Entry>
          <Entry>
            <Values />
            <Value0>147461</Value0>
            <Value1>851968</Value1>
          </Entry>
        </Unknown>
        <Dialogs>
          <Dialog>高嶺</Dialog>
          <Dialog>Oh, a kitten. I wonder if I 
can pet it...</Dialog>
          <Dialog>It does seem impossible, 
why not me?</Dialog>
          <Dialog>It's an atmosphere that 
seems possible, but...</Dialog>
          <Dialog>Emm, do you want me to pat 
your head?</Dialog>
          <Dialog>○○○○○○○○</Dialog>
          <Dialog>Yes yes. Here!</Dialog>
          <Dialog>...Eh!</Dialog>
          <Dialog>Ah, hey, you've stroked too 
much!</Dialog>
          <Dialog>Fufu! No running away now♪</Dialog>
          <Dialog>I wonder?</Dialog>
          <Dialog>Yes. Let's go. Don't scare 
it, let's go in quiet okay?</Dialog>
          <Dialog>It was cute right? But, you 
were cute too...</Dialog>
          <Dialog>Haha, I wonder why?</Dialog>
        </Dialogs>
      </SDL2>
    </Entry>
    <Entry Unknown0="3557414443" Unknown1="1914935007">
      <SDL2 Key="1837693508">
        <Unknown>
          <Entry>
            <Values>
              <Entry>
                <Value0>20314</Value0>
                <Value1>0</Value1>
              </Entry>
            </Values>
            <Value0>147456</Value0>
            <Value1>65536</Value1>
          </Entry>
          <Entry>
            <Values />
            <Value0>65538</Value0>
            <Value1>65539</Value1>
          </Entry>
          <Entry>
            <Values />
            <Value0>65539</Value0>
            <Value1>147456</Value1>
          </Entry>
          <Entry>
            <Values>
              <Entry>
                <Value0>20315</Value0>
                <Value1>0</Value1>
              </Entry>
            </Values>
            <Value0>147456</Value0>
            <Value1>262144</Value1>
          </Entry>
          <Entry>
            <Values />
            <Value0>147461</Value0>
            <Value1>393216</Value1>
          </Entry>
          <Entry>
            <Values>
              <Entry>
                <Value0>20316</Value0>
                <Value1>0</Value1>
              </Entry>
            </Values>
            <Value0>147456</Value0>
            <Value1>458752</Value1>
          </Entry>
          <Entry>
            <Values />
            <Value0>147461</Value0>
            <Value1>524288</Value1>
          </Entry>
          <Entry>
            <Values>
              <Entry>
                <Value0>20317</Value0>
                <Value1>0</Value1>
              </Entry>
            </Values>
            <Value0>147456</Value0>
            <Value1>589824</Value1>
          </Entry>
          <Entry>
            <Values />
            <Value0>147461</Value0>
            <Value1>655360</Value1>
          </Entry>
          <Entry>
            <Values>
              <Entry>
                <Value0>20318</Value0>
                <Value1>0</Value1>
              </Entry>
            </Values>
            <Value0>147456</Value0>
            <Value1>720896</Value1>
          </Entry>
          <Entry>
            <Values />
            <Value0>147461</Value0>
            <Value1>524288</Value1>
          </Entry>
        </Unknown>
        <Dialogs>
          <Dialog>高嶺</Dialog>
          <Dialog>The sun is strong... it 
seems to burn.</Dialog>
          <Dialog>To make your skin look 
beautiful, apply sun oil!</Dialog>
          <Dialog>It's fine to keep it as it 
is now!</Dialog>
          <Dialog>Whew, is it okay for me to 
get a sunburn?</Dialog>
          <Dialog>○○○○○○○○</Dialog>
          <Dialog>Yes, well.</Dialog>
          <Dialog>Well then, I think I'll do 
it. Buy you have to apply 
it yourself.</Dialog>
          <Dialog>（Boo...）</Dialog>
          <Dialog>...Then I shouldn't burn?</Dialog>
          <Dialog>Yes, of course.</Dialog>
          <Dialog>Well then, do it. But 
you're going to apply it 
yourself, righ?</Dialog>
        </Dialogs>
      </SDL2>
    </Entry>
    <Entry Unknown0="885992587" Unknown1="1034811045">
      <SDL2 Key="2377589407">
        <Unknown>
          <Entry>
            <Values>
              <Entry>
                <Value0>20319</Value0>
                <Value1>0</Value1>
              </Entry>
            </Values>
            <Value0>147456</Value0>
            <Value1>65536</Value1>
          </Entry>
          <Entry>
            <Values />
            <Value0>65538</Value0>
            <Value1>65539</Value1>
          </Entry>
          <Entry>
            <Values />
            <Value0>65539</Value0>
            <Value1>147456</Value1>
          </Entry>
          <Entry>
            <Values>
              <Entry>
                <Value0>20320</Value0>
                <Value1>0</Value1>
              </Entry>
            </Values>
            <Value0>147456</Value0>
            <Value1>262144</Value1>
          </Entry>
          <Entry>
            <Values />
            <Value0>147461</Value0>
            <Value1>393216</Value1>
          </Entry>
          <Entry>
            <Values>
              <Entry>
                <Value0>20321</Value0>
                <Value1>0</Value1>
              </Entry>
            </Values>
            <Value0>147456</Value0>
            <Value1>458752</Value1>
          </Entry>
          <Entry>
            <Values>
              <Entry>
                <Value0>20322</Value0>
                <Value1>0</Value1>
              </Entry>
            </Values>
            <Value0>147456</Value0>
            <Value1>524288</Value1>
          </Entry>
          <Entry>
            <Values />
            <Value0>147461</Value0>
            <Value1>589824</Value1>
          </Entry>
          <Entry>
            <Values>
              <Entry>
                <Value0>20323</Value0>
                <Value1>0</Value1>
              </Entry>
            </Values>
            <Value0>147456</Value0>
            <Value1>655360</Value1>
          </Entry>
        </Unknown>
        <Dialogs>
          <Dialog>高嶺</Dialog>
          <Dialog>It's a beautiful scenery... 
Hey, take a picture.</Dialog>
          <Dialog>I want ▲高嶺＊＊▲ to appear 
alongside the scenery.</Dialog>
          <Dialog>Yes, let's take the picture 
of us together.</Dialog>
          <Dialog>...I don't need such 
compliments.</Dialog>
          <Dialog>○○○○○○○○</Dialog>
          <Dialog>Yes, pose!</Dialog>
          <Dialog>...Oh you.</Dialog>
          <Dialog>Oh, that might be good. 
Please ask someone.</Dialog>
          <Dialog>All right, it's decided. 
How about there?</Dialog>
          <Dialog>Yes▼　Shall we go?</Dialog>
        </Dialogs>
      </SDL2>
    </Entry>
    <Entry Unknown0="4065971281" Unknown1="3423452207">
      <SDL2 Key="1200203126">
        <Unknown>
          <Entry>
            <Values>
              <Entry>
                <Value0>20324</Value0>
                <Value1>0</Value1>
              </Entry>
            </Values>
            <Value0>147456</Value0>
            <Value1>65536</Value1>
          </Entry>
          <Entry>
            <Values />
            <Value0>65538</Value0>
            <Value1>65539</Value1>
          </Entry>
          <Entry>
            <Values />
            <Value0>65539</Value0>
            <Value1>147456</Value1>
          </Entry>
          <Entry>
            <Values>
              <Entry>
                <Value0>20325</Value0>
                <Value1>0</Value1>
              </Entry>
            </Values>
            <Value0>147456</Value0>
            <Value1>262144</Value1>
          </Entry>
          <Entry>
            <Values>
              <Entry>
                <Value0>20326</Value0>
                <Value1>0</Value1>
              </Entry>
            </Values>
            <Value0>147456</Value0>
            <Value1>327680</Value1>
          </Entry>
          <Entry>
            <Values>
              <Entry>
                <Value0>20327</Value0>
                <Value1>0</Value1>
              </Entry>
            </Values>
            <Value0>147456</Value0>
            <Value1>393216</Value1>
          </Entry>
          <Entry>
            <Values>
              <Entry>
                <Value0>20328</Value0>
                <Value1>0</Value1>
              </Entry>
            </Values>
            <Value0>147456</Value0>
            <Value1>458752</Value1>
          </Entry>
        </Unknown>
        <Dialogs>
          <Dialog>高嶺</Dialog>
          <Dialog>There are a lot of people. 
Is it popular?</Dialog>
          <Dialog>Maybe it's a little noisy, 
isn't it?</Dialog>
          <Dialog>It's a lively and nive 
feeling!</Dialog>
          <Dialog>Well, just a little bit.</Dialog>
          <Dialog>But it's fun to be with 
you. It's strange, isn't it?</Dialog>
          <Dialog>There are many couples who 
look happy, and one of them 
is us.</Dialog>
          <Dialog>Fufu! Are you happy?</Dialog>
        </Dialogs>
      </SDL2>
    </Entry>
    <Entry Unknown0="1689847515" Unknown1="768820879">
      <SDL2 Key="1200203126">
        <Unknown>
          <Entry>
            <Values>
              <Entry>
                <Value0>20329</Value0>
                <Value1>0</Value1>
              </Entry>
            </Values>
            <Value0>147456</Value0>
            <Value1>65536</Value1>
          </Entry>
          <Entry>
            <Values />
            <Value0>65538</Value0>
            <Value1>65539</Value1>
          </Entry>
          <Entry>
            <Values />
            <Value0>65539</Value0>
            <Value1>147456</Value1>
          </Entry>
          <Entry>
            <Values>
              <Entry>
                <Value0>20330</Value0>
                <Value1>0</Value1>
              </Entry>
            </Values>
            <Value0>147456</Value0>
            <Value1>262144</Value1>
          </Entry>
          <Entry>
            <Values />
            <Value0>147461</Value0>
            <Value1>393216</Value1>
          </Entry>
          <Entry>
            <Values>
              <Entry>
                <Value0>20331</Value0>
                <Value1>0</Value1>
              </Entry>
            </Values>
            <Value0>147456</Value0>
            <Value1>458752</Value1>
          </Entry>
          <Entry>
            <Values>
              <Entry>
                <Value0>20332</Value0>
                <Value1>0</Value1>
              </Entry>
            </Values>
            <Value0>147456</Value0>
            <Value1>524288</Value1>
          </Entry>
          <Entry>
            <Values />
            <Value0>147461</Value0>
            <Value1>589824</Value1>
          </Entry>
          <Entry>
            <Values>
              <Entry>
                <Value0>20333</Value0>
                <Value1>0</Value1>
              </Entry>
            </Values>
            <Value0>147456</Value0>
            <Value1>655360</Value1>
          </Entry>
        </Unknown>
        <Dialogs>
          <Dialog>高嶺</Dialog>
          <Dialog>There aren't many people... 
Isn't it popular?</Dialog>
          <Dialog>Even so, it's too quiet?</Dialog>
          <Dialog>Don't you think it's okay 
to have a calm atmosphere?</Dialog>
          <Dialog>But it may be a little fun 
to enjoy the private 
feeling.</Dialog>
          <Dialog>○○○○○○○○</Dialog>
          <Dialog>I see. Well then, let's 
have fun.</Dialog>
          <Dialog>Fufu, I did it!</Dialog>
          <Dialog>Is it easy to be alone...?</Dialog>
          <Dialog>Well, that's what you say, 
too?</Dialog>
          <Dialog>Fufu, oh you. But I think 
so too... I'm kidding.</Dialog>
        </Dialogs>
      </SDL2>
    </Entry>
    <Entry Unknown0="3296697403" Unknown1="3764233813">
      <SDL2 Key="797597351">
        <Unknown>
          <Entry>
            <Values>
              <Entry>
                <Value0>20334</Value0>
                <Value1>0</Value1>
              </Entry>
            </Values>
            <Value0>147456</Value0>
            <Value1>65536</Value1>
          </Entry>
          <Entry>
            <Values />
            <Value0>65538</Value0>
            <Value1>65539</Value1>
          </Entry>
          <Entry>
            <Values />
            <Value0>65539</Value0>
            <Value1>147456</Value1>
          </Entry>
          <Entry>
            <Values>
              <Entry>
                <Value0>20335</Value0>
                <Value1>0</Value1>
              </Entry>
            </Values>
            <Value0>147456</Value0>
            <Value1>262144</Value1>
          </Entry>
          <Entry>
            <Values>
              <Entry>
                <Value0>20336</Value0>
                <Value1>0</Value1>
              </Entry>
            </Values>
            <Value0>147456</Value0>
            <Value1>327680</Value1>
          </Entry>
          <Entry>
            <Values>
              <Entry>
                <Value0>20337</Value0>
                <Value1>0</Value1>
              </Entry>
            </Values>
            <Value0>147456</Value0>
            <Value1>393216</Value1>
          </Entry>
        </Unknown>
        <Dialogs>
          <Dialog>高嶺</Dialog>
          <Dialog>The rain won't stop...</Dialog>
          <Dialog>It may be too much... it's 
a shame.</Dialog>
          <Dialog>Do you think it will be 
okay if it rains like this?</Dialog>
          <Dialog>Yup...</Dialog>
          <Dialog>...But it doesn't matter 
what the weather is when 
I'm with you, right?</Dialog>
          <Dialog>...Yeah, rain may be nice.</Dialog>
        </Dialogs>
      </SDL2>
    </Entry>
    <Entry Unknown0="2181643265" Unknown1="2143120607">
      <SDL2 Key="797597351">
        <Unknown>
          <Entry>
            <Values>
              <Entry>
                <Value0>20338</Value0>
                <Value1>0</Value1>
              </Entry>
            </Values>
            <Value0>147456</Value0>
            <Value1>65536</Value1>
          </Entry>
          <Entry>
            <Values />
            <Value0>65538</Value0>
            <Value1>65539</Value1>
          </Entry>
          <Entry>
            <Values />
            <Value0>65539</Value0>
            <Value1>147456</Value1>
          </Entry>
          <Entry>
            <Values>
              <Entry>
                <Value0>20339</Value0>
                <Value1>0</Value1>
              </Entry>
            </Values>
            <Value0>147456</Value0>
            <Value1>262144</Value1>
          </Entry>
          <Entry>
            <Values>
              <Entry>
                <Value0>20340</Value0>
                <Value1>0</Value1>
              </Entry>
            </Values>
            <Value0>147456</Value0>
            <Value1>327680</Value1>
          </Entry>
          <Entry>
            <Values>
              <Entry>
                <Value0>20341</Value0>
                <Value1>0</Value1>
              </Entry>
            </Values>
            <Value0>147456</Value0>
            <Value1>393216</Value1>
          </Entry>
        </Unknown>
        <Dialogs>
          <Dialog>高嶺</Dialog>
          <Dialog>Hey. Can I go to your house 
on my way home today?</Dialog>
          <Dialog>Of course!</Dialog>
          <Dialog>...Sorry! Maybe next time!</Dialog>
          <Dialog>I did it▼　I was nervous 
about what to do if you 
said no.</Dialog>
          <Dialog>...Why?</Dialog>
          <Dialog>...I was kidding. I'm sorry 
to bother you. Next time, 
tell me it's ok, please?</Dialog>
        </Dialogs>
      </SDL2>
    </Entry>
    <Entry Unknown0="879326859" Unknown1="3632526911">
      <SDL2 Key="1606055411">
        <Unknown>
          <Entry>
            <Values>
              <Entry>
                <Value0>20342</Value0>
                <Value1>0</Value1>
              </Entry>
            </Values>
            <Value0>147456</Value0>
            <Value1>65536</Value1>
          </Entry>
          <Entry>
            <Values />
            <Value0>65538</Value0>
            <Value1>65539</Value1>
          </Entry>
          <Entry>
            <Values />
            <Value0>65539</Value0>
            <Value1>147456</Value1>
          </Entry>
          <Entry>
            <Values>
              <Entry>
                <Value0>20343</Value0>
                <Value1>0</Value1>
              </Entry>
            </Values>
            <Value0>147456</Value0>
            <Value1>262144</Value1>
          </Entry>
          <Entry>
            <Values>
              <Entry>
                <Value0>20344</Value0>
                <Value1>0</Value1>
              </Entry>
            </Values>
            <Value0>147456</Value0>
            <Value1>327680</Value1>
          </Entry>
          <Entry>
            <Values>
              <Entry>
                <Value0>20345</Value0>
                <Value1>0</Value1>
              </Entry>
            </Values>
            <Value0>147462</Value0>
            <Value1>458752</Value1>
          </Entry>
          <Entry>
            <Values>
              <Entry>
                <Value0>20346</Value0>
                <Value1>0</Value1>
              </Entry>
            </Values>
            <Value0>147456</Value0>
            <Value1>524288</Value1>
          </Entry>
          <Entry>
            <Values />
            <Value0>147465</Value0>
            <Value1>655360</Value1>
          </Entry>
          <Entry>
            <Values>
              <Entry>
                <Value0>20347</Value0>
                <Value1>0</Value1>
              </Entry>
            </Values>
            <Value0>147456</Value0>
            <Value1>720896</Value1>
          </Entry>
          <Entry>
            <Values>
              <Entry>
                <Value0>20348</Value0>
                <Value1>0</Value1>
              </Entry>
            </Values>
            <Value0>147462</Value0>
            <Value1>786432</Value1>
          </Entry>
          <Entry>
            <Values>
              <Entry>
                <Value0>20349</Value0>
                <Value1>0</Value1>
              </Entry>
            </Values>
            <Value0>147456</Value0>
            <Value1>851968</Value1>
          </Entry>
          <Entry>
            <Values />
            <Value0>147465</Value0>
            <Value1>917504</Value1>
          </Entry>
          <Entry>
            <Values>
              <Entry>
                <Value0>20350</Value0>
                <Value1>0</Value1>
              </Entry>
            </Values>
            <Value0>147456</Value0>
            <Value1>983040</Value1>
          </Entry>
          <Entry>
            <Values>
              <Entry>
                <Value0>20351</Value0>
                <Value1>0</Value1>
              </Entry>
            </Values>
            <Value0>147462</Value0>
            <Value1>1048576</Value1>
          </Entry>
          <Entry>
            <Values>
              <Entry>
                <Value0>20352</Value0>
                <Value1>0</Value1>
              </Entry>
            </Values>
            <Value0>147456</Value0>
            <Value1>1114112</Value1>
          </Entry>
          <Entry>
            <Values />
            <Value0>147465</Value0>
            <Value1>1179648</Value1>
          </Entry>
          <Entry>
            <Values>
              <Entry>
                <Value0>20353</Value0>
                <Value1>0</Value1>
              </Entry>
            </Values>
            <Value0>147456</Value0>
            <Value1>1245184</Value1>
          </Entry>
        </Unknown>
        <Dialogs>
          <Dialog>高嶺</Dialog>
          <Dialog>Hey, are there people who 
are fortune telling? Can 
you see compatibilities?</Dialog>
          <Dialog>Even if you don't see it, 
you can see the results.</Dialog>
          <Dialog>Sounds good, let's go</Dialog>
          <Dialog>...Is that so？　Fufu♪</Dialog>
          <Dialog>...Is it exciting?</Dialog>
          <Dialog>占い師</Dialog>
          <Dialog>The compatibility for you 
two is the best, and a 
bright future is certain!</Dialog>
          <Dialog>A bright future is certain! 
How?</Dialog>
          <Dialog>○○○○○○○○</Dialog>
          <Dialog>That person must be a 
well-known future teller.</Dialog>
          <Dialog>Fufu. The future, eh...▼</Dialog>
          <Dialog>The two of you are a good 
match, and it will surely 
go well.</Dialog>
          <Dialog>Is it going to go well?</Dialog>
          <Dialog>Even if you don't tell me! 
That's what it's like, 
isn't it?</Dialog>
          <Dialog>Yup▼</Dialog>
          <Dialog>Your compatibility is.... 
gohogoho!</Dialog>
          <Dialog>Well, you didn't 
understand, did you?</Dialog>
          <Dialog>No matter what happens! I'm 
confident that I can get 
over it!</Dialog>
          <Dialog>Me too▼　I'm kidding.</Dialog>
        </Dialogs>
      </SDL2>
    </Entry>
    <Entry Unknown0="2486160619" Unknown1="2534233605">
      <SDL2 Key="1606055411">
        <Unknown>
          <Entry>
            <Values>
              <Entry>
                <Value0>20354</Value0>
                <Value1>0</Value1>
              </Entry>
            </Values>
            <Value0>147456</Value0>
            <Value1>65536</Value1>
          </Entry>
          <Entry>
            <Values />
            <Value0>65538</Value0>
            <Value1>65539</Value1>
          </Entry>
          <Entry>
            <Values />
            <Value0>65539</Value0>
            <Value1>147456</Value1>
          </Entry>
          <Entry>
            <Values>
              <Entry>
                <Value0>20355</Value0>
                <Value1>0</Value1>
              </Entry>
            </Values>
            <Value0>147456</Value0>
            <Value1>262144</Value1>
          </Entry>
          <Entry>
            <Values />
            <Value0>147461</Value0>
            <Value1>393216</Value1>
          </Entry>
          <Entry>
            <Values>
              <Entry>
                <Value0>20356</Value0>
                <Value1>0</Value1>
              </Entry>
            </Values>
            <Value0>147456</Value0>
            <Value1>458752</Value1>
          </Entry>
          <Entry>
            <Values>
              <Entry>
                <Value0>20357</Value0>
                <Value1>0</Value1>
              </Entry>
            </Values>
            <Value0>147456</Value0>
            <Value1>524288</Value1>
          </Entry>
          <Entry>
            <Values>
              <Entry>
                <Value0>20358</Value0>
                <Value1>0</Value1>
              </Entry>
            </Values>
            <Value0>147456</Value0>
            <Value1>589824</Value1>
          </Entry>
        </Unknown>
        <Dialogs>
          <Dialog>高嶺</Dialog>
          <Dialog>Look, over there. Cute 
flowers are blooming.</Dialog>
          <Dialog>It's true. It's beautiful</Dialog>
          <Dialog>▲高嶺＊＊▲ your loosing cuteness</Dialog>
          <Dialog>I'm sure I wouldn't notice 
if I was alone.</Dialog>
          <Dialog>○○○○○○○○</Dialog>
          <Dialog>That's right. Me too.</Dialog>
          <Dialog>From now on, let's notice a 
lot of things like this, 
shall we? Just the two of 
us.</Dialog>
          <Dialog>Oh you. Don't say such 
things with a serious face.</Dialog>
          <Dialog>...But I'm happy. Thank you.</Dialog>
        </Dialogs>
      </SDL2>
    </Entry>
    <Entry Unknown0="1387883697" Unknown1="711793807">
      <SDL2 Key="2146085725">
        <Unknown>
          <Entry>
            <Values>
              <Entry>
                <Value0>20359</Value0>
                <Value1>0</Value1>
              </Entry>
            </Values>
            <Value0>147456</Value0>
            <Value1>65536</Value1>
          </Entry>
          <Entry>
            <Values />
            <Value0>65538</Value0>
            <Value1>65539</Value1>
          </Entry>
          <Entry>
            <Values />
            <Value0>65539</Value0>
            <Value1>147456</Value1>
          </Entry>
          <Entry>
            <Values>
              <Entry>
                <Value0>20360</Value0>
                <Value1>0</Value1>
              </Entry>
            </Values>
            <Value0>147456</Value0>
            <Value1>262144</Value1>
          </Entry>
          <Entry>
            <Values>
              <Entry>
                <Value0>20361</Value0>
                <Value1>0</Value1>
              </Entry>
            </Values>
            <Value0>147456</Value0>
            <Value1>327680</Value1>
          </Entry>
          <Entry>
            <Values>
              <Entry>
                <Value0>20362</Value0>
                <Value1>0</Value1>
              </Entry>
            </Values>
            <Value0>147456</Value0>
            <Value1>393216</Value1>
          </Entry>
          <Entry>
            <Values />
            <Value0>147463</Value0>
            <Value1>524288</Value1>
          </Entry>
          <Entry>
            <Values>
              <Entry>
                <Value0>20363</Value0>
                <Value1>0</Value1>
              </Entry>
            </Values>
            <Value0>147456</Value0>
            <Value1>589824</Value1>
          </Entry>
        </Unknown>
        <Dialogs>
          <Dialog>高嶺</Dialog>
          <Dialog>Ah. There's someone from my 
class over there...</Dialog>
          <Dialog>...You want to hide?</Dialog>
          <Dialog>The person next to you, you 
boyfriend?</Dialog>
          <Dialog>It's okay. As it is, I want 
to brag about my date with 
you.</Dialog>
          <Dialog>...I'm kidding, why not? 
Fufu.</Dialog>
          <Dialog>Hmm... what about it?</Dialog>
          <Dialog>○○○○○○○○</Dialog>
          <Dialog>I see. It means no one can 
match the perfect lovers!</Dialog>
          <Dialog>Oh you, don't say such 
things... Even if it's 
true. I'm kidding▼</Dialog>
        </Dialogs>
      </SDL2>
    </Entry>
    <Entry Unknown0="3290015291" Unknown1="2335418095">
      <SDL2 Key="566085990">
        <Unknown>
          <Entry>
            <Values>
              <Entry>
                <Value0>20364</Value0>
                <Value1>0</Value1>
              </Entry>
            </Values>
            <Value0>147456</Value0>
            <Value1>65536</Value1>
          </Entry>
          <Entry>
            <Values />
            <Value0>65538</Value0>
            <Value1>65539</Value1>
          </Entry>
          <Entry>
            <Values />
            <Value0>65539</Value0>
            <Value1>147456</Value1>
          </Entry>
          <Entry>
            <Values>
              <Entry>
                <Value0>20365</Value0>
                <Value1>0</Value1>
              </Entry>
            </Values>
            <Value0>147456</Value0>
            <Value1>262144</Value1>
          </Entry>
          <Entry>
            <Values>
              <Entry>
                <Value0>20366</Value0>
                <Value1>0</Value1>
              </Entry>
            </Values>
            <Value0>147456</Value0>
            <Value1>327680</Value1>
          </Entry>
          <Entry>
            <Values>
              <Entry>
                <Value0>20367</Value0>
                <Value1>0</Value1>
              </Entry>
            </Values>
            <Value0>147456</Value0>
            <Value1>393216</Value1>
          </Entry>
          <Entry>
            <Values>
              <Entry>
                <Value0>20368</Value0>
                <Value1>0</Value1>
              </Entry>
            </Values>
            <Value0>147456</Value0>
            <Value1>458752</Value1>
          </Entry>
        </Unknown>
        <Dialogs>
          <Dialog>高嶺</Dialog>
          <Dialog>Hey. What would you do if I 
say I wouldn't go home 
today?</Dialog>
          <Dialog>I won't go back! What would 
you do if I say that?</Dialog>
          <Dialog>You're worried I won't 
return?</Dialog>
          <Dialog>!!</Dialog>
          <Dialog>...I thought my heart was 
going to pop out.</Dialog>
          <Dialog>Yes, that's right?... But, 
someday...</Dialog>
          <Dialog>I want to grow up soon...</Dialog>
        </Dialogs>
      </SDL2>
    </Entry>
    <Entry Unknown0="618609819" Unknown1="1522337461">
      <SDL2 Key="566085990">
        <Unknown>
          <Entry>
            <Values>
              <Entry>
                <Value0>20369</Value0>
                <Value1>0</Value1>
              </Entry>
            </Values>
            <Value0>147456</Value0>
            <Value1>65536</Value1>
          </Entry>
          <Entry>
            <Values />
            <Value0>65538</Value0>
            <Value1>65539</Value1>
          </Entry>
          <Entry>
            <Values />
            <Value0>65539</Value0>
            <Value1>147456</Value1>
          </Entry>
          <Entry>
            <Values>
              <Entry>
                <Value0>20370</Value0>
                <Value1>0</Value1>
              </Entry>
            </Values>
            <Value0>147456</Value0>
            <Value1>262144</Value1>
          </Entry>
          <Entry>
            <Values>
              <Entry>
                <Value0>20371</Value0>
                <Value1>0</Value1>
              </Entry>
            </Values>
            <Value0>147456</Value0>
            <Value1>327680</Value1>
          </Entry>
          <Entry>
            <Values />
            <Value0>147462</Value0>
            <Value1>458752</Value1>
          </Entry>
        </Unknown>
        <Dialogs>
          <Dialog>高嶺</Dialog>
          <Dialog>You know, I was hungry a 
while ago...</Dialog>
          <Dialog>▲高嶺＊＊▲ let's go eat!</Dialog>
          <Dialog>It's just my imagination!</Dialog>
          <Dialog>Me? Well, I'm training, so 
I wonder if it's delicious?</Dialog>
          <Dialog>Oh you, I'm not strong 
anymore.</Dialog>
          <Dialog>○○○○○○○○</Dialog>
          <Dialog>Haha, it's okay.</Dialog>
        </Dialogs>
      </SDL2>
    </Entry>
    <Entry Unknown0="3798588513" Unknown1="3307064383">
      <SDL2 Key="566085990">
        <Unknown>
          <Entry>
            <Values>
              <Entry>
                <Value0>20372</Value0>
                <Value1>0</Value1>
              </Entry>
            </Values>
            <Value0>147456</Value0>
            <Value1>65536</Value1>
          </Entry>
          <Entry>
            <Values />
            <Value0>65538</Value0>
            <Value1>65539</Value1>
          </Entry>
          <Entry>
            <Values />
            <Value0>65539</Value0>
            <Value1>147456</Value1>
          </Entry>
          <Entry>
            <Values>
              <Entry>
                <Value0>20373</Value0>
                <Value1>0</Value1>
              </Entry>
            </Values>
            <Value0>147456</Value0>
            <Value1>262144</Value1>
          </Entry>
          <Entry>
            <Values>
              <Entry>
                <Value0>20374</Value0>
                <Value1>0</Value1>
              </Entry>
            </Values>
            <Value0>147456</Value0>
            <Value1>327680</Value1>
          </Entry>
          <Entry>
            <Values>
              <Entry>
                <Value0>20375</Value0>
                <Value1>0</Value1>
              </Entry>
            </Values>
            <Value0>147456</Value0>
            <Value1>393216</Value1>
          </Entry>
          <Entry>
            <Values>
              <Entry>
                <Value0>20376</Value0>
                <Value1>0</Value1>
              </Entry>
            </Values>
            <Value0>147456</Value0>
            <Value1>458752</Value1>
          </Entry>
        </Unknown>
        <Dialogs>
          <Dialog>高嶺</Dialog>
          <Dialog>Hey. Your room, is as usual?</Dialog>
          <Dialog>No, just by having ▲高嶺＊＊▲ 
in it, the air becomes rosy!</Dialog>
          <Dialog>I thought ▲高嶺＊＊▲ would 
come, so I cleaned a 
little...</Dialog>
          <Dialog>Really? Fufufu!</Dialog>
          <Dialog>Then, let's dye it to 
Manaka colors that last a 
long time. I'm kidding.</Dialog>
          <Dialog>You cleaned it up for me. 
Thank you.</Dialog>
          <Dialog>...But, can leave it as it 
is next time? I'll do it, 
okay?</Dialog>
        </Dialogs>
      </SDL2>
    </Entry>
    <Entry Unknown0="2496206571" Unknown1="652433055">
      <SDL2 Key="566085990">
        <Unknown>
          <Entry>
            <Values>
              <Entry>
                <Value0>20377</Value0>
                <Value1>0</Value1>
              </Entry>
            </Values>
            <Value0>147456</Value0>
            <Value1>65536</Value1>
          </Entry>
          <Entry>
            <Values />
            <Value0>65538</Value0>
            <Value1>65539</Value1>
          </Entry>
          <Entry>
            <Values />
            <Value0>65539</Value0>
            <Value1>147456</Value1>
          </Entry>
          <Entry>
            <Values>
              <Entry>
                <Value0>20378</Value0>
                <Value1>0</Value1>
              </Entry>
            </Values>
            <Value0>147456</Value0>
            <Value1>262144</Value1>
          </Entry>
          <Entry>
            <Values />
            <Value0>147461</Value0>
            <Value1>393216</Value1>
          </Entry>
          <Entry>
            <Values>
              <Entry>
                <Value0>20379</Value0>
                <Value1>0</Value1>
              </Entry>
            </Values>
            <Value0>147456</Value0>
            <Value1>458752</Value1>
          </Entry>
          <Entry>
            <Values>
              <Entry>
                <Value0>20380</Value0>
                <Value1>0</Value1>
              </Entry>
            </Values>
            <Value0>147456</Value0>
            <Value1>524288</Value1>
          </Entry>
          <Entry>
            <Values />
            <Value0>147461</Value0>
            <Value1>589824</Value1>
          </Entry>
          <Entry>
            <Values>
              <Entry>
                <Value0>20381</Value0>
                <Value1>0</Value1>
              </Entry>
            </Values>
            <Value0>147456</Value0>
            <Value1>655360</Value1>
          </Entry>
        </Unknown>
        <Dialogs>
          <Dialog>高嶺</Dialog>
          <Dialog>Hey, if you were to change 
the room, what would you 
like me to do?</Dialog>
          <Dialog>Just leave it as it is!</Dialog>
          <Dialog>That's right... When that 
time comes, let's think 
together.</Dialog>
          <Dialog>Is that so?</Dialog>
          <Dialog>○○○○○○○○</Dialog>
          <Dialog>Yes. This gives a "▲高嶺＊＊▲ 
room feeling!" that is cute.</Dialog>
          <Dialog>...Hmm. Then, you're going 
to leave it as it is, won't 
you?</Dialog>
          <Dialog>Together... Are we going to 
think about it?</Dialog>
          <Dialog>Of course. I'll help you.</Dialog>
          <Dialog>I'm so happy, thank you. 
When that time comes, 
please help me▼</Dialog>
        </Dialogs>
      </SDL2>
    </Entry>
    <Entry Unknown0="4103040075" Unknown1="3916281445">
      <SDL2 Key="737061346">
        <Unknown>
          <Entry>
            <Values>
              <Entry>
                <Value0>20382</Value0>
                <Value1>0</Value1>
              </Entry>
            </Values>
            <Value0>147456</Value0>
            <Value1>65536</Value1>
          </Entry>
          <Entry>
            <Values />
            <Value0>65538</Value0>
            <Value1>65539</Value1>
          </Entry>
          <Entry>
            <Values />
            <Value0>65539</Value0>
            <Value1>147456</Value1>
          </Entry>
          <Entry>
            <Values>
              <Entry>
                <Value0>20383</Value0>
                <Value1>0</Value1>
              </Entry>
            </Values>
            <Value0>147456</Value0>
            <Value1>262144</Value1>
          </Entry>
          <Entry>
            <Values>
              <Entry>
                <Value0>20384</Value0>
                <Value1>0</Value1>
              </Entry>
            </Values>
            <Value0>147456</Value0>
            <Value1>327680</Value1>
          </Entry>
          <Entry>
            <Values>
              <Entry>
                <Value0>20385</Value0>
                <Value1>0</Value1>
              </Entry>
            </Values>
            <Value0>147456</Value0>
            <Value1>393216</Value1>
          </Entry>
        </Unknown>
        <Dialogs>
          <Dialog>高嶺</Dialog>
          <Dialog>Ah. You brought some sweets 
for the tea, right?</Dialog>
          <Dialog>No good. Stay here.</Dialog>
          <Dialog>It's okay, just for a 
little bit, it's around 
here.</Dialog>
          <Dialog>...Already. I can't help 
it, so I'll give it to you.</Dialog>
          <Dialog>Instead, don't go home 
until I say it's okay, 
understand? I'm kidding.</Dialog>
          <Dialog>Is that so? Tell me when 
you want it.</Dialog>
        </Dialogs>
      </SDL2>
    </Entry>
    <Entry Unknown0="2987985937" Unknown1="2429385967">
      <SDL2 Key="737061346">
        <Unknown>
          <Entry>
            <Values>
              <Entry>
                <Value0>20386</Value0>
                <Value1>0</Value1>
              </Entry>
            </Values>
            <Value0>147456</Value0>
            <Value1>65536</Value1>
          </Entry>
          <Entry>
            <Values />
            <Value0>65538</Value0>
            <Value1>65539</Value1>
          </Entry>
          <Entry>
            <Values />
            <Value0>65539</Value0>
            <Value1>147456</Value1>
          </Entry>
          <Entry>
            <Values>
              <Entry>
                <Value0>20387</Value0>
                <Value1>0</Value1>
              </Entry>
            </Values>
            <Value0>147456</Value0>
            <Value1>262144</Value1>
          </Entry>
          <Entry>
            <Values>
              <Entry>
                <Value0>20388</Value0>
                <Value1>0</Value1>
              </Entry>
            </Values>
            <Value0>147456</Value0>
            <Value1>327680</Value1>
          </Entry>
          <Entry>
            <Values>
              <Entry>
                <Value0>20389</Value0>
                <Value1>0</Value1>
              </Entry>
            </Values>
            <Value0>147456</Value0>
            <Value1>393216</Value1>
          </Entry>
          <Entry>
            <Values>
              <Entry>
                <Value0>20390</Value0>
                <Value1>0</Value1>
              </Entry>
            </Values>
            <Value0>147456</Value0>
            <Value1>458752</Value1>
          </Entry>
        </Unknown>
        <Dialogs>
          <Dialog>高嶺</Dialog>
          <Dialog>...Is it funny that you're 
not used to being alone in 
your room just us?</Dialog>
          <Dialog>Me too. We like each other</Dialog>
          <Dialog>No, is it strange?</Dialog>
          <Dialog>I'm happy, I'm having fun, 
I'm so excited and anxious.</Dialog>
          <Dialog>You too. Somehow, I felt a 
bit relieved.</Dialog>
          <Dialog>You know, you don't mean 
you don't like it, do you?</Dialog>
          <Dialog>I don't know how to explain 
it...</Dialog>
        </Dialogs>
      </SDL2>
    </Entry>
  </Entries>
</DBIN2>