<?xml version="1.0" encoding="utf-8"?>
<DBIN2 xmlns:xsi="http://www.w3.org/2001/XMLSchema-instance" xmlns:xsd="http://www.w3.org/2001/XMLSchema" Key="2267249102" Unknown="1">
  <Entries>
    <Entry Unknown0="147228835" Unknown1="1300179668">
      <SDL2 Key="4112768466">
        <Unknown>
          <Entry>
            <Values>
              <Entry>
                <Value0>20411</Value0>
                <Value1>0</Value1>
              </Entry>
            </Values>
            <Value0>147456</Value0>
            <Value1>65536</Value1>
          </Entry>
          <Entry>
            <Values>
              <Entry>
                <Value0>20412</Value0>
                <Value1>0</Value1>
              </Entry>
            </Values>
            <Value0>147456</Value0>
            <Value1>131072</Value1>
          </Entry>
          <Entry>
            <Values />
            <Value0>147459</Value0>
            <Value1>262144</Value1>
          </Entry>
          <Entry>
            <Values>
              <Entry>
                <Value0>20413</Value0>
                <Value1>0</Value1>
              </Entry>
            </Values>
            <Value0>147456</Value0>
            <Value1>327680</Value1>
          </Entry>
          <Entry>
            <Values>
              <Entry>
                <Value0>20414</Value0>
                <Value1>0</Value1>
              </Entry>
            </Values>
            <Value0>147456</Value0>
            <Value1>393216</Value1>
          </Entry>
          <Entry>
            <Values />
            <Value0>147459</Value0>
            <Value1>458752</Value1>
          </Entry>
          <Entry>
            <Values>
              <Entry>
                <Value0>20415</Value0>
                <Value1>0</Value1>
              </Entry>
            </Values>
            <Value0>147456</Value0>
            <Value1>524288</Value1>
          </Entry>
          <Entry>
            <Values />
            <Value0>147459</Value0>
            <Value1>589824</Value1>
          </Entry>
          <Entry>
            <Values>
              <Entry>
                <Value0>20416</Value0>
                <Value1>0</Value1>
              </Entry>
            </Values>
            <Value0>147456</Value0>
            <Value1>655360</Value1>
          </Entry>
          <Entry>
            <Values />
            <Value0>147459</Value0>
            <Value1>720896</Value1>
          </Entry>
          <Entry>
            <Values>
              <Entry>
                <Value0>20417</Value0>
                <Value1>0</Value1>
              </Entry>
            </Values>
            <Value0>147456</Value0>
            <Value1>786432</Value1>
          </Entry>
          <Entry>
            <Values />
            <Value0>147459</Value0>
            <Value1>851968</Value1>
          </Entry>
          <Entry>
            <Values>
              <Entry>
                <Value0>20418</Value0>
                <Value1>0</Value1>
              </Entry>
            </Values>
            <Value0>147456</Value0>
            <Value1>917504</Value1>
          </Entry>
          <Entry>
            <Values />
            <Value0>147459</Value0>
            <Value1>983040</Value1>
          </Entry>
          <Entry>
            <Values>
              <Entry>
                <Value0>20419</Value0>
                <Value1>0</Value1>
              </Entry>
            </Values>
            <Value0>147456</Value0>
            <Value1>1048576</Value1>
          </Entry>
          <Entry>
            <Values />
            <Value0>147459</Value0>
            <Value1>1114112</Value1>
          </Entry>
          <Entry>
            <Values>
              <Entry>
                <Value0>20420</Value0>
                <Value1>0</Value1>
              </Entry>
            </Values>
            <Value0>147456</Value0>
            <Value1>1179648</Value1>
          </Entry>
          <Entry>
            <Values>
              <Entry>
                <Value0>20421</Value0>
                <Value1>0</Value1>
              </Entry>
            </Values>
            <Value0>147456</Value0>
            <Value1>1245184</Value1>
          </Entry>
          <Entry>
            <Values />
            <Value0>147459</Value0>
            <Value1>1310720</Value1>
          </Entry>
          <Entry>
            <Values>
              <Entry>
                <Value0>20422</Value0>
                <Value1>0</Value1>
              </Entry>
            </Values>
            <Value0>147456</Value0>
            <Value1>1376256</Value1>
          </Entry>
          <Entry>
            <Values />
            <Value0>147459</Value0>
            <Value1>1441792</Value1>
          </Entry>
          <Entry>
            <Values>
              <Entry>
                <Value0>20423</Value0>
                <Value1>0</Value1>
              </Entry>
            </Values>
            <Value0>147456</Value0>
            <Value1>1507328</Value1>
          </Entry>
          <Entry>
            <Values>
              <Entry>
                <Value0>20424</Value0>
                <Value1>0</Value1>
              </Entry>
            </Values>
            <Value0>147456</Value0>
            <Value1>1572864</Value1>
          </Entry>
          <Entry>
            <Values>
              <Entry>
                <Value0>20425</Value0>
                <Value1>0</Value1>
              </Entry>
            </Values>
            <Value0>147456</Value0>
            <Value1>1638400</Value1>
          </Entry>
          <Entry>
            <Values>
              <Entry>
                <Value0>20426</Value0>
                <Value1>0</Value1>
              </Entry>
            </Values>
            <Value0>147456</Value0>
            <Value1>1703936</Value1>
          </Entry>
          <Entry>
            <Values>
              <Entry>
                <Value0>20427</Value0>
                <Value1>0</Value1>
              </Entry>
            </Values>
            <Value0>147456</Value0>
            <Value1>1769472</Value1>
          </Entry>
          <Entry>
            <Values>
              <Entry>
                <Value0>20428</Value0>
                <Value1>0</Value1>
              </Entry>
            </Values>
            <Value0>147456</Value0>
            <Value1>1835008</Value1>
          </Entry>
          <Entry>
            <Values>
              <Entry>
                <Value0>20429</Value0>
                <Value1>0</Value1>
              </Entry>
            </Values>
            <Value0>147456</Value0>
            <Value1>1900544</Value1>
          </Entry>
          <Entry>
            <Values>
              <Entry>
                <Value0>20430</Value0>
                <Value1>0</Value1>
              </Entry>
            </Values>
            <Value0>147456</Value0>
            <Value1>1966080</Value1>
          </Entry>
          <Entry>
            <Values>
              <Entry>
                <Value0>20431</Value0>
                <Value1>0</Value1>
              </Entry>
            </Values>
            <Value0>147456</Value0>
            <Value1>851968</Value1>
          </Entry>
          <Entry>
            <Values />
            <Value0>147459</Value0>
            <Value1>851968</Value1>
          </Entry>
          <Entry>
            <Values>
              <Entry>
                <Value0>20432</Value0>
                <Value1>0</Value1>
              </Entry>
            </Values>
            <Value0>147456</Value0>
            <Value1>2031616</Value1>
          </Entry>
          <Entry>
            <Values />
            <Value0>147459</Value0>
            <Value1>2097152</Value1>
          </Entry>
          <Entry>
            <Values>
              <Entry>
                <Value0>20433</Value0>
                <Value1>0</Value1>
              </Entry>
            </Values>
            <Value0>147456</Value0>
            <Value1>2162688</Value1>
          </Entry>
          <Entry>
            <Values />
            <Value0>147459</Value0>
            <Value1>851968</Value1>
          </Entry>
          <Entry>
            <Values>
              <Entry>
                <Value0>20434</Value0>
                <Value1>0</Value1>
              </Entry>
            </Values>
            <Value0>147456</Value0>
            <Value1>2228224</Value1>
          </Entry>
          <Entry>
            <Values />
            <Value0>147459</Value0>
            <Value1>2293760</Value1>
          </Entry>
          <Entry>
            <Values>
              <Entry>
                <Value0>20435</Value0>
                <Value1>0</Value1>
              </Entry>
            </Values>
            <Value0>147456</Value0>
            <Value1>2359296</Value1>
          </Entry>
          <Entry>
            <Values />
            <Value0>147459</Value0>
            <Value1>2424832</Value1>
          </Entry>
          <Entry>
            <Values>
              <Entry>
                <Value0>20436</Value0>
                <Value1>0</Value1>
              </Entry>
            </Values>
            <Value0>147456</Value0>
            <Value1>2490368</Value1>
          </Entry>
          <Entry>
            <Values>
              <Entry>
                <Value0>20437</Value0>
                <Value1>0</Value1>
              </Entry>
            </Values>
            <Value0>147456</Value0>
            <Value1>2555904</Value1>
          </Entry>
        </Unknown>
        <Dialogs>
          <Dialog>高嶺</Dialog>
          <Dialog>Sorry to keep you waiting. 
I made you wait too much.</Dialog>
          <Dialog>Hey, walking side by side 
like this... It has been a 
while, right?</Dialog>
          <Dialog>○○○○○○○○</Dialog>
          <Dialog>Maybe it is... I'm sorry.</Dialog>
          <Dialog>No, it's okay. We will be 
together a lot from now on, 
right?</Dialog>
          <Dialog>Ha~a...</Dialog>
          <Dialog>What's wrong?</Dialog>
          <Dialog>I remembered the time when 
we went to Atami.</Dialog>
          <Dialog>Ah, Atami...</Dialog>
          <Dialog>I still remember that a 
lot, it's because it's a 
wonderful memory for us...</Dialog>
          <Dialog>I see, that's right.</Dialog>
          <Dialog>That was the day I was with 
you for the longest time... 
I will never forget it.</Dialog>
          <Dialog>....</Dialog>
          <Dialog>Eh...</Dialog>
          <Dialog>What?</Dialog>
          <Dialog>Um... I feel like I've been 
watching you all the time.</Dialog>
          <Dialog>Really?</Dialog>
          <Dialog>Really... Geez, what's with 
you suddenly?</Dialog>
          <Dialog>I... Am I a little 
beautiful?... I'm kidding.</Dialog>
          <Dialog>Hmm...</Dialog>
          <Dialog>I'm sorry, I said something 
strange... Geez, don't look 
at me with those shiny eyes?</Dialog>
          <Dialog>Huh, do I have those kind 
of eyes?</Dialog>
          <Dialog>You do. Want me to see your 
face?</Dialog>
          <Dialog>Look at my eyes.</Dialog>
          <Dialog>Don't do that. Come here a 
little more, okay?</Dialog>
          <Dialog>Emm, it's a little too 
close. It's okay, I can see 
you well...</Dialog>
          <Dialog>Yeah... it looks good. Stay 
like that... do you want to 
laugh?</Dialog>
          <Dialog>Laugh?</Dialog>
          <Dialog>Yes, it's a nice smile... 
My favorite smile.</Dialog>
          <Dialog>What's wrong, is it 
embarrassing? If so, that's 
fine.</Dialog>
          <Dialog>...What's wrong?</Dialog>
          <Dialog>It's kind of quiet here...</Dialog>
          <Dialog>Eh? Um...</Dialog>
          <Dialog>That...</Dialog>
          <Dialog>▲高嶺＊＊▲...</Dialog>
          <Dialog>Can you forgive me?</Dialog>
          <Dialog>Huh?</Dialog>
          <Dialog>Fufu...</Dialog>
          <Dialog>It's okay, from now on... 
Shall we make more memories?</Dialog>
        </Dialogs>
      </SDL2>
    </Entry>
  </Entries>
</DBIN2>