<?xml version="1.0" encoding="utf-8"?>
<DBIN2 xmlns:xsi="http://www.w3.org/2001/XMLSchema-instance" xmlns:xsd="http://www.w3.org/2001/XMLSchema" Key="3081739224" Unknown="18">
  <Entries>
    <Entry Unknown0="977424869" Unknown1="4191788208">
      <SDL2 Key="1069426979">
        <Unknown>
          <Entry>
            <Values />
            <Value0>147456</Value0>
            <Value1>65536</Value1>
          </Entry>
        </Unknown>
        <Dialogs>
          <Dialog>○○○○○○○○</Dialog>
          <Dialog>That's right... I wonder 
what should I do with the 
gift for ▲高嶺＊＊▲.</Dialog>
        </Dialogs>
      </SDL2>
    </Entry>
    <Entry Unknown0="3249867660" Unknown1="1831813923">
      <SDL2 Key="1069426979">
        <Unknown>
          <Entry>
            <Values />
            <Value0>147456</Value0>
            <Value1>65536</Value1>
          </Entry>
          <Entry>
            <Values>
              <Entry>
                <Value0>20566</Value0>
                <Value1>0</Value1>
              </Entry>
            </Values>
            <Value0>147458</Value0>
            <Value1>196608</Value1>
          </Entry>
          <Entry>
            <Values />
            <Value0>147456</Value0>
            <Value1>262144</Value1>
          </Entry>
        </Unknown>
        <Dialogs>
          <Dialog>○○○○○○○○</Dialog>
          <Dialog>I found this when I went 
out alone the other day...</Dialog>
          <Dialog>高嶺</Dialog>
          <Dialog>For me? I wonder what it 
is... Can I open it?</Dialog>
          <Dialog>Of course.</Dialog>
        </Dialogs>
      </SDL2>
    </Entry>
    <Entry Unknown0="1544252671" Unknown1="3235296889">
      <SDL2 Key="1069426979">
        <Unknown>
          <Entry>
            <Values>
              <Entry>
                <Value0>20567</Value0>
                <Value1>0</Value1>
              </Entry>
            </Values>
            <Value0>147456</Value0>
            <Value1>65536</Value1>
          </Entry>
          <Entry>
            <Values />
            <Value0>147458</Value0>
            <Value1>196608</Value1>
          </Entry>
        </Unknown>
        <Dialogs>
          <Dialog>高嶺</Dialog>
          <Dialog>Wow, I was looking for this 
seasoning! If I cook with 
this, it'll turn out 
delicious♪</Dialog>
          <Dialog>○○○○○○○○</Dialog>
          <Dialog>I'm glad it pleased you.</Dialog>
        </Dialogs>
      </SDL2>
    </Entry>
    <Entry Unknown0="2326978901" Unknown1="1783172128">
      <SDL2 Key="1069426979">
        <Unknown>
          <Entry>
            <Values>
              <Entry>
                <Value0>20568</Value0>
                <Value1>0</Value1>
              </Entry>
            </Values>
            <Value0>147456</Value0>
            <Value1>65536</Value1>
          </Entry>
          <Entry>
            <Values />
            <Value0>147458</Value0>
            <Value1>196608</Value1>
          </Entry>
        </Unknown>
        <Dialogs>
          <Dialog>高嶺</Dialog>
          <Dialog>Oh, seasonings? If I cook 
with this, I wonder if I 
can do something nice.</Dialog>
          <Dialog>○○○○○○○○</Dialog>
          <Dialog>Is that so? I'm glad you 
liked it.</Dialog>
        </Dialogs>
      </SDL2>
    </Entry>
    <Entry Unknown0="1361419260" Unknown1="3634344851">
      <SDL2 Key="1069426979">
        <Unknown>
          <Entry>
            <Values>
              <Entry>
                <Value0>20569</Value0>
                <Value1>0</Value1>
              </Entry>
            </Values>
            <Value0>147456</Value0>
            <Value1>65536</Value1>
          </Entry>
          <Entry>
            <Values />
            <Value0>147458</Value0>
            <Value1>196608</Value1>
          </Entry>
        </Unknown>
        <Dialogs>
          <Dialog>高嶺</Dialog>
          <Dialog>With this... What kind of 
dish should I use it for? 
I'll look it up at home.</Dialog>
          <Dialog>○○○○○○○○</Dialog>
          <Dialog>I'm sorry...</Dialog>
        </Dialogs>
      </SDL2>
    </Entry>
    <Entry Unknown0="2893806703" Unknown1="927344361">
      <SDL2 Key="1609453437">
        <Unknown>
          <Entry>
            <Values>
              <Entry>
                <Value0>20570</Value0>
                <Value1>0</Value1>
              </Entry>
            </Values>
            <Value0>147456</Value0>
            <Value1>65536</Value1>
          </Entry>
          <Entry>
            <Values />
            <Value0>147458</Value0>
            <Value1>196608</Value1>
          </Entry>
        </Unknown>
        <Dialogs>
          <Dialog>高嶺</Dialog>
          <Dialog>Thank you. I'll cook 
something with this, so 
expect it okay?</Dialog>
          <Dialog>○○○○○○○○</Dialog>
          <Dialog>Yes, I'm looking forward to 
it.</Dialog>
        </Dialogs>
      </SDL2>
    </Entry>
    <Entry Unknown0="438464965" Unknown1="3753475216">
      <SDL2 Key="1609453437">
        <Unknown>
          <Entry>
            <Values />
            <Value0>147456</Value0>
            <Value1>65536</Value1>
          </Entry>
          <Entry>
            <Values />
            <Value0>147456</Value0>
            <Value1>131072</Value1>
          </Entry>
        </Unknown>
        <Dialogs>
          <Dialog>○○○○○○○○</Dialog>
          <Dialog>You know, I found this book 
before, but I thought you'll
like to read it ▲高嶺＊＊▲.</Dialog>
          <Dialog>▲本の名前＊＊＊＊＊＊▲, how about 
this one?</Dialog>
        </Dialogs>
      </SDL2>
    </Entry>
    <Entry Unknown0="2710907756" Unknown1="1259283203">
      <SDL2 Key="1609453437">
        <Unknown>
          <Entry>
            <Values>
              <Entry>
                <Value0>20571</Value0>
                <Value1>0</Value1>
              </Entry>
            </Values>
            <Value0>147456</Value0>
            <Value1>65536</Value1>
          </Entry>
          <Entry>
            <Values />
            <Value0>147458</Value0>
            <Value1>196608</Value1>
          </Entry>
        </Unknown>
        <Dialogs>
          <Dialog>高嶺</Dialog>
          <Dialog>Ah~! I've always been 
interested in this book. I 
thought it looked 
interesting.</Dialog>
          <Dialog>○○○○○○○○</Dialog>
          <Dialog>Really? Then it's all good.</Dialog>
        </Dialogs>
      </SDL2>
    </Entry>
    <Entry Unknown0="1022069983" Unknown1="2864092761">
      <SDL2 Key="1609453437">
        <Unknown>
          <Entry>
            <Values>
              <Entry>
                <Value0>20572</Value0>
                <Value1>0</Value1>
              </Entry>
            </Values>
            <Value0>147456</Value0>
            <Value1>65536</Value1>
          </Entry>
          <Entry>
            <Values />
            <Value0>147458</Value0>
            <Value1>196608</Value1>
          </Entry>
        </Unknown>
        <Dialogs>
          <Dialog>高嶺</Dialog>
          <Dialog>Ah, I'm happy with this 
cooking book. With this, 
will have more recipes?</Dialog>
          <Dialog>○○○○○○○○</Dialog>
          <Dialog>I would be glad that 
happened.</Dialog>
        </Dialogs>
      </SDL2>
    </Entry>
    <Entry Unknown0="1787953461" Unknown1="1076489216">
      <SDL2 Key="1609453437">
        <Unknown>
          <Entry>
            <Values>
              <Entry>
                <Value0>20573</Value0>
                <Value1>0</Value1>
              </Entry>
            </Values>
            <Value0>147456</Value0>
            <Value1>65536</Value1>
          </Entry>
          <Entry>
            <Values />
            <Value0>147458</Value0>
            <Value1>196608</Value1>
          </Entry>
        </Unknown>
        <Dialogs>
          <Dialog>高嶺</Dialog>
          <Dialog>Ah... I'm not so much into 
this genre... I have to 
look at it and practice 
hard, right?</Dialog>
          <Dialog>○○○○○○○○</Dialog>
          <Dialog>I think it'll be useful.</Dialog>
        </Dialogs>
      </SDL2>
    </Entry>
    <Entry Unknown0="822459356" Unknown1="3061814131">
      <SDL2 Key="1609453437">
        <Unknown>
          <Entry>
            <Values>
              <Entry>
                <Value0>20574</Value0>
                <Value1>0</Value1>
              </Entry>
            </Values>
            <Value0>147456</Value0>
            <Value1>65536</Value1>
          </Entry>
          <Entry>
            <Values />
            <Value0>147458</Value0>
            <Value1>196608</Value1>
          </Entry>
        </Unknown>
        <Dialogs>
          <Dialog>高嶺</Dialog>
          <Dialog>I'll try to make the dishes 
listed in here, next time.</Dialog>
          <Dialog>○○○○○○○○</Dialog>
          <Dialog>I'm looking forward to it!</Dialog>
        </Dialogs>
      </SDL2>
    </Entry>
    <Entry Unknown0="2354781263" Unknown1="421922505">
      <SDL2 Key="1365782522">
        <Unknown>
          <Entry>
            <Values />
            <Value0>147456</Value0>
            <Value1>65536</Value1>
          </Entry>
          <Entry>
            <Values>
              <Entry>
                <Value0>20575</Value0>
                <Value1>0</Value1>
              </Entry>
            </Values>
            <Value0>147458</Value0>
            <Value1>196608</Value1>
          </Entry>
          <Entry>
            <Values />
            <Value0>147456</Value0>
            <Value1>262144</Value1>
          </Entry>
          <Entry>
            <Values>
              <Entry>
                <Value0>20576</Value0>
                <Value1>0</Value1>
              </Entry>
            </Values>
            <Value0>147458</Value0>
            <Value1>327680</Value1>
          </Entry>
          <Entry>
            <Values />
            <Value0>147456</Value0>
            <Value1>393216</Value1>
          </Entry>
        </Unknown>
        <Dialogs>
          <Dialog>○○○○○○○○</Dialog>
          <Dialog>I bought this, but I 
thought it would look good 
on you, ▲高嶺＊＊▲.</Dialog>
          <Dialog>高嶺</Dialog>
          <Dialog>Eh~!?... It can't be, 
that's bad.</Dialog>
          <Dialog>Don't hold back. I couldn't 
resist and acquired it for 
you.</Dialog>
          <Dialog>Thank you. Hey, can I open 
it?</Dialog>
          <Dialog>Of course, go ahead.</Dialog>
        </Dialogs>
      </SDL2>
    </Entry>
    <Entry Unknown0="4194472357" Unknown1="3046726768">
      <SDL2 Key="1365782522">
        <Unknown>
          <Entry>
            <Values>
              <Entry>
                <Value0>20577</Value0>
                <Value1>0</Value1>
              </Entry>
            </Values>
            <Value0>147456</Value0>
            <Value1>65536</Value1>
          </Entry>
          <Entry>
            <Values />
            <Value0>147458</Value0>
            <Value1>196608</Value1>
          </Entry>
        </Unknown>
        <Dialogs>
          <Dialog>高嶺</Dialog>
          <Dialog>It's wonderful! I really 
wanted this. I'm really 
happy♪</Dialog>
          <Dialog>○○○○○○○○</Dialog>
          <Dialog>I hope it'll make you happy.</Dialog>
        </Dialogs>
      </SDL2>
    </Entry>
    <Entry Unknown0="2171947852" Unknown1="569312227">
      <SDL2 Key="1365782522">
        <Unknown>
          <Entry>
            <Values>
              <Entry>
                <Value0>20578</Value0>
                <Value1>0</Value1>
              </Entry>
            </Values>
            <Value0>147456</Value0>
            <Value1>65536</Value1>
          </Entry>
          <Entry>
            <Values />
            <Value0>147458</Value0>
            <Value1>196608</Value1>
          </Entry>
        </Unknown>
        <Dialogs>
          <Dialog>高嶺</Dialog>
          <Dialog>Wow, it's nice. I'm so 
happy.</Dialog>
          <Dialog>○○○○○○○○</Dialog>
          <Dialog>You're welcome.</Dialog>
        </Dialogs>
      </SDL2>
    </Entry>
    <Entry Unknown0="483110079" Unknown1="2358670905">
      <SDL2 Key="1365782522">
        <Unknown>
          <Entry>
            <Values>
              <Entry>
                <Value0>20579</Value0>
                <Value1>0</Value1>
              </Entry>
            </Values>
            <Value0>147456</Value0>
            <Value1>65536</Value1>
          </Entry>
          <Entry>
            <Values />
            <Value0>147458</Value0>
            <Value1>196608</Value1>
          </Entry>
        </Unknown>
        <Dialogs>
          <Dialog>高嶺</Dialog>
          <Dialog>Um... Thank you.</Dialog>
          <Dialog>○○○○○○○○</Dialog>
          <Dialog>（...Is it not good?）</Dialog>
        </Dialogs>
      </SDL2>
    </Entry>
    <Entry Unknown0="1248993557" Unknown1="638176480">
      <SDL2 Key="568431569">
        <Unknown>
          <Entry>
            <Values>
              <Entry>
                <Value0>20580</Value0>
                <Value1>0</Value1>
              </Entry>
            </Values>
            <Value0>147456</Value0>
            <Value1>65536</Value1>
          </Entry>
        </Unknown>
        <Dialogs>
          <Dialog>高嶺</Dialog>
          <Dialog>I'm happy even though it's 
not a special day. It was a 
nice surprise♪</Dialog>
        </Dialogs>
      </SDL2>
    </Entry>
    <Entry Unknown0="300276668" Unknown1="2355065683">
      <SDL2 Key="568431569">
        <Unknown>
          <Entry>
            <Values />
            <Value0>147456</Value0>
            <Value1>65536</Value1>
          </Entry>
          <Entry>
            <Values>
              <Entry>
                <Value0>20581</Value0>
                <Value1>0</Value1>
              </Entry>
            </Values>
            <Value0>147458</Value0>
            <Value1>196608</Value1>
          </Entry>
          <Entry>
            <Values />
            <Value0>147456</Value0>
            <Value1>262144</Value1>
          </Entry>
          <Entry>
            <Values>
              <Entry>
                <Value0>20582</Value0>
                <Value1>0</Value1>
              </Entry>
            </Values>
            <Value0>147458</Value0>
            <Value1>327680</Value1>
          </Entry>
          <Entry>
            <Values />
            <Value0>147456</Value0>
            <Value1>393216</Value1>
          </Entry>
        </Unknown>
        <Dialogs>
          <Dialog>○○○○○○○○</Dialog>
          <Dialog>Actually, I was thinking 
about your room ▲高嶺＊＊▲... 
So, I bought this.</Dialog>
          <Dialog>高嶺</Dialog>
          <Dialog>Eh~, for me?</Dialog>
          <Dialog>I'm worried if you'll like 
it, but... I bought it 
anyway.</Dialog>
          <Dialog>...Thank you. Can I open it?</Dialog>
          <Dialog>Yes, go ahead.</Dialog>
        </Dialogs>
      </SDL2>
    </Entry>
    <Entry Unknown0="1815821359" Unknown1="3808880297">
      <SDL2 Key="1935798679">
        <Unknown>
          <Entry>
            <Values />
            <Value0>147456</Value0>
            <Value1>65536</Value1>
          </Entry>
          <Entry>
            <Values>
              <Entry>
                <Value0>20583</Value0>
                <Value1>0</Value1>
              </Entry>
            </Values>
            <Value0>147458</Value0>
            <Value1>196608</Value1>
          </Entry>
          <Entry>
            <Values />
            <Value0>147456</Value0>
            <Value1>262144</Value1>
          </Entry>
          <Entry>
            <Values>
              <Entry>
                <Value0>20584</Value0>
                <Value1>0</Value1>
              </Entry>
            </Values>
            <Value0>147458</Value0>
            <Value1>327680</Value1>
          </Entry>
          <Entry>
            <Values />
            <Value0>147456</Value0>
            <Value1>393216</Value1>
          </Entry>
          <Entry>
            <Values>
              <Entry>
                <Value0>20585</Value0>
                <Value1>0</Value1>
              </Entry>
            </Values>
            <Value0>147458</Value0>
            <Value1>458752</Value1>
          </Entry>
          <Entry>
            <Values />
            <Value0>147456</Value0>
            <Value1>524288</Value1>
          </Entry>
        </Unknown>
        <Dialogs>
          <Dialog>○○○○○○○○</Dialog>
          <Dialog>I found this before, and 
bought it...</Dialog>
          <Dialog>高嶺</Dialog>
          <Dialog>Hmmm, what is it?</Dialog>
          <Dialog>A diary. You said you had 
one before.</Dialog>
          <Dialog>You got it for me? Thank 
you.</Dialog>
          <Dialog>I don't know the details, 
but it seems to be something
special.</Dialog>
          <Dialog>That so, yes. Somehow, the 
atmosphere got strange...</Dialog>
          <Dialog>（She seems pleased）</Dialog>
        </Dialogs>
      </SDL2>
    </Entry>
  </Entries>
</DBIN2>