<?xml version="1.0" encoding="utf-8"?>
<DBIN2 xmlns:xsi="http://www.w3.org/2001/XMLSchema-instance" xmlns:xsd="http://www.w3.org/2001/XMLSchema" Key="4051027073" Unknown="56">
  <Entries>
    <Entry Unknown0="1831511658" Unknown1="454646540">
      <SDL2 Key="1403780497">
        <Unknown>
          <Entry>
            <Values>
              <Entry>
                <Value0>24439</Value0>
                <Value1>0</Value1>
              </Entry>
            </Values>
            <Value0>147456</Value0>
            <Value1>65536</Value1>
          </Entry>
          <Entry>
            <Values />
            <Value0>147458</Value0>
            <Value1>196608</Value1>
          </Entry>
          <Entry>
            <Values />
            <Value0>65540</Value0>
            <Value1>65541</Value1>
          </Entry>
          <Entry>
            <Values />
            <Value0>65541</Value0>
            <Value1>453035</Value1>
          </Entry>
        </Unknown>
        <Dialogs>
          <Dialog>高嶺</Dialog>
          <Dialog>If you don't mind, why 
don't we study together for 
the next test?</Dialog>
          <Dialog>○○○○○○○○</Dialog>
          <Dialog>There were a lot of tests 
the other day...</Dialog>
          <Dialog>Let's do it</Dialog>
          <Dialog>Better next time</Dialog>
        </Dialogs>
      </SDL2>
    </Entry>
    <Entry Unknown0="3420233424" Unknown1="3440558526">
      <SDL2 Key="1403780497">
        <Unknown>
          <Entry>
            <Values>
              <Entry>
                <Value0>24440</Value0>
                <Value1>0</Value1>
              </Entry>
            </Values>
            <Value0>147456</Value0>
            <Value1>65536</Value1>
          </Entry>
          <Entry>
            <Values />
            <Value0>147458</Value0>
            <Value1>196608</Value1>
          </Entry>
          <Entry>
            <Values />
            <Value0>65540</Value0>
            <Value1>65541</Value1>
          </Entry>
          <Entry>
            <Values />
            <Value0>65541</Value0>
            <Value1>453035</Value1>
          </Entry>
        </Unknown>
        <Dialogs>
          <Dialog>高嶺</Dialog>
          <Dialog>The last test was 
disappointing... Shall we 
review together now?</Dialog>
          <Dialog>○○○○○○○○</Dialog>
          <Dialog>It would be bad if I 
obtained a score like that 
next time...</Dialog>
          <Dialog>Let's do it together</Dialog>
          <Dialog>Next time</Dialog>
        </Dialogs>
      </SDL2>
    </Entry>
    <Entry Unknown0="2245264514" Unknown1="3312808886">
      <SDL2 Key="1403780497">
        <Unknown>
          <Entry>
            <Values>
              <Entry>
                <Value0>24441</Value0>
                <Value1>0</Value1>
              </Entry>
            </Values>
            <Value0>147456</Value0>
            <Value1>65536</Value1>
          </Entry>
          <Entry>
            <Values />
            <Value0>147458</Value0>
            <Value1>196608</Value1>
          </Entry>
          <Entry>
            <Values />
            <Value0>65540</Value0>
            <Value1>65541</Value1>
          </Entry>
          <Entry>
            <Values />
            <Value0>65541</Value0>
            <Value1>453035</Value1>
          </Entry>
        </Unknown>
        <Dialogs>
          <Dialog>高嶺</Dialog>
          <Dialog>Shall we have a study 
session together? Wouldn't 
that be better?</Dialog>
          <Dialog>○○○○○○○○</Dialog>
          <Dialog>（Don't you care that the 
test's results were bad?）</Dialog>
          <Dialog>Let's do it</Dialog>
          <Dialog>Better next time</Dialog>
        </Dialogs>
      </SDL2>
    </Entry>
    <Entry Unknown0="2637870714" Unknown1="673803036">
      <SDL2 Key="1403780497">
        <Unknown>
          <Entry>
            <Values>
              <Entry>
                <Value0>24442</Value0>
                <Value1>0</Value1>
              </Entry>
            </Values>
            <Value0>147456</Value0>
            <Value1>65536</Value1>
          </Entry>
        </Unknown>
        <Dialogs>
          <Dialog>高嶺</Dialog>
          <Dialog>Then come to my house after 
school.</Dialog>
        </Dialogs>
      </SDL2>
    </Entry>
    <Entry Unknown0="4226592480" Unknown1="3726823886">
      <SDL2 Key="1403780497">
        <Unknown>
          <Entry>
            <Values>
              <Entry>
                <Value0>24443</Value0>
                <Value1>0</Value1>
              </Entry>
            </Values>
            <Value0>147456</Value0>
            <Value1>65536</Value1>
          </Entry>
        </Unknown>
        <Dialogs>
          <Dialog>高嶺</Dialog>
          <Dialog>Yes. Is it okay if it's in 
my house? I'll be ready.</Dialog>
        </Dialogs>
      </SDL2>
    </Entry>
    <Entry Unknown0="3051623570" Unknown1="3599074246">
      <SDL2 Key="1403780497">
        <Unknown>
          <Entry>
            <Values>
              <Entry>
                <Value0>24444</Value0>
                <Value1>0</Value1>
              </Entry>
            </Values>
            <Value0>147456</Value0>
            <Value1>65536</Value1>
          </Entry>
        </Unknown>
        <Dialogs>
          <Dialog>高嶺</Dialog>
          <Dialog>Roger. Then, please take 
care of my house. I'm 
kidding. </Dialog>
        </Dialogs>
      </SDL2>
    </Entry>
    <Entry Unknown0="2370487946" Unknown1="1027177260">
      <SDL2 Key="1403780497">
        <Unknown>
          <Entry>
            <Values>
              <Entry>
                <Value0>24445</Value0>
                <Value1>0</Value1>
              </Entry>
            </Values>
            <Value0>147456</Value0>
            <Value1>65536</Value1>
          </Entry>
        </Unknown>
        <Dialogs>
          <Dialog>高嶺</Dialog>
          <Dialog>If you like, that's fine...</Dialog>
        </Dialogs>
      </SDL2>
    </Entry>
    <Entry Unknown0="3959209712" Unknown1="3945980382">
      <SDL2 Key="1403780497">
        <Unknown>
          <Entry>
            <Values>
              <Entry>
                <Value0>24446</Value0>
                <Value1>0</Value1>
              </Entry>
            </Values>
            <Value0>147456</Value0>
            <Value1>65536</Value1>
          </Entry>
        </Unknown>
        <Dialogs>
          <Dialog>高嶺</Dialog>
          <Dialog>Do you have any plans? If 
that's the case, I can't 
help it.</Dialog>
        </Dialogs>
      </SDL2>
    </Entry>
    <Entry Unknown0="2784240802" Unknown1="3818230742">
      <SDL2 Key="1403780497">
        <Unknown>
          <Entry>
            <Values>
              <Entry>
                <Value0>24447</Value0>
                <Value1>0</Value1>
              </Entry>
            </Values>
            <Value0>147456</Value0>
            <Value1>65536</Value1>
          </Entry>
        </Unknown>
        <Dialogs>
          <Dialog>高嶺</Dialog>
          <Dialog>That so? Well, see you next 
time.</Dialog>
        </Dialogs>
      </SDL2>
    </Entry>
    <Entry Unknown0="3176847002" Unknown1="1112116028">
      <SDL2 Key="1403780497">
        <Unknown>
          <Entry>
            <Values>
              <Entry>
                <Value0>24448</Value0>
                <Value1>0</Value1>
              </Entry>
            </Values>
            <Value0>147456</Value0>
            <Value1>65536</Value1>
          </Entry>
          <Entry>
            <Values />
            <Value0>147458</Value0>
            <Value1>196608</Value1>
          </Entry>
        </Unknown>
        <Dialogs>
          <Dialog>高嶺</Dialog>
          <Dialog>Welcome. I've been waiting 
for you.</Dialog>
          <Dialog>○○○○○○○○</Dialog>
          <Dialog>It's nice to see you today.</Dialog>
        </Dialogs>
      </SDL2>
    </Entry>
    <Entry Unknown0="453824000" Unknown1="4098028014">
      <SDL2 Key="1403780497">
        <Unknown>
          <Entry>
            <Values>
              <Entry>
                <Value0>24449</Value0>
                <Value1>0</Value1>
              </Entry>
            </Values>
            <Value0>147456</Value0>
            <Value1>65536</Value1>
          </Entry>
          <Entry>
            <Values />
            <Value0>147458</Value0>
            <Value1>196608</Value1>
          </Entry>
        </Unknown>
        <Dialogs>
          <Dialog>高嶺</Dialog>
          <Dialog>Welcome. Let's do out best 
today.</Dialog>
          <Dialog>○○○○○○○○</Dialog>
          <Dialog>Oh, I have to study hard.</Dialog>
        </Dialogs>
      </SDL2>
    </Entry>
    <Entry Unknown0="3573822642" Unknown1="4238713830">
      <SDL2 Key="1403780497">
        <Unknown>
          <Entry>
            <Values>
              <Entry>
                <Value0>24450</Value0>
                <Value1>0</Value1>
              </Entry>
            </Values>
            <Value0>147456</Value0>
            <Value1>65536</Value1>
          </Entry>
          <Entry>
            <Values />
            <Value0>147458</Value0>
            <Value1>196608</Value1>
          </Entry>
        </Unknown>
        <Dialogs>
          <Dialog>高嶺</Dialog>
          <Dialog>Welcome. Now then, want to 
enter?</Dialog>
          <Dialog>○○○○○○○○</Dialog>
          <Dialog>I'm coming in.</Dialog>
        </Dialogs>
      </SDL2>
    </Entry>
    <Entry Unknown0="2909464234" Unknown1="1465490252">
      <SDL2 Key="1943745772">
        <Unknown>
          <Entry>
            <Values>
              <Entry>
                <Value0>24451</Value0>
                <Value1>0</Value1>
              </Entry>
            </Values>
            <Value0>147456</Value0>
            <Value1>65536</Value1>
          </Entry>
          <Entry>
            <Values />
            <Value0>147458</Value0>
            <Value1>196608</Value1>
          </Entry>
        </Unknown>
        <Dialogs>
          <Dialog>高嶺</Dialog>
          <Dialog>Focus on studying today. 
Okay?</Dialog>
          <Dialog>○○○○○○○○</Dialog>
          <Dialog>I understand.</Dialog>
        </Dialogs>
      </SDL2>
    </Entry>
    <Entry Unknown0="186441232" Unknown1="22151678">
      <SDL2 Key="1943745772">
        <Unknown>
          <Entry>
            <Values>
              <Entry>
                <Value0>24452</Value0>
                <Value1>0</Value1>
              </Entry>
            </Values>
            <Value0>147456</Value0>
            <Value1>65536</Value1>
          </Entry>
          <Entry>
            <Values />
            <Value0>147458</Value0>
            <Value1>196608</Value1>
          </Entry>
        </Unknown>
        <Dialogs>
          <Dialog>高嶺</Dialog>
          <Dialog>I think it's beautiful, 
because I put it away...</Dialog>
          <Dialog>○○○○○○○○</Dialog>
          <Dialog>▲高嶺＊＊▲isn't your room 
always clean?</Dialog>
        </Dialogs>
      </SDL2>
    </Entry>
    <Entry Unknown0="3306439874" Unknown1="162903030">
      <SDL2 Key="1943745772">
        <Unknown>
          <Entry>
            <Values>
              <Entry>
                <Value0>24453</Value0>
                <Value1>0</Value1>
              </Entry>
            </Values>
            <Value0>147456</Value0>
            <Value1>65536</Value1>
          </Entry>
          <Entry>
            <Values />
            <Value0>147458</Value0>
            <Value1>196608</Value1>
          </Entry>
        </Unknown>
        <Dialogs>
          <Dialog>高嶺</Dialog>
          <Dialog>Huh? Is there something 
wrong?</Dialog>
          <Dialog>○○○○○○○○</Dialog>
          <Dialog>No. Let's do our best today.</Dialog>
        </Dialogs>
      </SDL2>
    </Entry>
    <Entry Unknown0="3715823290" Unknown1="1684646748">
      <SDL2 Key="1943745772">
        <Unknown>
          <Entry>
            <Values>
              <Entry>
                <Value0>24454</Value0>
                <Value1>0</Value1>
              </Entry>
            </Values>
            <Value0>147456</Value0>
            <Value1>65536</Value1>
          </Entry>
          <Entry>
            <Values />
            <Value0>147458</Value0>
            <Value1>196608</Value1>
          </Entry>
        </Unknown>
        <Dialogs>
          <Dialog>高嶺</Dialog>
          <Dialog>Let's get started. Let's 
stay calm and solve each 
question one by one.</Dialog>
          <Dialog>○○○○○○○○</Dialog>
          <Dialog>I have plenty of time.</Dialog>
        </Dialogs>
      </SDL2>
    </Entry>
    <Entry Unknown0="992800288" Unknown1="308416782">
      <SDL2 Key="1943745772">
        <Unknown>
          <Entry>
            <Values>
              <Entry>
                <Value0>24455</Value0>
                <Value1>0</Value1>
              </Entry>
            </Values>
            <Value0>147456</Value0>
            <Value1>65536</Value1>
          </Entry>
          <Entry>
            <Values />
            <Value0>147458</Value0>
            <Value1>196608</Value1>
          </Entry>
        </Unknown>
        <Dialogs>
          <Dialog>高嶺</Dialog>
          <Dialog>Is it time to start?</Dialog>
          <Dialog>○○○○○○○○</Dialog>
          <Dialog>Yes. I have to prepare.</Dialog>
        </Dialogs>
      </SDL2>
    </Entry>
    <Entry Unknown0="4112798930" Unknown1="449168134">
      <SDL2 Key="1943745772">
        <Unknown>
          <Entry>
            <Values>
              <Entry>
                <Value0>24456</Value0>
                <Value1>0</Value1>
              </Entry>
            </Values>
            <Value0>147456</Value0>
            <Value1>65536</Value1>
          </Entry>
          <Entry>
            <Values />
            <Value0>147458</Value0>
            <Value1>196608</Value1>
          </Entry>
        </Unknown>
        <Dialogs>
          <Dialog>高嶺</Dialog>
          <Dialog>If there's something you 
don't undertand, don't 
hesitate to tell me okay?</Dialog>
          <Dialog>○○○○○○○○</Dialog>
          <Dialog>Ok. Let's get started!</Dialog>
        </Dialogs>
      </SDL2>
    </Entry>
    <Entry Unknown0="3448374986" Unknown1="1769585516">
      <SDL2 Key="1943745772">
        <Unknown>
          <Entry>
            <Values>
              <Entry>
                <Value0>24457</Value0>
                <Value1>0</Value1>
              </Entry>
            </Values>
            <Value0>147456</Value0>
            <Value1>65536</Value1>
          </Entry>
        </Unknown>
        <Dialogs>
          <Dialog>高嶺</Dialog>
          <Dialog>That's right... Which 
subject would you like to 
cover?</Dialog>
        </Dialogs>
      </SDL2>
    </Entry>
    <Entry Unknown0="725417520" Unknown1="1064444190">
      <SDL2 Key="1943745772">
        <Unknown>
          <Entry>
            <Values>
              <Entry>
                <Value0>24458</Value0>
                <Value1>0</Value1>
              </Entry>
            </Values>
            <Value0>147456</Value0>
            <Value1>65536</Value1>
          </Entry>
        </Unknown>
        <Dialogs>
          <Dialog>高嶺</Dialog>
          <Dialog>Which subject would be 
best...</Dialog>
        </Dialogs>
      </SDL2>
    </Entry>
    <Entry Unknown0="3845416162" Unknown1="936760086">
      <SDL2 Key="1943745772">
        <Unknown>
          <Entry>
            <Values>
              <Entry>
                <Value0>24459</Value0>
                <Value1>0</Value1>
              </Entry>
            </Values>
            <Value0>147456</Value0>
            <Value1>65536</Value1>
          </Entry>
        </Unknown>
        <Dialogs>
          <Dialog>高嶺</Dialog>
          <Dialog>Then, which subject do you 
want to cover first?</Dialog>
        </Dialogs>
      </SDL2>
    </Entry>
    <Entry Unknown0="4254734042" Unknown1="2659765116">
      <SDL2 Key="1943745772">
        <Unknown>
          <Entry>
            <Values />
            <Value0>65536</Value0>
            <Value1>65537</Value1>
          </Entry>
          <Entry>
            <Values />
            <Value0>65537</Value0>
            <Value1>65538</Value1>
          </Entry>
          <Entry>
            <Values />
            <Value0>65538</Value0>
            <Value1>65539</Value1>
          </Entry>
          <Entry>
            <Values />
            <Value0>65539</Value0>
            <Value1>65540</Value1>
          </Entry>
          <Entry>
            <Values />
            <Value0>65540</Value0>
            <Value1>65541</Value1>
          </Entry>
          <Entry>
            <Values />
            <Value0>65541</Value0>
            <Value1>65542</Value1>
          </Entry>
          <Entry>
            <Values />
            <Value0>65542</Value0>
            <Value1>452535</Value1>
          </Entry>
        </Unknown>
        <Dialogs>
          <Dialog>General</Dialog>
          <Dialog>Japanese</Dialog>
          <Dialog>Social</Dialog>
          <Dialog>Science</Dialog>
          <Dialog>Math</Dialog>
          <Dialog>English</Dialog>
          <Dialog>▲高嶺＊＊▲</Dialog>
        </Dialogs>
      </SDL2>
    </Entry>
    <Entry Unknown0="1531711040" Unknown1="729821486">
      <SDL2 Key="1943745772">
        <Unknown>
          <Entry>
            <Values>
              <Entry>
                <Value0>24460</Value0>
                <Value1>0</Value1>
              </Entry>
            </Values>
            <Value0>147456</Value0>
            <Value1>65536</Value1>
          </Entry>
        </Unknown>
        <Dialogs>
          <Dialog>高嶺</Dialog>
          <Dialog>... There is no such 
subject.</Dialog>
        </Dialogs>
      </SDL2>
    </Entry>
    <Entry Unknown0="356807922" Unknown1="585556774">
      <SDL2 Key="1943745772">
        <Unknown>
          <Entry>
            <Values>
              <Entry>
                <Value0>24461</Value0>
                <Value1>0</Value1>
              </Entry>
            </Values>
            <Value0>147456</Value0>
            <Value1>65536</Value1>
          </Entry>
        </Unknown>
        <Dialogs>
          <Dialog>高嶺</Dialog>
          <Dialog>You promise to study now, 
don't you? Let's start with 
general.</Dialog>
        </Dialogs>
      </SDL2>
    </Entry>
    <Entry Unknown0="3987351274" Unknown1="2207898508">
      <SDL2 Key="1943745772">
        <Unknown>
          <Entry>
            <Values>
              <Entry>
                <Value0>24462</Value0>
                <Value1>0</Value1>
              </Entry>
            </Values>
            <Value0>147456</Value0>
            <Value1>65536</Value1>
          </Entry>
        </Unknown>
        <Dialogs>
          <Dialog>高嶺</Dialog>
          <Dialog>If you say so... I 
understand.</Dialog>
        </Dialogs>
      </SDL2>
    </Entry>
    <Entry Unknown0="1264328272" Unknown1="1435648318">
      <SDL2 Key="2737527367">
        <Unknown>
          <Entry>
            <Values>
              <Entry>
                <Value0>24463</Value0>
                <Value1>0</Value1>
              </Entry>
            </Values>
            <Value0>147456</Value0>
            <Value1>65536</Value1>
          </Entry>
        </Unknown>
        <Dialogs>
          <Dialog>高嶺</Dialog>
          <Dialog>... If you say so, by all 
means.</Dialog>
        </Dialogs>
      </SDL2>
    </Entry>
    <Entry Unknown0="89424898" Unknown1="1576399670">
      <SDL2 Key="2737527367">
        <Unknown>
          <Entry>
            <Values>
              <Entry>
                <Value0>24464</Value0>
                <Value1>0</Value1>
              </Entry>
            </Values>
            <Value0>147456</Value0>
            <Value1>65536</Value1>
          </Entry>
        </Unknown>
        <Dialogs>
          <Dialog>高嶺</Dialog>
          <Dialog>I'm pushy... I understand.</Dialog>
        </Dialogs>
      </SDL2>
    </Entry>
    <Entry Unknown0="498743034" Unknown1="2963925916">
      <SDL2 Key="2737527367">
        <Unknown>
          <Entry>
            <Values>
              <Entry>
                <Value0>24465</Value0>
                <Value1>0</Value1>
              </Entry>
            </Values>
            <Value0>147456</Value0>
            <Value1>65536</Value1>
          </Entry>
        </Unknown>
        <Dialogs>
          <Dialog>高嶺</Dialog>
          <Dialog>Then, let's start.</Dialog>
        </Dialogs>
      </SDL2>
    </Entry>
    <Entry Unknown0="2070687328" Unknown1="1185042766">
      <SDL2 Key="2737527367">
        <Unknown>
          <Entry>
            <Values>
              <Entry>
                <Value0>24466</Value0>
                <Value1>0</Value1>
              </Entry>
            </Values>
            <Value0>147456</Value0>
            <Value1>65536</Value1>
          </Entry>
        </Unknown>
        <Dialogs>
          <Dialog>高嶺</Dialog>
          <Dialog>Yes. Let's do our best.</Dialog>
        </Dialogs>
      </SDL2>
    </Entry>
    <Entry Unknown0="895783954" Unknown1="1308951366">
      <SDL2 Key="2737527367">
        <Unknown>
          <Entry>
            <Values>
              <Entry>
                <Value0>24467</Value0>
                <Value1>0</Value1>
              </Entry>
            </Values>
            <Value0>147456</Value0>
            <Value1>65536</Value1>
          </Entry>
        </Unknown>
        <Dialogs>
          <Dialog>高嶺</Dialog>
          <Dialog>Yes. Yes, sir.</Dialog>
        </Dialogs>
      </SDL2>
    </Entry>
    <Entry Unknown0="231360010" Unknown1="2780429228">
      <SDL2 Key="2737527367">
        <Unknown>
          <Entry>
            <Values>
              <Entry>
                <Value0>24468</Value0>
                <Value1>0</Value1>
              </Entry>
            </Values>
            <Value0>147456</Value0>
            <Value1>65536</Value1>
          </Entry>
          <Entry>
            <Values />
            <Value0>147458</Value0>
            <Value1>196608</Value1>
          </Entry>
          <Entry>
            <Values>
              <Entry>
                <Value0>24469</Value0>
                <Value1>0</Value1>
              </Entry>
            </Values>
            <Value0>147456</Value0>
            <Value1>262144</Value1>
          </Entry>
        </Unknown>
        <Dialogs>
          <Dialog>高嶺</Dialog>
          <Dialog>All questions correct? You 
did your best.</Dialog>
          <Dialog>○○○○○○○○</Dialog>
          <Dialog>My eyes get tired when I 
concentrate. Can I take a 
break?</Dialog>
          <Dialog>Of course. Please, wait a 
minute.</Dialog>
        </Dialogs>
      </SDL2>
    </Entry>
    <Entry Unknown0="1803304560" Unknown1="1941070174">
      <SDL2 Key="2737527367">
        <Unknown>
          <Entry>
            <Values>
              <Entry>
                <Value0>24470</Value0>
                <Value1>0</Value1>
              </Entry>
            </Values>
            <Value0>147456</Value0>
            <Value1>65536</Value1>
          </Entry>
          <Entry>
            <Values />
            <Value0>147458</Value0>
            <Value1>196608</Value1>
          </Entry>
          <Entry>
            <Values>
              <Entry>
                <Value0>24471</Value0>
                <Value1>0</Value1>
              </Entry>
            </Values>
            <Value0>147456</Value0>
            <Value1>262144</Value1>
          </Entry>
        </Unknown>
        <Dialogs>
          <Dialog>高嶺</Dialog>
          <Dialog>You are doing great. Aren't 
you tired? Do you want to 
take a break?</Dialog>
          <Dialog>○○○○○○○○</Dialog>
          <Dialog>Sounds nice. I just wanted 
to take a rest.</Dialog>
          <Dialog>Then I'll make some tea. 
You can relax.</Dialog>
        </Dialogs>
      </SDL2>
    </Entry>
    <Entry Unknown0="628401186" Unknown1="2064978774">
      <SDL2 Key="2737527367">
        <Unknown>
          <Entry>
            <Values>
              <Entry>
                <Value0>24472</Value0>
                <Value1>0</Value1>
              </Entry>
            </Values>
            <Value0>147456</Value0>
            <Value1>65536</Value1>
          </Entry>
          <Entry>
            <Values />
            <Value0>147458</Value0>
            <Value1>196608</Value1>
          </Entry>
          <Entry>
            <Values>
              <Entry>
                <Value0>24473</Value0>
                <Value1>0</Value1>
              </Entry>
            </Values>
            <Value0>147456</Value0>
            <Value1>262144</Value1>
          </Entry>
        </Unknown>
        <Dialogs>
          <Dialog>高嶺</Dialog>
          <Dialog>Amazing... I'm sure the 
next test will be fine!</Dialog>
          <Dialog>○○○○○○○○</Dialog>
          <Dialog>All right! Well then... 
Take a break.</Dialog>
          <Dialog>Fufu, that's fine. Let's 
have a tea break.</Dialog>
        </Dialogs>
      </SDL2>
    </Entry>
    <Entry Unknown0="1037719066" Unknown1="3939044284">
      <SDL2 Key="2737527367">
        <Unknown>
          <Entry>
            <Values>
              <Entry>
                <Value0>24474</Value0>
                <Value1>0</Value1>
              </Entry>
            </Values>
            <Value0>147456</Value0>
            <Value1>65536</Value1>
          </Entry>
        </Unknown>
        <Dialogs>
          <Dialog>高嶺</Dialog>
          <Dialog>Congratulations. You've 
tried so hard... I have to 
give you a reward.</Dialog>
        </Dialogs>
      </SDL2>
    </Entry>
    <Entry Unknown0="2609663616" Unknown1="1556246894">
      <SDL2 Key="2737527367">
        <Unknown>
          <Entry>
            <Values>
              <Entry>
                <Value0>24475</Value0>
                <Value1>0</Value1>
              </Entry>
            </Values>
            <Value0>147456</Value0>
            <Value1>65536</Value1>
          </Entry>
        </Unknown>
        <Dialogs>
          <Dialog>高嶺</Dialog>
          <Dialog>Wow, all the questions are 
correct? Well then... I 
have to give you a reward 
right?</Dialog>
        </Dialogs>
      </SDL2>
    </Entry>
    <Entry Unknown0="1434760242" Unknown1="1411720038">
      <SDL2 Key="2737527367">
        <Unknown>
          <Entry>
            <Values>
              <Entry>
                <Value0>24476</Value0>
                <Value1>0</Value1>
              </Entry>
            </Values>
            <Value0>147456</Value0>
            <Value1>65536</Value1>
          </Entry>
        </Unknown>
        <Dialogs>
          <Dialog>高嶺</Dialog>
          <Dialog>Wow, that's amazing! Then 
I'll give you a reward.</Dialog>
        </Dialogs>
      </SDL2>
    </Entry>
    <Entry Unknown0="770336298" Unknown1="4292418508">
      <SDL2 Key="2737527367">
        <Unknown>
          <Entry>
            <Values>
              <Entry>
                <Value0>24477</Value0>
                <Value1>0</Value1>
              </Entry>
            </Values>
            <Value0>147456</Value0>
            <Value1>65536</Value1>
          </Entry>
          <Entry>
            <Values />
            <Value0>147458</Value0>
            <Value1>196608</Value1>
          </Entry>
          <Entry>
            <Values>
              <Entry>
                <Value0>24478</Value0>
                <Value1>0</Value1>
              </Entry>
            </Values>
            <Value0>147456</Value0>
            <Value1>262144</Value1>
          </Entry>
        </Unknown>
        <Dialogs>
          <Dialog>高嶺</Dialog>
          <Dialog>...You didn't concentrate, 
did you?</Dialog>
          <Dialog>○○○○○○○○</Dialog>
          <Dialog>Well, maybe.</Dialog>
          <Dialog>Take a little break, 
because that'll make you 
more efficient.</Dialog>
        </Dialogs>
      </SDL2>
    </Entry>
    <Entry Unknown0="2342280848" Unknown1="2849145214">
      <SDL2 Key="2737527367">
        <Unknown>
          <Entry>
            <Values>
              <Entry>
                <Value0>24479</Value0>
                <Value1>0</Value1>
              </Entry>
            </Values>
            <Value0>147456</Value0>
            <Value1>65536</Value1>
          </Entry>
          <Entry>
            <Values />
            <Value0>147458</Value0>
            <Value1>196608</Value1>
          </Entry>
          <Entry>
            <Values>
              <Entry>
                <Value0>24480</Value0>
                <Value1>0</Value1>
              </Entry>
            </Values>
            <Value0>147456</Value0>
            <Value1>262144</Value1>
          </Entry>
        </Unknown>
        <Dialogs>
          <Dialog>高嶺</Dialog>
          <Dialog>What's wrong with you? Are 
you tired by any chance?</Dialog>
          <Dialog>○○○○○○○○</Dialog>
          <Dialog>Hmm... Maybe that's true.</Dialog>
          <Dialog>Then, do you want to take a 
break? Wait a minute.</Dialog>
        </Dialogs>
      </SDL2>
    </Entry>
    <Entry Unknown0="1167377474" Unknown1="2704618358">
      <SDL2 Key="2737527367">
        <Unknown>
          <Entry>
            <Values>
              <Entry>
                <Value0>24481</Value0>
                <Value1>0</Value1>
              </Entry>
            </Values>
            <Value0>147456</Value0>
            <Value1>65536</Value1>
          </Entry>
          <Entry>
            <Values />
            <Value0>147458</Value0>
            <Value1>196608</Value1>
          </Entry>
          <Entry>
            <Values>
              <Entry>
                <Value0>24482</Value0>
                <Value1>0</Value1>
              </Entry>
            </Values>
            <Value0>147456</Value0>
            <Value1>262144</Value1>
          </Entry>
        </Unknown>
        <Dialogs>
          <Dialog>高嶺</Dialog>
          <Dialog>... Do you want to take a 
rest?</Dialog>
          <Dialog>○○○○○○○○</Dialog>
          <Dialog>Yes... I will.</Dialog>
          <Dialog>Wait a minute. I'll prepare 
some tea.</Dialog>
        </Dialogs>
      </SDL2>
    </Entry>
    <Entry Unknown0="1576695354" Unknown1="3437833180">
      <SDL2 Key="1541201453">
        <Unknown>
          <Entry>
            <Values>
              <Entry>
                <Value0>24483</Value0>
                <Value1>0</Value1>
              </Entry>
            </Values>
            <Value0>147456</Value0>
            <Value1>65536</Value1>
          </Entry>
        </Unknown>
        <Dialogs>
          <Dialog>高嶺</Dialog>
          <Dialog>The dress you gave me as a 
present... I'll show it 
only to you.</Dialog>
        </Dialogs>
      </SDL2>
    </Entry>
    <Entry Unknown0="3148639904" Unknown1="3135410574">
      <SDL2 Key="1541201453">
        <Unknown>
          <Entry>
            <Values>
              <Entry>
                <Value0>24484</Value0>
                <Value1>0</Value1>
              </Entry>
            </Values>
            <Value0>147456</Value0>
            <Value1>65536</Value1>
          </Entry>
        </Unknown>
        <Dialogs>
          <Dialog>高嶺</Dialog>
          <Dialog>How is it... I'm happy the 
clothes you gave me look 
good.</Dialog>
        </Dialogs>
      </SDL2>
    </Entry>
    <Entry Unknown0="1973736530" Unknown1="2990883718">
      <SDL2 Key="1541201453">
        <Unknown>
          <Entry>
            <Values>
              <Entry>
                <Value0>24485</Value0>
                <Value1>0</Value1>
              </Entry>
            </Values>
            <Value0>147456</Value0>
            <Value1>65536</Value1>
          </Entry>
        </Unknown>
        <Dialogs>
          <Dialog>高嶺</Dialog>
          <Dialog>I tried to put on the 
clothes you gave me as a 
present. Are you happy?</Dialog>
        </Dialogs>
      </SDL2>
    </Entry>
    <Entry Unknown0="1292535370" Unknown1="3522771948">
      <SDL2 Key="1541201453">
        <Unknown>
          <Entry>
            <Values>
              <Entry>
                <Value0>24486</Value0>
                <Value1>0</Value1>
              </Entry>
            </Values>
            <Value0>147456</Value0>
            <Value1>65536</Value1>
          </Entry>
        </Unknown>
        <Dialogs>
          <Dialog>高嶺</Dialog>
          <Dialog>It's a little 
embarrassing... but, it's 
for you.</Dialog>
        </Dialogs>
      </SDL2>
    </Entry>
    <Entry Unknown0="2881257136" Unknown1="2280825246">
      <SDL2 Key="1541201453">
        <Unknown>
          <Entry>
            <Values>
              <Entry>
                <Value0>24487</Value0>
                <Value1>0</Value1>
              </Entry>
            </Values>
            <Value0>147456</Value0>
            <Value1>65536</Value1>
          </Entry>
        </Unknown>
        <Dialogs>
          <Dialog>高嶺</Dialog>
          <Dialog>It's your reward... But, 
don't look so much.</Dialog>
        </Dialogs>
      </SDL2>
    </Entry>
    <Entry Unknown0="1706353762" Unknown1="2404733846">
      <SDL2 Key="1541201453">
        <Unknown>
          <Entry>
            <Values>
              <Entry>
                <Value0>24488</Value0>
                <Value1>0</Value1>
              </Entry>
            </Values>
            <Value0>147456</Value0>
            <Value1>65536</Value1>
          </Entry>
        </Unknown>
        <Dialogs>
          <Dialog>高嶺</Dialog>
          <Dialog>So, are you happy? Do you 
like your reward?</Dialog>
        </Dialogs>
      </SDL2>
    </Entry>
    <Entry Unknown0="2098894426" Unknown1="638143484">
      <SDL2 Key="1541201453">
        <Unknown>
          <Entry>
            <Values>
              <Entry>
                <Value0>24489</Value0>
                <Value1>0</Value1>
              </Entry>
            </Values>
            <Value0>147456</Value0>
            <Value1>65536</Value1>
          </Entry>
        </Unknown>
        <Dialogs>
          <Dialog>高嶺</Dialog>
          <Dialog>I went a great deal of 
trouble... It might be good 
to take a picture... I'm 
kidding.</Dialog>
        </Dialogs>
      </SDL2>
    </Entry>
    <Entry Unknown0="3687616192" Unknown1="2416095662">
      <SDL2 Key="1541201453">
        <Unknown>
          <Entry>
            <Values>
              <Entry>
                <Value0>24490</Value0>
                <Value1>0</Value1>
              </Entry>
            </Values>
            <Value0>147456</Value0>
            <Value1>65536</Value1>
          </Entry>
        </Unknown>
        <Dialogs>
          <Dialog>高嶺</Dialog>
          <Dialog>If you don't mind... a 
photo... I'd be glad to 
take one.</Dialog>
        </Dialogs>
      </SDL2>
    </Entry>
    <Entry Unknown0="2512712818" Unknown1="2556781478">
      <SDL2 Key="1541201453">
        <Unknown>
          <Entry>
            <Values>
              <Entry>
                <Value0>24491</Value0>
                <Value1>0</Value1>
              </Entry>
            </Values>
            <Value0>147456</Value0>
            <Value1>65536</Value1>
          </Entry>
        </Unknown>
        <Dialogs>
          <Dialog>高嶺</Dialog>
          <Dialog>I'd like to keep this in a 
photo... I'm kidding. Do 
you agree?</Dialog>
        </Dialogs>
      </SDL2>
    </Entry>
    <Entry Unknown0="1831511658" Unknown1="723081996">
      <SDL2 Key="1541201453">
        <Unknown>
          <Entry>
            <Values>
              <Entry>
                <Value0>24492</Value0>
                <Value1>0</Value1>
              </Entry>
            </Values>
            <Value0>147456</Value0>
            <Value1>65536</Value1>
          </Entry>
          <Entry>
            <Values />
            <Value0>147458</Value0>
            <Value1>196608</Value1>
          </Entry>
          <Entry>
            <Values>
              <Entry>
                <Value0>24493</Value0>
                <Value1>0</Value1>
              </Entry>
            </Values>
            <Value0>147456</Value0>
            <Value1>262144</Value1>
          </Entry>
          <Entry>
            <Values />
            <Value0>147458</Value0>
            <Value1>327680</Value1>
          </Entry>
        </Unknown>
        <Dialogs>
          <Dialog>高嶺</Dialog>
          <Dialog>Sorry to keep you waiting. 
Here, this is for you.</Dialog>
          <Dialog>○○○○○○○○</Dialog>
          <Dialog>Oh, is it handmande?</Dialog>
          <Dialog>Yup. I was really 
motivated, so I wanted to 
try.</Dialog>
          <Dialog>Of course. Alright, after 
eating this I will do my 
best.</Dialog>
        </Dialogs>
      </SDL2>
    </Entry>
    <Entry Unknown0="3420233424" Unknown1="4245864894">
      <SDL2 Key="1541201453">
        <Unknown>
          <Entry>
            <Values>
              <Entry>
                <Value0>24494</Value0>
                <Value1>0</Value1>
              </Entry>
            </Values>
            <Value0>147456</Value0>
            <Value1>65536</Value1>
          </Entry>
          <Entry>
            <Values />
            <Value0>147458</Value0>
            <Value1>196608</Value1>
          </Entry>
          <Entry>
            <Values>
              <Entry>
                <Value0>24495</Value0>
                <Value1>0</Value1>
              </Entry>
            </Values>
            <Value0>147456</Value0>
            <Value1>262144</Value1>
          </Entry>
          <Entry>
            <Values />
            <Value0>147458</Value0>
            <Value1>327680</Value1>
          </Entry>
        </Unknown>
        <Dialogs>
          <Dialog>高嶺</Dialog>
          <Dialog>Here, take this. I hope it 
fits your tastes.</Dialog>
          <Dialog>○○○○○○○○</Dialog>
          <Dialog>▲高嶺＊＊▲, is it handmade? I'm 
happy.</Dialog>
          <Dialog>You're doing your best, so 
I'm going to support you 
too.</Dialog>
          <Dialog>Well then, thank you for 
the food.</Dialog>
        </Dialogs>
      </SDL2>
    </Entry>
    <Entry Unknown0="2245264514" Unknown1="4118115254">
      <SDL2 Key="1541201453">
        <Unknown>
          <Entry>
            <Values>
              <Entry>
                <Value0>24496</Value0>
                <Value1>0</Value1>
              </Entry>
            </Values>
            <Value0>147456</Value0>
            <Value1>65536</Value1>
          </Entry>
          <Entry>
            <Values />
            <Value0>147458</Value0>
            <Value1>196608</Value1>
          </Entry>
          <Entry>
            <Values>
              <Entry>
                <Value0>24497</Value0>
                <Value1>0</Value1>
              </Entry>
            </Values>
            <Value0>147456</Value0>
            <Value1>262144</Value1>
          </Entry>
          <Entry>
            <Values />
            <Value0>147458</Value0>
            <Value1>327680</Value1>
          </Entry>
        </Unknown>
        <Dialogs>
          <Dialog>高嶺</Dialog>
          <Dialog>The long-awaited tea time.</Dialog>
          <Dialog>○○○○○○○○</Dialog>
          <Dialog>Oh, this looks so tasty. Is 
this handmade?</Dialog>
          <Dialog>I see. Let's eat this and 
do our best.</Dialog>
          <Dialog>Thank you. Well then, let's 
enjoy.</Dialog>
        </Dialogs>
      </SDL2>
    </Entry>
    <Entry Unknown0="2637870714" Unknown1="405367580">
      <SDL2 Key="1541201453">
        <Unknown>
          <Entry>
            <Values>
              <Entry>
                <Value0>24498</Value0>
                <Value1>0</Value1>
              </Entry>
            </Values>
            <Value0>147456</Value0>
            <Value1>65536</Value1>
          </Entry>
          <Entry>
            <Values />
            <Value0>65538</Value0>
            <Value1>65539</Value1>
          </Entry>
          <Entry>
            <Values />
            <Value0>65539</Value0>
            <Value1>453035</Value1>
          </Entry>
        </Unknown>
        <Dialogs>
          <Dialog>高嶺</Dialog>
          <Dialog>Well then. Shall we resume 
our studies?</Dialog>
          <Dialog>Let's do it</Dialog>
          <Dialog>That's enough for now</Dialog>
        </Dialogs>
      </SDL2>
    </Entry>
    <Entry Unknown0="4226592480" Unknown1="3995259342">
      <SDL2 Key="1541201453">
        <Unknown>
          <Entry>
            <Values>
              <Entry>
                <Value0>24499</Value0>
                <Value1>0</Value1>
              </Entry>
            </Values>
            <Value0>147456</Value0>
            <Value1>65536</Value1>
          </Entry>
          <Entry>
            <Values />
            <Value0>65538</Value0>
            <Value1>65539</Value1>
          </Entry>
          <Entry>
            <Values />
            <Value0>65539</Value0>
            <Value1>453035</Value1>
          </Entry>
        </Unknown>
        <Dialogs>
          <Dialog>高嶺</Dialog>
          <Dialog>It's about time... Let's 
start.</Dialog>
          <Dialog>That's right</Dialog>
          <Dialog>Let's stop</Dialog>
        </Dialogs>
      </SDL2>
    </Entry>
    <Entry Unknown0="3051623570" Unknown1="3867509702">
      <SDL2 Key="2334979449">
        <Unknown>
          <Entry>
            <Values>
              <Entry>
                <Value0>24500</Value0>
                <Value1>0</Value1>
              </Entry>
            </Values>
            <Value0>147456</Value0>
            <Value1>65536</Value1>
          </Entry>
          <Entry>
            <Values />
            <Value0>65538</Value0>
            <Value1>65539</Value1>
          </Entry>
          <Entry>
            <Values />
            <Value0>65539</Value0>
            <Value1>453035</Value1>
          </Entry>
        </Unknown>
        <Dialogs>
          <Dialog>高嶺</Dialog>
          <Dialog>Then, do you want to 
continue?</Dialog>
          <Dialog>Oh, let's do it</Dialog>
          <Dialog>...I think I'll stop</Dialog>
        </Dialogs>
      </SDL2>
    </Entry>
    <Entry Unknown0="2370487946" Unknown1="221805356">
      <SDL2 Key="2334979449">
        <Unknown>
          <Entry>
            <Values />
            <Value0>147456</Value0>
            <Value1>65536</Value1>
          </Entry>
          <Entry>
            <Values>
              <Entry>
                <Value0>24501</Value0>
                <Value1>0</Value1>
              </Entry>
            </Values>
            <Value0>147458</Value0>
            <Value1>196608</Value1>
          </Entry>
        </Unknown>
        <Dialogs>
          <Dialog>○○○○○○○○</Dialog>
          <Dialog>Let's see. Do you want to 
continue?</Dialog>
          <Dialog>高嶺</Dialog>
          <Dialog>Yes, that's the spirit.</Dialog>
        </Dialogs>
      </SDL2>
    </Entry>
    <Entry Unknown0="3959209712" Unknown1="3660636638">
      <SDL2 Key="2334979449">
        <Unknown>
          <Entry>
            <Values />
            <Value0>147456</Value0>
            <Value1>65536</Value1>
          </Entry>
          <Entry>
            <Values>
              <Entry>
                <Value0>24502</Value0>
                <Value1>0</Value1>
              </Entry>
            </Values>
            <Value0>147458</Value0>
            <Value1>196608</Value1>
          </Entry>
        </Unknown>
        <Dialogs>
          <Dialog>○○○○○○○○</Dialog>
          <Dialog>...That's enough. I've 
studied hard, so let's stop 
for the day.</Dialog>
          <Dialog>高嶺</Dialog>
          <Dialog>That's right. I need a 
break, so now is a good 
time.</Dialog>
        </Dialogs>
      </SDL2>
    </Entry>
  </Entries>
</DBIN2>