<?xml version="1.0" encoding="utf-8"?>
<DBIN2 xmlns:xsi="http://www.w3.org/2001/XMLSchema-instance" xmlns:xsd="http://www.w3.org/2001/XMLSchema" Key="2067957194" Unknown="45">
  <Entries>
    <Entry Unknown0="4171906407" Unknown1="606528159">
      <SDL2 Key="500665909">
        <Unknown />
        <Dialogs />
      </SDL2>
    </Entry>
    <Entry Unknown0="68181899" Unknown1="2387281417">
      <SDL2 Key="500665909">
        <Unknown />
        <Dialogs />
      </SDL2>
    </Entry>
    <Entry Unknown0="1849058293" Unknown1="2960027691">
      <SDL2 Key="500665909">
        <Unknown />
        <Dialogs />
      </SDL2>
    </Entry>
    <Entry Unknown0="2287652119" Unknown1="3587674703">
      <SDL2 Key="500665909">
        <Unknown />
        <Dialogs />
      </SDL2>
    </Entry>
    <Entry Unknown0="3569413947" Unknown1="1073264313">
      <SDL2 Key="500665909">
        <Unknown />
        <Dialogs />
      </SDL2>
    </Entry>
    <Entry Unknown0="1055273893" Unknown1="1629429979">
      <SDL2 Key="500665909">
        <Unknown />
        <Dialogs />
      </SDL2>
    </Entry>
    <Entry Unknown0="1477090759" Unknown1="2240037631">
      <SDL2 Key="1293399711">
        <Unknown />
        <Dialogs />
      </SDL2>
    </Entry>
    <Entry Unknown0="1685110763" Unknown1="4020266601">
      <SDL2 Key="1293399711">
        <Unknown>
          <Entry>
            <Values />
            <Value0>147456</Value0>
            <Value1>65536</Value1>
          </Entry>
          <Entry>
            <Values />
            <Value0>65538</Value0>
            <Value1>453035</Value1>
          </Entry>
        </Unknown>
        <Dialogs>
          <Dialog>高嶺</Dialog>
          <Dialog>...</Dialog>
          <Dialog>The message number is 
different.</Dialog>
        </Dialogs>
      </SDL2>
    </Entry>
    <Entry Unknown0="3465986901" Unknown1="449695883">
      <SDL2 Key="1293399711">
        <Unknown />
        <Dialogs />
      </SDL2>
    </Entry>
    <Entry Unknown0="3904515447" Unknown1="1043788463">
      <SDL2 Key="1293399711">
        <Unknown>
          <Entry>
            <Values>
              <Entry>
                <Value0>7727</Value0>
                <Value1>0</Value1>
              </Entry>
            </Values>
            <Value0>147456</Value0>
            <Value1>65536</Value1>
          </Entry>
        </Unknown>
        <Dialogs>
          <Dialog>高嶺</Dialog>
          <Dialog>People can see...</Dialog>
        </Dialogs>
      </SDL2>
    </Entry>
    <Entry Unknown0="874532763" Unknown1="2488997401">
      <SDL2 Key="1293399711">
        <Unknown>
          <Entry>
            <Values>
              <Entry>
                <Value0>7727</Value0>
                <Value1>0</Value1>
              </Entry>
            </Values>
            <Value0>147456</Value0>
            <Value1>65536</Value1>
          </Entry>
        </Unknown>
        <Dialogs>
          <Dialog>高嶺</Dialog>
          <Dialog>People can see...</Dialog>
        </Dialogs>
      </SDL2>
    </Entry>
    <Entry Unknown0="2655425285" Unknown1="3397287995">
      <SDL2 Key="1293399711">
        <Unknown>
          <Entry>
            <Values>
              <Entry>
                <Value0>7727</Value0>
                <Value1>0</Value1>
              </Entry>
            </Values>
            <Value0>147456</Value0>
            <Value1>65536</Value1>
          </Entry>
        </Unknown>
        <Dialogs>
          <Dialog>高嶺</Dialog>
          <Dialog>People can see...</Dialog>
        </Dialogs>
      </SDL2>
    </Entry>
    <Entry Unknown0="3094019367" Unknown1="4007895647">
      <SDL2 Key="1293399711">
        <Unknown />
        <Dialogs />
      </SDL2>
    </Entry>
    <Entry Unknown0="3301973835" Unknown1="1342752457">
      <SDL2 Key="4158142822">
        <Unknown>
          <Entry>
            <Values />
            <Value0>65536</Value0>
            <Value1>65537</Value1>
          </Entry>
          <Entry>
            <Values />
            <Value0>65537</Value0>
            <Value1>65538</Value1>
          </Entry>
          <Entry>
            <Values />
            <Value0>65538</Value0>
            <Value1>65539</Value1>
          </Entry>
          <Entry>
            <Values />
            <Value0>65539</Value0>
            <Value1>65540</Value1>
          </Entry>
          <Entry>
            <Values />
            <Value0>65540</Value0>
            <Value1>65541</Value1>
          </Entry>
          <Entry>
            <Values />
            <Value0>65541</Value0>
            <Value1>65542</Value1>
          </Entry>
          <Entry>
            <Values />
            <Value0>65542</Value0>
            <Value1>65543</Value1>
          </Entry>
          <Entry>
            <Values />
            <Value0>65543</Value0>
            <Value1>65538</Value1>
          </Entry>
          <Entry>
            <Values />
            <Value0>65538</Value0>
            <Value1>65539</Value1>
          </Entry>
          <Entry>
            <Values />
            <Value0>65539</Value0>
            <Value1>65544</Value1>
          </Entry>
          <Entry>
            <Values />
            <Value0>65544</Value0>
            <Value1>65537</Value1>
          </Entry>
          <Entry>
            <Values />
            <Value0>65537</Value0>
            <Value1>147465</Value1>
          </Entry>
          <Entry>
            <Values />
            <Value0>147465</Value0>
            <Value1>655360</Value1>
          </Entry>
          <Entry>
            <Values />
            <Value0>65547</Value0>
            <Value1>1435312</Value1>
          </Entry>
        </Unknown>
        <Dialogs>
          <Dialog>Did you feel good?</Dialog>
          <Dialog>Sorry...</Dialog>
          <Dialog>Loved it...</Dialog>
          <Dialog>Like it...</Dialog>
          <Dialog>I feel happiness...</Dialog>
          <Dialog>I'm glad...</Dialog>
          <Dialog>It's cute...</Dialog>
          <Dialog>It's beautiful...</Dialog>
          <Dialog>How is it now?</Dialog>
          <Dialog>高嶺</Dialog>
          <Dialog>...</Dialog>
          <Dialog>Reaction ID doesn't exist</Dialog>
        </Dialogs>
      </SDL2>
    </Entry>
    <Entry Unknown0="787882933" Unknown1="1848586475">
      <SDL2 Key="4158142822">
        <Unknown>
          <Entry>
            <Values />
            <Value0>65536</Value0>
            <Value1>65537</Value1>
          </Entry>
          <Entry>
            <Values />
            <Value0>65537</Value0>
            <Value1>65538</Value1>
          </Entry>
          <Entry>
            <Values />
            <Value0>65538</Value0>
            <Value1>65539</Value1>
          </Entry>
          <Entry>
            <Values />
            <Value0>65539</Value0>
            <Value1>65540</Value1>
          </Entry>
          <Entry>
            <Values />
            <Value0>65540</Value0>
            <Value1>65541</Value1>
          </Entry>
          <Entry>
            <Values />
            <Value0>65541</Value0>
            <Value1>65542</Value1>
          </Entry>
          <Entry>
            <Values />
            <Value0>65542</Value0>
            <Value1>65543</Value1>
          </Entry>
          <Entry>
            <Values />
            <Value0>65543</Value0>
            <Value1>65538</Value1>
          </Entry>
          <Entry>
            <Values />
            <Value0>65538</Value0>
            <Value1>65539</Value1>
          </Entry>
          <Entry>
            <Values />
            <Value0>65539</Value0>
            <Value1>65544</Value1>
          </Entry>
          <Entry>
            <Values />
            <Value0>65544</Value0>
            <Value1>65537</Value1>
          </Entry>
          <Entry>
            <Values />
            <Value0>65537</Value0>
            <Value1>147465</Value1>
          </Entry>
          <Entry>
            <Values />
            <Value0>147465</Value0>
            <Value1>655360</Value1>
          </Entry>
          <Entry>
            <Values />
            <Value0>65547</Value0>
            <Value1>1435312</Value1>
          </Entry>
        </Unknown>
        <Dialogs>
          <Dialog>Did you feel good?</Dialog>
          <Dialog>Sorry...</Dialog>
          <Dialog>Loved it...</Dialog>
          <Dialog>Like it...</Dialog>
          <Dialog>I feel happiness...</Dialog>
          <Dialog>I'm glad...</Dialog>
          <Dialog>It's cute...</Dialog>
          <Dialog>It's beautiful...</Dialog>
          <Dialog>How is it now?</Dialog>
          <Dialog>高嶺</Dialog>
          <Dialog>...</Dialog>
          <Dialog>Reaction ID doesn't exist</Dialog>
        </Dialogs>
      </SDL2>
    </Entry>
    <Entry Unknown0="1209699799" Unknown1="2324976143">
      <SDL2 Key="655912898">
        <Unknown>
          <Entry>
            <Values />
            <Value0>65536</Value0>
            <Value1>65537</Value1>
          </Entry>
          <Entry>
            <Values />
            <Value0>65537</Value0>
            <Value1>65538</Value1>
          </Entry>
          <Entry>
            <Values />
            <Value0>65538</Value0>
            <Value1>65539</Value1>
          </Entry>
          <Entry>
            <Values />
            <Value0>65539</Value0>
            <Value1>65540</Value1>
          </Entry>
          <Entry>
            <Values />
            <Value0>65540</Value0>
            <Value1>65541</Value1>
          </Entry>
          <Entry>
            <Values />
            <Value0>65541</Value0>
            <Value1>65542</Value1>
          </Entry>
          <Entry>
            <Values />
            <Value0>65542</Value0>
            <Value1>65543</Value1>
          </Entry>
          <Entry>
            <Values />
            <Value0>65543</Value0>
            <Value1>65538</Value1>
          </Entry>
          <Entry>
            <Values />
            <Value0>65538</Value0>
            <Value1>65539</Value1>
          </Entry>
          <Entry>
            <Values />
            <Value0>65539</Value0>
            <Value1>65544</Value1>
          </Entry>
          <Entry>
            <Values />
            <Value0>65544</Value0>
            <Value1>65537</Value1>
          </Entry>
          <Entry>
            <Values />
            <Value0>65537</Value0>
            <Value1>147465</Value1>
          </Entry>
          <Entry>
            <Values />
            <Value0>147465</Value0>
            <Value1>655360</Value1>
          </Entry>
          <Entry>
            <Values />
            <Value0>65547</Value0>
            <Value1>1435312</Value1>
          </Entry>
        </Unknown>
        <Dialogs>
          <Dialog>Did you feel good?</Dialog>
          <Dialog>Sorry...</Dialog>
          <Dialog>Loved it...</Dialog>
          <Dialog>Like it...</Dialog>
          <Dialog>I feel happiness...</Dialog>
          <Dialog>I'm glad...</Dialog>
          <Dialog>It's cute...</Dialog>
          <Dialog>It's beautiful...</Dialog>
          <Dialog>How is it now?</Dialog>
          <Dialog>高嶺</Dialog>
          <Dialog>...</Dialog>
          <Dialog>Reaction ID doesn't exist</Dialog>
        </Dialogs>
      </SDL2>
    </Entry>
    <Entry Unknown0="2491461627" Unknown1="3434706553">
      <SDL2 Key="655912898">
        <Unknown />
        <Dialogs />
      </SDL2>
    </Entry>
    <Entry Unknown0="4272354149" Unknown1="316465307">
      <SDL2 Key="655912898">
        <Unknown>
          <Entry>
            <Values />
            <Value0>147456</Value0>
            <Value1>65536</Value1>
          </Entry>
          <Entry>
            <Values />
            <Value0>65538</Value0>
            <Value1>147456</Value1>
          </Entry>
          <Entry>
            <Values />
            <Value0>147456</Value0>
            <Value1>65536</Value1>
          </Entry>
          <Entry>
            <Values />
            <Value0>65539</Value0>
            <Value1>453035</Value1>
          </Entry>
        </Unknown>
        <Dialogs>
          <Dialog>高嶺</Dialog>
          <Dialog>...</Dialog>
          <Dialog>Kiss reaction number error</Dialog>
          <Dialog>Kiss dialogue number error</Dialog>
        </Dialogs>
      </SDL2>
    </Entry>
    <Entry Unknown0="415915399" Unknown1="1984234175">
      <SDL2 Key="655912898">
        <Unknown>
          <Entry>
            <Values />
            <Value0>147456</Value0>
            <Value1>65536</Value1>
          </Entry>
          <Entry>
            <Values />
            <Value0>65538</Value0>
            <Value1>147456</Value1>
          </Entry>
          <Entry>
            <Values />
            <Value0>147456</Value0>
            <Value1>65536</Value1>
          </Entry>
          <Entry>
            <Values />
            <Value0>65539</Value0>
            <Value1>453035</Value1>
          </Entry>
        </Unknown>
        <Dialogs>
          <Dialog>高嶺</Dialog>
          <Dialog>...</Dialog>
          <Dialog>Kiss reaction number error</Dialog>
          <Dialog>Kiss dialogue number error</Dialog>
        </Dialogs>
      </SDL2>
    </Entry>
    <Entry Unknown0="607158187" Unknown1="2624202281">
      <SDL2 Key="655912898">
        <Unknown>
          <Entry>
            <Values />
            <Value0>147456</Value0>
            <Value1>65536</Value1>
          </Entry>
          <Entry>
            <Values />
            <Value0>65538</Value0>
            <Value1>147456</Value1>
          </Entry>
          <Entry>
            <Values />
            <Value0>147456</Value0>
            <Value1>65536</Value1>
          </Entry>
          <Entry>
            <Values />
            <Value0>65539</Value0>
            <Value1>453035</Value1>
          </Entry>
        </Unknown>
        <Dialogs>
          <Dialog>高嶺</Dialog>
          <Dialog>...</Dialog>
          <Dialog>Kiss reaction number error</Dialog>
          <Dialog>Kiss dialogue number error</Dialog>
        </Dialogs>
      </SDL2>
    </Entry>
    <Entry Unknown0="2388034325" Unknown1="3968634955">
      <SDL2 Key="655912898">
        <Unknown />
        <Dialogs />
      </SDL2>
    </Entry>
    <Entry Unknown0="2826628407" Unknown1="3371545199">
      <SDL2 Key="655912898">
        <Unknown />
        <Dialogs />
      </SDL2>
    </Entry>
    <Entry Unknown0="4108324699" Unknown1="1645926105">
      <SDL2 Key="655912898">
        <Unknown />
        <Dialogs />
      </SDL2>
    </Entry>
    <Entry Unknown0="1577472965" Unknown1="3493609723">
      <SDL2 Key="655912898">
        <Unknown />
        <Dialogs />
      </SDL2>
    </Entry>
    <Entry Unknown0="2016067047" Unknown1="4104479263">
      <SDL2 Key="655912898">
        <Unknown />
        <Dialogs />
      </SDL2>
    </Entry>
    <Entry Unknown0="2224086795" Unknown1="1590331017">
      <SDL2 Key="655912898">
        <Unknown />
        <Dialogs />
      </SDL2>
    </Entry>
    <Entry Unknown0="4004963189" Unknown1="1642918059">
      <SDL2 Key="655912898">
        <Unknown />
        <Dialogs />
      </SDL2>
    </Entry>
    <Entry Unknown0="148524439" Unknown1="89461455">
      <SDL2 Key="655912898">
        <Unknown />
        <Dialogs />
      </SDL2>
    </Entry>
    <Entry Unknown0="1413509051" Unknown1="4017763897">
      <SDL2 Key="655912898">
        <Unknown />
        <Dialogs />
      </SDL2>
    </Entry>
    <Entry Unknown0="3194401573" Unknown1="3130826843">
      <SDL2 Key="655912898">
        <Unknown />
        <Dialogs />
      </SDL2>
    </Entry>
    <Entry Unknown0="3632930119" Unknown1="1577435775">
      <SDL2 Key="655912898">
        <Unknown />
        <Dialogs />
      </SDL2>
    </Entry>
    <Entry Unknown0="3840950123" Unknown1="875226857">
      <SDL2 Key="655912898">
        <Unknown />
        <Dialogs />
      </SDL2>
    </Entry>
    <Entry Unknown0="1310082005" Unknown1="4098707467">
      <SDL2 Key="655912898">
        <Unknown />
        <Dialogs />
      </SDL2>
    </Entry>
    <Entry Unknown0="1748676087" Unknown1="2092397103">
      <SDL2 Key="1464370732">
        <Unknown>
          <Entry>
            <Values />
            <Value0>147456</Value0>
            <Value1>65536</Value1>
          </Entry>
          <Entry>
            <Values />
            <Value0>147456</Value0>
            <Value1>131072</Value1>
          </Entry>
          <Entry>
            <Values />
            <Value0>147456</Value0>
            <Value1>196608</Value1>
          </Entry>
          <Entry>
            <Values />
            <Value0>147456</Value0>
            <Value1>262144</Value1>
          </Entry>
          <Entry>
            <Values />
            <Value0>147456</Value0>
            <Value1>327680</Value1>
          </Entry>
          <Entry>
            <Values />
            <Value0>147456</Value0>
            <Value1>393216</Value1>
          </Entry>
          <Entry>
            <Values />
            <Value0>147456</Value0>
            <Value1>458752</Value1>
          </Entry>
          <Entry>
            <Values />
            <Value0>147456</Value0>
            <Value1>524288</Value1>
          </Entry>
        </Unknown>
        <Dialogs>
          <Dialog>○○○○○○○○</Dialog>
          <Dialog>Short kiss</Dialog>
          <Dialog>Face-to-face（２Ｄ）</Dialog>
          <Dialog>Face-to-face（３Ｄ）</Dialog>
          <Dialog>Sitting face-to-face</Dialog>
          <Dialog>Sitting side-by-side</Dialog>
          <Dialog>One more time</Dialog>
          <Dialog>Stop</Dialog>
          <Dialog>Next</Dialog>
        </Dialogs>
      </SDL2>
    </Entry>
    <Entry Unknown0="3030437656" Unknown1="4141455001">
      <SDL2 Key="1464370732">
        <Unknown />
        <Dialogs />
      </SDL2>
    </Entry>
    <Entry Unknown0="516297606" Unknown1="2835087547">
      <SDL2 Key="1464370732">
        <Unknown>
          <Entry>
            <Values>
              <Entry>
                <Value0>7727</Value0>
                <Value1>0</Value1>
              </Entry>
            </Values>
            <Value0>147456</Value0>
            <Value1>65536</Value1>
          </Entry>
        </Unknown>
        <Dialogs>
          <Dialog>高嶺</Dialog>
          <Dialog>People can see...</Dialog>
        </Dialogs>
      </SDL2>
    </Entry>
    <Entry Unknown0="954891684" Unknown1="2355438303">
      <SDL2 Key="1464370732">
        <Unknown>
          <Entry>
            <Values>
              <Entry>
                <Value0>7727</Value0>
                <Value1>0</Value1>
              </Entry>
            </Values>
            <Value0>147456</Value0>
            <Value1>65536</Value1>
          </Entry>
        </Unknown>
        <Dialogs>
          <Dialog>高嶺</Dialog>
          <Dialog>People can see...</Dialog>
        </Dialogs>
      </SDL2>
    </Entry>
    <Entry Unknown0="1146134472" Unknown1="646596169">
      <SDL2 Key="1464370732">
        <Unknown>
          <Entry>
            <Values>
              <Entry>
                <Value0>7727</Value0>
                <Value1>0</Value1>
              </Entry>
            </Values>
            <Value0>147456</Value0>
            <Value1>65536</Value1>
          </Entry>
        </Unknown>
        <Dialogs>
          <Dialog>高嶺</Dialog>
          <Dialog>People can see...</Dialog>
        </Dialogs>
      </SDL2>
    </Entry>
    <Entry Unknown0="2927010610" Unknown1="548253803">
      <SDL2 Key="1464370732">
        <Unknown />
        <Dialogs />
      </SDL2>
    </Entry>
    <Entry Unknown0="3365539152" Unknown1="3289830031">
      <SDL2 Key="1464370732">
        <Unknown />
        <Dialogs />
      </SDL2>
    </Entry>
    <Entry Unknown0="335556476" Unknown1="2923165433">
      <SDL2 Key="1464370732">
        <Unknown />
        <Dialogs />
      </SDL2>
    </Entry>
    <Entry Unknown0="2116449250" Unknown1="1885233179">
      <SDL2 Key="1464370732">
        <Unknown />
        <Dialogs />
      </SDL2>
    </Entry>
    <Entry Unknown0="2555043072" Unknown1="348357183">
      <SDL2 Key="1464370732">
        <Unknown />
        <Dialogs />
      </SDL2>
    </Entry>
    <Entry Unknown0="2763063072" Unknown1="2532157097">
      <SDL2 Key="1464370732">
        <Unknown />
        <Dialogs />
      </SDL2>
    </Entry>
    <Entry Unknown0="248906678" Unknown1="2014122187">
      <SDL2 Key="1464370732">
        <Unknown />
        <Dialogs />
      </SDL2>
    </Entry>
  </Entries>
</DBIN2>