<?xml version="1.0" encoding="utf-8"?>
<DBIN2 xmlns:xsi="http://www.w3.org/2001/XMLSchema-instance" xmlns:xsd="http://www.w3.org/2001/XMLSchema" Key="2334106142" Unknown="7">
  <Entries>
    <Entry Unknown0="1305869796" Unknown1="1642754028">
      <SDL2 Key="3910906660">
        <Unknown />
        <Dialogs />
      </SDL2>
    </Entry>
    <Entry Unknown0="2568226328" Unknown1="2720310061">
      <SDL2 Key="3910906660">
        <Unknown />
        <Dialogs />
      </SDL2>
    </Entry>
    <Entry Unknown0="3662762585" Unknown1="3713655912">
      <SDL2 Key="3910906660">
        <Unknown />
        <Dialogs />
      </SDL2>
    </Entry>
    <Entry Unknown0="495291796" Unknown1="1973100444">
      <SDL2 Key="692775567">
        <Unknown />
        <Dialogs />
      </SDL2>
    </Entry>
    <Entry Unknown0="700765896" Unknown1="2597737437">
      <SDL2 Key="692775567">
        <Unknown />
        <Dialogs />
      </SDL2>
    </Entry>
    <Entry Unknown0="1778508296" Unknown1="2701825048">
      <SDL2 Key="692775567">
        <Unknown />
        <Dialogs />
      </SDL2>
    </Entry>
    <Entry Unknown0="2905955655" Unknown1="693096268">
      <SDL2 Key="692775567">
        <Unknown />
        <Dialogs />
      </SDL2>
    </Entry>
  </Entries>
</DBIN2>