<?xml version="1.0" encoding="utf-8"?>
<DBIN2 xmlns:xsi="http://www.w3.org/2001/XMLSchema-instance" xmlns:xsd="http://www.w3.org/2001/XMLSchema" Key="1034179601" Unknown="22">
  <Entries>
    <Entry Unknown0="2446776002" Unknown1="314441551">
      <SDL2 Key="4048327857">
        <Unknown />
        <Dialogs />
      </SDL2>
    </Entry>
    <Entry Unknown0="313743939" Unknown1="3979509802">
      <SDL2 Key="4048327857">
        <Unknown />
        <Dialogs />
      </SDL2>
    </Entry>
    <Entry Unknown0="4113030430" Unknown1="1639078814">
      <SDL2 Key="4048327857">
        <Unknown />
        <Dialogs />
      </SDL2>
    </Entry>
    <Entry Unknown0="1101457042" Unknown1="3817721631">
      <SDL2 Key="4048327857">
        <Unknown />
        <Dialogs />
      </SDL2>
    </Entry>
    <Entry Unknown0="3263392275" Unknown1="3154268410">
      <SDL2 Key="4048327857">
        <Unknown />
        <Dialogs />
      </SDL2>
    </Entry>
    <Entry Unknown0="2784488942" Unknown1="813837166">
      <SDL2 Key="4048327857">
        <Unknown />
        <Dialogs />
      </SDL2>
    </Entry>
    <Entry Unknown0="829863522" Unknown1="2958925807">
      <SDL2 Key="4048327857">
        <Unknown />
        <Dialogs />
      </SDL2>
    </Entry>
    <Entry Unknown0="2991799011" Unknown1="2412912842">
      <SDL2 Key="4048327857">
        <Unknown />
        <Dialogs />
      </SDL2>
    </Entry>
    <Entry Unknown0="2512895422" Unknown1="55769918">
      <SDL2 Key="596425244">
        <Unknown />
        <Dialogs />
      </SDL2>
    </Entry>
    <Entry Unknown0="3779479090" Unknown1="2167238591">
      <SDL2 Key="596425244">
        <Unknown />
        <Dialogs />
      </SDL2>
    </Entry>
    <Entry Unknown0="1646512819" Unknown1="1587736730">
      <SDL2 Key="596425244">
        <Unknown />
        <Dialogs />
      </SDL2>
    </Entry>
    <Entry Unknown0="1167543694" Unknown1="3525495566">
      <SDL2 Key="596425244">
        <Unknown />
        <Dialogs />
      </SDL2>
    </Entry>
    <Entry Unknown0="3507885570" Unknown1="1442660239">
      <SDL2 Key="596425244">
        <Unknown />
        <Dialogs />
      </SDL2>
    </Entry>
    <Entry Unknown0="1391696515" Unknown1="712163434">
      <SDL2 Key="596425244">
        <Unknown />
        <Dialogs />
      </SDL2>
    </Entry>
    <Entry Unknown0="895950174" Unknown1="2800917470">
      <SDL2 Key="596425244">
        <Unknown />
        <Dialogs />
      </SDL2>
    </Entry>
    <Entry Unknown0="2179344082" Unknown1="734793567">
      <SDL2 Key="596425244">
        <Unknown />
        <Dialogs />
      </SDL2>
    </Entry>
    <Entry Unknown0="46377555" Unknown1="4148203578">
      <SDL2 Key="596425244">
        <Unknown />
        <Dialogs />
      </SDL2>
    </Entry>
    <Entry Unknown0="3845598510" Unknown1="2109828014">
      <SDL2 Key="596425244">
        <Unknown />
        <Dialogs />
      </SDL2>
    </Entry>
    <Entry Unknown0="1907816098" Unknown1="4288470831">
      <SDL2 Key="596425244">
        <Unknown />
        <Dialogs />
      </SDL2>
    </Entry>
    <Entry Unknown0="4069751331" Unknown1="3272630282">
      <SDL2 Key="596425244">
        <Unknown />
        <Dialogs />
      </SDL2>
    </Entry>
    <Entry Unknown0="3574070782" Unknown1="1318140798">
      <SDL2 Key="596425244">
        <Unknown />
        <Dialogs />
      </SDL2>
    </Entry>
    <Entry Unknown0="562464370" Unknown1="3530338303">
      <SDL2 Key="596425244">
        <Unknown />
        <Dialogs />
      </SDL2>
    </Entry>
  </Entries>
</DBIN2>