<?xml version="1.0" encoding="utf-8"?>
<DBIN2 xmlns:xsi="http://www.w3.org/2001/XMLSchema-instance" xmlns:xsd="http://www.w3.org/2001/XMLSchema" Key="4220385970" Unknown="2">
  <Entries>
    <Entry Unknown0="4118232796" Unknown1="1871697770">
      <SDL2 Key="596425244">
        <Unknown />
        <Dialogs />
      </SDL2>
    </Entry>
    <Entry Unknown0="1333291350" Unknown1="2008961393">
      <SDL2 Key="596425244">
        <Unknown>
          <Entry>
            <Values />
            <Value0>147456</Value0>
            <Value1>65536</Value1>
          </Entry>
          <Entry>
            <Values />
            <Value0>147456</Value0>
            <Value1>131072</Value1>
          </Entry>
        </Unknown>
        <Dialogs>
          <Dialog>○○○○○○○○</Dialog>
          <Dialog>I was told to come to 
▲高嶺＊＊▲'s house today.</Dialog>
          <Dialog>That's right, wasn't I 
supposed to go to ▲高嶺＊＊▲'s 
house today?</Dialog>
        </Dialogs>
      </SDL2>
    </Entry>
  </Entries>
</DBIN2>