<?xml version="1.0" encoding="utf-8"?>
<DBIN2 xmlns:xsi="http://www.w3.org/2001/XMLSchema-instance" xmlns:xsd="http://www.w3.org/2001/XMLSchema" Key="4018386453" Unknown="6">
  <Entries>
    <Entry Unknown0="1965883984" Unknown1="496975628">
      <SDL2 Key="400182755">
        <Unknown />
        <Dialogs />
      </SDL2>
    </Entry>
    <Entry Unknown0="3445184200" Unknown1="1239988024">
      <SDL2 Key="400182755">
        <Unknown />
        <Dialogs />
      </SDL2>
    </Entry>
    <Entry Unknown0="296083188" Unknown1="2506220420">
      <SDL2 Key="400182755">
        <Unknown />
        <Dialogs />
      </SDL2>
    </Entry>
    <Entry Unknown0="1159541312" Unknown1="1770991612">
      <SDL2 Key="400182755">
        <Unknown />
        <Dialogs />
      </SDL2>
    </Entry>
    <Entry Unknown0="3712566968" Unknown1="1574479656">
      <SDL2 Key="400182755">
        <Unknown />
        <Dialogs />
      </SDL2>
    </Entry>
    <Entry Unknown0="3784691428" Unknown1="3780236148">
      <SDL2 Key="400182755">
        <Unknown />
        <Dialogs />
      </SDL2>
    </Entry>
  </Entries>
</DBIN2>