<?xml version="1.0" encoding="utf-8"?>
<DBIN2 xmlns:xsi="http://www.w3.org/2001/XMLSchema-instance" xmlns:xsd="http://www.w3.org/2001/XMLSchema" Key="3483650279" Unknown="154">
  <Entries>
    <Entry Unknown0="1202455074" Unknown1="2123428173">
      <SDL2 Key="400674712">
        <Unknown />
        <Dialogs />
      </SDL2>
    </Entry>
    <Entry Unknown0="2932862601" Unknown1="2600228970">
      <SDL2 Key="400674712">
        <Unknown />
        <Dialogs />
      </SDL2>
    </Entry>
    <Entry Unknown0="3275446182" Unknown1="90404310">
      <SDL2 Key="400674712">
        <Unknown />
        <Dialogs />
      </SDL2>
    </Entry>
    <Entry Unknown0="1469870610" Unknown1="1837162813">
      <SDL2 Key="400674712">
        <Unknown />
        <Dialogs />
      </SDL2>
    </Entry>
    <Entry Unknown0="3200245369" Unknown1="2414626906">
      <SDL2 Key="400674712">
        <Unknown />
        <Dialogs />
      </SDL2>
    </Entry>
    <Entry Unknown0="3542828949" Unknown1="525559238">
      <SDL2 Key="400674712">
        <Unknown />
        <Dialogs />
      </SDL2>
    </Entry>
    <Entry Unknown0="663511553" Unknown1="3077624109">
      <SDL2 Key="400674712">
        <Unknown />
        <Dialogs />
      </SDL2>
    </Entry>
    <Entry Unknown0="2393886314" Unknown1="2447128650">
      <SDL2 Key="400674712">
        <Unknown />
        <Dialogs />
      </SDL2>
    </Entry>
    <Entry Unknown0="2736502661" Unknown1="205739446">
      <SDL2 Key="400674712">
        <Unknown />
        <Dialogs />
      </SDL2>
    </Entry>
    <Entry Unknown0="930894577" Unknown1="2724249885">
      <SDL2 Key="400674712">
        <Unknown />
        <Dialogs />
      </SDL2>
    </Entry>
    <Entry Unknown0="2661236314" Unknown1="2261526586">
      <SDL2 Key="400674712">
        <Unknown />
        <Dialogs />
      </SDL2>
    </Entry>
    <Entry Unknown0="3003885429" Unknown1="959661478">
      <SDL2 Key="400674712">
        <Unknown />
        <Dialogs />
      </SDL2>
    </Entry>
    <Entry Unknown0="124535521" Unknown1="3511726349">
      <SDL2 Key="3484631918">
        <Unknown />
        <Dialogs />
      </SDL2>
    </Entry>
    <Entry Unknown0="1854877258" Unknown1="2881230890">
      <SDL2 Key="3484631918">
        <Unknown />
        <Dialogs />
      </SDL2>
    </Entry>
    <Entry Unknown0="2214303589" Unknown1="908277142">
      <SDL2 Key="3484631918">
        <Unknown />
        <Dialogs />
      </SDL2>
    </Entry>
    <Entry Unknown0="391951057" Unknown1="3695223293">
      <SDL2 Key="3484631918">
        <Unknown />
        <Dialogs />
      </SDL2>
    </Entry>
    <Entry Unknown0="2122260026" Unknown1="3098282010">
      <SDL2 Key="3484631918">
        <Unknown />
        <Dialogs />
      </SDL2>
    </Entry>
    <Entry Unknown0="2481686357" Unknown1="1125328262">
      <SDL2 Key="3484631918">
        <Unknown />
        <Dialogs />
      </SDL2>
    </Entry>
    <Entry Unknown0="3880559297" Unknown1="3945828845">
      <SDL2 Key="3484631918">
        <Unknown />
        <Dialogs />
      </SDL2>
    </Entry>
    <Entry Unknown0="1315900970" Unknown1="3449616394">
      <SDL2 Key="3484631918">
        <Unknown />
        <Dialogs />
      </SDL2>
    </Entry>
    <Entry Unknown0="1675360069" Unknown1="1342379382">
      <SDL2 Key="3484631918">
        <Unknown />
        <Dialogs />
      </SDL2>
    </Entry>
    <Entry Unknown0="4147942065" Unknown1="4129325533">
      <SDL2 Key="3484631918">
        <Unknown />
        <Dialogs />
      </SDL2>
    </Entry>
    <Entry Unknown0="1583316506" Unknown1="3532450042">
      <SDL2 Key="3484631918">
        <Unknown />
        <Dialogs />
      </SDL2>
    </Entry>
    <Entry Unknown0="1942742837" Unknown1="1844643174">
      <SDL2 Key="3484631918">
        <Unknown />
        <Dialogs />
      </SDL2>
    </Entry>
    <Entry Unknown0="3341583009" Unknown1="84963789">
      <SDL2 Key="3484631918">
        <Unknown />
        <Dialogs />
      </SDL2>
    </Entry>
    <Entry Unknown0="776957450" Unknown1="3883718890">
      <SDL2 Key="3484631918">
        <Unknown />
        <Dialogs />
      </SDL2>
    </Entry>
    <Entry Unknown0="1136383781" Unknown1="2061759830">
      <SDL2 Key="3484631918">
        <Unknown />
        <Dialogs />
      </SDL2>
    </Entry>
    <Entry Unknown0="3608998545" Unknown1="268460477">
      <SDL2 Key="3484631918">
        <Unknown />
        <Dialogs />
      </SDL2>
    </Entry>
    <Entry Unknown0="1044340474" Unknown1="4100770010">
      <SDL2 Key="3484631918">
        <Unknown />
        <Dialogs />
      </SDL2>
    </Entry>
    <Entry Unknown0="1403766546" Unknown1="2010375494">
      <SDL2 Key="3484631918">
        <Unknown />
        <Dialogs />
      </SDL2>
    </Entry>
    <Entry Unknown0="2802639494" Unknown1="3757068717">
      <SDL2 Key="3484631918">
        <Unknown />
        <Dialogs />
      </SDL2>
    </Entry>
    <Entry Unknown0="237981421" Unknown1="4183603402">
      <SDL2 Key="3484631918">
        <Unknown />
        <Dialogs />
      </SDL2>
    </Entry>
    <Entry Unknown0="597374722" Unknown1="1690555702">
      <SDL2 Key="4024662474">
        <Unknown />
        <Dialogs />
      </SDL2>
    </Entry>
    <Entry Unknown0="3086799478" Unknown1="3403694493">
      <SDL2 Key="4024662474">
        <Unknown />
        <Dialogs />
      </SDL2>
    </Entry>
    <Entry Unknown0="505396957" Unknown1="3998001338">
      <SDL2 Key="4024662474">
        <Unknown />
        <Dialogs />
      </SDL2>
    </Entry>
    <Entry Unknown0="864757746" Unknown1="1370735910">
      <SDL2 Key="4024662474">
        <Unknown />
        <Dialogs />
      </SDL2>
    </Entry>
    <Entry Unknown0="2280440422" Unknown1="3117429133">
      <SDL2 Key="4024662474">
        <Unknown />
        <Dialogs />
      </SDL2>
    </Entry>
    <Entry Unknown0="3994005197" Unknown1="3543963818">
      <SDL2 Key="4024662474">
        <Unknown />
        <Dialogs />
      </SDL2>
    </Entry>
    <Entry Unknown0="58398690" Unknown1="1319351574">
      <SDL2 Key="4024662474">
        <Unknown />
        <Dialogs />
      </SDL2>
    </Entry>
    <Entry Unknown0="2547790422" Unknown1="2764054909">
      <SDL2 Key="4024662474">
        <Unknown />
        <Dialogs />
      </SDL2>
    </Entry>
    <Entry Unknown0="4278165181" Unknown1="3224144026">
      <SDL2 Key="4024662474">
        <Unknown />
        <Dialogs />
      </SDL2>
    </Entry>
    <Entry Unknown0="325781458" Unknown1="999531782">
      <SDL2 Key="4024662474">
        <Unknown />
        <Dialogs />
      </SDL2>
    </Entry>
    <Entry Unknown0="1741431366" Unknown1="2477789549">
      <SDL2 Key="4024662474">
        <Unknown />
        <Dialogs />
      </SDL2>
    </Entry>
    <Entry Unknown0="3471806125" Unknown1="3038541962">
      <SDL2 Key="4024662474">
        <Unknown />
        <Dialogs />
      </SDL2>
    </Entry>
    <Entry Unknown0="3814422466" Unknown1="679712246">
      <SDL2 Key="4024662474">
        <Unknown />
        <Dialogs />
      </SDL2>
    </Entry>
    <Entry Unknown0="2008814134" Unknown1="2661286237">
      <SDL2 Key="4024662474">
        <Unknown />
        <Dialogs />
      </SDL2>
    </Entry>
    <Entry Unknown0="3739221661" Unknown1="3121375354">
      <SDL2 Key="4024662474">
        <Unknown />
        <Dialogs />
      </SDL2>
    </Entry>
    <Entry Unknown0="4081805234" Unknown1="91456998">
      <SDL2 Key="4024662474">
        <Unknown />
        <Dialogs />
      </SDL2>
    </Entry>
    <Entry Unknown0="1202455078" Unknown1="1838215501">
      <SDL2 Key="4024662474">
        <Unknown />
        <Dialogs />
      </SDL2>
    </Entry>
    <Entry Unknown0="2932862605" Unknown1="2415679594">
      <SDL2 Key="4024662474">
        <Unknown />
        <Dialogs />
      </SDL2>
    </Entry>
    <Entry Unknown0="3275446178" Unknown1="308508118">
      <SDL2 Key="4024662474">
        <Unknown />
        <Dialogs />
      </SDL2>
    </Entry>
    <Entry Unknown0="1469870614" Unknown1="2021712189">
      <SDL2 Key="790867749">
        <Unknown />
        <Dialogs />
      </SDL2>
    </Entry>
    <Entry Unknown0="3200245373" Unknown1="2632730714">
      <SDL2 Key="790867749">
        <Unknown />
        <Dialogs />
      </SDL2>
    </Entry>
    <Entry Unknown0="3542828946" Unknown1="4015220166">
      <SDL2 Key="790867749">
        <Unknown />
        <Dialogs />
      </SDL2>
    </Entry>
    <Entry Unknown0="663511558" Unknown1="1198575917">
      <SDL2 Key="790867749">
        <Unknown />
        <Dialogs />
      </SDL2>
    </Entry>
    <Entry Unknown0="2393886317" Unknown1="1641822282">
      <SDL2 Key="790867749">
        <Unknown />
        <Dialogs />
      </SDL2>
    </Entry>
    <Entry Unknown0="2736502658" Unknown1="4232271286">
      <SDL2 Key="790867749">
        <Unknown />
        <Dialogs />
      </SDL2>
    </Entry>
    <Entry Unknown0="930894582" Unknown1="1382072605">
      <SDL2 Key="790867749">
        <Unknown />
        <Dialogs />
      </SDL2>
    </Entry>
    <Entry Unknown0="2661236317" Unknown1="1993091130">
      <SDL2 Key="790867749">
        <Unknown />
        <Dialogs />
      </SDL2>
    </Entry>
    <Entry Unknown0="3003885426" Unknown1="3375580582">
      <SDL2 Key="790867749">
        <Unknown />
        <Dialogs />
      </SDL2>
    </Entry>
    <Entry Unknown0="124535526" Unknown1="558936333">
      <SDL2 Key="790867749">
        <Unknown />
        <Dialogs />
      </SDL2>
    </Entry>
    <Entry Unknown0="1854877262" Unknown1="2344359978">
      <SDL2 Key="790867749">
        <Unknown />
        <Dialogs />
      </SDL2>
    </Entry>
    <Entry Unknown0="2214303585" Unknown1="371406230">
      <SDL2 Key="790867749">
        <Unknown />
        <Dialogs />
      </SDL2>
    </Entry>
    <Entry Unknown0="391951061" Unknown1="4232094205">
      <SDL2 Key="790867749">
        <Unknown />
        <Dialogs />
      </SDL2>
    </Entry>
    <Entry Unknown0="2122260030" Unknown1="2561411098">
      <SDL2 Key="790867749">
        <Unknown />
        <Dialogs />
      </SDL2>
    </Entry>
    <Entry Unknown0="2481686353" Unknown1="1662199174">
      <SDL2 Key="790867749">
        <Unknown />
        <Dialogs />
      </SDL2>
    </Entry>
    <Entry Unknown0="3880559301" Unknown1="3408957933">
      <SDL2 Key="790867749">
        <Unknown />
        <Dialogs />
      </SDL2>
    </Entry>
    <Entry Unknown0="1315900974" Unknown1="3986487306">
      <SDL2 Key="790867749">
        <Unknown />
        <Dialogs />
      </SDL2>
    </Entry>
    <Entry Unknown0="1675360065" Unknown1="1879250294">
      <SDL2 Key="790867749">
        <Unknown />
        <Dialogs />
      </SDL2>
    </Entry>
    <Entry Unknown0="4147942069" Unknown1="3592454621">
      <SDL2 Key="790867749">
        <Unknown />
        <Dialogs />
      </SDL2>
    </Entry>
    <Entry Unknown0="1583316510" Unknown1="4069320954">
      <SDL2 Key="3622052843">
        <Unknown />
        <Dialogs />
      </SDL2>
    </Entry>
    <Entry Unknown0="1942742833" Unknown1="1307772262">
      <SDL2 Key="3622052843">
        <Unknown />
        <Dialogs />
      </SDL2>
    </Entry>
    <Entry Unknown0="3341583013" Unknown1="621834701">
      <SDL2 Key="3622052843">
        <Unknown />
        <Dialogs />
      </SDL2>
    </Entry>
    <Entry Unknown0="776957454" Unknown1="3346847978">
      <SDL2 Key="3622052843">
        <Unknown />
        <Dialogs />
      </SDL2>
    </Entry>
    <Entry Unknown0="1136383777" Unknown1="1524888918">
      <SDL2 Key="3622052843">
        <Unknown />
        <Dialogs />
      </SDL2>
    </Entry>
    <Entry Unknown0="3608998549" Unknown1="805331389">
      <SDL2 Key="3622052843">
        <Unknown />
        <Dialogs />
      </SDL2>
    </Entry>
    <Entry Unknown0="1044340478" Unknown1="3563899098">
      <SDL2 Key="3622052843">
        <Unknown />
        <Dialogs />
      </SDL2>
    </Entry>
    <Entry Unknown0="1403766545" Unknown1="2547246406">
      <SDL2 Key="3622052843">
        <Unknown />
        <Dialogs />
      </SDL2>
    </Entry>
    <Entry Unknown0="2802639493" Unknown1="1072714157">
      <SDL2 Key="3622052843">
        <Unknown />
        <Dialogs />
      </SDL2>
    </Entry>
    <Entry Unknown0="237981422" Unknown1="425507018">
      <SDL2 Key="3622052843">
        <Unknown />
        <Dialogs />
      </SDL2>
    </Entry>
    <Entry Unknown0="597374721" Unknown1="2227426614">
      <SDL2 Key="3622052843">
        <Unknown />
        <Dialogs />
      </SDL2>
    </Entry>
    <Entry Unknown0="3086799477" Unknown1="719339933">
      <SDL2 Key="3622052843">
        <Unknown />
        <Dialogs />
      </SDL2>
    </Entry>
    <Entry Unknown0="505396958" Unknown1="239904954">
      <SDL2 Key="3622052843">
        <Unknown />
        <Dialogs />
      </SDL2>
    </Entry>
    <Entry Unknown0="864757745" Unknown1="2981348646">
      <SDL2 Key="3622052843">
        <Unknown />
        <Dialogs />
      </SDL2>
    </Entry>
    <Entry Unknown0="2280440421" Unknown1="1506816397">
      <SDL2 Key="3622052843">
        <Unknown />
        <Dialogs />
      </SDL2>
    </Entry>
    <Entry Unknown0="3994005198" Unknown1="859609258">
      <SDL2 Key="3622052843">
        <Unknown />
        <Dialogs />
      </SDL2>
    </Entry>
    <Entry Unknown0="58398689" Unknown1="2929964310">
      <SDL2 Key="3622052843">
        <Unknown />
        <Dialogs />
      </SDL2>
    </Entry>
    <Entry Unknown0="2547790421" Unknown1="1153442173">
      <SDL2 Key="3622052843">
        <Unknown />
        <Dialogs />
      </SDL2>
    </Entry>
    <Entry Unknown0="4278165182" Unknown1="539789466">
      <SDL2 Key="3622052843">
        <Unknown />
        <Dialogs />
      </SDL2>
    </Entry>
    <Entry Unknown0="325781457" Unknown1="3683886342">
      <SDL2 Key="3622052843">
        <Unknown />
        <Dialogs />
      </SDL2>
    </Entry>
    <Entry Unknown0="1741431365" Unknown1="1940918637">
      <SDL2 Key="4179908951">
        <Unknown />
        <Dialogs />
      </SDL2>
    </Entry>
    <Entry Unknown0="3471806126" Unknown1="1427929226">
      <SDL2 Key="4179908951">
        <Unknown />
        <Dialogs />
      </SDL2>
    </Entry>
    <Entry Unknown0="3814422465" Unknown1="3364066806">
      <SDL2 Key="4179908951">
        <Unknown />
        <Dialogs />
      </SDL2>
    </Entry>
    <Entry Unknown0="2008814133" Unknown1="2124415325">
      <SDL2 Key="4179908951">
        <Unknown />
        <Dialogs />
      </SDL2>
    </Entry>
    <Entry Unknown0="3739221662" Unknown1="1510762618">
      <SDL2 Key="4179908951">
        <Unknown />
        <Dialogs />
      </SDL2>
    </Entry>
    <Entry Unknown0="4081805233" Unknown1="3849553382">
      <SDL2 Key="4179908951">
        <Unknown />
        <Dialogs />
      </SDL2>
    </Entry>
    <Entry Unknown0="1202455077" Unknown1="2375086413">
      <SDL2 Key="4179908951">
        <Unknown />
        <Dialogs />
      </SDL2>
    </Entry>
    <Entry Unknown0="2932862606" Unknown1="1878808682">
      <SDL2 Key="4179908951">
        <Unknown />
        <Dialogs />
      </SDL2>
    </Entry>
    <Entry Unknown0="3275446177" Unknown1="4066604502">
      <SDL2 Key="4179908951">
        <Unknown />
        <Dialogs />
      </SDL2>
    </Entry>
    <Entry Unknown0="1469870613" Unknown1="2558583101">
      <SDL2 Key="4179908951">
        <Unknown />
        <Dialogs />
      </SDL2>
    </Entry>
    <Entry Unknown0="3200245374" Unknown1="2095859802">
      <SDL2 Key="4179908951">
        <Unknown />
        <Dialogs />
      </SDL2>
    </Entry>
    <Entry Unknown0="3542828945" Unknown1="257123782">
      <SDL2 Key="4179908951">
        <Unknown />
        <Dialogs />
      </SDL2>
    </Entry>
    <Entry Unknown0="663511557" Unknown1="2809188653">
      <SDL2 Key="4179908951">
        <Unknown />
        <Dialogs />
      </SDL2>
    </Entry>
    <Entry Unknown0="2393886318" Unknown1="2178693194">
      <SDL2 Key="4179908951">
        <Unknown />
        <Dialogs />
      </SDL2>
    </Entry>
    <Entry Unknown0="2736502657" Unknown1="474174902">
      <SDL2 Key="4179908951">
        <Unknown />
        <Dialogs />
      </SDL2>
    </Entry>
    <Entry Unknown0="930894581" Unknown1="2992685341">
      <SDL2 Key="4179908951">
        <Unknown />
        <Dialogs />
      </SDL2>
    </Entry>
    <Entry Unknown0="2661236318" Unknown1="2529962042">
      <SDL2 Key="4179908951">
        <Unknown />
        <Dialogs />
      </SDL2>
    </Entry>
    <Entry Unknown0="3003885425" Unknown1="691226022">
      <SDL2 Key="4179908951">
        <Unknown />
        <Dialogs />
      </SDL2>
    </Entry>
    <Entry Unknown0="124535525" Unknown1="3243290893">
      <SDL2 Key="2984692781">
        <Unknown />
        <Dialogs />
      </SDL2>
    </Entry>
    <Entry Unknown0="1854877249" Unknown1="1539053610">
      <SDL2 Key="2984692781">
        <Unknown />
        <Dialogs />
      </SDL2>
    </Entry>
    <Entry Unknown0="2214303598" Unknown1="3324196246">
      <SDL2 Key="2984692781">
        <Unknown />
        <Dialogs />
      </SDL2>
    </Entry>
    <Entry Unknown0="391951066" Unknown1="742433277">
      <SDL2 Key="2984692781">
        <Unknown />
        <Dialogs />
      </SDL2>
    </Entry>
    <Entry Unknown0="2122260017" Unknown1="1219233818">
      <SDL2 Key="2984692781">
        <Unknown />
        <Dialogs />
      </SDL2>
    </Entry>
    <Entry Unknown0="2481686366" Unknown1="3004376454">
      <SDL2 Key="2984692781">
        <Unknown />
        <Dialogs />
      </SDL2>
    </Entry>
    <Entry Unknown0="3880559306" Unknown1="456167917">
      <SDL2 Key="2984692781">
        <Unknown />
        <Dialogs />
      </SDL2>
    </Entry>
    <Entry Unknown0="1315900961" Unknown1="1033697290">
      <SDL2 Key="2984692781">
        <Unknown />
        <Dialogs />
      </SDL2>
    </Entry>
    <Entry Unknown0="1675360078" Unknown1="2684556662">
      <SDL2 Key="2984692781">
        <Unknown />
        <Dialogs />
      </SDL2>
    </Entry>
    <Entry Unknown0="4147942074" Unknown1="102793693">
      <SDL2 Key="2984692781">
        <Unknown />
        <Dialogs />
      </SDL2>
    </Entry>
    <Entry Unknown0="1583316497" Unknown1="579660026">
      <SDL2 Key="2984692781">
        <Unknown />
        <Dialogs />
      </SDL2>
    </Entry>
    <Entry Unknown0="1942742846" Unknown1="2649949542">
      <SDL2 Key="2984692781">
        <Unknown />
        <Dialogs />
      </SDL2>
    </Entry>
    <Entry Unknown0="3341583018" Unknown1="4111495629">
      <SDL2 Key="2984692781">
        <Unknown />
        <Dialogs />
      </SDL2>
    </Entry>
    <Entry Unknown0="776957441" Unknown1="394057962">
      <SDL2 Key="2984692781">
        <Unknown />
        <Dialogs />
      </SDL2>
    </Entry>
    <Entry Unknown0="1136383790" Unknown1="2330195286">
      <SDL2 Key="2984692781">
        <Unknown />
        <Dialogs />
      </SDL2>
    </Entry>
    <Entry Unknown0="3608998554" Unknown1="3758121405">
      <SDL2 Key="2984692781">
        <Unknown />
        <Dialogs />
      </SDL2>
    </Entry>
    <Entry Unknown0="1044340465" Unknown1="74238170">
      <SDL2 Key="2984692781">
        <Unknown />
        <Dialogs />
      </SDL2>
    </Entry>
    <Entry Unknown0="1403766558" Unknown1="1741940038">
      <SDL2 Key="2984692781">
        <Unknown />
        <Dialogs />
      </SDL2>
    </Entry>
    <Entry Unknown0="2802639498" Unknown1="3488633261">
      <SDL2 Key="2984692781">
        <Unknown />
        <Dialogs />
      </SDL2>
    </Entry>
    <Entry Unknown0="237981409" Unknown1="3915167946">
      <SDL2 Key="3508925576">
        <Unknown />
        <Dialogs />
      </SDL2>
    </Entry>
    <Entry Unknown0="597374734" Unknown1="1958991158">
      <SDL2 Key="3508925576">
        <Unknown />
        <Dialogs />
      </SDL2>
    </Entry>
    <Entry Unknown0="3086799482" Unknown1="3672129949">
      <SDL2 Key="3508925576">
        <Unknown />
        <Dialogs />
      </SDL2>
    </Entry>
    <Entry Unknown0="505396945" Unknown1="4266436794">
      <SDL2 Key="3508925576">
        <Unknown />
        <Dialogs />
      </SDL2>
    </Entry>
    <Entry Unknown0="864757758" Unknown1="1102300454">
      <SDL2 Key="3508925576">
        <Unknown />
        <Dialogs />
      </SDL2>
    </Entry>
    <Entry Unknown0="2280440426" Unknown1="2848993677">
      <SDL2 Key="3508925576">
        <Unknown />
        <Dialogs />
      </SDL2>
    </Entry>
    <Entry Unknown0="3994005185" Unknown1="3275528362">
      <SDL2 Key="3508925576">
        <Unknown />
        <Dialogs />
      </SDL2>
    </Entry>
    <Entry Unknown0="58398702" Unknown1="1587787030">
      <SDL2 Key="3508925576">
        <Unknown />
        <Dialogs />
      </SDL2>
    </Entry>
    <Entry Unknown0="2547790426" Unknown1="3032490365">
      <SDL2 Key="3508925576">
        <Unknown />
        <Dialogs />
      </SDL2>
    </Entry>
    <Entry Unknown0="4278165169" Unknown1="3492579482">
      <SDL2 Key="3508925576">
        <Unknown />
        <Dialogs />
      </SDL2>
    </Entry>
    <Entry Unknown0="325781470" Unknown1="731096326">
      <SDL2 Key="3508925576">
        <Unknown />
        <Dialogs />
      </SDL2>
    </Entry>
    <Entry Unknown0="1741431370" Unknown1="2209354093">
      <SDL2 Key="3508925576">
        <Unknown />
        <Dialogs />
      </SDL2>
    </Entry>
    <Entry Unknown0="3471806113" Unknown1="2770106506">
      <SDL2 Key="3508925576">
        <Unknown />
        <Dialogs />
      </SDL2>
    </Entry>
    <Entry Unknown0="3814422478" Unknown1="948147702">
      <SDL2 Key="3508925576">
        <Unknown />
        <Dialogs />
      </SDL2>
    </Entry>
    <Entry Unknown0="2008814138" Unknown1="2929721693">
      <SDL2 Key="3508925576">
        <Unknown />
        <Dialogs />
      </SDL2>
    </Entry>
    <Entry Unknown0="3739221649" Unknown1="2316068986">
      <SDL2 Key="3508925576">
        <Unknown />
        <Dialogs />
      </SDL2>
    </Entry>
    <Entry Unknown0="4081805246" Unknown1="896763366">
      <SDL2 Key="3508925576">
        <Unknown />
        <Dialogs />
      </SDL2>
    </Entry>
    <Entry Unknown0="1202455082" Unknown1="1569780045">
      <SDL2 Key="3508925576">
        <Unknown />
        <Dialogs />
      </SDL2>
    </Entry>
    <Entry Unknown0="2932862593" Unknown1="3220985962">
      <SDL2 Key="3508925576">
        <Unknown />
        <Dialogs />
      </SDL2>
    </Entry>
    <Entry Unknown0="3275446190" Unknown1="576943574">
      <SDL2 Key="291846868">
        <Unknown />
        <Dialogs />
      </SDL2>
    </Entry>
    <Entry Unknown0="1469870618" Unknown1="1216405821">
      <SDL2 Key="291846868">
        <Unknown />
        <Dialogs />
      </SDL2>
    </Entry>
    <Entry Unknown0="3200245361" Unknown1="2901166170">
      <SDL2 Key="291846868">
        <Unknown />
        <Dialogs />
      </SDL2>
    </Entry>
    <Entry Unknown0="3542828958" Unknown1="3746784710">
      <SDL2 Key="291846868">
        <Unknown />
        <Dialogs />
      </SDL2>
    </Entry>
    <Entry Unknown0="663511562" Unknown1="2003882285">
      <SDL2 Key="291846868">
        <Unknown />
        <Dialogs />
      </SDL2>
    </Entry>
    <Entry Unknown0="2393886305" Unknown1="1373386826">
      <SDL2 Key="291846868">
        <Unknown />
        <Dialogs />
      </SDL2>
    </Entry>
    <Entry Unknown0="2736502670" Unknown1="3426964918">
      <SDL2 Key="291846868">
        <Unknown />
        <Dialogs />
      </SDL2>
    </Entry>
    <Entry Unknown0="930894586" Unknown1="1650508061">
      <SDL2 Key="291846868">
        <Unknown />
        <Dialogs />
      </SDL2>
    </Entry>
  </Entries>
</DBIN2>