<?xml version="1.0" encoding="utf-8"?>
<DBIN2 xmlns:xsi="http://www.w3.org/2001/XMLSchema-instance" xmlns:xsd="http://www.w3.org/2001/XMLSchema" Key="400379690" Unknown="141">
  <Entries>
    <Entry Unknown0="3595796185" Unknown1="1741418622">
      <SDL2 Key="291846868">
        <Unknown />
        <Dialogs />
      </SDL2>
    </Entry>
    <Entry Unknown0="3609495258" Unknown1="1046671701">
      <SDL2 Key="291846868">
        <Unknown />
        <Dialogs />
      </SDL2>
    </Entry>
    <Entry Unknown0="2394720177" Unknown1="3597060333">
      <SDL2 Key="291846868">
        <Unknown />
        <Dialogs />
      </SDL2>
    </Entry>
    <Entry Unknown0="650374729" Unknown1="3610796270">
      <SDL2 Key="291846868">
        <Unknown />
        <Dialogs />
      </SDL2>
    </Entry>
    <Entry Unknown0="664041034" Unknown1="2949800389">
      <SDL2 Key="291846868">
        <Unknown />
        <Dialogs />
      </SDL2>
    </Entry>
    <Entry Unknown0="506230561" Unknown1="1205221469">
      <SDL2 Key="291846868">
        <Unknown />
        <Dialogs />
      </SDL2>
    </Entry>
    <Entry Unknown0="3056819897" Unknown1="1185468510">
      <SDL2 Key="291846868">
        <Unknown />
        <Dialogs />
      </SDL2>
    </Entry>
    <Entry Unknown0="3070551738" Unknown1="474140981">
      <SDL2 Key="291846868">
        <Unknown />
        <Dialogs />
      </SDL2>
    </Entry>
    <Entry Unknown0="1855776657" Unknown1="3024529613">
      <SDL2 Key="291846868">
        <Unknown />
        <Dialogs />
      </SDL2>
    </Entry>
    <Entry Unknown0="111398441" Unknown1="3038265550">
      <SDL2 Key="3374820794">
        <Unknown />
        <Dialogs />
      </SDL2>
    </Entry>
    <Entry Unknown0="125064746" Unknown1="2377269669">
      <SDL2 Key="3374820794">
        <Unknown />
        <Dialogs />
      </SDL2>
    </Entry>
    <Entry Unknown0="4262221569" Unknown1="632690749">
      <SDL2 Key="3374820794">
        <Unknown />
        <Dialogs />
      </SDL2>
    </Entry>
    <Entry Unknown0="2517876377" Unknown1="612937790">
      <SDL2 Key="3374820794">
        <Unknown />
        <Dialogs />
      </SDL2>
    </Entry>
    <Entry Unknown0="2548352666" Unknown1="4196577557">
      <SDL2 Key="3374820794">
        <Unknown />
        <Dialogs />
      </SDL2>
    </Entry>
    <Entry Unknown0="1316800369" Unknown1="2451998893">
      <SDL2 Key="3374820794">
        <Unknown />
        <Dialogs />
      </SDL2>
    </Entry>
    <Entry Unknown0="3867356681" Unknown1="2482512046">
      <SDL2 Key="3374820794">
        <Unknown />
        <Dialogs />
      </SDL2>
    </Entry>
    <Entry Unknown0="3881088522" Unknown1="1804738949">
      <SDL2 Key="3374820794">
        <Unknown />
        <Dialogs />
      </SDL2>
    </Entry>
    <Entry Unknown0="3740055521" Unknown1="60225565">
      <SDL2 Key="3374820794">
        <Unknown />
        <Dialogs />
      </SDL2>
    </Entry>
    <Entry Unknown0="1995677305" Unknown1="40407070">
      <SDL2 Key="3374820794">
        <Unknown />
        <Dialogs />
      </SDL2>
    </Entry>
    <Entry Unknown0="2009343610" Unknown1="3624047093">
      <SDL2 Key="3374820794">
        <Unknown />
        <Dialogs />
      </SDL2>
    </Entry>
    <Entry Unknown0="777791313" Unknown1="1879468173">
      <SDL2 Key="3374820794">
        <Unknown />
        <Dialogs />
      </SDL2>
    </Entry>
    <Entry Unknown0="3328380649" Unknown1="1909981326">
      <SDL2 Key="3374820794">
        <Unknown />
        <Dialogs />
      </SDL2>
    </Entry>
    <Entry Unknown0="3342112490" Unknown1="1232208229">
      <SDL2 Key="3374820794">
        <Unknown />
        <Dialogs />
      </SDL2>
    </Entry>
    <Entry Unknown0="3201079233" Unknown1="3782662397">
      <SDL2 Key="3374820794">
        <Unknown />
        <Dialogs />
      </SDL2>
    </Entry>
    <Entry Unknown0="1456733785" Unknown1="3762843902">
      <SDL2 Key="3374820794">
        <Unknown />
        <Dialogs />
      </SDL2>
    </Entry>
    <Entry Unknown0="1470367322" Unknown1="3068293589">
      <SDL2 Key="3374820794">
        <Unknown />
        <Dialogs />
      </SDL2>
    </Entry>
    <Entry Unknown0="238815025" Unknown1="1592150125">
      <SDL2 Key="3374820794">
        <Unknown />
        <Dialogs />
      </SDL2>
    </Entry>
    <Entry Unknown0="2789437129" Unknown1="1605951598">
      <SDL2 Key="3374820794">
        <Unknown />
        <Dialogs />
      </SDL2>
    </Entry>
    <Entry Unknown0="2803168970" Unknown1="659743045">
      <SDL2 Key="3948336149">
        <Unknown />
        <Dialogs />
      </SDL2>
    </Entry>
    <Entry Unknown0="2662135713" Unknown1="3478567133">
      <SDL2 Key="3948336149">
        <Unknown />
        <Dialogs />
      </SDL2>
    </Entry>
    <Entry Unknown0="917757497" Unknown1="3458748638">
      <SDL2 Key="3948336149">
        <Unknown />
        <Dialogs />
      </SDL2>
    </Entry>
    <Entry Unknown0="931423802" Unknown1="2495828405">
      <SDL2 Key="3986251459">
        <Unknown>
          <Entry>
            <Values />
            <Value0>65536</Value0>
            <Value1>65537</Value1>
          </Entry>
          <Entry>
            <Values />
            <Value0>65537</Value0>
            <Value1>65538</Value1>
          </Entry>
          <Entry>
            <Values />
            <Value0>65538</Value0>
            <Value1>65539</Value1>
          </Entry>
          <Entry>
            <Values />
            <Value0>65539</Value0>
            <Value1>65540</Value1>
          </Entry>
          <Entry>
            <Values />
            <Value0>65540</Value0>
            <Value1>65541</Value1>
          </Entry>
          <Entry>
            <Values />
            <Value0>65541</Value0>
            <Value1>65542</Value1>
          </Entry>
          <Entry>
            <Values />
            <Value0>65542</Value0>
            <Value1>65543</Value1>
          </Entry>
          <Entry>
            <Values />
            <Value0>65543</Value0>
            <Value1>65544</Value1>
          </Entry>
          <Entry>
            <Values />
            <Value0>65544</Value0>
            <Value1>65545</Value1>
          </Entry>
          <Entry>
            <Values />
            <Value0>65545</Value0>
            <Value1>65546</Value1>
          </Entry>
          <Entry>
            <Values />
            <Value0>65546</Value0>
            <Value1>65547</Value1>
          </Entry>
          <Entry>
            <Values />
            <Value0>65547</Value0>
            <Value1>65548</Value1>
          </Entry>
          <Entry>
            <Values />
            <Value0>65548</Value0>
            <Value1>65549</Value1>
          </Entry>
          <Entry>
            <Values />
            <Value0>65549</Value0>
            <Value1>65550</Value1>
          </Entry>
          <Entry>
            <Values />
            <Value0>65550</Value0>
            <Value1>65551</Value1>
          </Entry>
          <Entry>
            <Values />
            <Value0>65551</Value0>
            <Value1>65552</Value1>
          </Entry>
          <Entry>
            <Values />
            <Value0>65552</Value0>
            <Value1>65553</Value1>
          </Entry>
          <Entry>
            <Values />
            <Value0>65553</Value0>
            <Value1>65554</Value1>
          </Entry>
          <Entry>
            <Values />
            <Value0>65554</Value0>
            <Value1>65555</Value1>
          </Entry>
          <Entry>
            <Values />
            <Value0>65555</Value0>
            <Value1>65556</Value1>
          </Entry>
          <Entry>
            <Values />
            <Value0>65556</Value0>
            <Value1>65557</Value1>
          </Entry>
          <Entry>
            <Values />
            <Value0>65557</Value0>
            <Value1>65558</Value1>
          </Entry>
          <Entry>
            <Values />
            <Value0>65558</Value0>
            <Value1>65559</Value1>
          </Entry>
          <Entry>
            <Values />
            <Value0>65559</Value0>
            <Value1>65560</Value1>
          </Entry>
          <Entry>
            <Values />
            <Value0>65560</Value0>
            <Value1>65561</Value1>
          </Entry>
          <Entry>
            <Values />
            <Value0>65561</Value0>
            <Value1>65562</Value1>
          </Entry>
          <Entry>
            <Values />
            <Value0>65562</Value0>
            <Value1>65550</Value1>
          </Entry>
          <Entry>
            <Values />
            <Value0>65550</Value0>
            <Value1>65563</Value1>
          </Entry>
          <Entry>
            <Values />
            <Value0>65563</Value0>
            <Value1>65564</Value1>
          </Entry>
          <Entry>
            <Values />
            <Value0>65564</Value0>
            <Value1>65565</Value1>
          </Entry>
          <Entry>
            <Values />
            <Value0>65565</Value0>
            <Value1>65566</Value1>
          </Entry>
          <Entry>
            <Values />
            <Value0>65566</Value0>
            <Value1>65567</Value1>
          </Entry>
          <Entry>
            <Values />
            <Value0>65567</Value0>
            <Value1>65568</Value1>
          </Entry>
          <Entry>
            <Values />
            <Value0>65568</Value0>
            <Value1>65569</Value1>
          </Entry>
          <Entry>
            <Values />
            <Value0>65569</Value0>
            <Value1>65570</Value1>
          </Entry>
          <Entry>
            <Values />
            <Value0>65570</Value0>
            <Value1>65571</Value1>
          </Entry>
          <Entry>
            <Values />
            <Value0>65571</Value0>
            <Value1>65572</Value1>
          </Entry>
          <Entry>
            <Values />
            <Value0>65572</Value0>
            <Value1>65573</Value1>
          </Entry>
          <Entry>
            <Values />
            <Value0>65573</Value0>
            <Value1>65574</Value1>
          </Entry>
          <Entry>
            <Values />
            <Value0>65574</Value0>
            <Value1>65575</Value1>
          </Entry>
          <Entry>
            <Values />
            <Value0>65575</Value0>
            <Value1>65576</Value1>
          </Entry>
          <Entry>
            <Values />
            <Value0>65576</Value0>
            <Value1>65577</Value1>
          </Entry>
          <Entry>
            <Values />
            <Value0>65577</Value0>
            <Value1>65578</Value1>
          </Entry>
          <Entry>
            <Values />
            <Value0>65578</Value0>
            <Value1>65579</Value1>
          </Entry>
          <Entry>
            <Values />
            <Value0>65579</Value0>
            <Value1>65580</Value1>
          </Entry>
          <Entry>
            <Values />
            <Value0>65580</Value0>
            <Value1>65581</Value1>
          </Entry>
          <Entry>
            <Values />
            <Value0>65581</Value0>
            <Value1>65582</Value1>
          </Entry>
          <Entry>
            <Values />
            <Value0>65582</Value0>
            <Value1>65583</Value1>
          </Entry>
          <Entry>
            <Values />
            <Value0>65583</Value0>
            <Value1>65584</Value1>
          </Entry>
          <Entry>
            <Values />
            <Value0>65584</Value0>
            <Value1>65585</Value1>
          </Entry>
          <Entry>
            <Values />
            <Value0>65585</Value0>
            <Value1>65586</Value1>
          </Entry>
          <Entry>
            <Values />
            <Value0>65586</Value0>
            <Value1>65587</Value1>
          </Entry>
          <Entry>
            <Values />
            <Value0>65587</Value0>
            <Value1>65588</Value1>
          </Entry>
          <Entry>
            <Values />
            <Value0>65588</Value0>
            <Value1>65589</Value1>
          </Entry>
          <Entry>
            <Values />
            <Value0>65589</Value0>
            <Value1>65590</Value1>
          </Entry>
          <Entry>
            <Values />
            <Value0>65590</Value0>
            <Value1>65591</Value1>
          </Entry>
          <Entry>
            <Values />
            <Value0>65591</Value0>
            <Value1>65592</Value1>
          </Entry>
          <Entry>
            <Values />
            <Value0>65592</Value0>
            <Value1>65593</Value1>
          </Entry>
          <Entry>
            <Values />
            <Value0>65593</Value0>
            <Value1>65594</Value1>
          </Entry>
          <Entry>
            <Values />
            <Value0>65594</Value0>
            <Value1>65595</Value1>
          </Entry>
          <Entry>
            <Values />
            <Value0>65595</Value0>
            <Value1>65596</Value1>
          </Entry>
          <Entry>
            <Values />
            <Value0>65596</Value0>
            <Value1>65597</Value1>
          </Entry>
          <Entry>
            <Values />
            <Value0>65597</Value0>
            <Value1>65598</Value1>
          </Entry>
          <Entry>
            <Values />
            <Value0>65598</Value0>
            <Value1>65599</Value1>
          </Entry>
          <Entry>
            <Values />
            <Value0>65599</Value0>
            <Value1>65600</Value1>
          </Entry>
          <Entry>
            <Values />
            <Value0>65600</Value0>
            <Value1>65601</Value1>
          </Entry>
          <Entry>
            <Values />
            <Value0>65601</Value0>
            <Value1>65602</Value1>
          </Entry>
          <Entry>
            <Values />
            <Value0>65602</Value0>
            <Value1>65603</Value1>
          </Entry>
          <Entry>
            <Values />
            <Value0>65603</Value0>
            <Value1>65604</Value1>
          </Entry>
          <Entry>
            <Values />
            <Value0>65604</Value0>
            <Value1>65605</Value1>
          </Entry>
          <Entry>
            <Values />
            <Value0>65605</Value0>
            <Value1>65606</Value1>
          </Entry>
          <Entry>
            <Values />
            <Value0>65606</Value0>
            <Value1>65607</Value1>
          </Entry>
          <Entry>
            <Values />
            <Value0>65607</Value0>
            <Value1>65608</Value1>
          </Entry>
          <Entry>
            <Values />
            <Value0>65608</Value0>
            <Value1>65609</Value1>
          </Entry>
          <Entry>
            <Values />
            <Value0>65609</Value0>
            <Value1>65610</Value1>
          </Entry>
          <Entry>
            <Values />
            <Value0>65610</Value0>
            <Value1>65611</Value1>
          </Entry>
          <Entry>
            <Values />
            <Value0>65611</Value0>
            <Value1>65612</Value1>
          </Entry>
          <Entry>
            <Values />
            <Value0>65612</Value0>
            <Value1>65613</Value1>
          </Entry>
          <Entry>
            <Values />
            <Value0>65613</Value0>
            <Value1>65614</Value1>
          </Entry>
          <Entry>
            <Values />
            <Value0>65614</Value0>
            <Value1>65615</Value1>
          </Entry>
          <Entry>
            <Values />
            <Value0>65615</Value0>
            <Value1>65616</Value1>
          </Entry>
          <Entry>
            <Values />
            <Value0>65616</Value0>
            <Value1>65617</Value1>
          </Entry>
          <Entry>
            <Values />
            <Value0>65617</Value0>
            <Value1>65618</Value1>
          </Entry>
          <Entry>
            <Values />
            <Value0>65618</Value0>
            <Value1>65619</Value1>
          </Entry>
          <Entry>
            <Values />
            <Value0>65619</Value0>
            <Value1>65620</Value1>
          </Entry>
          <Entry>
            <Values />
            <Value0>65620</Value0>
            <Value1>65621</Value1>
          </Entry>
          <Entry>
            <Values />
            <Value0>65621</Value0>
            <Value1>65622</Value1>
          </Entry>
          <Entry>
            <Values />
            <Value0>65622</Value0>
            <Value1>65623</Value1>
          </Entry>
          <Entry>
            <Values />
            <Value0>65623</Value0>
            <Value1>65624</Value1>
          </Entry>
          <Entry>
            <Values />
            <Value0>65624</Value0>
            <Value1>65625</Value1>
          </Entry>
          <Entry>
            <Values />
            <Value0>65625</Value0>
            <Value1>65626</Value1>
          </Entry>
          <Entry>
            <Values />
            <Value0>65626</Value0>
            <Value1>65627</Value1>
          </Entry>
          <Entry>
            <Values />
            <Value0>65627</Value0>
            <Value1>65628</Value1>
          </Entry>
          <Entry>
            <Values />
            <Value0>65628</Value0>
            <Value1>65629</Value1>
          </Entry>
          <Entry>
            <Values />
            <Value0>65629</Value0>
            <Value1>65630</Value1>
          </Entry>
          <Entry>
            <Values />
            <Value0>65630</Value0>
            <Value1>65631</Value1>
          </Entry>
          <Entry>
            <Values />
            <Value0>65631</Value0>
            <Value1>65632</Value1>
          </Entry>
          <Entry>
            <Values />
            <Value0>65632</Value0>
            <Value1>65633</Value1>
          </Entry>
          <Entry>
            <Values />
            <Value0>65633</Value0>
            <Value1>65634</Value1>
          </Entry>
          <Entry>
            <Values />
            <Value0>65634</Value0>
            <Value1>65635</Value1>
          </Entry>
          <Entry>
            <Values />
            <Value0>65635</Value0>
            <Value1>65636</Value1>
          </Entry>
          <Entry>
            <Values />
            <Value0>65636</Value0>
            <Value1>65637</Value1>
          </Entry>
          <Entry>
            <Values />
            <Value0>65637</Value0>
            <Value1>65638</Value1>
          </Entry>
          <Entry>
            <Values />
            <Value0>65638</Value0>
            <Value1>65639</Value1>
          </Entry>
          <Entry>
            <Values />
            <Value0>65639</Value0>
            <Value1>65640</Value1>
          </Entry>
          <Entry>
            <Values />
            <Value0>65640</Value0>
            <Value1>65641</Value1>
          </Entry>
          <Entry>
            <Values />
            <Value0>65641</Value0>
            <Value1>65642</Value1>
          </Entry>
          <Entry>
            <Values />
            <Value0>65642</Value0>
            <Value1>648065</Value1>
          </Entry>
        </Unknown>
        <Dialogs>
          <Dialog>Dummy</Dialog>
          <Dialog>Leave it to me</Dialog>
          <Dialog>▲生成選択肢１▲</Dialog>
          <Dialog>▲生成選択肢２▲</Dialog>
          <Dialog>▲生成選択肢３▲</Dialog>
          <Dialog>▲生成選択肢４▲</Dialog>
          <Dialog>Choose who you want to debug</Dialog>
          <Dialog>1:Choose by chopstick type</Dialog>
          <Dialog>2:Choose by restaurant menu</Dialog>
          <Dialog>3:By old flow before 7/23</Dialog>
          <Dialog>4:Choose by dish number</Dialog>
          <Dialog>5:Settings</Dialog>
          <Dialog>6</Dialog>
          <Dialog>Choose the tools to use</Dialog>
          <Dialog>Choose another</Dialog>
          <Dialog>Chopsticks:Rice</Dialog>
          <Dialog>Chopsticks:Ramen</Dialog>
          <Dialog>Chopsticks:Zaru Soba</Dialog>
          <Dialog>Fork</Dialog>
          <Dialog>Knife and fork</Dialog>
          <Dialog>Spoon:Curry</Dialog>
          <Dialog>Spoon:Stew</Dialog>
          <Dialog>Hands</Dialog>
          <Dialog>Hands:Ichibu-mochi</Dialog>
          <Dialog>Hands:Kushi-mochi</Dialog>
          <Dialog>Straw</Dialog>
          <Dialog>Cup</Dialog>
          <Dialog>Settings screen</Dialog>
          <Dialog>1:random behavior</Dialog>
          <Dialog>2:innocent</Dialog>
          <Dialog>3:by girlfriend's feelings</Dialog>
          <Dialog>4:</Dialog>
          <Dialog>5:</Dialog>
          <Dialog>Return</Dialog>
          <Dialog>random=&gt;Default behaviour</Dialog>
          <Dialog>random=&gt;0固定</Dialog>
          <Dialog>random=&gt;1固定</Dialog>
          <Dialog>random=&gt;2固定</Dialog>
          <Dialog>random=&gt;3固定</Dialog>
          <Dialog>random=&gt;4固定</Dialog>
          <Dialog>Set up</Dialog>
          <Dialog>Set to innocent</Dialog>
          <Dialog>Set to not innocent</Dialog>
          <Dialog>Feeling:Set to low</Dialog>
          <Dialog>Feeling:Set to normal</Dialog>
          <Dialog>Feeling:Set to high</Dialog>
          <Dialog>▲生成選択肢５▲</Dialog>
          <Dialog>▲生成選択肢６▲</Dialog>
          <Dialog>Next</Dialog>
          <Dialog>Italian restaurant</Dialog>
          <Dialog>Restaurant</Dialog>
          <Dialog>Girlfriend's house</Dialog>
          <Dialog>Curry shop</Dialog>
          <Dialog>Cake buffet</Dialog>
          <Dialog>Chani store/WB</Dialog>
          <Dialog>Chain store/Coffe shop</Dialog>
          <Dialog>Chain store/Dixies</Dialog>
          <Dialog>Chain store/Dixies competitor</Dialog>
          <Dialog>Ramen shop</Dialog>
          <Dialog>Restaurant</Dialog>
          <Dialog>Beach</Dialog>
          <Dialog>School meal</Dialog>
          <Dialog>Coffe shop</Dialog>
          <Dialog>Lakeside restaurant</Dialog>
          <Dialog>Hero's house/Normal</Dialog>
          <Dialog>Hero's house/See a Doctor</Dialog>
          <Dialog>Handmande bento</Dialog>
          <Dialog>Sushi shop</Dialog>
          <Dialog>Store</Dialog>
          <Dialog>Yakiniku store</Dialog>
          <Dialog>Chinese restaurant</Dialog>
          <Dialog>Japanese sweet shop</Dialog>
          <Dialog>Morning</Dialog>
          <Dialog>Renge</Dialog>
          <Dialog>One hand:Zenbu-mochi</Dialog>
          <Dialog>百の位 000</Dialog>
          <Dialog>百の位 100</Dialog>
          <Dialog>百の位 200</Dialog>
          <Dialog>百の位 300</Dialog>
          <Dialog>百の位 400</Dialog>
          <Dialog>百の位 500</Dialog>
          <Dialog>百の位 600</Dialog>
          <Dialog>百の位 700</Dialog>
          <Dialog>百の位 800</Dialog>
          <Dialog>百の位 900</Dialog>
          <Dialog>十の位 00</Dialog>
          <Dialog>十の位 10</Dialog>
          <Dialog>十の位 20</Dialog>
          <Dialog>十の位 30</Dialog>
          <Dialog>十の位 40</Dialog>
          <Dialog>十の位 50</Dialog>
          <Dialog>十の位 60</Dialog>
          <Dialog>十の位 70</Dialog>
          <Dialog>十の位 80</Dialog>
          <Dialog>十の位 90</Dialog>
          <Dialog>一の位 0</Dialog>
          <Dialog>一の位 1</Dialog>
          <Dialog>一の位 2</Dialog>
          <Dialog>一の位 3</Dialog>
          <Dialog>一の位 4</Dialog>
          <Dialog>一の位 5</Dialog>
          <Dialog>一の位 6</Dialog>
          <Dialog>一の位 7</Dialog>
          <Dialog>一の位 8</Dialog>
          <Dialog>一の位 9</Dialog>
          <Dialog>Once again</Dialog>
          <Dialog>Stop</Dialog>
        </Dialogs>
      </SDL2>
    </Entry>
    <Entry Unknown0="3994838801" Unknown1="985999437">
      <SDL2 Key="3986251459">
        <Unknown />
        <Dialogs />
      </SDL2>
    </Entry>
    <Entry Unknown0="2250460841" Unknown1="999931982">
      <SDL2 Key="3986251459">
        <Unknown />
        <Dialogs />
      </SDL2>
    </Entry>
    <Entry Unknown0="2280969898" Unknown1="36749605">
      <SDL2 Key="3986251459">
        <Unknown />
        <Dialogs />
      </SDL2>
    </Entry>
    <Entry Unknown0="2123159425" Unknown1="2872416445">
      <SDL2 Key="3986251459">
        <Unknown />
        <Dialogs />
      </SDL2>
    </Entry>
    <Entry Unknown0="378748441" Unknown1="2852729022">
      <SDL2 Key="3986251459">
        <Unknown />
        <Dialogs />
      </SDL2>
    </Entry>
    <Entry Unknown0="392447514" Unknown1="1939878293">
      <SDL2 Key="3986251459">
        <Unknown />
        <Dialogs />
      </SDL2>
    </Entry>
    <Entry Unknown0="3472639985" Unknown1="413468717">
      <SDL2 Key="3986251459">
        <Unknown />
        <Dialogs />
      </SDL2>
    </Entry>
    <Entry Unknown0="1711517321" Unknown1="427401262">
      <SDL2 Key="3986251459">
        <Unknown />
        <Dialogs />
      </SDL2>
    </Entry>
    <Entry Unknown0="1741960842" Unknown1="3759186181">
      <SDL2 Key="3986251459">
        <Unknown />
        <Dialogs />
      </SDL2>
    </Entry>
    <Entry Unknown0="1584150369" Unknown1="3591665821">
      <SDL2 Key="3986251459">
        <Unknown />
        <Dialogs />
      </SDL2>
    </Entry>
    <Entry Unknown0="4134739705" Unknown1="3622441118">
      <SDL2 Key="3986251459">
        <Unknown />
        <Dialogs />
      </SDL2>
    </Entry>
    <Entry Unknown0="4148471546" Unknown1="243339637">
      <SDL2 Key="3986251459">
        <Unknown />
        <Dialogs />
      </SDL2>
    </Entry>
    <Entry Unknown0="2933696465" Unknown1="2793924621">
      <SDL2 Key="3986251459">
        <Unknown />
        <Dialogs />
      </SDL2>
    </Entry>
    <Entry Unknown0="1189318249" Unknown1="2908454926">
      <SDL2 Key="3986251459">
        <Unknown />
        <Dialogs />
      </SDL2>
    </Entry>
    <Entry Unknown0="1202984554" Unknown1="2498920933">
      <SDL2 Key="3986251459">
        <Unknown />
        <Dialogs />
      </SDL2>
    </Entry>
    <Entry Unknown0="1045174081" Unknown1="1022777469">
      <SDL2 Key="2505757353">
        <Unknown />
        <Dialogs />
      </SDL2>
    </Entry>
    <Entry Unknown0="3595796185" Unknown1="1036578942">
      <SDL2 Key="2505757353">
        <Unknown />
        <Dialogs />
      </SDL2>
    </Entry>
    <Entry Unknown0="3609495258" Unknown1="1516499285">
      <SDL2 Key="2505757353">
        <Unknown />
        <Dialogs />
      </SDL2>
    </Entry>
    <Entry Unknown0="2394720177" Unknown1="2993015021">
      <SDL2 Key="2505757353">
        <Unknown />
        <Dialogs />
      </SDL2>
    </Entry>
    <Entry Unknown0="650374729" Unknown1="3006882030">
      <SDL2 Key="2505757353">
        <Unknown />
        <Dialogs />
      </SDL2>
    </Entry>
    <Entry Unknown0="664041034" Unknown1="3402654149">
      <SDL2 Key="2505757353">
        <Unknown />
        <Dialogs />
      </SDL2>
    </Entry>
    <Entry Unknown0="506230561" Unknown1="684996701">
      <SDL2 Key="2505757353">
        <Unknown />
        <Dialogs />
      </SDL2>
    </Entry>
    <Entry Unknown0="3056819897" Unknown1="699060318">
      <SDL2 Key="2505757353">
        <Unknown />
        <Dialogs />
      </SDL2>
    </Entry>
    <Entry Unknown0="3070551738" Unknown1="1883361589">
      <SDL2 Key="2505757353">
        <Unknown />
        <Dialogs />
      </SDL2>
    </Entry>
    <Entry Unknown0="1855776657" Unknown1="3628574925">
      <SDL2 Key="2505757353">
        <Unknown />
        <Dialogs />
      </SDL2>
    </Entry>
    <Entry Unknown0="111398441" Unknown1="3290054862">
      <SDL2 Key="2505757353">
        <Unknown />
        <Dialogs />
      </SDL2>
    </Entry>
    <Entry Unknown0="125064746" Unknown1="4256252325">
      <SDL2 Key="2505757353">
        <Unknown />
        <Dialogs />
      </SDL2>
    </Entry>
    <Entry Unknown0="4262221569" Unknown1="1438062653">
      <SDL2 Key="2505757353">
        <Unknown />
        <Dialogs />
      </SDL2>
    </Entry>
    <Entry Unknown0="2517876377" Unknown1="1602990142">
      <SDL2 Key="2505757353">
        <Unknown />
        <Dialogs />
      </SDL2>
    </Entry>
    <Entry Unknown0="2548352666" Unknown1="2250420501">
      <SDL2 Key="2505757353">
        <Unknown />
        <Dialogs />
      </SDL2>
    </Entry>
    <Entry Unknown0="1316800369" Unknown1="3995502765">
      <SDL2 Key="2505757353">
        <Unknown />
        <Dialogs />
      </SDL2>
    </Entry>
    <Entry Unknown0="3867356681" Unknown1="4026015918">
      <SDL2 Key="2505757353">
        <Unknown />
        <Dialogs />
      </SDL2>
    </Entry>
    <Entry Unknown0="3881088522" Unknown1="3969065349">
      <SDL2 Key="2505757353">
        <Unknown />
        <Dialogs />
      </SDL2>
    </Entry>
    <Entry Unknown0="3740055521" Unknown1="2224420893">
      <SDL2 Key="2505757353">
        <Unknown />
        <Dialogs />
      </SDL2>
    </Entry>
    <Entry Unknown0="1995677305" Unknown1="2238287902">
      <SDL2 Key="3315267829">
        <Unknown />
        <Dialogs />
      </SDL2>
    </Entry>
    <Entry Unknown0="2009343610" Unknown1="1543541237">
      <SDL2 Key="3315267829">
        <Unknown />
        <Dialogs />
      </SDL2>
    </Entry>
    <Entry Unknown0="777791313" Unknown1="4194592909">
      <SDL2 Key="3315267829">
        <Unknown />
        <Dialogs />
      </SDL2>
    </Entry>
    <Entry Unknown0="3328380649" Unknown1="4225368206">
      <SDL2 Key="3315267829">
        <Unknown />
        <Dialogs />
      </SDL2>
    </Entry>
    <Entry Unknown0="3342112490" Unknown1="3262185829">
      <SDL2 Key="3315267829">
        <Unknown />
        <Dialogs />
      </SDL2>
    </Entry>
    <Entry Unknown0="3201079233" Unknown1="1786239229">
      <SDL2 Key="3315267829">
        <Unknown />
        <Dialogs />
      </SDL2>
    </Entry>
    <Entry Unknown0="1456733785" Unknown1="1900769534">
      <SDL2 Key="3315267829">
        <Unknown />
        <Dialogs />
      </SDL2>
    </Entry>
    <Entry Unknown0="1470367322" Unknown1="685928917">
      <SDL2 Key="3315267829">
        <Unknown />
        <Dialogs />
      </SDL2>
    </Entry>
    <Entry Unknown0="238815025" Unknown1="3236317293">
      <SDL2 Key="3315267829">
        <Unknown />
        <Dialogs />
      </SDL2>
    </Entry>
    <Entry Unknown0="2789437129" Unknown1="3250118766">
      <SDL2 Key="3315267829">
        <Unknown />
        <Dialogs />
      </SDL2>
    </Entry>
    <Entry Unknown0="2803168970" Unknown1="2387861829">
      <SDL2 Key="3315267829">
        <Unknown />
        <Dialogs />
      </SDL2>
    </Entry>
    <Entry Unknown0="2662135713" Unknown1="1716893917">
      <SDL2 Key="3315267829">
        <Unknown />
        <Dialogs />
      </SDL2>
    </Entry>
    <Entry Unknown0="917757497" Unknown1="1730760926">
      <SDL2 Key="3315267829">
        <Unknown />
        <Dialogs />
      </SDL2>
    </Entry>
    <Entry Unknown0="931423802" Unknown1="1052791221">
      <SDL2 Key="3315267829">
        <Unknown />
        <Dialogs />
      </SDL2>
    </Entry>
    <Entry Unknown0="3994838801" Unknown1="4274268237">
      <SDL2 Key="3315267829">
        <Unknown />
        <Dialogs />
      </SDL2>
    </Entry>
    <Entry Unknown0="2250460841" Unknown1="4288331854">
      <SDL2 Key="3315267829">
        <Unknown />
        <Dialogs />
      </SDL2>
    </Entry>
    <Entry Unknown0="2280969898" Unknown1="3325149477">
      <SDL2 Key="3315267829">
        <Unknown />
        <Dialogs />
      </SDL2>
    </Entry>
    <Entry Unknown0="2123159425" Unknown1="1849137341">
      <SDL2 Key="3315267829">
        <Unknown />
        <Dialogs />
      </SDL2>
    </Entry>
    <Entry Unknown0="378748441" Unknown1="1779052734">
      <SDL2 Key="3315267829">
        <Unknown />
        <Dialogs />
      </SDL2>
    </Entry>
    <Entry Unknown0="392447514" Unknown1="3013685653">
      <SDL2 Key="3855236719">
        <Unknown />
        <Dialogs />
      </SDL2>
    </Entry>
    <Entry Unknown0="3472639985" Unknown1="3685156909">
      <SDL2 Key="3855236719">
        <Unknown />
        <Dialogs />
      </SDL2>
    </Entry>
    <Entry Unknown0="1711517321" Unknown1="3631915054">
      <SDL2 Key="3855236719">
        <Unknown />
        <Dialogs />
      </SDL2>
    </Entry>
    <Entry Unknown0="1741960842" Unknown1="554803461">
      <SDL2 Key="3855236719">
        <Unknown />
        <Dialogs />
      </SDL2>
    </Entry>
    <Entry Unknown0="1584150369" Unknown1="1226274973">
      <SDL2 Key="3855236719">
        <Unknown />
        <Dialogs />
      </SDL2>
    </Entry>
    <Entry Unknown0="4134739705" Unknown1="1474957470">
      <SDL2 Key="3855236719">
        <Unknown />
        <Dialogs />
      </SDL2>
    </Entry>
    <Entry Unknown0="4148471546" Unknown1="2390823285">
      <SDL2 Key="3855236719">
        <Unknown />
        <Dialogs />
      </SDL2>
    </Entry>
    <Entry Unknown0="2933696465" Unknown1="646440973">
      <SDL2 Key="3855236719">
        <Unknown />
        <Dialogs />
      </SDL2>
    </Entry>
    <Entry Unknown0="1189318249" Unknown1="643465230">
      <SDL2 Key="3855236719">
        <Unknown />
        <Dialogs />
      </SDL2>
    </Entry>
    <Entry Unknown0="1202984554" Unknown1="535921125">
      <SDL2 Key="3855236719">
        <Unknown />
        <Dialogs />
      </SDL2>
    </Entry>
    <Entry Unknown0="1045174081" Unknown1="3086440573">
      <SDL2 Key="3855236719">
        <Unknown />
        <Dialogs />
      </SDL2>
    </Entry>
    <Entry Unknown0="3595796185" Unknown1="3050041470">
      <SDL2 Key="3855236719">
        <Unknown />
        <Dialogs />
      </SDL2>
    </Entry>
    <Entry Unknown0="3609495258" Unknown1="3965907285">
      <SDL2 Key="3855236719">
        <Unknown />
        <Dialogs />
      </SDL2>
    </Entry>
    <Entry Unknown0="2394720177" Unknown1="73844973">
      <SDL2 Key="3855236719">
        <Unknown />
        <Dialogs />
      </SDL2>
    </Entry>
    <Entry Unknown0="650374729" Unknown1="87580910">
      <SDL2 Key="3855236719">
        <Unknown />
        <Dialogs />
      </SDL2>
    </Entry>
    <Entry Unknown0="664041034" Unknown1="1926455749">
      <SDL2 Key="3855236719">
        <Unknown />
        <Dialogs />
      </SDL2>
    </Entry>
    <Entry Unknown0="506230561" Unknown1="2597664861">
      <SDL2 Key="3855236719">
        <Unknown />
        <Dialogs />
      </SDL2>
    </Entry>
    <Entry Unknown0="3056819897" Unknown1="2611597406">
      <SDL2 Key="3855236719">
        <Unknown />
        <Dialogs />
      </SDL2>
    </Entry>
    <Entry Unknown0="3070551738" Unknown1="3259027765">
      <SDL2 Key="2912723510">
        <Unknown />
        <Dialogs />
      </SDL2>
    </Entry>
    <Entry Unknown0="1855776657" Unknown1="1346676941">
      <SDL2 Key="2912723510">
        <Unknown />
        <Dialogs />
      </SDL2>
    </Entry>
    <Entry Unknown0="111398441" Unknown1="1360675022">
      <SDL2 Key="2912723510">
        <Unknown />
        <Dialogs />
      </SDL2>
    </Entry>
    <Entry Unknown0="125064746" Unknown1="1756447141">
      <SDL2 Key="2912723510">
        <Unknown />
        <Dialogs />
      </SDL2>
    </Entry>
    <Entry Unknown0="4262221569" Unknown1="3233224765">
      <SDL2 Key="2912723510">
        <Unknown />
        <Dialogs />
      </SDL2>
    </Entry>
    <Entry Unknown0="2517876377" Unknown1="3616256062">
      <SDL2 Key="2912723510">
        <Unknown />
        <Dialogs />
      </SDL2>
    </Entry>
    <Entry Unknown0="2548352666" Unknown1="237154581">
      <SDL2 Key="2912723510">
        <Unknown />
        <Dialogs />
      </SDL2>
    </Entry>
    <Entry Unknown0="1316800369" Unknown1="1713801389">
      <SDL2 Key="2912723510">
        <Unknown />
        <Dialogs />
      </SDL2>
    </Entry>
    <Entry Unknown0="3867356681" Unknown1="1744314542">
      <SDL2 Key="2912723510">
        <Unknown />
        <Dialogs />
      </SDL2>
    </Entry>
    <Entry Unknown0="3881088522" Unknown1="2492604805">
      <SDL2 Key="2912723510">
        <Unknown />
        <Dialogs />
      </SDL2>
    </Entry>
    <Entry Unknown0="3740055521" Unknown1="4237752349">
      <SDL2 Key="2912723510">
        <Unknown />
        <Dialogs />
      </SDL2>
    </Entry>
    <Entry Unknown0="1995677305" Unknown1="4251488286">
      <SDL2 Key="2912723510">
        <Unknown />
        <Dialogs />
      </SDL2>
    </Entry>
    <Entry Unknown0="2009343611" Unknown1="4077097461">
      <SDL2 Key="2912723510">
        <Unknown />
        <Dialogs />
      </SDL2>
    </Entry>
    <Entry Unknown0="777791312" Unknown1="1476683917">
      <SDL2 Key="2912723510">
        <Unknown />
        <Dialogs />
      </SDL2>
    </Entry>
    <Entry Unknown0="3328380648" Unknown1="1490747534">
      <SDL2 Key="2912723510">
        <Unknown />
        <Dialogs />
      </SDL2>
    </Entry>
    <Entry Unknown0="3342112491" Unknown1="2121466213">
      <SDL2 Key="2912723510">
        <Unknown />
        <Dialogs />
      </SDL2>
    </Entry>
    <Entry Unknown0="3201079232" Unknown1="3614759165">
      <SDL2 Key="2912723510">
        <Unknown />
        <Dialogs />
      </SDL2>
    </Entry>
    <Entry Unknown0="1456733784" Unknown1="3578491134">
      <SDL2 Key="2912723510">
        <Unknown />
        <Dialogs />
      </SDL2>
    </Entry>
    <Entry Unknown0="1470367323" Unknown1="2380493269">
      <SDL2 Key="2912723510">
        <Unknown />
        <Dialogs />
      </SDL2>
    </Entry>
    <Entry Unknown0="238815024" Unknown1="1659127917">
      <SDL2 Key="2912723510">
        <Unknown />
        <Dialogs />
      </SDL2>
    </Entry>
    <Entry Unknown0="2789437128" Unknown1="1656479854">
      <SDL2 Key="3754678418">
        <Unknown />
        <Dialogs />
      </SDL2>
    </Entry>
    <Entry Unknown0="2803168971" Unknown1="408150341">
      <SDL2 Key="3754678418">
        <Unknown />
        <Dialogs />
      </SDL2>
    </Entry>
    <Entry Unknown0="2662135712" Unknown1="4048861405">
      <SDL2 Key="3754678418">
        <Unknown />
        <Dialogs />
      </SDL2>
    </Entry>
    <Entry Unknown0="917757496" Unknown1="4281028830">
      <SDL2 Key="3754678418">
        <Unknown />
        <Dialogs />
      </SDL2>
    </Entry>
    <Entry Unknown0="931423803" Unknown1="2814595509">
      <SDL2 Key="3754678418">
        <Unknown />
        <Dialogs />
      </SDL2>
    </Entry>
    <Entry Unknown0="3994838800" Unknown1="214181965">
      <SDL2 Key="3754678418">
        <Unknown />
        <Dialogs />
      </SDL2>
    </Entry>
    <Entry Unknown0="2250460840" Unknown1="211533902">
      <SDL2 Key="3754678418">
        <Unknown />
        <Dialogs />
      </SDL2>
    </Entry>
    <Entry Unknown0="2280969899" Unknown1="842252581">
      <SDL2 Key="3754678418">
        <Unknown />
        <Dialogs />
      </SDL2>
    </Entry>
    <Entry Unknown0="2123159424" Unknown1="2603915453">
      <SDL2 Key="3754678418">
        <Unknown />
        <Dialogs />
      </SDL2>
    </Entry>
    <Entry Unknown0="378748440" Unknown1="2567647422">
      <SDL2 Key="3754678418">
        <Unknown />
        <Dialogs />
      </SDL2>
    </Entry>
    <Entry Unknown0="392447515" Unknown1="1101214101">
      <SDL2 Key="3754678418">
        <Unknown />
        <Dialogs />
      </SDL2>
    </Entry>
    <Entry Unknown0="3472639984" Unknown1="1453590573">
      <SDL2 Key="3754678418">
        <Unknown />
        <Dialogs />
      </SDL2>
    </Entry>
    <Entry Unknown0="1711517320" Unknown1="1450942510">
      <SDL2 Key="3754678418">
        <Unknown />
        <Dialogs />
      </SDL2>
    </Entry>
    <Entry Unknown0="1741960843" Unknown1="2886967557">
      <SDL2 Key="3754678418">
        <Unknown />
        <Dialogs />
      </SDL2>
    </Entry>
    <Entry Unknown0="1584150368" Unknown1="3306453149">
      <SDL2 Key="3754678418">
        <Unknown />
        <Dialogs />
      </SDL2>
    </Entry>
    <Entry Unknown0="4134739704" Unknown1="3286962334">
      <SDL2 Key="3754678418">
        <Unknown />
        <Dialogs />
      </SDL2>
    </Entry>
    <Entry Unknown0="4148471547" Unknown1="461574517">
      <SDL2 Key="3754678418">
        <Unknown />
        <Dialogs />
      </SDL2>
    </Entry>
    <Entry Unknown0="2933696464" Unknown1="2961500173">
      <SDL2 Key="3754678418">
        <Unknown />
        <Dialogs />
      </SDL2>
    </Entry>
  </Entries>
</DBIN2>