<?xml version="1.0" encoding="utf-8"?>
<DBIN2 xmlns:xsi="http://www.w3.org/2001/XMLSchema-instance" xmlns:xsd="http://www.w3.org/2001/XMLSchema" Key="923956458" Unknown="3">
  <Entries>
    <Entry Unknown0="2468795326" Unknown1="1550579091">
      <SDL2 Key="2681093348">
        <Unknown>
          <Entry>
            <Values />
            <Value0>147456</Value0>
            <Value1>65536</Value1>
          </Entry>
          <Entry>
            <Values />
            <Value0>147456</Value0>
            <Value1>131072</Value1>
          </Entry>
          <Entry>
            <Values />
            <Value0>147456</Value0>
            <Value1>196608</Value1>
          </Entry>
          <Entry>
            <Values />
            <Value0>147456</Value0>
            <Value1>262144</Value1>
          </Entry>
          <Entry>
            <Values />
            <Value0>147456</Value0>
            <Value1>327680</Value1>
          </Entry>
          <Entry>
            <Values />
            <Value0>147456</Value0>
            <Value1>393216</Value1>
          </Entry>
          <Entry>
            <Values />
            <Value0>147456</Value0>
            <Value1>458752</Value1>
          </Entry>
          <Entry>
            <Values />
            <Value0>147456</Value0>
            <Value1>524288</Value1>
          </Entry>
          <Entry>
            <Values />
            <Value0>147456</Value0>
            <Value1>589824</Value1>
          </Entry>
          <Entry>
            <Values />
            <Value0>147456</Value0>
            <Value1>655360</Value1>
          </Entry>
          <Entry>
            <Values />
            <Value0>147456</Value0>
            <Value1>720896</Value1>
          </Entry>
          <Entry>
            <Values />
            <Value0>147456</Value0>
            <Value1>786432</Value1>
          </Entry>
          <Entry>
            <Values />
            <Value0>147456</Value0>
            <Value1>851968</Value1>
          </Entry>
          <Entry>
            <Values />
            <Value0>147456</Value0>
            <Value1>917504</Value1>
          </Entry>
          <Entry>
            <Values />
            <Value0>147456</Value0>
            <Value1>983040</Value1>
          </Entry>
          <Entry>
            <Values />
            <Value0>147456</Value0>
            <Value1>1048576</Value1>
          </Entry>
          <Entry>
            <Values />
            <Value0>147456</Value0>
            <Value1>1114112</Value1>
          </Entry>
          <Entry>
            <Values />
            <Value0>147456</Value0>
            <Value1>1179648</Value1>
          </Entry>
          <Entry>
            <Values />
            <Value0>147456</Value0>
            <Value1>1245184</Value1>
          </Entry>
          <Entry>
            <Values />
            <Value0>147456</Value0>
            <Value1>1310720</Value1>
          </Entry>
          <Entry>
            <Values />
            <Value0>147456</Value0>
            <Value1>1376256</Value1>
          </Entry>
          <Entry>
            <Values />
            <Value0>147456</Value0>
            <Value1>1441792</Value1>
          </Entry>
          <Entry>
            <Values />
            <Value0>147456</Value0>
            <Value1>1507328</Value1>
          </Entry>
          <Entry>
            <Values />
            <Value0>147456</Value0>
            <Value1>1572864</Value1>
          </Entry>
          <Entry>
            <Values />
            <Value0>147456</Value0>
            <Value1>1638400</Value1>
          </Entry>
          <Entry>
            <Values />
            <Value0>147456</Value0>
            <Value1>1703936</Value1>
          </Entry>
          <Entry>
            <Values />
            <Value0>147456</Value0>
            <Value1>1769472</Value1>
          </Entry>
          <Entry>
            <Values />
            <Value0>147456</Value0>
            <Value1>1835008</Value1>
          </Entry>
          <Entry>
            <Values />
            <Value0>147456</Value0>
            <Value1>1900544</Value1>
          </Entry>
          <Entry>
            <Values />
            <Value0>147456</Value0>
            <Value1>1966080</Value1>
          </Entry>
          <Entry>
            <Values />
            <Value0>147456</Value0>
            <Value1>2031616</Value1>
          </Entry>
          <Entry>
            <Values />
            <Value0>147456</Value0>
            <Value1>2097152</Value1>
          </Entry>
          <Entry>
            <Values />
            <Value0>147456</Value0>
            <Value1>2162688</Value1>
          </Entry>
          <Entry>
            <Values />
            <Value0>147456</Value0>
            <Value1>2228224</Value1>
          </Entry>
          <Entry>
            <Values />
            <Value0>147456</Value0>
            <Value1>2293760</Value1>
          </Entry>
          <Entry>
            <Values />
            <Value0>147456</Value0>
            <Value1>2359296</Value1>
          </Entry>
          <Entry>
            <Values />
            <Value0>147456</Value0>
            <Value1>2424832</Value1>
          </Entry>
          <Entry>
            <Values />
            <Value0>147456</Value0>
            <Value1>2490368</Value1>
          </Entry>
          <Entry>
            <Values />
            <Value0>147456</Value0>
            <Value1>2555904</Value1>
          </Entry>
          <Entry>
            <Values />
            <Value0>147456</Value0>
            <Value1>2621440</Value1>
          </Entry>
          <Entry>
            <Values />
            <Value0>147456</Value0>
            <Value1>2686976</Value1>
          </Entry>
          <Entry>
            <Values />
            <Value0>147456</Value0>
            <Value1>2752512</Value1>
          </Entry>
          <Entry>
            <Values />
            <Value0>147456</Value0>
            <Value1>2818048</Value1>
          </Entry>
          <Entry>
            <Values />
            <Value0>147456</Value0>
            <Value1>2883584</Value1>
          </Entry>
          <Entry>
            <Values />
            <Value0>147456</Value0>
            <Value1>2949120</Value1>
          </Entry>
          <Entry>
            <Values />
            <Value0>147456</Value0>
            <Value1>3014656</Value1>
          </Entry>
          <Entry>
            <Values />
            <Value0>147456</Value0>
            <Value1>3080192</Value1>
          </Entry>
          <Entry>
            <Values />
            <Value0>147456</Value0>
            <Value1>3145728</Value1>
          </Entry>
          <Entry>
            <Values />
            <Value0>147456</Value0>
            <Value1>3211264</Value1>
          </Entry>
        </Unknown>
        <Dialogs>
          <Dialog>高嶺</Dialog>
          <Dialog>Waiting for facial 
expression check....</Dialog>
          <Dialog>Waiting....</Dialog>
          <Dialog>Normal</Dialog>
          <Dialog>Laugh</Dialog>
          <Dialog>Anger 1</Dialog>
          <Dialog>Anger 2</Dialog>
          <Dialog>Sad</Dialog>
          <Dialog>Entertained</Dialog>
          <Dialog>Surprised</Dialog>
          <Dialog>Troubled</Dialog>
          <Dialog>Fidgety</Dialog>
          <Dialog>Excited</Dialog>
          <Dialog>Laughing face</Dialog>
          <Dialog>Angry face</Dialog>
          <Dialog>Embarrassed 1</Dialog>
          <Dialog>Embarrassed 2</Dialog>
          <Dialog>Surprised</Dialog>
          <Dialog>Funny face</Dialog>
          <Dialog>Fidgety face</Dialog>
          <Dialog>Shocked</Dialog>
          <Dialog>Troubled laugh</Dialog>
          <Dialog>Smiling face</Dialog>
          <Dialog>Kissing face</Dialog>
          <Dialog>Kissing face with blink</Dialog>
          <Dialog>Kiss with half closed eyes</Dialog>
          <Dialog>Kiss face, blinking, long</Dialog>
          <Dialog>Kiss sometimes blinking</Dialog>
          <Dialog>Kiss with closed eyes</Dialog>
          <Dialog>Normal closed</Dialog>
          <Dialog>Troubled closed</Dialog>
          <Dialog>Angry closed</Dialog>
          <Dialog>Excited closed</Dialog>
          <Dialog>Embarrassed closed</Dialog>
          <Dialog>Wink</Dialog>
          <Dialog>Shy wink</Dialog>
          <Dialog>Smiling</Dialog>
          <Dialog>Angry face 2</Dialog>
          <Dialog>Happy cheek</Dialog>
          <Dialog>Troubled smile</Dialog>
          <Dialog>Kissing face</Dialog>
          <Dialog>Sideways sitting</Dialog>
          <Dialog>Sideways normal</Dialog>
          <Dialog>Sideways sad</Dialog>
          <Dialog>Sideways excited</Dialog>
          <Dialog>Sideways surprised</Dialog>
          <Dialog>Sideways laughing</Dialog>
          <Dialog>Sideways trouble</Dialog>
          <Dialog>Embarrassed</Dialog>
          <Dialog>That's all.</Dialog>
        </Dialogs>
      </SDL2>
    </Entry>
    <Entry Unknown0="742667884" Unknown1="2517149365">
      <SDL2 Key="3254674271">
        <Unknown>
          <Entry>
            <Values />
            <Value0>147456</Value0>
            <Value1>65536</Value1>
          </Entry>
          <Entry>
            <Values />
            <Value0>147458</Value0>
            <Value1>196608</Value1>
          </Entry>
          <Entry>
            <Values />
            <Value0>147460</Value0>
            <Value1>327680</Value1>
          </Entry>
          <Entry>
            <Values />
            <Value0>147458</Value0>
            <Value1>393216</Value1>
          </Entry>
          <Entry>
            <Values />
            <Value0>147460</Value0>
            <Value1>458752</Value1>
          </Entry>
          <Entry>
            <Values />
            <Value0>147456</Value0>
            <Value1>524288</Value1>
          </Entry>
          <Entry>
            <Values />
            <Value0>147460</Value0>
            <Value1>589824</Value1>
          </Entry>
          <Entry>
            <Values />
            <Value0>147456</Value0>
            <Value1>655360</Value1>
          </Entry>
          <Entry>
            <Values />
            <Value0>147458</Value0>
            <Value1>720896</Value1>
          </Entry>
          <Entry>
            <Values />
            <Value0>147468</Value0>
            <Value1>851968</Value1>
          </Entry>
        </Unknown>
        <Dialogs>
          <Dialog>小早川</Dialog>
          <Dialog>The day has finally come 
for Rinko and her friends 
to conquer the world!</Dialog>
          <Dialog>姉ヶ崎</Dialog>
          <Dialog>First, we'll use Japan as a 
foothold.</Dialog>
          <Dialog>高嶺</Dialog>
          <Dialog>We only speak Japanese, but 
I think this will be 
alright....</Dialog>
          <Dialog>My only worry is, if this 
will spurr the declining 
birthrate.</Dialog>
          <Dialog>Yeah... Maybe I'm a little 
too worried....</Dialog>
          <Dialog>But! You know what will 
happen if you cheat, right?</Dialog>
          <Dialog>I wish many people could 
play with me... I'm kidding.</Dialog>
          <Dialog>Rinko and her friends are 
the heroines.</Dialog>
          <Dialog>It's rumored that Konami's 
sales people are very good 
at it.</Dialog>
          <Dialog>3人</Dialog>
          <Dialog>Thank you very much!</Dialog>
        </Dialogs>
      </SDL2>
    </Entry>
    <Entry Unknown0="1323787670" Unknown1="3417950290">
      <SDL2 Key="2312099366">
        <Unknown>
          <Entry>
            <Values />
            <Value0>147456</Value0>
            <Value1>65536</Value1>
          </Entry>
          <Entry>
            <Values />
            <Value0>147458</Value0>
            <Value1>196608</Value1>
          </Entry>
          <Entry>
            <Values />
            <Value0>147458</Value0>
            <Value1>262144</Value1>
          </Entry>
          <Entry>
            <Values>
              <Entry>
                <Value0>12392</Value0>
                <Value1>0</Value1>
              </Entry>
            </Values>
            <Value0>147456</Value0>
            <Value1>327680</Value1>
          </Entry>
          <Entry>
            <Values />
            <Value0>147458</Value0>
            <Value1>393216</Value1>
          </Entry>
          <Entry>
            <Values>
              <Entry>
                <Value0>12393</Value0>
                <Value1>0</Value1>
              </Entry>
            </Values>
            <Value0>147456</Value0>
            <Value1>458752</Value1>
          </Entry>
          <Entry>
            <Values />
            <Value0>147458</Value0>
            <Value1>524288</Value1>
          </Entry>
          <Entry>
            <Values>
              <Entry>
                <Value0>12394</Value0>
                <Value1>0</Value1>
              </Entry>
              <Entry>
                <Value0>12395</Value0>
                <Value1>667</Value1>
              </Entry>
            </Values>
            <Value0>147456</Value0>
            <Value1>589824</Value1>
          </Entry>
          <Entry>
            <Values />
            <Value0>147458</Value0>
            <Value1>655360</Value1>
          </Entry>
          <Entry>
            <Values>
              <Entry>
                <Value0>12396</Value0>
                <Value1>0</Value1>
              </Entry>
            </Values>
            <Value0>147456</Value0>
            <Value1>720896</Value1>
          </Entry>
          <Entry>
            <Values />
            <Value0>147458</Value0>
            <Value1>786432</Value1>
          </Entry>
          <Entry>
            <Values />
            <Value0>147458</Value0>
            <Value1>851968</Value1>
          </Entry>
          <Entry>
            <Values>
              <Entry>
                <Value0>12397</Value0>
                <Value1>0</Value1>
              </Entry>
            </Values>
            <Value0>147456</Value0>
            <Value1>917504</Value1>
          </Entry>
          <Entry>
            <Values />
            <Value0>147458</Value0>
            <Value1>983040</Value1>
          </Entry>
        </Unknown>
        <Dialogs>
          <Dialog>高嶺</Dialog>
          <Dialog>Mikan-strawberry coffee is 
beautiful.</Dialog>
          <Dialog>○○○○○○○○</Dialog>
          <Dialog>Hey...</Dialog>
          <Dialog>▲高嶺＊＊▲.</Dialog>
          <Dialog>What's wrong?</Dialog>
          <Dialog>Actually, I got the trip to 
Atami again.</Dialog>
          <Dialog>Really?　That's amazing...</Dialog>
          <Dialog>Yes, that's why I'd like to 
ask: Would you like to go 
with me again?</Dialog>
          <Dialog>...Yes. I want to go again.</Dialog>
          <Dialog>I see, I'm glad.</Dialog>
          <Dialog>When should we go?</Dialog>
          <Dialog>Hmm, that's right...</Dialog>
          <Dialog>Then, let's go two days and 
one night from ▲月▲▲日▲!</Dialog>
          <Dialog>Yup!</Dialog>
          <Dialog>（Nice, I will go on a trip 
with ▲高嶺＊＊▲ again!）</Dialog>
        </Dialogs>
      </SDL2>
    </Entry>
  </Entries>
</DBIN2>