<?xml version="1.0" encoding="utf-8"?><DBIN2 xmlns:xsi="http://www.w3.org/2001/XMLSchema-instance" xmlns:xsd="http://www.w3.org/2001/XMLSchema" Key="3220471765" Unknown="32">  
    <Entries>    
        <Entry Unknown0="1001347065" Unknown1="1846523949">      
            <SDL2 Key="4287204919">        
                <Unknown>          
                    <Entry>            
                        <Values>              
                            <Entry>                
                                <Value0>64441</Value0>                
                                <Value1>0</Value1>                
                            </Entry>              
                        </Values>            
                        <Value0>147456</Value0>            
                        <Value1>65536</Value1>            
                    </Entry>          
                </Unknown>        
                <Dialogs>          
                    <Dialog>姉ヶ崎</Dialog>          
                    <Dialog>你真的做得很好。我很高兴有这么好的男朋友。</Dialog>          
                </Dialogs>        
            </SDL2>      
        </Entry>    
        <Entry Unknown0="1795861545" Unknown1="3379685512">      
            <SDL2 Key="4287204919">        
                <Unknown>          
                    <Entry>            
                        <Values>              
                            <Entry>                
                                <Value0>64442</Value0>                
                                <Value1>0</Value1>                
                            </Entry>              
                        </Values>            
                        <Value0>147456</Value0>            
                        <Value1>65536</Value1>            
                    </Entry>          
                </Unknown>        
                <Dialogs>          
                    <Dialog>姉ヶ崎</Dialog>          
                    <Dialog>呵呵。不错。就像我男朋友期望的那样，对吧</Dialog>          
                </Dialogs>        
            </SDL2>      
        </Entry>    
        <Entry Unknown0="3295673476" Unknown1="782255085">      
            <SDL2 Key="4287204919">        
                <Unknown>          
                    <Entry>            
                        <Values>              
                            <Entry>                
                                <Value0>64443</Value0>                
                                <Value1>0</Value1>                
                            </Entry>              
                        </Values>            
                        <Value0>147456</Value0>            
                        <Value1>65536</Value1>            
                    </Entry>          
                </Unknown>        
                <Dialogs>          
                    <Dialog>姉ヶ崎</Dialog>          
                    <Dialog>你做得很好。你想要什么奖赏？我要你的头吗？呵呵。</Dialog>          
                </Dialogs>        
            </SDL2>      
        </Entry>    
        <Entry Unknown0="731850729" Unknown1="1593485341">      
            <SDL2 Key="834254211">        
                <Unknown>          
                    <Entry>            
                        <Values>              
                            <Entry>                
                                <Value0>64444</Value0>                
                                <Value1>0</Value1>                
                            </Entry>              
                        </Values>            
                        <Value0>147456</Value0>            
                        <Value1>65536</Value1>            
                    </Entry>          
                </Unknown>        
                <Dialogs>          
                    <Dialog>姉ヶ崎</Dialog>          
                    <Dialog>是的，你做得很好工作。非常好很好，很好。</Dialog>          
                </Dialogs>        
            </SDL2>      
        </Entry>    
        <Entry Unknown0="1543158809" Unknown1="3093813368">      
            <SDL2 Key="834254211">        
                <Unknown>          
                    <Entry>            
                        <Values>              
                            <Entry>                
                                <Value0>64445</Value0>                
                                <Value1>0</Value1>                
                            </Entry>              
                        </Values>            
                        <Value0>147456</Value0>            
                        <Value1>65536</Value1>            
                    </Entry>          
                </Unknown>        
                <Dialogs>          
                    <Dialog>姉ヶ崎</Dialog>          
                    <Dialog>是的，就这样。</Dialog>          
                </Dialogs>        
            </SDL2>      
        </Entry>    
        <Entry Unknown0="3026177140" Unknown1="479671261">      
            <SDL2 Key="834254211">        
                <Unknown>          
                    <Entry>            
                        <Values>              
                            <Entry>                
                                <Value0>64446</Value0>                
                                <Value1>0</Value1>                
                            </Entry>              
                        </Values>            
                        <Value0>147456</Value0>            
                        <Value1>65536</Value1>            
                    </Entry>          
                </Unknown>        
                <Dialogs>          
                    <Dialog>姉ヶ崎</Dialog>          
                    <Dialog>是的，是的。正如我所期待的那样。</Dialog>          
                </Dialogs>        
            </SDL2>      
        </Entry>    
        <Entry Unknown0="462370777" Unknown1="1156552717">      
            <SDL2 Key="834254211">        
                <Unknown>          
                    <Entry>            
                        <Values>              
                            <Entry>                
                                <Value0>64447</Value0>                
                                <Value1>0</Value1>                
                            </Entry>              
                        </Values>            
                        <Value0>147456</Value0>            
                        <Value1>65536</Value1>            
                    </Entry>          
                </Unknown>        
                <Dialogs>          
                    <Dialog>姉ヶ崎</Dialog>          
                    <Dialog>好。。。真遗憾。。。下次再试试，好吗</Dialog>          
                </Dialogs>        
            </SDL2>      
        </Entry>    
        <Entry Unknown0="1273662473" Unknown1="2740045928">      
            <SDL2 Key="1374285021">        
                <Unknown>          
                    <Entry>            
                        <Values>              
                            <Entry>                
                                <Value0>64448</Value0>                
                                <Value1>0</Value1>                
                            </Entry>              
                        </Values>            
                        <Value0>147456</Value0>            
                        <Value1>65536</Value1>            
                    </Entry>          
                </Unknown>        
                <Dialogs>          
                    <Dialog>姉ヶ崎</Dialog>          
                    <Dialog>嗯。。。还不够努力，是吗？你必须全力以赴</Dialog>          
                </Dialogs>        
            </SDL2>      
        </Entry>    
        <Entry Unknown0="2756697188" Unknown1="75506637">      
            <SDL2 Key="1374285021">        
                <Unknown>          
                    <Entry>            
                        <Values>              
                            <Entry>                
                                <Value0>64449</Value0>                
                                <Value1>0</Value1>                
                            </Entry>              
                        </Values>            
                        <Value0>147456</Value0>            
                        <Value1>65536</Value1>            
                    </Entry>          
                </Unknown>        
                <Dialogs>          
                    <Dialog>姉ヶ崎</Dialog>          
                    <Dialog>嘿。。。你在做你想做的样子安慰。只是下次再努力点，好吗</Dialog>          
                </Dialogs>        
            </SDL2>      
        </Entry>    
        <Entry Unknown0="192874441" Unknown1="886737149">      
            <SDL2 Key="1374285021">        
                <Unknown>          
                    <Entry>            
                        <Values>              
                            <Entry>                
                                <Value0>64450</Value0>                
                                <Value1>0</Value1>                
                            </Entry>              
                        </Values>            
                        <Value0>147456</Value0>            
                        <Value1>65536</Value1>            
                    </Entry>          
                </Unknown>        
                <Dialogs>          
                    <Dialog>姉ヶ崎</Dialog>          
                    <Dialog>下次再努力一点…好吗</Dialog>          
                </Dialogs>        
            </SDL2>      
        </Entry>    
        <Entry Unknown0="1004182777" Unknown1="2454173784">      
            <SDL2 Key="1374285021">        
                <Unknown>          
                    <Entry>            
                        <Values>              
                            <Entry>                
                                <Value0>64451</Value0>                
                                <Value1>0</Value1>                
                            </Entry>              
                        </Values>            
                        <Value0>147456</Value0>            
                        <Value1>65536</Value1>            
                    </Entry>          
                </Unknown>        
                <Dialogs>          
                    <Dialog>姉ヶ崎</Dialog>          
                    <Dialog>我以为你能做得更好。。。</Dialog>          
                </Dialogs>        
            </SDL2>      
        </Entry>    
        <Entry Unknown0="2487200852" Unknown1="4067890109">      
            <SDL2 Key="1374285021">        
                <Unknown>          
                    <Entry>            
                        <Values>              
                            <Entry>                
                                <Value0>64452</Value0>                
                                <Value1>0</Value1>                
                            </Entry>              
                        </Values>            
                        <Value0>147456</Value0>            
                        <Value1>65536</Value1>            
                    </Entry>          
                </Unknown>        
                <Dialogs>          
                    <Dialog>姉ヶ崎</Dialog>          
                    <Dialog>很遗憾。也许下次你能做得更好。</Dialog>          
                </Dialogs>        
            </SDL2>      
        </Entry>    
        <Entry Unknown0="4218361785" Unknown1="1254783213">      
            <SDL2 Key="431714228">        
                <Unknown>          
                    <Entry>            
                        <Values>              
                            <Entry>                
                                <Value0>64453</Value0>                
                                <Value1>0</Value1>                
                            </Entry>              
                        </Values>            
                        <Value0>147456</Value0>            
                        <Value1>65536</Value1>            
                    </Entry>          
                </Unknown>        
                <Dialogs>          
                    <Dialog>姉ヶ崎</Dialog>          
                    <Dialog>嗯？那么，你很擅长运动，是吗</Dialog>          
                </Dialogs>        
            </SDL2>      
        </Entry>    
        <Entry Unknown0="734686441" Unknown1="3963070536">      
            <SDL2 Key="431714228">        
                <Unknown>          
                    <Entry>            
                        <Values>              
                            <Entry>                
                                <Value0>64454</Value0>                
                                <Value1>0</Value1>                
                            </Entry>              
                        </Values>            
                        <Value0>147456</Value0>            
                        <Value1>65536</Value1>            
                    </Entry>          
                </Unknown>        
                <Dialogs>          
                    <Dialog>姉ヶ崎</Dialog>          
                    <Dialog>精彩的。你一直在工作，对吧？我很欣赏。</Dialog>          
                </Dialogs>        
            </SDL2>      
        </Entry>    
        <Entry Unknown0="2217720900" Unknown1="2288386989">      
            <SDL2 Key="431714228">        
                <Unknown>          
                    <Entry>            
                        <Values>              
                            <Entry>                
                                <Value0>64455</Value0>                
                                <Value1>0</Value1>                
                            </Entry>              
                        </Values>            
                        <Value0>147456</Value0>            
                        <Value1>65536</Value1>            
                    </Entry>          
                </Unknown>        
                <Dialogs>          
                    <Dialog>姉ヶ崎</Dialog>          
                    <Dialog>一个强壮的男人是如此的梦幻。。。</Dialog>          
                </Dialogs>        
            </SDL2>      
        </Entry>    
        <Entry Unknown0="3948930985" Unknown1="2025351389">      
            <SDL2 Key="431714228">        
                <Unknown>          
                    <Entry>            
                        <Values>              
                            <Entry>                
                                <Value0>64456</Value0>                
                                <Value1>0</Value1>                
                            </Entry>              
                        </Values>            
                        <Value0>147456</Value0>            
                        <Value1>65536</Value1>            
                    </Entry>          
                </Unknown>        
                <Dialogs>          
                    <Dialog>姉ヶ崎</Dialog>          
                    <Dialog>做得很好。男人通常擅长运动，是吗</Dialog>          
                </Dialogs>        
            </SDL2>      
        </Entry>    
        <Entry Unknown0="465206489" Unknown1="522491960">      
            <SDL2 Key="431714228">        
                <Unknown>          
                    <Entry>            
                        <Values>              
                            <Entry>                
                                <Value0>64457</Value0>                
                                <Value1>0</Value1>                
                            </Entry>              
                        </Values>            
                        <Value0>147456</Value0>            
                        <Value1>65536</Value1>            
                    </Entry>          
                </Unknown>        
                <Dialogs>          
                    <Dialog>姉ヶ崎</Dialog>          
                    <Dialog>成功。运动型的男人很有梦想，你知道吗</Dialog>          
                </Dialogs>        
            </SDL2>      
        </Entry>    
        <Entry Unknown0="1948224564" Unknown1="2958554013">      
            <SDL2 Key="1240110623">        
                <Unknown>          
                    <Entry>            
                        <Values>              
                            <Entry>                
                                <Value0>64458</Value0>                
                                <Value1>0</Value1>                
                            </Entry>              
                        </Values>            
                        <Value0>147456</Value0>            
                        <Value1>65536</Value1>            
                    </Entry>          
                </Unknown>        
                <Dialogs>          
                    <Dialog>姉ヶ崎</Dialog>          
                    <Dialog>你真的很用功。太好了。</Dialog>          
                </Dialogs>        
            </SDL2>      
        </Entry>    
        <Entry Unknown0="3679451033" Unknown1="1638553805">      
            <SDL2 Key="1240110623">        
                <Unknown>          
                    <Entry>            
                        <Values>              
                            <Entry>                
                                <Value0>64459</Value0>                
                                <Value1>0</Value1>                
                            </Entry>              
                        </Values>            
                        <Value0>147456</Value0>            
                        <Value1>65536</Value1>            
                    </Entry>          
                </Unknown>        
                <Dialogs>          
                    <Dialog>姉ヶ崎</Dialog>          
                    <Dialog>你真的在学习吗很难。很好.</Dialog>          
                </Dialogs>        
            </SDL2>      
        </Entry>    
        <Entry Unknown0="195710153" Unknown1="420907048">      
            <SDL2 Key="1240110623">        
                <Unknown>          
                    <Entry>            
                        <Values>              
                            <Entry>                
                                <Value0>64460</Value0>                
                                <Value1>0</Value1>                
                            </Entry>              
                        </Values>            
                        <Value0>147456</Value0>            
                        <Value1>65536</Value1>            
                    </Entry>          
                </Unknown>        
                <Dialogs>          
                    <Dialog>姉ヶ崎</Dialog>          
                    <Dialog>精彩的。你的成绩很好。我很欣赏。</Dialog>          
                </Dialogs>        
            </SDL2>      
        </Entry>    
        <Entry Unknown0="1678744612" Unknown1="3192251277">      
            <SDL2 Key="1240110623">        
                <Unknown>          
                    <Entry>            
                        <Values>              
                            <Entry>                
                                <Value0>64461</Value0>                
                                <Value1>0</Value1>                
                            </Entry>              
                        </Values>            
                        <Value0>147456</Value0>            
                        <Value1>65536</Value1>            
                    </Entry>          
                </Unknown>        
                <Dialogs>          
                    <Dialog>姉ヶ崎</Dialog>          
                    <Dialog>你学习很好。天啊。那个这不公平。</Dialog>          
                </Dialogs>        
            </SDL2>      
        </Entry>    
        <Entry Unknown0="3409954697" Unknown1="2392410301">      
            <SDL2 Key="1240110623">        
                <Unknown>          
                    <Entry>            
                        <Values>              
                            <Entry>                
                                <Value0>64462</Value0>                
                                <Value1>0</Value1>                
                            </Entry>              
                        </Values>            
                        <Value0>147456</Value0>            
                        <Value1>65536</Value1>            
                    </Entry>          
                </Unknown>        
                <Dialogs>          
                    <Dialog>姉ヶ崎</Dialog>          
                    <Dialog>你的成绩很好。是因为我教过你吗？呵呵。</Dialog>          
                </Dialogs>        
            </SDL2>      
        </Entry>    
        <Entry Unknown0="4221197497" Unknown1="554137624">      
            <SDL2 Key="4089190886">        
                <Unknown>          
                    <Entry>            
                        <Values>              
                            <Entry>                
                                <Value0>64463</Value0>                
                                <Value1>0</Value1>                
                            </Entry>              
                        </Values>            
                        <Value0>147456</Value0>            
                        <Value1>65536</Value1>            
                    </Entry>          
                </Unknown>        
                <Dialogs>          
                    <Dialog>姉ヶ崎</Dialog>          
                    <Dialog>嗯？你很有判断力。</Dialog>          
                </Dialogs>        
            </SDL2>      
        </Entry>    
        <Entry Unknown0="1426025492" Unknown1="3342324605">      
            <SDL2 Key="4089190886">        
                <Unknown>          
                    <Entry>            
                        <Values>              
                            <Entry>                
                                <Value0>64464</Value0>                
                                <Value1>0</Value1>                
                            </Entry>              
                        </Values>            
                        <Value0>147456</Value0>            
                        <Value1>65536</Value1>            
                    </Entry>          
                </Unknown>        
                <Dialogs>          
                    <Dialog>姉ヶ崎</Dialog>          
                    <Dialog>是的，很好，很好。你很有判断力。</Dialog>          
                </Dialogs>        
            </SDL2>      
        </Entry>    
        <Entry Unknown0="3140474745" Unknown1="2492151981">      
            <SDL2 Key="4089190886">        
                <Unknown>          
                    <Entry>            
                        <Values>              
                            <Entry>                
                                <Value0>64465</Value0>                
                                <Value1>0</Value1>                
                            </Entry>              
                        </Values>            
                        <Value0>147456</Value0>            
                        <Value1>65536</Value1>            
                    </Entry>          
                </Unknown>        
                <Dialogs>          
                    <Dialog>姉ヶ崎</Dialog>          
                    <Dialog>你的味道很好。我觉得那太好了。</Dialog>          
                </Dialogs>        
            </SDL2>      
        </Entry>    
        <Entry Unknown0="3951701161" Unknown1="871720968">      
            <SDL2 Key="4089190886">        
                <Unknown>          
                    <Entry>            
                        <Values>              
                            <Entry>                
                                <Value0>64466</Value0>                
                                <Value1>0</Value1>                
                            </Entry>              
                        </Values>            
                        <Value0>147456</Value0>            
                        <Value1>65536</Value1>            
                    </Entry>          
                </Unknown>        
                <Dialogs>          
                    <Dialog>姉ヶ崎</Dialog>          
                    <Dialog>你很有判断力吧？呵呵。</Dialog>          
                </Dialogs>        
            </SDL2>      
        </Entry>    
        <Entry Unknown0="1156545540" Unknown1="3559179117">      
            <SDL2 Key="4089190886">        
                <Unknown>          
                    <Entry>            
                        <Values>              
                            <Entry>                
                                <Value0>64467</Value0>                
                                <Value1>0</Value1>                
                            </Entry>              
                        </Values>            
                        <Value0>147456</Value0>            
                        <Value1>65536</Value1>            
                    </Entry>          
                </Unknown>        
                <Dialogs>          
                    <Dialog>姉ヶ崎</Dialog>          
                    <Dialog>你很有判断力。我看就知道了。</Dialog>          
                </Dialogs>        
            </SDL2>      
        </Entry>    
        <Entry Unknown0="2870978409" Unknown1="1551509661">      
            <SDL2 Key="602689345">        
                <Unknown>          
                    <Entry>            
                        <Values>              
                            <Entry>                
                                <Value0>64468</Value0>                
                                <Value1>0</Value1>                
                            </Entry>              
                        </Values>            
                        <Value0>147456</Value0>            
                        <Value1>65536</Value1>            
                    </Entry>          
                </Unknown>        
                <Dialogs>          
                    <Dialog>姉ヶ崎</Dialog>          
                    <Dialog>最近，人们说你很酷，你知道吗</Dialog>          
                </Dialogs>        
            </SDL2>      
        </Entry>    
        <Entry Unknown0="3682221209" Unknown1="3135723768">      
            <SDL2 Key="602689345">        
                <Unknown>          
                    <Entry>            
                        <Values>              
                            <Entry>                
                                <Value0>64469</Value0>                
                                <Value1>0</Value1>                
                            </Entry>              
                        </Values>            
                        <Value0>147456</Value0>            
                        <Value1>65536</Value1>            
                    </Entry>          
                </Unknown>        
                <Dialogs>          
                    <Dialog>姉ヶ崎</Dialog>          
                    <Dialog>你不酷吗？连我年级的女生都在谈论你。</Dialog>          
                </Dialogs>        
            </SDL2>      
        </Entry>    
        <Entry Unknown0="887049460" Unknown1="437695325">      
            <SDL2 Key="602689345">        
                <Unknown>          
                    <Entry>            
                        <Values>              
                            <Entry>                
                                <Value0>64470</Value0>                
                                <Value1>0</Value1>                
                            </Entry>              
                        </Values>            
                        <Value0>147456</Value0>            
                        <Value1>65536</Value1>            
                    </Entry>          
                </Unknown>        
                <Dialogs>          
                    <Dialog>姉ヶ崎</Dialog>          
                    <Dialog>嘿，如果你这么酷，我该怎么办</Dialog>          
                </Dialogs>        
            </SDL2>      
        </Entry>    
        <Entry Unknown0="2601498457" Unknown1="1248336013">      
            <SDL2 Key="602689345">        
                <Unknown>          
                    <Entry>            
                        <Values>              
                            <Entry>                
                                <Value0>64471</Value0>                
                                <Value1>0</Value1>                
                            </Entry>              
                        </Values>            
                        <Value0>147456</Value0>            
                        <Value1>65536</Value1>            
                    </Entry>          
                </Unknown>        
                <Dialogs>          
                    <Dialog>姉ヶ崎</Dialog>          
                    <Dialog>嘿，你也觉得你很酷吗？真可爱▼</Dialog>          
                </Dialogs>        
            </SDL2>      
        </Entry>    
        <Entry Unknown0="3412724873" Unknown1="2916370664">      
            <SDL2 Key="602689345">        
                <Unknown>          
                    <Entry>            
                        <Values>              
                            <Entry>                
                                <Value0>64472</Value0>                
                                <Value1>0</Value1>                
                            </Entry>              
                        </Values>            
                        <Value0>147456</Value0>            
                        <Value1>65536</Value1>            
                    </Entry>          
                </Unknown>        
                <Dialogs>          
                    <Dialog>姉ヶ崎</Dialog>          
                    <Dialog>你真可爱。但不要太受欢迎，好吗？呵呵。</Dialog>          
                </Dialogs>        
            </SDL2>      
        </Entry>    
    </Entries>  
</DBIN2>