<?xml version="1.0" encoding="utf-8"?><DBIN2 xmlns:xsi="http://www.w3.org/2001/XMLSchema-instance" xmlns:xsd="http://www.w3.org/2001/XMLSchema" Key="2076617007" Unknown="17">  
    <Entries>    
        <Entry Unknown0="288202379" Unknown1="2877818403">      
            <SDL2 Key="3647595870">        
                <Unknown>          
                    <Entry>            
                        <Values>              
                            <Entry>                
                                <Value0>4294901762</Value0>                
                                <Value1>0</Value1>                
                            </Entry>              
                        </Values>            
                        <Value0>147456</Value0>            
                        <Value1>65536</Value1>            
                    </Entry>          
                    <Entry>            
                        <Values/>            
                        <Value0>147458</Value0>            
                        <Value1>196608</Value1>            
                    </Entry>          
                    <Entry>            
                        <Values>              
                            <Entry>                
                                <Value0>84261</Value0>                
                                <Value1>0</Value1>                
                            </Entry>              
                        </Values>            
                        <Value0>147456</Value0>            
                        <Value1>262144</Value1>            
                    </Entry>          
                    <Entry>            
                        <Values/>            
                        <Value0>147458</Value0>            
                        <Value1>327680</Value1>            
                    </Entry>          
                    <Entry>            
                        <Values>              
                            <Entry>                
                                <Value0>84262</Value0>                
                                <Value1>0</Value1>                
                            </Entry>              
                        </Values>            
                        <Value0>147456</Value0>            
                        <Value1>393216</Value1>            
                    </Entry>          
                    <Entry>            
                        <Values/>            
                        <Value0>147458</Value0>            
                        <Value1>458752</Value1>            
                    </Entry>          
                    <Entry>            
                        <Values>              
                            <Entry>                
                                <Value0>84263</Value0>                
                                <Value1>0</Value1>                
                            </Entry>              
                        </Values>            
                        <Value0>147456</Value0>            
                        <Value1>524288</Value1>            
                    </Entry>          
                    <Entry>            
                        <Values/>            
                        <Value0>147458</Value0>            
                        <Value1>589824</Value1>            
                    </Entry>          
                    <Entry>            
                        <Values>              
                            <Entry>                
                                <Value0>84264</Value0>                
                                <Value1>0</Value1>                
                            </Entry>              
                        </Values>            
                        <Value0>147456</Value0>            
                        <Value1>655360</Value1>            
                    </Entry>          
                    <Entry>            
                        <Values/>            
                        <Value0>147458</Value0>            
                        <Value1>720896</Value1>            
                    </Entry>          
                </Unknown>        
                <Dialogs>          
                    <Dialog>姐崎</Dialog>          
                    <Dialog>▲主人公＊▲。</Dialog>          
                    <Dialog>○○○○○○○○</Dialog>          
                    <Dialog>嗯？</Dialog>          
                    <Dialog>最近网球部有关系好的同学吗？</Dialog>          
                    <Dialog>▲高嶺＊＊▲是指什么呢。</Dialog>          
                    <Dialog>最近，图书委员有关系好的后辈吗？</Dialog>          
                    <Dialog>▲▲小早川＊▲是吗。</Dialog>          
                    <Dialog>是真的。做—。</Dialog>          
                    <Dialog>说要做……什么？</Dialog>          
                    <Dialog>诶，不是受欢迎吗……不是吗？</Dialog>          
                    <Dialog>（怎么样……）</Dialog>          
                </Dialogs>        
            </SDL2>      
        </Entry>    
        <Entry Unknown0="2507701519" Unknown1="4150889070">      
            <SDL2 Key="4222098602">        
                <Unknown>          
                    <Entry>            
                        <Values>              
                            <Entry>                
                                <Value0>4294901762</Value0>                
                                <Value1>0</Value1>                
                            </Entry>              
                        </Values>            
                        <Value0>147456</Value0>            
                        <Value1>65536</Value1>            
                    </Entry>          
                    <Entry>            
                        <Values/>            
                        <Value0>147458</Value0>            
                        <Value1>196608</Value1>            
                    </Entry>          
                    <Entry>            
                        <Values>              
                            <Entry>                
                                <Value0>84265</Value0>                
                                <Value1>0</Value1>                
                            </Entry>              
                        </Values>            
                        <Value0>147456</Value0>            
                        <Value1>262144</Value1>            
                    </Entry>          
                    <Entry>            
                        <Values/>            
                        <Value0>147458</Value0>            
                        <Value1>327680</Value1>            
                    </Entry>          
                    <Entry>            
                        <Values>              
                            <Entry>                
                                <Value0>84266</Value0>                
                                <Value1>0</Value1>                
                            </Entry>              
                        </Values>            
                        <Value0>147456</Value0>            
                        <Value1>393216</Value1>            
                    </Entry>          
                    <Entry>            
                        <Values/>            
                        <Value0>147458</Value0>            
                        <Value1>458752</Value1>            
                    </Entry>          
                    <Entry>            
                        <Values>              
                            <Entry>                
                                <Value0>84267</Value0>                
                                <Value1>0</Value1>                
                            </Entry>              
                        </Values>            
                        <Value0>147456</Value0>            
                        <Value1>524288</Value1>            
                    </Entry>          
                    <Entry>            
                        <Values/>            
                        <Value0>147458</Value0>            
                        <Value1>589824</Value1>            
                    </Entry>          
                    <Entry>            
                        <Values>              
                            <Entry>                
                                <Value0>84268</Value0>                
                                <Value1>0</Value1>                
                            </Entry>              
                        </Values>            
                        <Value0>147456</Value0>            
                        <Value1>655360</Value1>            
                    </Entry>          
                    <Entry>            
                        <Values/>            
                        <Value0>147458</Value0>            
                        <Value1>720896</Value1>            
                    </Entry>          
                </Unknown>        
                <Dialogs>          
                    <Dialog>姐崎</Dialog>          
                    <Dialog>▲主人公＊▲。</Dialog>          
                    <Dialog>○○○○○○○○</Dialog>          
                    <Dialog>嗯？什么？</Dialog>          
                    <Dialog>和网球部的同学有什么进展吗？</Dialog>          
                    <Dialog>可望不可及……。</Dialog>          
                    <Dialog>和图书委员的后辈有什么进展吗？</Dialog>          
                    <Dialog>▲▲小早川＊▲是吗……。</Dialog>          
                    <Dialog>你看，怎么样？</Dialog>          
                    <Dialog>进展并没有什么……不是那样的。</Dialog>          
                    <Dialog>啊，是吗？嗯，不太清楚啊。</Dialog>          
                    <Dialog>…………。</Dialog>          
                </Dialogs>        
            </SDL2>      
        </Entry>    
        <Entry Unknown0="3730438490" Unknown1="3522549071">      
            <SDL2 Key="4222098602">        
                <Unknown>          
                    <Entry>            
                        <Values/>            
                        <Value0>147456</Value0>            
                        <Value1>65536</Value1>            
                    </Entry>          
                    <Entry>            
                        <Values/>            
                        <Value0>147456</Value0>            
                        <Value1>131072</Value1>            
                    </Entry>          
                    <Entry>            
                        <Values/>            
                        <Value0>147456</Value0>            
                        <Value1>196608</Value1>            
                    </Entry>          
                    <Entry>            
                        <Values>              
                            <Entry>                
                                <Value0>61984</Value0>                
                                <Value1>0</Value1>                
                            </Entry>              
                        </Values>            
                        <Value0>65540</Value0>            
                        <Value1>147456</Value1>            
                    </Entry>          
                    <Entry>            
                        <Values/>            
                        <Value0>147456</Value0>            
                        <Value1>327680</Value1>            
                    </Entry>          
                    <Entry>            
                        <Values/>            
                        <Value0>147456</Value0>            
                        <Value1>393216</Value1>            
                    </Entry>          
                    <Entry>            
                        <Values/>            
                        <Value0>147456</Value0>            
                        <Value1>458752</Value1>            
                    </Entry>          
                    <Entry>            
                        <Values/>            
                        <Value0>147456</Value0>            
                        <Value1>524288</Value1>            
                    </Entry>          
                    <Entry>            
                        <Values>              
                            <Entry>                
                                <Value0>4294901762</Value0>                
                                <Value1>0</Value1>                
                            </Entry>              
                        </Values>            
                        <Value0>147465</Value0>            
                        <Value1>655360</Value1>            
                    </Entry>          
                    <Entry>            
                        <Values/>            
                        <Value0>147456</Value0>            
                        <Value1>720896</Value1>            
                    </Entry>          
                    <Entry>            
                        <Values>              
                            <Entry>                
                                <Value0>84269</Value0>                
                                <Value1>0</Value1>                
                            </Entry>              
                        </Values>            
                        <Value0>147465</Value0>            
                        <Value1>786432</Value1>            
                    </Entry>          
                    <Entry>            
                        <Values>              
                            <Entry>                
                                <Value0>84270</Value0>                
                                <Value1>0</Value1>                
                            </Entry>              
                        </Values>            
                        <Value0>147465</Value0>            
                        <Value1>851968</Value1>            
                    </Entry>          
                    <Entry>            
                        <Values/>            
                        <Value0>147456</Value0>            
                        <Value1>917504</Value1>            
                    </Entry>          
                    <Entry>            
                        <Values>              
                            <Entry>                
                                <Value0>84271</Value0>                
                                <Value1>0</Value1>                
                            </Entry>              
                        </Values>            
                        <Value0>147465</Value0>            
                        <Value1>983040</Value1>            
                    </Entry>          
                    <Entry>            
                        <Values/>            
                        <Value0>147456</Value0>            
                        <Value1>1048576</Value1>            
                    </Entry>          
                    <Entry>            
                        <Values>              
                            <Entry>                
                                <Value0>84272</Value0>                
                                <Value1>0</Value1>                
                            </Entry>              
                        </Values>            
                        <Value0>147465</Value0>            
                        <Value1>1114112</Value1>            
                    </Entry>          
                    <Entry>            
                        <Values/>            
                        <Value0>147456</Value0>            
                        <Value1>1179648</Value1>            
                    </Entry>          
                    <Entry>            
                        <Values>              
                            <Entry>                
                                <Value0>84273</Value0>                
                                <Value1>0</Value1>                
                            </Entry>              
                        </Values>            
                        <Value0>147465</Value0>            
                        <Value1>1245184</Value1>            
                    </Entry>          
                    <Entry>            
                        <Values/>            
                        <Value0>147456</Value0>            
                        <Value1>1310720</Value1>            
                    </Entry>          
                    <Entry>            
                        <Values>              
                            <Entry>                
                                <Value0>84274</Value0>                
                                <Value1>0</Value1>                
                            </Entry>              
                        </Values>            
                        <Value0>147465</Value0>            
                        <Value1>1376256</Value1>            
                    </Entry>          
                    <Entry>            
                        <Values>              
                            <Entry>                
                                <Value0>84275</Value0>                
                                <Value1>0</Value1>                
                            </Entry>              
                        </Values>            
                        <Value0>147465</Value0>            
                        <Value1>1441792</Value1>            
                    </Entry>          
                    <Entry>            
                        <Values>              
                            <Entry>                
                                <Value0>84276</Value0>                
                                <Value1>0</Value1>                
                            </Entry>              
                        </Values>            
                        <Value0>147465</Value0>            
                        <Value1>1507328</Value1>            
                    </Entry>          
                    <Entry>            
                        <Values>              
                            <Entry>                
                                <Value0>84277</Value0>                
                                <Value1>0</Value1>                
                            </Entry>              
                        </Values>            
                        <Value0>147465</Value0>            
                        <Value1>1572864</Value1>            
                    </Entry>          
                    <Entry>            
                        <Values/>            
                        <Value0>147456</Value0>            
                        <Value1>1638400</Value1>            
                    </Entry>          
                    <Entry>            
                        <Values>              
                            <Entry>                
                                <Value0>84278</Value0>                
                                <Value1>0</Value1>                
                            </Entry>              
                        </Values>            
                        <Value0>147465</Value0>            
                        <Value1>1703936</Value1>            
                    </Entry>          
                </Unknown>        
                <Dialogs>          
                    <Dialog>○○○○○○○○</Dialog>          
                    <Dialog>呼，今天打工也结束了……。</Dialog>          
                    <Dialog>啊，邮件……。</Dialog>          
                    <Dialog>▲姉ヶ崎＊▲。明明早就上去了，是不是忘了什么东西了呢。</Dialog>          
                    <Dialog>请到学校的校舍后面来</Dialog>          
                    <Dialog>（竟然用邮件叫出来……）</Dialog>          
                    <Dialog>（即便如此，学校？为什么……）</Dialog>          
                    <Dialog>（校舍后面……）</Dialog>          
                    <Dialog>▲姉ヶ崎＊▲。</Dialog>          
                    <Dialog>姐崎</Dialog>          
                    <Dialog>▲主人公＊▲。</Dialog>          
                    <Dialog>怎么了，突然。而且还是学校。</Dialog>          
                    <Dialog>嗯，其实哪里都可以……。总觉得，想改变一下心情。</Dialog>          
                    <Dialog>和你见面的时候，一开始觉得有点靠不住。</Dialog>          
                    <Dialog>嗯……可能是吧。</Dialog>          
                    <Dialog>呵呵。但是，你成长了呢。工作也好，其他也好。</Dialog>          
                    <Dialog>除此之外？</Dialog>          
                    <Dialog>嗯。关心我。偶尔也会有比我年长的感觉……。</Dialog>          
                    <Dialog>是吗，对不起。</Dialog>          
                    <Dialog>啊，不对。我想道谢。</Dialog>          
                    <Dialog>啊？</Dialog>          
                    <Dialog>说过了吧。我不是那种能让人依靠的人。</Dialog>          
                    <Dialog>你说不用勉强，我很高兴。</Dialog>          
                    <Dialog>能有像你这样的后辈真是太好了。</Dialog>          
                    <Dialog>从今以后也很可爱……希望偶尔能成为可靠的后辈。</Dialog>          
                    <Dialog>当然。如果可以的话。</Dialog>          
                    <Dialog>嗯……谢谢。</Dialog>          
                </Dialogs>        
            </SDL2>      
        </Entry>    
        <Entry Unknown0="3252506171" Unknown1="1580840659">      
            <SDL2 Key="3010109313">        
                <Unknown>          
                    <Entry>            
                        <Values/>            
                        <Value0>147456</Value0>            
                        <Value1>65536</Value1>            
                    </Entry>          
                    <Entry>            
                        <Values/>            
                        <Value0>147456</Value0>            
                        <Value1>131072</Value1>            
                    </Entry>          
                    <Entry>            
                        <Values/>            
                        <Value0>147456</Value0>            
                        <Value1>196608</Value1>            
                    </Entry>          
                    <Entry>            
                        <Values>              
                            <Entry>                
                                <Value0>61984</Value0>                
                                <Value1>0</Value1>                
                            </Entry>              
                        </Values>            
                        <Value0>65540</Value0>            
                        <Value1>147456</Value1>            
                    </Entry>          
                    <Entry>            
                        <Values/>            
                        <Value0>147456</Value0>            
                        <Value1>327680</Value1>            
                    </Entry>          
                    <Entry>            
                        <Values/>            
                        <Value0>147456</Value0>            
                        <Value1>393216</Value1>            
                    </Entry>          
                    <Entry>            
                        <Values/>            
                        <Value0>147456</Value0>            
                        <Value1>458752</Value1>            
                    </Entry>          
                    <Entry>            
                        <Values/>            
                        <Value0>147456</Value0>            
                        <Value1>524288</Value1>            
                    </Entry>          
                    <Entry>            
                        <Values>              
                            <Entry>                
                                <Value0>4294901762</Value0>                
                                <Value1>0</Value1>                
                            </Entry>              
                        </Values>            
                        <Value0>147465</Value0>            
                        <Value1>655360</Value1>            
                    </Entry>          
                    <Entry>            
                        <Values/>            
                        <Value0>147456</Value0>            
                        <Value1>720896</Value1>            
                    </Entry>          
                    <Entry>            
                        <Values/>            
                        <Value0>147456</Value0>            
                        <Value1>786432</Value1>            
                    </Entry>          
                    <Entry>            
                        <Values/>            
                        <Value0>147456</Value0>            
                        <Value1>851968</Value1>            
                    </Entry>          
                    <Entry>            
                        <Values/>            
                        <Value0>147456</Value0>            
                        <Value1>917504</Value1>            
                    </Entry>          
                </Unknown>        
                <Dialogs>          
                    <Dialog>○○○○○○○○</Dialog>          
                    <Dialog>呼，今天打工也结束了……。</Dialog>          
                    <Dialog>啊，邮件……。</Dialog>          
                    <Dialog>▲姉ヶ崎＊▲。明明早就上去了，是不是忘了什么东西了呢。</Dialog>          
                    <Dialog>请到学校的校舍后面来</Dialog>          
                    <Dialog>（竟然用邮件叫出来……）</Dialog>          
                    <Dialog>（即便如此，学校？为什么……）</Dialog>          
                    <Dialog>（校舍后面……）</Dialog>          
                    <Dialog>▲姉ヶ崎＊▲！</Dialog>          
                    <Dialog>姐崎</Dialog>          
                    <Dialog>▲主人公＊▲。</Dialog>          
                    <Dialog>▲姉ヶ崎＊▲……。</Dialog>          
                    <Dialog>…………。</Dialog>          
                    <Dialog>是梦吗……。</Dialog>          
                    <Dialog>（▲姉ヶ崎＊▲被告白时的事，不要想起来……）</Dialog>          
                </Dialogs>        
            </SDL2>      
        </Entry>    
        <Entry Unknown0="1160261055" Unknown1="2753247774">      
            <SDL2 Key="3010109313">        
                <Unknown>          
                    <Entry>            
                        <Values/>            
                        <Value0>147456</Value0>            
                        <Value1>65536</Value1>            
                    </Entry>          
                    <Entry>            
                        <Values/>            
                        <Value0>147456</Value0>            
                        <Value1>131072</Value1>            
                    </Entry>          
                    <Entry>            
                        <Values/>            
                        <Value0>147456</Value0>            
                        <Value1>196608</Value1>            
                    </Entry>          
                    <Entry>            
                        <Values>              
                            <Entry>                
                                <Value0>62030</Value0>                
                                <Value1>0</Value1>                
                            </Entry>              
                        </Values>            
                        <Value0>147460</Value0>            
                        <Value1>327680</Value1>            
                    </Entry>          
                    <Entry>            
                        <Values/>            
                        <Value0>147456</Value0>            
                        <Value1>393216</Value1>            
                    </Entry>          
                    <Entry>            
                        <Values/>            
                        <Value0>147456</Value0>            
                        <Value1>458752</Value1>            
                    </Entry>          
                    <Entry>            
                        <Values/>            
                        <Value0>147456</Value0>            
                        <Value1>524288</Value1>            
                    </Entry>          
                    <Entry>            
                        <Values/>            
                        <Value0>147456</Value0>            
                        <Value1>589824</Value1>            
                    </Entry>          
                    <Entry>            
                        <Values>              
                            <Entry>                
                                <Value0>4294901762</Value0>                
                                <Value1>0</Value1>                
                            </Entry>              
                        </Values>            
                        <Value0>147460</Value0>            
                        <Value1>655360</Value1>            
                    </Entry>          
                    <Entry>            
                        <Values/>            
                        <Value0>147456</Value0>            
                        <Value1>720896</Value1>            
                    </Entry>          
                    <Entry>            
                        <Values/>            
                        <Value0>147456</Value0>            
                        <Value1>786432</Value1>            
                    </Entry>          
                    <Entry>            
                        <Values/>            
                        <Value0>147456</Value0>            
                        <Value1>851968</Value1>            
                    </Entry>          
                    <Entry>            
                        <Values/>            
                        <Value0>147456</Value0>            
                        <Value1>917504</Value1>            
                    </Entry>          
                </Unknown>        
                <Dialogs>          
                    <Dialog>○○○○○○○○</Dialog>          
                    <Dialog>呼，今天打工也结束了……。</Dialog>          
                    <Dialog>电话……▲姉ヶ崎＊▲？应该是先上去了……。</Dialog>          
                    <Dialog>如果……。</Dialog>          
                    <Dialog>姐崎</Dialog>          
                    <Dialog>喂，那个……。</Dialog>          
                    <Dialog>（特意打电话叫我……）</Dialog>          
                    <Dialog>（即便如此……为什么是学校……？）</Dialog>          
                    <Dialog>（原来是校舍后面啊……）</Dialog>          
                    <Dialog>▲姉ヶ崎＊▲！</Dialog>          
                    <Dialog>▲主人公＊▲。</Dialog>          
                    <Dialog>▲姉ヶ崎＊▲……。</Dialog>          
                    <Dialog>…………。</Dialog>          
                    <Dialog>是梦吗……。</Dialog>          
                    <Dialog>（▲姉ヶ崎＊▲被告白时的事，不要想起来……）</Dialog>          
                </Dialogs>        
            </SDL2>      
        </Entry>    
        <Entry Unknown0="2382997770" Unknown1="2359723519">      
            <SDL2 Key="3010109313">        
                <Unknown>          
                    <Entry>            
                        <Values/>            
                        <Value0>147456</Value0>            
                        <Value1>65536</Value1>            
                    </Entry>          
                    <Entry>            
                        <Values>              
                            <Entry>                
                                <Value0>62073</Value0>                
                                <Value1>0</Value1>                
                            </Entry>              
                        </Values>            
                        <Value0>147458</Value0>            
                        <Value1>196608</Value1>            
                    </Entry>          
                    <Entry>            
                        <Values/>            
                        <Value0>147456</Value0>            
                        <Value1>262144</Value1>            
                    </Entry>          
                    <Entry>            
                        <Values>              
                            <Entry>                
                                <Value0>62074</Value0>                
                                <Value1>0</Value1>                
                            </Entry>              
                        </Values>            
                        <Value0>147458</Value0>            
                        <Value1>327680</Value1>            
                    </Entry>          
                    <Entry>            
                        <Values/>            
                        <Value0>147456</Value0>            
                        <Value1>393216</Value1>            
                    </Entry>          
                    <Entry>            
                        <Values/>            
                        <Value0>147456</Value0>            
                        <Value1>458752</Value1>            
                    </Entry>          
                    <Entry>            
                        <Values/>            
                        <Value0>147456</Value0>            
                        <Value1>524288</Value1>            
                    </Entry>          
                    <Entry>            
                        <Values/>            
                        <Value0>147456</Value0>            
                        <Value1>589824</Value1>            
                    </Entry>          
                    <Entry>            
                        <Values>              
                            <Entry>                
                                <Value0>4294901762</Value0>                
                                <Value1>0</Value1>                
                            </Entry>              
                        </Values>            
                        <Value0>147458</Value0>            
                        <Value1>655360</Value1>            
                    </Entry>          
                    <Entry>            
                        <Values/>            
                        <Value0>147456</Value0>            
                        <Value1>720896</Value1>            
                    </Entry>          
                    <Entry>            
                        <Values/>            
                        <Value0>147456</Value0>            
                        <Value1>786432</Value1>            
                    </Entry>          
                    <Entry>            
                        <Values/>            
                        <Value0>147456</Value0>            
                        <Value1>851968</Value1>            
                    </Entry>          
                    <Entry>            
                        <Values/>            
                        <Value0>147456</Value0>            
                        <Value1>917504</Value1>            
                    </Entry>          
                </Unknown>        
                <Dialogs>          
                    <Dialog>○○○○○○○○</Dialog>          
                    <Dialog>呼，再过一会儿就结束了。再努一把力！</Dialog>          
                    <Dialog>姐崎</Dialog>          
                    <Dialog>喂。</Dialog>          
                    <Dialog>▲姉ヶ崎＊▲……是吗，今天提前结束了吧。</Dialog>          
                    <Dialog>那个……。</Dialog>          
                    <Dialog>（打工结束后想说什么呢……）</Dialog>          
                    <Dialog>（而且是学校？为什么……）</Dialog>          
                    <Dialog>（原来是校舍后面啊……）</Dialog>          
                    <Dialog>▲姉ヶ崎＊▲！</Dialog>          
                    <Dialog>▲主人公＊▲。</Dialog>          
                    <Dialog>▲姉ヶ崎＊▲……。</Dialog>          
                    <Dialog>…………。</Dialog>          
                    <Dialog>是梦吗……。</Dialog>          
                    <Dialog>（▲姉ヶ崎＊▲被告白时的事，不要想起来……）</Dialog>          
                </Dialogs>        
            </SDL2>      
        </Entry>    
        <Entry Unknown0="1905131243" Unknown1="32007811">      
            <SDL2 Key="3010109313">        
                <Unknown>          
                    <Entry>            
                        <Values/>            
                        <Value0>147456</Value0>            
                        <Value1>65536</Value1>            
                    </Entry>          
                    <Entry>            
                        <Values/>            
                        <Value0>147456</Value0>            
                        <Value1>131072</Value1>            
                    </Entry>          
                    <Entry>            
                        <Values/>            
                        <Value0>147456</Value0>            
                        <Value1>196608</Value1>            
                    </Entry>          
                    <Entry>            
                        <Values>              
                            <Entry>                
                                <Value0>61984</Value0>                
                                <Value1>0</Value1>                
                            </Entry>              
                        </Values>            
                        <Value0>65540</Value0>            
                        <Value1>147456</Value1>            
                    </Entry>          
                    <Entry>            
                        <Values/>            
                        <Value0>147456</Value0>            
                        <Value1>327680</Value1>            
                    </Entry>          
                    <Entry>            
                        <Values/>            
                        <Value0>147456</Value0>            
                        <Value1>393216</Value1>            
                    </Entry>          
                    <Entry>            
                        <Values/>            
                        <Value0>147456</Value0>            
                        <Value1>458752</Value1>            
                    </Entry>          
                    <Entry>            
                        <Values/>            
                        <Value0>147456</Value0>            
                        <Value1>524288</Value1>            
                    </Entry>          
                    <Entry>            
                        <Values>              
                            <Entry>                
                                <Value0>4294901762</Value0>                
                                <Value1>0</Value1>                
                            </Entry>              
                        </Values>            
                        <Value0>147465</Value0>            
                        <Value1>655360</Value1>            
                    </Entry>          
                    <Entry>            
                        <Values/>            
                        <Value0>147456</Value0>            
                        <Value1>720896</Value1>            
                    </Entry>          
                    <Entry>            
                        <Values>              
                            <Entry>                
                                <Value0>84279</Value0>                
                                <Value1>0</Value1>                
                            </Entry>              
                        </Values>            
                        <Value0>147465</Value0>            
                        <Value1>786432</Value1>            
                    </Entry>          
                    <Entry>            
                        <Values/>            
                        <Value0>147456</Value0>            
                        <Value1>851968</Value1>            
                    </Entry>          
                    <Entry>            
                        <Values/>            
                        <Value0>147456</Value0>            
                        <Value1>524288</Value1>            
                    </Entry>          
                    <Entry>            
                        <Values/>            
                        <Value0>147456</Value0>            
                        <Value1>720896</Value1>            
                    </Entry>          
                    <Entry>            
                        <Values/>            
                        <Value0>147456</Value0>            
                        <Value1>917504</Value1>            
                    </Entry>          
                    <Entry>            
                        <Values/>            
                        <Value0>147456</Value0>            
                        <Value1>983040</Value1>            
                    </Entry>          
                </Unknown>        
                <Dialogs>          
                    <Dialog>○○○○○○○○</Dialog>          
                    <Dialog>呼，今天打工也结束了……。</Dialog>          
                    <Dialog>啊，邮件……。</Dialog>          
                    <Dialog>▲姉ヶ崎＊▲。明明早就上去了，是不是忘了什么东西了呢。</Dialog>          
                    <Dialog>请到学校的校舍后面来</Dialog>          
                    <Dialog>（竟然用邮件叫出来……）</Dialog>          
                    <Dialog>（即便如此，学校？为什么……）</Dialog>          
                    <Dialog>（校舍后面……）</Dialog>          
                    <Dialog>▲姉ヶ崎＊▲！</Dialog>          
                    <Dialog>姐崎</Dialog>          
                    <Dialog>▲主人公＊▲。</Dialog>          
                    <Dialog>…………。</Dialog>          
                    <Dialog>喂，你有可爱的女朋友吧。该死！</Dialog>          
                    <Dialog>一种腐蚀！？</Dialog>          
                    <Dialog>那个……什么啊，是梦啊……。</Dialog>          
                    <Dialog>（居然做了这样的梦……对不起女朋友啊）</Dialog>          
                </Dialogs>        
            </SDL2>      
        </Entry>    
        <Entry Unknown0="4124630383" Unknown1="1506601678">      
            <SDL2 Key="3551180507">        
                <Unknown>          
                    <Entry>            
                        <Values>              
                            <Entry>                
                                <Value0>4294901762</Value0>                
                                <Value1>0</Value1>                
                            </Entry>              
                        </Values>            
                        <Value0>147456</Value0>            
                        <Value1>65536</Value1>            
                    </Entry>          
                    <Entry>            
                        <Values/>            
                        <Value0>147458</Value0>            
                        <Value1>196608</Value1>            
                    </Entry>          
                    <Entry>            
                        <Values>              
                            <Entry>                
                                <Value0>84280</Value0>                
                                <Value1>0</Value1>                
                            </Entry>              
                        </Values>            
                        <Value0>147456</Value0>            
                        <Value1>262144</Value1>            
                    </Entry>          
                    <Entry>            
                        <Values/>            
                        <Value0>147458</Value0>            
                        <Value1>327680</Value1>            
                    </Entry>          
                    <Entry>            
                        <Values>              
                            <Entry>                
                                <Value0>84281</Value0>                
                                <Value1>0</Value1>                
                            </Entry>              
                        </Values>            
                        <Value0>147456</Value0>            
                        <Value1>393216</Value1>            
                    </Entry>          
                    <Entry>            
                        <Values/>            
                        <Value0>147458</Value0>            
                        <Value1>458752</Value1>            
                    </Entry>          
                    <Entry>            
                        <Values>              
                            <Entry>                
                                <Value0>84282</Value0>                
                                <Value1>0</Value1>                
                            </Entry>              
                        </Values>            
                        <Value0>147456</Value0>            
                        <Value1>524288</Value1>            
                    </Entry>          
                    <Entry>            
                        <Values/>            
                        <Value0>147458</Value0>            
                        <Value1>589824</Value1>            
                    </Entry>          
                    <Entry>            
                        <Values>              
                            <Entry>                
                                <Value0>84283</Value0>                
                                <Value1>0</Value1>                
                            </Entry>              
                        </Values>            
                        <Value0>147456</Value0>            
                        <Value1>655360</Value1>            
                    </Entry>          
                    <Entry>            
                        <Values/>            
                        <Value0>147458</Value0>            
                        <Value1>720896</Value1>            
                    </Entry>          
                </Unknown>        
                <Dialogs>          
                    <Dialog>姐崎</Dialog>          
                    <Dialog>▲主人公＊▲。</Dialog>          
                    <Dialog>○○○○○○○○</Dialog>          
                    <Dialog>嗯？</Dialog>          
                    <Dialog>喂，我……你不觉得气氛有点变了吗。</Dialog>          
                    <Dialog>嗯？嗯……哪边？</Dialog>          
                    <Dialog>不是外表，而是内心……。</Dialog>          
                    <Dialog>内心……这么说来，好像很老实呢。</Dialog>          
                    <Dialog>是吗。要有冷静的感觉。</Dialog>          
                    <Dialog>确实……但是为什么突然。</Dialog>          
                    <Dialog>为什么呢。我觉得你会更高兴的。</Dialog>          
                    <Dialog>（冷静了x▲姉ヶ崎＊▲……果然不错啊）</Dialog>          
                </Dialogs>        
            </SDL2>      
        </Entry>    
        <Entry Unknown0="1052334522" Unknown1="1062417839">      
            <SDL2 Key="3551180507">        
                <Unknown>          
                    <Entry>            
                        <Values>              
                            <Entry>                
                                <Value0>4294901762</Value0>                
                                <Value1>0</Value1>                
                            </Entry>              
                        </Values>            
                        <Value0>147456</Value0>            
                        <Value1>65536</Value1>            
                    </Entry>          
                    <Entry>            
                        <Values/>            
                        <Value0>147458</Value0>            
                        <Value1>196608</Value1>            
                    </Entry>          
                    <Entry>            
                        <Values>              
                            <Entry>                
                                <Value0>84284</Value0>                
                                <Value1>0</Value1>                
                            </Entry>              
                        </Values>            
                        <Value0>147456</Value0>            
                        <Value1>262144</Value1>            
                    </Entry>          
                    <Entry>            
                        <Values/>            
                        <Value0>147458</Value0>            
                        <Value1>327680</Value1>            
                    </Entry>          
                    <Entry>            
                        <Values>              
                            <Entry>                
                                <Value0>84285</Value0>                
                                <Value1>0</Value1>                
                            </Entry>              
                        </Values>            
                        <Value0>147456</Value0>            
                        <Value1>393216</Value1>            
                    </Entry>          
                    <Entry>            
                        <Values/>            
                        <Value0>147458</Value0>            
                        <Value1>458752</Value1>            
                    </Entry>          
                    <Entry>            
                        <Values>              
                            <Entry>                
                                <Value0>84286</Value0>                
                                <Value1>0</Value1>                
                            </Entry>              
                        </Values>            
                        <Value0>147456</Value0>            
                        <Value1>524288</Value1>            
                    </Entry>          
                    <Entry>            
                        <Values/>            
                        <Value0>147458</Value0>            
                        <Value1>589824</Value1>            
                    </Entry>          
                    <Entry>            
                        <Values>              
                            <Entry>                
                                <Value0>84287</Value0>                
                                <Value1>0</Value1>                
                            </Entry>              
                        </Values>            
                        <Value0>147456</Value0>            
                        <Value1>655360</Value1>            
                    </Entry>          
                    <Entry>            
                        <Values/>            
                        <Value0>147458</Value0>            
                        <Value1>720896</Value1>            
                    </Entry>          
                </Unknown>        
                <Dialogs>          
                    <Dialog>姐崎</Dialog>          
                    <Dialog>▲主人公＊▲。</Dialog>          
                    <Dialog>○○○○○○○○</Dialog>          
                    <Dialog>嗯？</Dialog>          
                    <Dialog>瞧。我感觉印象变了吧。</Dialog>          
                    <Dialog>诶……嗯……是吗？</Dialog>          
                    <Dialog>不明白吗？已经！不是外表的事哦？</Dialog>          
                    <Dialog>嗯……总觉得有种很强的压迫感呢。</Dialog>          
                    <Dialog>呵呵，是吗。今后要稍微强硬一点。</Dialog>          
                    <Dialog>强势吗……确实是那样的感觉。但是为什么？</Dialog>          
                    <Dialog>啊？嗯，我觉得你更喜欢那个。</Dialog>          
                    <Dialog>（强势的▲姉ヶ崎＊▲吗……也许不错</Dialog>          
                </Dialogs>        
            </SDL2>      
        </Entry>    
        <Entry Unknown0="557690523" Unknown1="3030324787">      
            <SDL2 Key="3551180507">        
                <Unknown>          
                    <Entry>            
                        <Values>              
                            <Entry>                
                                <Value0>4294901762</Value0>                
                                <Value1>0</Value1>                
                            </Entry>              
                        </Values>            
                        <Value0>147456</Value0>            
                        <Value1>65536</Value1>            
                    </Entry>          
                    <Entry>            
                        <Values/>            
                        <Value0>147458</Value0>            
                        <Value1>196608</Value1>            
                    </Entry>          
                    <Entry>            
                        <Values>              
                            <Entry>                
                                <Value0>84288</Value0>                
                                <Value1>0</Value1>                
                            </Entry>              
                        </Values>            
                        <Value0>147456</Value0>            
                        <Value1>262144</Value1>            
                    </Entry>          
                    <Entry>            
                        <Values/>            
                        <Value0>147458</Value0>            
                        <Value1>327680</Value1>            
                    </Entry>          
                    <Entry>            
                        <Values>              
                            <Entry>                
                                <Value0>84289</Value0>                
                                <Value1>0</Value1>                
                            </Entry>              
                        </Values>            
                        <Value0>147456</Value0>            
                        <Value1>393216</Value1>            
                    </Entry>          
                    <Entry>            
                        <Values/>            
                        <Value0>147458</Value0>            
                        <Value1>458752</Value1>            
                    </Entry>          
                    <Entry>            
                        <Values>              
                            <Entry>                
                                <Value0>84290</Value0>                
                                <Value1>0</Value1>                
                            </Entry>              
                        </Values>            
                        <Value0>147456</Value0>            
                        <Value1>524288</Value1>            
                    </Entry>          
                    <Entry>            
                        <Values/>            
                        <Value0>147458</Value0>            
                        <Value1>589824</Value1>            
                    </Entry>          
                    <Entry>            
                        <Values>              
                            <Entry>                
                                <Value0>84291</Value0>                
                                <Value1>0</Value1>                
                            </Entry>              
                        </Values>            
                        <Value0>147456</Value0>            
                        <Value1>655360</Value1>            
                    </Entry>          
                    <Entry>            
                        <Values/>            
                        <Value0>147458</Value0>            
                        <Value1>720896</Value1>            
                    </Entry>          
                </Unknown>        
                <Dialogs>          
                    <Dialog>姐崎</Dialog>          
                    <Dialog>▲主人公＊▲。</Dialog>          
                    <Dialog>○○○○○○○○</Dialog>          
                    <Dialog>嗯？</Dialog>          
                    <Dialog>那个，我印象好像不一样。</Dialog>          
                    <Dialog>印象……怎么样。</Dialog>          
                    <Dialog>我不知道。真没办法，真是的。好吧好吧。</Dialog>          
                    <Dialog>等、等一下……。</Dialog>          
                    <Dialog>讨厌这样的姐姐吗？</Dialog>          
                    <Dialog>虽然不是讨厌。为什么突然？</Dialog>          
                    <Dialog>因为我觉得这样开朗的姐姐很喜欢你。</Dialog>          
                    <Dialog>（开朗的▲姉ヶ崎＊▲吗……也许不错</Dialog>          
                </Dialogs>        
            </SDL2>      
        </Entry>    
        <Entry Unknown0="2777189663" Unknown1="393845374">      
            <SDL2 Key="2607499698">        
                <Unknown>          
                    <Entry>            
                        <Values/>            
                        <Value0>147456</Value0>            
                        <Value1>65536</Value1>            
                    </Entry>          
                    <Entry>            
                        <Values>              
                            <Entry>                
                                <Value0>84292</Value0>                
                                <Value1>0</Value1>                
                            </Entry>              
                        </Values>            
                        <Value0>147458</Value0>            
                        <Value1>196608</Value1>            
                    </Entry>          
                    <Entry>            
                        <Values/>            
                        <Value0>147456</Value0>            
                        <Value1>262144</Value1>            
                    </Entry>          
                    <Entry>            
                        <Values>              
                            <Entry>                
                                <Value0>84293</Value0>                
                                <Value1>0</Value1>                
                            </Entry>              
                        </Values>            
                        <Value0>147458</Value0>            
                        <Value1>327680</Value1>            
                    </Entry>          
                    <Entry>            
                        <Values/>            
                        <Value0>147456</Value0>            
                        <Value1>393216</Value1>            
                    </Entry>          
                    <Entry>            
                        <Values>              
                            <Entry>                
                                <Value0>84294</Value0>                
                                <Value1>0</Value1>                
                            </Entry>              
                        </Values>            
                        <Value0>147458</Value0>            
                        <Value1>458752</Value1>            
                    </Entry>          
                    <Entry>            
                        <Values/>            
                        <Value0>147456</Value0>            
                        <Value1>524288</Value1>            
                    </Entry>          
                </Unknown>        
                <Dialogs>          
                    <Dialog>○○○○○○○○</Dialog>          
                    <Dialog>那个，▲姉ヶ崎＊▲。经常去维也纳汉堡吗？</Dialog>          
                    <Dialog>姐崎</Dialog>          
                    <Dialog>是啊，我经常去。回学校什么的。</Dialog>          
                    <Dialog>是啊，那很普通吧。</Dialog>          
                    <Dialog>虽然不知道是不是普通的……为什么？</Dialog>          
                    <Dialog>有没有在我们学校没进过学的人呢。</Dialog>          
                    <Dialog>嗯，那的确是很少见的。</Dialog>          
                    <Dialog>（嗯……但是▲高嶺＊＊▲的话呢？）</Dialog>          
                </Dialogs>        
            </SDL2>      
        </Entry>    
        <Entry Unknown0="3999861098" Unknown1="4043695455">      
            <SDL2 Key="2607499698">        
                <Unknown>          
                    <Entry>            
                        <Values/>            
                        <Value0>147456</Value0>            
                        <Value1>65536</Value1>            
                    </Entry>          
                    <Entry>            
                        <Values>              
                            <Entry>                
                                <Value0>84295</Value0>                
                                <Value1>0</Value1>                
                            </Entry>              
                        </Values>            
                        <Value0>147458</Value0>            
                        <Value1>196608</Value1>            
                    </Entry>          
                    <Entry>            
                        <Values/>            
                        <Value0>147456</Value0>            
                        <Value1>262144</Value1>            
                    </Entry>          
                    <Entry>            
                        <Values>              
                            <Entry>                
                                <Value0>84296</Value0>                
                                <Value1>0</Value1>                
                            </Entry>              
                        </Values>            
                        <Value0>147458</Value0>            
                        <Value1>327680</Value1>            
                    </Entry>          
                    <Entry>            
                        <Values/>            
                        <Value0>147456</Value0>            
                        <Value1>393216</Value1>            
                    </Entry>          
                    <Entry>            
                        <Values>              
                            <Entry>                
                                <Value0>84297</Value0>                
                                <Value1>0</Value1>                
                            </Entry>              
                        </Values>            
                        <Value0>147458</Value0>            
                        <Value1>458752</Value1>            
                    </Entry>          
                    <Entry>            
                        <Values/>            
                        <Value0>147456</Value0>            
                        <Value1>524288</Value1>            
                    </Entry>          
                </Unknown>        
                <Dialogs>          
                    <Dialog>○○○○○○○○</Dialog>          
                    <Dialog>那个，▲姉ヶ崎＊▲。你知道我的观察员吧。</Dialog>          
                    <Dialog>姐崎</Dialog>          
                    <Dialog>嗯，当然。偶尔检查一下。</Dialog>          
                    <Dialog>这样啊。不怎么习惯玩的人，只靠杂志带别人去玩，你觉得怎么样？</Dialog>          
                    <Dialog>是啊……也有只在书上读不懂的地方。</Dialog>          
                    <Dialog>是吧？</Dialog>          
                    <Dialog>我觉得如果有其他人能引领我就好了。</Dialog>          
                    <Dialog>（是啊……▲高嶺＊＊▲，没问题吧）</Dialog>          
                </Dialogs>        
            </SDL2>      
        </Entry>    
        <Entry Unknown0="3521994315" Unknown1="2118698723">      
            <SDL2 Key="2607499698">        
                <Unknown>          
                    <Entry>            
                        <Values/>            
                        <Value0>147456</Value0>            
                        <Value1>65536</Value1>            
                    </Entry>          
                    <Entry>            
                        <Values>              
                            <Entry>                
                                <Value0>84298</Value0>                
                                <Value1>0</Value1>                
                            </Entry>              
                        </Values>            
                        <Value0>147458</Value0>            
                        <Value1>196608</Value1>            
                    </Entry>          
                    <Entry>            
                        <Values/>            
                        <Value0>147456</Value0>            
                        <Value1>262144</Value1>            
                    </Entry>          
                    <Entry>            
                        <Values>              
                            <Entry>                
                                <Value0>84299</Value0>                
                                <Value1>0</Value1>                
                            </Entry>              
                        </Values>            
                        <Value0>147458</Value0>            
                        <Value1>327680</Value1>            
                    </Entry>          
                    <Entry>            
                        <Values/>            
                        <Value0>147456</Value0>            
                        <Value1>393216</Value1>            
                    </Entry>          
                    <Entry>            
                        <Values>              
                            <Entry>                
                                <Value0>84300</Value0>                
                                <Value1>0</Value1>                
                            </Entry>              
                        </Values>            
                        <Value0>147458</Value0>            
                        <Value1>458752</Value1>            
                    </Entry>          
                    <Entry>            
                        <Values/>            
                        <Value0>147456</Value0>            
                        <Value1>524288</Value1>            
                    </Entry>          
                </Unknown>        
                <Dialogs>          
                    <Dialog>○○○○○○○○</Dialog>          
                    <Dialog>那个，▲姉ヶ崎＊▲。你觉得为了陪约会去练习怎么样？</Dialog>          
                    <Dialog>姐崎</Dialog>          
                    <Dialog>嗯……怎么回事？</Dialog>          
                    <Dialog>果然是这样的反应啊。</Dialog>          
                    <Dialog>也就是说……是约会吧？</Dialog>          
                    <Dialog>…………。</Dialog>          
                    <Dialog>啊，我被邀请去约会了。嘘嘘！</Dialog>          
                    <Dialog>（▲高嶺＊＊▲的那个是约会吗……不拒绝比较好吧）</Dialog>          
                </Dialogs>        
            </SDL2>      
        </Entry>    
        <Entry Unknown0="1429749199" Unknown1="2754169390">      
            <SDL2 Key="2607499698">        
                <Unknown>          
                    <Entry>            
                        <Values/>            
                        <Value0>147456</Value0>            
                        <Value1>65536</Value1>            
                    </Entry>          
                    <Entry>            
                        <Values>              
                            <Entry>                
                                <Value0>84301</Value0>                
                                <Value1>0</Value1>                
                            </Entry>              
                        </Values>            
                        <Value0>147458</Value0>            
                        <Value1>196608</Value1>            
                    </Entry>          
                    <Entry>            
                        <Values/>            
                        <Value0>147456</Value0>            
                        <Value1>262144</Value1>            
                    </Entry>          
                    <Entry>            
                        <Values>              
                            <Entry>                
                                <Value0>84302</Value0>                
                                <Value1>0</Value1>                
                            </Entry>              
                        </Values>            
                        <Value0>147458</Value0>            
                        <Value1>327680</Value1>            
                    </Entry>          
                    <Entry>            
                        <Values/>            
                        <Value0>147456</Value0>            
                        <Value1>393216</Value1>            
                    </Entry>          
                    <Entry>            
                        <Values>              
                            <Entry>                
                                <Value0>84303</Value0>                
                                <Value1>0</Value1>                
                            </Entry>              
                        </Values>            
                        <Value0>147458</Value0>            
                        <Value1>458752</Value1>            
                    </Entry>          
                    <Entry>            
                        <Values/>            
                        <Value0>147456</Value0>            
                        <Value1>524288</Value1>            
                    </Entry>          
                </Unknown>        
                <Dialogs>          
                    <Dialog>○○○○○○○○</Dialog>          
                    <Dialog>那个，▲姉ヶ崎＊▲。▲姉ヶ崎＊▲你会去夜晚的繁华街吗？</Dialog>          
                    <Dialog>姐崎</Dialog>          
                    <Dialog>没那回事。你已经把人当成什么了。</Dialog>          
                    <Dialog>对不起。啊，是啊。</Dialog>          
                    <Dialog>为什么？</Dialog>          
                    <Dialog>看到我们的后辈，有点在意。</Dialog>          
                    <Dialog>这样啊，不是很危险吗。</Dialog>          
                    <Dialog>（果然很危险啊……▲▲小早川＊▲）</Dialog>          
                </Dialogs>        
            </SDL2>      
        </Entry>    
        <Entry Unknown0="2652485914" Unknown1="2360710415">      
            <SDL2 Key="3417009949">        
                <Unknown>          
                    <Entry>            
                        <Values/>            
                        <Value0>147456</Value0>            
                        <Value1>65536</Value1>            
                    </Entry>          
                    <Entry>            
                        <Values>              
                            <Entry>                
                                <Value0>84304</Value0>                
                                <Value1>0</Value1>                
                            </Entry>              
                        </Values>            
                        <Value0>147458</Value0>            
                        <Value1>196608</Value1>            
                    </Entry>          
                    <Entry>            
                        <Values/>            
                        <Value0>147456</Value0>            
                        <Value1>262144</Value1>            
                    </Entry>          
                    <Entry>            
                        <Values>              
                            <Entry>                
                                <Value0>84305</Value0>                
                                <Value1>0</Value1>                
                            </Entry>              
                        </Values>            
                        <Value0>147458</Value0>            
                        <Value1>327680</Value1>            
                    </Entry>          
                    <Entry>            
                        <Values/>            
                        <Value0>147456</Value0>            
                        <Value1>393216</Value1>            
                    </Entry>          
                    <Entry>            
                        <Values>              
                            <Entry>                
                                <Value0>84306</Value0>                
                                <Value1>0</Value1>                
                            </Entry>              
                        </Values>            
                        <Value0>147458</Value0>            
                        <Value1>458752</Value1>            
                    </Entry>          
                    <Entry>            
                        <Values/>            
                        <Value0>147456</Value0>            
                        <Value1>524288</Value1>            
                    </Entry>          
                </Unknown>        
                <Dialogs>          
                    <Dialog>○○○○○○○○</Dialog>          
                    <Dialog>那个，▲姉ヶ崎＊▲。放学后穿便服来学校，这是怎么回事呢。</Dialog>          
                    <Dialog>姐崎</Dialog>          
                    <Dialog>嗯，虽然没怎么见过……。怎么了？</Dialog>          
                    <Dialog>有点后辈……。</Dialog>          
                    <Dialog>嗯，是啊……。家里发生了什么事吗。</Dialog>          
                    <Dialog>果然是这样啊……。</Dialog>          
                    <Dialog>听他说怎么样。</Dialog>          
                    <Dialog>（是吧……▲▲小早川＊▲……）</Dialog>          
                </Dialogs>        
            </SDL2>      
        </Entry>    
        <Entry Unknown0="2174553851" Unknown1="33060499">      
            <SDL2 Key="3417009949">        
                <Unknown>          
                    <Entry>            
                        <Values/>            
                        <Value0>147456</Value0>            
                        <Value1>65536</Value1>            
                    </Entry>          
                    <Entry>            
                        <Values>              
                            <Entry>                
                                <Value0>84307</Value0>                
                                <Value1>0</Value1>                
                            </Entry>              
                        </Values>            
                        <Value0>147458</Value0>            
                        <Value1>196608</Value1>            
                    </Entry>          
                    <Entry>            
                        <Values/>            
                        <Value0>147456</Value0>            
                        <Value1>262144</Value1>            
                    </Entry>          
                    <Entry>            
                        <Values>              
                            <Entry>                
                                <Value0>84308</Value0>                
                                <Value1>0</Value1>                
                            </Entry>              
                        </Values>            
                        <Value0>147458</Value0>            
                        <Value1>327680</Value1>            
                    </Entry>          
                    <Entry>            
                        <Values/>            
                        <Value0>147456</Value0>            
                        <Value1>393216</Value1>            
                    </Entry>          
                    <Entry>            
                        <Values>              
                            <Entry>                
                                <Value0>84309</Value0>                
                                <Value1>0</Value1>                
                            </Entry>              
                        </Values>            
                        <Value0>147458</Value0>            
                        <Value1>458752</Value1>            
                    </Entry>          
                    <Entry>            
                        <Values/>            
                        <Value0>147456</Value0>            
                        <Value1>524288</Value1>            
                    </Entry>          
                </Unknown>        
                <Dialogs>          
                    <Dialog>○○○○○○○○</Dialog>          
                    <Dialog>那个，▲姉ヶ崎＊▲。▲姉ヶ崎＊▲你要去深夜的便利店吗？</Dialog>          
                    <Dialog>姐崎</Dialog>          
                    <Dialog>是的，那很可怕。</Dialog>          
                    <Dialog>是啊。嗯……。</Dialog>          
                    <Dialog>怎么了？</Dialog>          
                    <Dialog>因为经常看到后辈，所以很在意吧。</Dialog>          
                    <Dialog>那很危险。也许是有什么原因……。</Dialog>          
                    <Dialog>（是吧……▲▲小早川＊▲……）</Dialog>          
                </Dialogs>        
            </SDL2>      
        </Entry>    
        <Entry Unknown0="99151231" Unknown1="2111699678">      
            <SDL2 Key="3417009949">        
                <Unknown>          
                    <Entry>            
                        <Values>              
                            <Entry>                
                                <Value0>4294901762</Value0>                
                                <Value1>0</Value1>                
                            </Entry>              
                        </Values>            
                        <Value0>147456</Value0>            
                        <Value1>65536</Value1>            
                    </Entry>          
                    <Entry>            
                        <Values/>            
                        <Value0>147458</Value0>            
                        <Value1>196608</Value1>            
                    </Entry>          
                    <Entry>            
                        <Values>              
                            <Entry>                
                                <Value0>84310</Value0>                
                                <Value1>0</Value1>                
                            </Entry>              
                        </Values>            
                        <Value0>147456</Value0>            
                        <Value1>262144</Value1>            
                    </Entry>          
                    <Entry>            
                        <Values/>            
                        <Value0>147458</Value0>            
                        <Value1>327680</Value1>            
                    </Entry>          
                    <Entry>            
                        <Values>              
                            <Entry>                
                                <Value0>84311</Value0>                
                                <Value1>0</Value1>                
                            </Entry>              
                        </Values>            
                        <Value0>147456</Value0>            
                        <Value1>393216</Value1>            
                    </Entry>          
                    <Entry>            
                        <Values/>            
                        <Value0>147458</Value0>            
                        <Value1>458752</Value1>            
                    </Entry>          
                    <Entry>            
                        <Values>              
                            <Entry>                
                                <Value0>84312</Value0>                
                                <Value1>0</Value1>                
                            </Entry>              
                        </Values>            
                        <Value0>147456</Value0>            
                        <Value1>524288</Value1>            
                    </Entry>          
                    <Entry>            
                        <Values/>            
                        <Value0>147458</Value0>            
                        <Value1>589824</Value1>            
                    </Entry>          
                    <Entry>            
                        <Values>              
                            <Entry>                
                                <Value0>84313</Value0>                
                                <Value1>0</Value1>                
                            </Entry>              
                        </Values>            
                        <Value0>147456</Value0>            
                        <Value1>655360</Value1>            
                    </Entry>          
                    <Entry>            
                        <Values/>            
                        <Value0>147458</Value0>            
                        <Value1>720896</Value1>            
                    </Entry>          
                    <Entry>            
                        <Values>              
                            <Entry>                
                                <Value0>84314</Value0>                
                                <Value1>0</Value1>                
                            </Entry>              
                        </Values>            
                        <Value0>147456</Value0>            
                        <Value1>786432</Value1>            
                    </Entry>          
                    <Entry>            
                        <Values>              
                            <Entry>                
                                <Value0>84315</Value0>                
                                <Value1>0</Value1>                
                            </Entry>              
                        </Values>            
                        <Value0>147456</Value0>            
                        <Value1>851968</Value1>            
                    </Entry>          
                    <Entry>            
                        <Values/>            
                        <Value0>147458</Value0>            
                        <Value1>917504</Value1>            
                    </Entry>          
                    <Entry>            
                        <Values>              
                            <Entry>                
                                <Value0>84316</Value0>                
                                <Value1>0</Value1>                
                            </Entry>              
                        </Values>            
                        <Value0>147456</Value0>            
                        <Value1>983040</Value1>            
                    </Entry>          
                    <Entry>            
                        <Values/>            
                        <Value0>147458</Value0>            
                        <Value1>1048576</Value1>            
                    </Entry>          
                    <Entry>            
                        <Values>              
                            <Entry>                
                                <Value0>84317</Value0>                
                                <Value1>0</Value1>                
                            </Entry>              
                        </Values>            
                        <Value0>147456</Value0>            
                        <Value1>1114112</Value1>            
                    </Entry>          
                    <Entry>            
                        <Values>              
                            <Entry>                
                                <Value0>84318</Value0>                
                                <Value1>0</Value1>                
                            </Entry>              
                        </Values>            
                        <Value0>147456</Value0>            
                        <Value1>1179648</Value1>            
                    </Entry>          
                    <Entry>            
                        <Values/>            
                        <Value0>147458</Value0>            
                        <Value1>1245184</Value1>            
                    </Entry>          
                    <Entry>            
                        <Values>              
                            <Entry>                
                                <Value0>84319</Value0>                
                                <Value1>0</Value1>                
                            </Entry>              
                        </Values>            
                        <Value0>147456</Value0>            
                        <Value1>1310720</Value1>            
                    </Entry>          
                    <Entry>            
                        <Values>              
                            <Entry>                
                                <Value0>84320</Value0>                
                                <Value1>0</Value1>                
                            </Entry>              
                        </Values>            
                        <Value0>147456</Value0>            
                        <Value1>1376256</Value1>            
                    </Entry>          
                    <Entry>            
                        <Values/>            
                        <Value0>147458</Value0>            
                        <Value1>1441792</Value1>            
                    </Entry>          
                    <Entry>            
                        <Values>              
                            <Entry>                
                                <Value0>84321</Value0>                
                                <Value1>0</Value1>                
                            </Entry>              
                        </Values>            
                        <Value0>147456</Value0>            
                        <Value1>1507328</Value1>            
                    </Entry>          
                    <Entry>            
                        <Values/>            
                        <Value0>147458</Value0>            
                        <Value1>1572864</Value1>            
                    </Entry>          
                    <Entry>            
                        <Values>              
                            <Entry>                
                                <Value0>84322</Value0>                
                                <Value1>0</Value1>                
                            </Entry>              
                        </Values>            
                        <Value0>147456</Value0>            
                        <Value1>1638400</Value1>            
                    </Entry>          
                    <Entry>            
                        <Values/>            
                        <Value0>147458</Value0>            
                        <Value1>1703936</Value1>            
                    </Entry>          
                    <Entry>            
                        <Values>              
                            <Entry>                
                                <Value0>84323</Value0>                
                                <Value1>0</Value1>                
                            </Entry>              
                        </Values>            
                        <Value0>147456</Value0>            
                        <Value1>1769472</Value1>            
                    </Entry>          
                    <Entry>            
                        <Values/>            
                        <Value0>147458</Value0>            
                        <Value1>1835008</Value1>            
                    </Entry>          
                </Unknown>        
                <Dialogs>          
                    <Dialog>姐崎</Dialog>          
                    <Dialog>▲主人公＊▲。</Dialog>          
                    <Dialog>○○○○○○○○</Dialog>          
                    <Dialog>▲姉ヶ崎＊▲……。</Dialog>          
                    <Dialog>怎么了，有想心事吗？</Dialog>          
                    <Dialog>…………。</Dialog>          
                    <Dialog>有什么事的话，说说看？</Dialog>          
                    <Dialog>虽然不是那样的……那个。</Dialog>          
                    <Dialog>嗯？</Dialog>          
                    <Dialog>▲姉ヶ崎＊▲是●的女朋友吧。</Dialog>          
                    <Dialog>诶……。</Dialog>          
                    <Dialog>……对不起。听着怪怪的。</Dialog>          
                    <Dialog>好啊……嗯。我是你的女朋友。</Dialog>          
                    <Dialog>真的，怎么了？</Dialog>          
                    <Dialog>总觉得，想了很多。</Dialog>          
                    <Dialog>各种各样？</Dialog>          
                    <Dialog>指我们。相遇、交往之前也有过各种各样的事情。</Dialog>          
                    <Dialog>这样啊……。</Dialog>          
                    <Dialog>你知道吗……就是那样。</Dialog>          
                    <Dialog>是啊。</Dialog>          
                    <Dialog>嗯。我啊，这种时候总是决定的，最后——</Dialog>          
                    <Dialog>果然，能和你交往太好了。</Dialog>          
                    <Dialog>啊啊……●我也是这么想的。</Dialog>          
                    <Dialog>呵呵，真的吗？</Dialog>          
                    <Dialog>当然。</Dialog>          
                    <Dialog>希望你能说清楚。</Dialog>          
                    <Dialog>嗯……▲姉ヶ崎＊▲能和你交往真是太好了。</Dialog>          
                    <Dialog>嗯……。</Dialog>          
                    <Dialog>（▲姉ヶ崎＊▲要是●的女朋友就好了……）</Dialog>          
                </Dialogs>        
            </SDL2>      
        </Entry>    
    </Entries>  
</DBIN2>