<?xml version="1.0" encoding="utf-8"?><DBIN2 xmlns:xsi="http://www.w3.org/2001/XMLSchema-instance" xmlns:xsd="http://www.w3.org/2001/XMLSchema" Key="2006029196" Unknown="6">  
    <Entries>    
        <Entry Unknown0="3890528349" Unknown1="651023570">      
            <SDL2 Key="2375141753">        
                <Unknown/>        
                <Dialogs/>        
            </SDL2>      
        </Entry>    
        <Entry Unknown0="917055150" Unknown1="2905023895">      
            <SDL2 Key="2375141753">        
                <Unknown>          
                    <Entry>            
                        <Values/>            
                        <Value0>147456</Value0>            
                        <Value1>65536</Value1>            
                    </Entry>          
                    <Entry>            
                        <Values>              
                            <Entry>                
                                <Value0>69027</Value0>                
                                <Value1>0</Value1>                
                            </Entry>              
                        </Values>            
                        <Value0>147458</Value0>            
                        <Value1>196608</Value1>            
                    </Entry>          
                    <Entry>            
                        <Values/>            
                        <Value0>147456</Value0>            
                        <Value1>262144</Value1>            
                    </Entry>          
                    <Entry>            
                        <Values>              
                            <Entry>                
                                <Value0>69028</Value0>                
                                <Value1>0</Value1>                
                            </Entry>              
                        </Values>            
                        <Value0>147458</Value0>            
                        <Value1>327680</Value1>            
                    </Entry>          
                    <Entry>            
                        <Values/>            
                        <Value0>147456</Value0>            
                        <Value1>393216</Value1>            
                    </Entry>          
                    <Entry>            
                        <Values/>            
                        <Value0>147458</Value0>            
                        <Value1>458752</Value1>            
                    </Entry>          
                    <Entry>            
                        <Values/>            
                        <Value0>147456</Value0>            
                        <Value1>458752</Value1>            
                    </Entry>          
                    <Entry>            
                        <Values>              
                            <Entry>                
                                <Value0>69029</Value0>                
                                <Value1>0</Value1>                
                            </Entry>              
                        </Values>            
                        <Value0>147458</Value0>            
                        <Value1>524288</Value1>            
                    </Entry>          
                    <Entry>            
                        <Values/>            
                        <Value0>147456</Value0>            
                        <Value1>589824</Value1>            
                    </Entry>          
                    <Entry>            
                        <Values/>            
                        <Value0>147456</Value0>            
                        <Value1>655360</Value1>            
                    </Entry>          
                    <Entry>            
                        <Values>              
                            <Entry>                
                                <Value0>69030</Value0>                
                                <Value1>0</Value1>                
                            </Entry>              
                        </Values>            
                        <Value0>147458</Value0>            
                        <Value1>720896</Value1>            
                    </Entry>          
                    <Entry>            
                        <Values/>            
                        <Value0>147456</Value0>            
                        <Value1>786432</Value1>            
                    </Entry>          
                    <Entry>            
                        <Values>              
                            <Entry>                
                                <Value0>69031</Value0>                
                                <Value1>0</Value1>                
                            </Entry>              
                        </Values>            
                        <Value0>147458</Value0>            
                        <Value1>851968</Value1>            
                    </Entry>          
                    <Entry>            
                        <Values/>            
                        <Value0>147456</Value0>            
                        <Value1>917504</Value1>            
                    </Entry>          
                    <Entry>            
                        <Values>              
                            <Entry>                
                                <Value0>69032</Value0>                
                                <Value1>0</Value1>                
                            </Entry>              
                        </Values>            
                        <Value0>147458</Value0>            
                        <Value1>983040</Value1>            
                    </Entry>          
                    <Entry>            
                        <Values>              
                            <Entry>                
                                <Value0>86500</Value0>                
                                <Value1>0</Value1>                
                            </Entry>              
                        </Values>            
                        <Value0>147458</Value0>            
                        <Value1>1048576</Value1>            
                    </Entry>          
                    <Entry>            
                        <Values/>            
                        <Value0>147456</Value0>            
                        <Value1>1114112</Value1>            
                    </Entry>          
                    <Entry>            
                        <Values>              
                            <Entry>                
                                <Value0>86501</Value0>                
                                <Value1>0</Value1>                
                            </Entry>              
                        </Values>            
                        <Value0>147458</Value0>            
                        <Value1>1179648</Value1>            
                    </Entry>          
                    <Entry>            
                        <Values/>            
                        <Value0>147456</Value0>            
                        <Value1>1245184</Value1>            
                    </Entry>          
                    <Entry>            
                        <Values>              
                            <Entry>                
                                <Value0>86502</Value0>                
                                <Value1>0</Value1>                
                            </Entry>              
                        </Values>            
                        <Value0>147458</Value0>            
                        <Value1>1310720</Value1>            
                    </Entry>          
                    <Entry>            
                        <Values/>            
                        <Value0>147456</Value0>            
                        <Value1>1376256</Value1>            
                    </Entry>          
                    <Entry>            
                        <Values>              
                            <Entry>                
                                <Value0>86503</Value0>                
                                <Value1>0</Value1>                
                            </Entry>              
                        </Values>            
                        <Value0>147458</Value0>            
                        <Value1>1441792</Value1>            
                    </Entry>          
                    <Entry>            
                        <Values/>            
                        <Value0>147456</Value0>            
                        <Value1>1507328</Value1>            
                    </Entry>          
                    <Entry>            
                        <Values>              
                            <Entry>                
                                <Value0>86504</Value0>                
                                <Value1>0</Value1>                
                            </Entry>              
                        </Values>            
                        <Value0>147458</Value0>            
                        <Value1>1572864</Value1>            
                    </Entry>          
                    <Entry>            
                        <Values/>            
                        <Value0>147456</Value0>            
                        <Value1>1638400</Value1>            
                    </Entry>          
                    <Entry>            
                        <Values>              
                            <Entry>                
                                <Value0>86505</Value0>                
                                <Value1>0</Value1>                
                            </Entry>              
                        </Values>            
                        <Value0>147458</Value0>            
                        <Value1>1703936</Value1>            
                    </Entry>          
                    <Entry>            
                        <Values/>            
                        <Value0>147456</Value0>            
                        <Value1>1769472</Value1>            
                    </Entry>          
                    <Entry>            
                        <Values>              
                            <Entry>                
                                <Value0>86506</Value0>                
                                <Value1>0</Value1>                
                            </Entry>              
                        </Values>            
                        <Value0>147458</Value0>            
                        <Value1>1835008</Value1>            
                    </Entry>          
                    <Entry>            
                        <Values/>            
                        <Value0>147456</Value0>            
                        <Value1>1900544</Value1>            
                    </Entry>          
                    <Entry>            
                        <Values>              
                            <Entry>                
                                <Value0>86507</Value0>                
                                <Value1>0</Value1>                
                            </Entry>              
                        </Values>            
                        <Value0>147458</Value0>            
                        <Value1>1966080</Value1>            
                    </Entry>          
                    <Entry>            
                        <Values/>            
                        <Value0>147456</Value0>            
                        <Value1>2031616</Value1>            
                    </Entry>          
                </Unknown>        
                <Dialogs>          
                    <Dialog>○○○○○○○○</Dialog>          
                    <Dialog>到了啊。</Dialog>          
                    <Dialog>姐崎</Dialog>          
                    <Dialog>嗯，我要住在这里。</Dialog>          
                    <Dialog>嗯……。</Dialog>          
                    <Dialog>什么？</Dialog>          
                    <Dialog>是两个人住在这里吧。</Dialog>          
                    <Dialog>……。</Dialog>          
                    <Dialog>嗯，去吗？</Dialog>          
                    <Dialog>嗯，嗯……。</Dialog>          
                    <Dialog>（开始紧张了……）</Dialog>          
                    <Dialog>我们被酒店的人认为是真正的夫妻吧。</Dialog>          
                    <Dialog>怎么样。我觉得恋爱的话不会输给真的。</Dialog>          
                    <Dialog>呵呵，我有自觉。</Dialog>          
                    <Dialog>那是当然的。</Dialog>          
                    <Dialog>那今天也给你看看吧？</Dialog>          
                    <Dialog>我来办理入住手续，你慢慢来。</Dialog>          
                    <Dialog>好啊，●说要做。</Dialog>          
                    <Dialog>好的，让我做吧？</Dialog>          
                    <Dialog>？</Dialog>          
                    <Dialog>让你久等了。</Dialog>          
                    <Dialog>走吧，▲姉ヶ崎＊▲。</Dialog>          
                    <Dialog>嗯。</Dialog>          
                    <Dialog>我带你去行李房。</Dialog>          
                    <Dialog>好的，拜托了♪</Dialog>          
                    <Dialog>噢。</Dialog>          
                    <Dialog>呵呵，你能看到我的太太吗？</Dialog>          
                    <Dialog>▲姉ヶ崎＊▲夫人……。</Dialog>          
                    <Dialog>我把台账的名字改成了你的姓</Dialog>          
                    <Dialog>一种腐蚀！？</Dialog>          
                    <Dialog>不？</Dialog>          
                    <Dialog>嗯，不。完全没有……。</Dialog>          
                </Dialogs>        
            </SDL2>      
        </Entry>    
        <Entry Unknown0="4244871027" Unknown1="4101565169">      
            <SDL2 Key="2375141753">        
                <Unknown>          
                    <Entry>            
                        <Values/>            
                        <Value0>147456</Value0>            
                        <Value1>65536</Value1>            
                    </Entry>          
                    <Entry>            
                        <Values/>            
                        <Value0>147456</Value0>            
                        <Value1>131072</Value1>            
                    </Entry>          
                    <Entry>            
                        <Values>              
                            <Entry>                
                                <Value0>69042</Value0>                
                                <Value1>0</Value1>                
                            </Entry>              
                        </Values>            
                        <Value0>147459</Value0>            
                        <Value1>262144</Value1>            
                    </Entry>          
                    <Entry>            
                        <Values/>            
                        <Value0>147456</Value0>            
                        <Value1>327680</Value1>            
                    </Entry>          
                    <Entry>            
                        <Values>              
                            <Entry>                
                                <Value0>69043</Value0>                
                                <Value1>0</Value1>                
                            </Entry>              
                            <Entry>                
                                <Value0>69044</Value0>                
                                <Value1>467</Value1>                
                            </Entry>              
                        </Values>            
                        <Value0>147459</Value0>            
                        <Value1>393216</Value1>            
                    </Entry>          
                    <Entry>            
                        <Values/>            
                        <Value0>147456</Value0>            
                        <Value1>458752</Value1>            
                    </Entry>          
                    <Entry>            
                        <Values>              
                            <Entry>                
                                <Value0>69045</Value0>                
                                <Value1>0</Value1>                
                            </Entry>              
                        </Values>            
                        <Value0>147459</Value0>            
                        <Value1>524288</Value1>            
                    </Entry>          
                    <Entry>            
                        <Values/>            
                        <Value0>147456</Value0>            
                        <Value1>589824</Value1>            
                    </Entry>          
                    <Entry>            
                        <Values>              
                            <Entry>                
                                <Value0>69046</Value0>                
                                <Value1>0</Value1>                
                            </Entry>              
                        </Values>            
                        <Value0>147459</Value0>            
                        <Value1>655360</Value1>            
                    </Entry>          
                    <Entry>            
                        <Values/>            
                        <Value0>147456</Value0>            
                        <Value1>720896</Value1>            
                    </Entry>          
                    <Entry>            
                        <Values>              
                            <Entry>                
                                <Value0>69047</Value0>                
                                <Value1>0</Value1>                
                            </Entry>              
                        </Values>            
                        <Value0>147459</Value0>            
                        <Value1>786432</Value1>            
                    </Entry>          
                    <Entry>            
                        <Values/>            
                        <Value0>147456</Value0>            
                        <Value1>851968</Value1>            
                    </Entry>          
                    <Entry>            
                        <Values>              
                            <Entry>                
                                <Value0>69049</Value0>                
                                <Value1>0</Value1>                
                            </Entry>              
                        </Values>            
                        <Value0>147459</Value0>            
                        <Value1>917504</Value1>            
                    </Entry>          
                    <Entry>            
                        <Values/>            
                        <Value0>147456</Value0>            
                        <Value1>983040</Value1>            
                    </Entry>          
                    <Entry>            
                        <Values>              
                            <Entry>                
                                <Value0>69050</Value0>                
                                <Value1>0</Value1>                
                            </Entry>              
                        </Values>            
                        <Value0>147459</Value0>            
                        <Value1>1048576</Value1>            
                    </Entry>          
                    <Entry>            
                        <Values/>            
                        <Value0>147456</Value0>            
                        <Value1>1114112</Value1>            
                    </Entry>          
                    <Entry>            
                        <Values>              
                            <Entry>                
                                <Value0>69051</Value0>                
                                <Value1>0</Value1>                
                            </Entry>              
                            <Entry>                
                                <Value0>69052</Value0>                
                                <Value1>467</Value1>                
                            </Entry>              
                        </Values>            
                        <Value0>147459</Value0>            
                        <Value1>1179648</Value1>            
                    </Entry>          
                    <Entry>            
                        <Values/>            
                        <Value0>147456</Value0>            
                        <Value1>1245184</Value1>            
                    </Entry>          
                    <Entry>            
                        <Values>              
                            <Entry>                
                                <Value0>69053</Value0>                
                                <Value1>0</Value1>                
                            </Entry>              
                            <Entry>                
                                <Value0>69054</Value0>                
                                <Value1>667</Value1>                
                            </Entry>              
                        </Values>            
                        <Value0>147459</Value0>            
                        <Value1>1310720</Value1>            
                    </Entry>          
                </Unknown>        
                <Dialogs>          
                    <Dialog>○○○○○○○○</Dialog>          
                    <Dialog>咦？</Dialog>          
                    <Dialog>▲姉ヶ崎＊▲房间是……。</Dialog>          
                    <Dialog>姐崎</Dialog>          
                    <Dialog>嗯，在这里哦？</Dialog>          
                    <Dialog>哪个住的房间？</Dialog>          
                    <Dialog>哪一个？是两个人住的房间吧？</Dialog>          
                    <Dialog>……一起？</Dialog>          
                    <Dialog>……讨厌？</Dialog>          
                    <Dialog>不是讨厌，但是。</Dialog>          
                    <Dialog>因为……好不容易一起旅行，却要分开什么的，就是这样。讨厌啊。</Dialog>          
                    <Dialog>▲姉ヶ崎＊▲……。</Dialog>          
                    <Dialog>一直在一起吧？</Dialog>          
                    <Dialog>呼……。</Dialog>          
                    <Dialog>呵呵，为什么每次进房间都会紧张呢？</Dialog>          
                    <Dialog>那是……因为。</Dialog>          
                    <Dialog>那样的话，我就没时间紧张了吧。</Dialog>          
                    <Dialog>啊？</Dialog>          
                    <Dialog>我也心跳不已。我已经硬到没注意到那个了。</Dialog>          
                    <Dialog>哦，这样啊。对不起。</Dialog>          
                    <Dialog>不要责备我。这种地方也很可爱，我喜欢。</Dialog>          
                </Dialogs>        
            </SDL2>      
        </Entry>    
        <Entry Unknown0="1465143501" Unknown1="1782400066">      
            <SDL2 Key="1163021391">        
                <Unknown>          
                    <Entry>            
                        <Values/>            
                        <Value0>147456</Value0>            
                        <Value1>65536</Value1>            
                    </Entry>          
                    <Entry>            
                        <Values>              
                            <Entry>                
                                <Value0>86508</Value0>                
                                <Value1>0</Value1>                
                            </Entry>              
                        </Values>            
                        <Value0>147458</Value0>            
                        <Value1>196608</Value1>            
                    </Entry>          
                    <Entry>            
                        <Values/>            
                        <Value0>147456</Value0>            
                        <Value1>262144</Value1>            
                    </Entry>          
                    <Entry>            
                        <Values>              
                            <Entry>                
                                <Value0>86509</Value0>                
                                <Value1>0</Value1>                
                            </Entry>              
                        </Values>            
                        <Value0>147458</Value0>            
                        <Value1>327680</Value1>            
                    </Entry>          
                    <Entry>            
                        <Values/>            
                        <Value0>147456</Value0>            
                        <Value1>393216</Value1>            
                    </Entry>          
                    <Entry>            
                        <Values/>            
                        <Value0>147456</Value0>            
                        <Value1>458752</Value1>            
                    </Entry>          
                    <Entry>            
                        <Values/>            
                        <Value0>147456</Value0>            
                        <Value1>524288</Value1>            
                    </Entry>          
                    <Entry>            
                        <Values>              
                            <Entry>                
                                <Value0>69091</Value0>                
                                <Value1>0</Value1>                
                            </Entry>              
                        </Values>            
                        <Value0>147458</Value0>            
                        <Value1>589824</Value1>            
                    </Entry>          
                    <Entry>            
                        <Values>              
                            <Entry>                
                                <Value0>69092</Value0>                
                                <Value1>0</Value1>                
                            </Entry>              
                        </Values>            
                        <Value0>147466</Value0>            
                        <Value1>720896</Value1>            
                    </Entry>          
                    <Entry>            
                        <Values/>            
                        <Value0>147456</Value0>            
                        <Value1>786432</Value1>            
                    </Entry>          
                    <Entry>            
                        <Values>              
                            <Entry>                
                                <Value0>69093</Value0>                
                                <Value1>0</Value1>                
                            </Entry>              
                            <Entry>                
                                <Value0>69094</Value0>                
                                <Value1>0</Value1>                
                            </Entry>              
                        </Values>            
                        <Value0>147458</Value0>            
                        <Value1>851968</Value1>            
                    </Entry>          
                    <Entry>            
                        <Values/>            
                        <Value0>147456</Value0>            
                        <Value1>917504</Value1>            
                    </Entry>          
                    <Entry>            
                        <Values>              
                            <Entry>                
                                <Value0>69095</Value0>                
                                <Value1>0</Value1>                
                            </Entry>              
                        </Values>            
                        <Value0>147458</Value0>            
                        <Value1>983040</Value1>            
                    </Entry>          
                    <Entry>            
                        <Values>              
                            <Entry>                
                                <Value0>69096</Value0>                
                                <Value1>0</Value1>                
                            </Entry>              
                            <Entry>                
                                <Value0>69097</Value0>                
                                <Value1>500</Value1>                
                            </Entry>              
                        </Values>            
                        <Value0>147458</Value0>            
                        <Value1>1048576</Value1>            
                    </Entry>          
                    <Entry>            
                        <Values/>            
                        <Value0>147456</Value0>            
                        <Value1>1114112</Value1>            
                    </Entry>          
                    <Entry>            
                        <Values>              
                            <Entry>                
                                <Value0>69098</Value0>                
                                <Value1>0</Value1>                
                            </Entry>              
                        </Values>            
                        <Value0>147458</Value0>            
                        <Value1>1179648</Value1>            
                    </Entry>          
                    <Entry>            
                        <Values/>            
                        <Value0>147456</Value0>            
                        <Value1>1245184</Value1>            
                    </Entry>          
                    <Entry>            
                        <Values>              
                            <Entry>                
                                <Value0>69099</Value0>                
                                <Value1>0</Value1>                
                            </Entry>              
                        </Values>            
                        <Value0>147458</Value0>            
                        <Value1>1310720</Value1>            
                    </Entry>          
                    <Entry>            
                        <Values/>            
                        <Value0>147456</Value0>            
                        <Value1>1376256</Value1>            
                    </Entry>          
                    <Entry>            
                        <Values>              
                            <Entry>                
                                <Value0>69100</Value0>                
                                <Value1>0</Value1>                
                            </Entry>              
                        </Values>            
                        <Value0>147458</Value0>            
                        <Value1>1441792</Value1>            
                    </Entry>          
                    <Entry>            
                        <Values/>            
                        <Value0>147456</Value0>            
                        <Value1>1507328</Value1>            
                    </Entry>          
                    <Entry>            
                        <Values>              
                            <Entry>                
                                <Value0>69101</Value0>                
                                <Value1>0</Value1>                
                            </Entry>              
                        </Values>            
                        <Value0>147458</Value0>            
                        <Value1>1572864</Value1>            
                    </Entry>          
                    <Entry>            
                        <Values/>            
                        <Value0>147456</Value0>            
                        <Value1>1638400</Value1>            
                    </Entry>          
                    <Entry>            
                        <Values>              
                            <Entry>                
                                <Value0>69102</Value0>                
                                <Value1>0</Value1>                
                            </Entry>              
                        </Values>            
                        <Value0>147458</Value0>            
                        <Value1>1703936</Value1>            
                    </Entry>          
                    <Entry>            
                        <Values/>            
                        <Value0>147456</Value0>            
                        <Value1>1769472</Value1>            
                    </Entry>          
                    <Entry>            
                        <Values>              
                            <Entry>                
                                <Value0>69103</Value0>                
                                <Value1>0</Value1>                
                            </Entry>              
                        </Values>            
                        <Value0>147458</Value0>            
                        <Value1>1835008</Value1>            
                    </Entry>          
                    <Entry>            
                        <Values/>            
                        <Value0>147456</Value0>            
                        <Value1>1769472</Value1>            
                    </Entry>          
                    <Entry>            
                        <Values/>            
                        <Value0>147456</Value0>            
                        <Value1>1900544</Value1>            
                    </Entry>          
                    <Entry>            
                        <Values>              
                            <Entry>                
                                <Value0>69104</Value0>                
                                <Value1>0</Value1>                
                            </Entry>              
                        </Values>            
                        <Value0>147458</Value0>            
                        <Value1>1966080</Value1>            
                    </Entry>          
                    <Entry>            
                        <Values/>            
                        <Value0>147456</Value0>            
                        <Value1>2031616</Value1>            
                    </Entry>          
                    <Entry>            
                        <Values>              
                            <Entry>                
                                <Value0>69105</Value0>                
                                <Value1>0</Value1>                
                            </Entry>              
                        </Values>            
                        <Value0>147458</Value0>            
                        <Value1>2097152</Value1>            
                    </Entry>          
                    <Entry>            
                        <Values/>            
                        <Value0>147456</Value0>            
                        <Value1>2162688</Value1>            
                    </Entry>          
                </Unknown>        
                <Dialogs>          
                    <Dialog>○○○○○○○○</Dialog>          
                    <Dialog>哦，差不多是自助餐开始的时间了。</Dialog>          
                    <Dialog>姐崎</Dialog>          
                    <Dialog>肚子饿了。嗯，好像会吃很多……。</Dialog>          
                    <Dialog>因为有很多新鲜的海产品。</Dialog>          
                    <Dialog>呵呵。有想吃的就给你拿过来，告诉我。</Dialog>          
                    <Dialog>好～。</Dialog>          
                    <Dialog>（糟糕，吃多了……）</Dialog>          
                    <Dialog>（▲姉ヶ崎＊▲，你去哪里了？）</Dialog>          
                    <Dialog>Thank you very much.</Dialog>          
                    <Dialog>住宿客人A</Dialog>          
                    <Dialog>不不，加油！</Dialog>          
                    <Dialog>和谁说话了？</Dialog>          
                    <Dialog>嗯，在那里。我从叔叔那里听到了好消息。</Dialog>          
                    <Dialog>大叔？</Dialog>          
                    <Dialog>从热海港坐船能去一个叫初岛的岛。</Dialog>          
                    <Dialog>听说那里有一个谁都没去过的海滩。</Dialog>          
                    <Dialog>……诶。</Dialog>          
                    <Dialog>然后呢，在那里发誓相爱的两个人会永远幸福。</Dialog>          
                    <Dialog>（好像在哪里听到过……）</Dialog>          
                    <Dialog>想去啊？</Dialog>          
                    <Dialog>来吧。那么明天就去寻找传说中的海滩。</Dialog>          
                    <Dialog>嗯，嗯。</Dialog>          
                    <Dialog>话说回来，大叔是？</Dialog>          
                    <Dialog>是绅士又漂亮的大叔哦？</Dialog>          
                    <Dialog>……嗯。</Dialog>          
                    <Dialog>年龄……70岁左右吧？</Dialog>          
                    <Dialog>……。</Dialog>          
                    <Dialog>呵呵，吃醋▼</Dialog>          
                    <Dialog>明天怎么办。</Dialog>          
                    <Dialog>喂，再去那里怎么样？</Dialog>          
                    <Dialog>那里……那个海滩？</Dialog>          
                    <Dialog>是的，那时候回忆的地方……。</Dialog>          
                    <Dialog>是啊，再找找看吧……。</Dialog>          
                </Dialogs>        
            </SDL2>      
        </Entry>    
        <Entry Unknown0="2786702878" Unknown1="999789831">      
            <SDL2 Key="1163021391">        
                <Unknown>          
                    <Entry>            
                        <Values/>            
                        <Value0>65536</Value0>            
                        <Value1>65537</Value1>            
                    </Entry>          
                    <Entry>            
                        <Values/>            
                        <Value0>65537</Value0>            
                        <Value1>65538</Value1>            
                    </Entry>          
                    <Entry>            
                        <Values/>            
                        <Value0>65538</Value0>            
                        <Value1>147459</Value1>            
                    </Entry>          
                    <Entry>            
                        <Values/>            
                        <Value0>147459</Value0>            
                        <Value1>262144</Value1>            
                    </Entry>          
                </Unknown>        
                <Dialogs>          
                    <Dialog>好，走吧！</Dialog>          
                    <Dialog>比起包租的温泉，不去露天温泉吗？</Dialog>          
                    <Dialog>……算了吧</Dialog>          
                    <Dialog>○○○○○○○○</Dialog>          
                    <Dialog>比起包租的温泉，不如去露天温泉？</Dialog>          
                </Dialogs>        
            </SDL2>      
        </Entry>    
        <Entry Unknown0="1836312547" Unknown1="1172855393">      
            <SDL2 Key="1737651099">        
                <Unknown>          
                    <Entry>            
                        <Values/>            
                        <Value0>147456</Value0>            
                        <Value1>65536</Value1>            
                    </Entry>          
                    <Entry>            
                        <Values/>            
                        <Value0>147456</Value0>            
                        <Value1>131072</Value1>            
                    </Entry>          
                    <Entry>            
                        <Values/>            
                        <Value0>147456</Value0>            
                        <Value1>196608</Value1>            
                    </Entry>          
                    <Entry>            
                        <Values>              
                            <Entry>                
                                <Value0>86510</Value0>                
                                <Value1>0</Value1>                
                            </Entry>              
                        </Values>            
                        <Value0>147460</Value0>            
                        <Value1>327680</Value1>            
                    </Entry>          
                    <Entry>            
                        <Values/>            
                        <Value0>147456</Value0>            
                        <Value1>393216</Value1>            
                    </Entry>          
                    <Entry>            
                        <Values>              
                            <Entry>                
                                <Value0>86511</Value0>                
                                <Value1>0</Value1>                
                            </Entry>              
                        </Values>            
                        <Value0>147460</Value0>            
                        <Value1>458752</Value1>            
                    </Entry>          
                    <Entry>            
                        <Values/>            
                        <Value0>147456</Value0>            
                        <Value1>524288</Value1>            
                    </Entry>          
                    <Entry>            
                        <Values>              
                            <Entry>                
                                <Value0>86512</Value0>                
                                <Value1>0</Value1>                
                            </Entry>              
                        </Values>            
                        <Value0>147460</Value0>            
                        <Value1>589824</Value1>            
                    </Entry>          
                    <Entry>            
                        <Values/>            
                        <Value0>147456</Value0>            
                        <Value1>655360</Value1>            
                    </Entry>          
                    <Entry>            
                        <Values>              
                            <Entry>                
                                <Value0>86513</Value0>                
                                <Value1>0</Value1>                
                            </Entry>              
                        </Values>            
                        <Value0>147460</Value0>            
                        <Value1>720896</Value1>            
                    </Entry>          
                    <Entry>            
                        <Values/>            
                        <Value0>147456</Value0>            
                        <Value1>786432</Value1>            
                    </Entry>          
                </Unknown>        
                <Dialogs>          
                    <Dialog>○○○○○○○○</Dialog>          
                    <Dialog>（这么说来，这张床……果然是一个一个地使用吧？）</Dialog>          
                    <Dialog>（如果这是被子的话，会黏在一起……）</Dialog>          
                    <Dialog>▲姉ヶ崎＊▲▲️！？</Dialog>          
                    <Dialog>姐崎</Dialog>          
                    <Dialog>被子也不错呢……。</Dialog>          
                    <Dialog>诶？……▲姉ヶ崎＊▲你也这么认为吗？</Dialog>          
                    <Dialog>我想？被子的话，放两个，看……喂？</Dialog>          
                    <Dialog>是、是啊！但是，如果是这样的话，虽然有点窄，但是在床上也是——</Dialog>          
                    <Dialog>不行啊。掉下来了。在床上滚来滚去。</Dialog>          
                    <Dialog>滚来滚去……啊，那边？</Dialog>          
                    <Dialog>……嗯？嗯～？你以为是哪一个？</Dialog>          
                    <Dialog>不，没什么……。</Dialog>          
                </Dialogs>        
            </SDL2>      
        </Entry>    
    </Entries>  
</DBIN2>