<?xml version="1.0" encoding="utf-8"?><DBIN2 xmlns:xsi="http://www.w3.org/2001/XMLSchema-instance" xmlns:xsd="http://www.w3.org/2001/XMLSchema" Key="2348198933" Unknown="13">  
    <Entries>    
        <Entry Unknown0="1655601134" Unknown1="954366403">      
            <SDL2 Key="3453373116">        
                <Unknown/>        
                <Dialogs/>        
            </SDL2>      
        </Entry>    
        <Entry Unknown0="1695385071" Unknown1="2553313828">      
            <SDL2 Key="394944792">        
                <Unknown/>        
                <Dialogs/>        
            </SDL2>      
        </Entry>    
        <Entry Unknown0="3294594640" Unknown1="3845249906">      
            <SDL2 Key="394944792">        
                <Unknown/>        
                <Dialogs/>        
            </SDL2>      
        </Entry>    
        <Entry Unknown0="308160414" Unknown1="3952224627">      
            <SDL2 Key="394944792">        
                <Unknown/>        
                <Dialogs/>        
            </SDL2>      
        </Entry>    
        <Entry Unknown0="364737951" Unknown1="1306536660">      
            <SDL2 Key="394944792">        
                <Unknown/>        
                <Dialogs/>        
            </SDL2>      
        </Entry>    
        <Entry Unknown0="1947170304" Unknown1="2464254754">      
            <SDL2 Key="394944792">        
                <Unknown/>        
                <Dialogs/>        
            </SDL2>      
        </Entry>    
        <Entry Unknown0="3255736142" Unknown1="2453854499">      
            <SDL2 Key="394944792">        
                <Unknown/>        
                <Dialogs/>        
            </SDL2>      
        </Entry>    
        <Entry Unknown0="3312264527" Unknown1="4069579396">      
            <SDL2 Key="3477923054">        
                <Unknown/>        
                <Dialogs/>        
            </SDL2>      
        </Entry>    
        <Entry Unknown0="616507056" Unknown1="1267809234">      
            <SDL2 Key="3477923054">        
                <Unknown/>        
                <Dialogs/>        
            </SDL2>      
        </Entry>    
        <Entry Unknown0="1925072894" Unknown1="1173522899">      
            <SDL2 Key="3477923054">        
                <Unknown/>        
                <Dialogs/>        
            </SDL2>      
        </Entry>    
        <Entry Unknown0="1964873215" Unknown1="3443558964">      
            <SDL2 Key="3477923054">        
                <Unknown/>        
                <Dialogs/>        
            </SDL2>      
        </Entry>    
        <Entry Unknown0="3564082784" Unknown1="2453793666">      
            <SDL2 Key="3477923054">        
                <Unknown/>        
                <Dialogs/>        
            </SDL2>      
        </Entry>    
        <Entry Unknown0="577648558" Unknown1="2661431683">      
            <SDL2 Key="3477923054">        
                <Unknown/>        
                <Dialogs/>        
            </SDL2>      
        </Entry>    
    </Entries>  
</DBIN2>