<?xml version="1.0" encoding="utf-8"?><DBIN2 xmlns:xsi="http://www.w3.org/2001/XMLSchema-instance" xmlns:xsd="http://www.w3.org/2001/XMLSchema" Key="1139247307" Unknown="35">  
    <Entries>    
        <Entry Unknown0="3593836058" Unknown1="2309053884">      
            <SDL2 Key="2805550828">        
                <Unknown/>        
                <Dialogs/>        
            </SDL2>      
        </Entry>    
        <Entry Unknown0="2226102984" Unknown1="531499826">      
            <SDL2 Key="2805550828">        
                <Unknown/>        
                <Dialogs/>        
            </SDL2>      
        </Entry>    
        <Entry Unknown0="4206615614" Unknown1="190415166">      
            <SDL2 Key="2805550828">        
                <Unknown/>        
                <Dialogs/>        
            </SDL2>      
        </Entry>    
        <Entry Unknown0="107300426" Unknown1="1406242284">      
            <SDL2 Key="1878700723">        
                <Unknown/>        
                <Dialogs/>        
            </SDL2>      
        </Entry>    
        <Entry Unknown0="3034534648" Unknown1="3856546658">      
            <SDL2 Key="1878700723">        
                <Unknown/>        
                <Dialogs/>        
            </SDL2>      
        </Entry>    
        <Entry Unknown0="720079982" Unknown1="3515461998">      
            <SDL2 Key="1878700723">        
                <Unknown/>        
                <Dialogs/>        
            </SDL2>      
        </Entry>    
        <Entry Unknown0="915764859" Unknown1="3707878684">      
            <SDL2 Key="1878700723">        
                <Unknown/>        
                <Dialogs/>        
            </SDL2>      
        </Entry>    
        <Entry Unknown0="3826188841" Unknown1="1259236242">      
            <SDL2 Key="1878700723">        
                <Unknown/>        
                <Dialogs/>        
            </SDL2>      
        </Entry>    
        <Entry Unknown0="1511767199" Unknown1="1606017438">      
            <SDL2 Key="2671437870">        
                <Unknown/>        
                <Dialogs/>        
            </SDL2>      
        </Entry>    
        <Entry Unknown0="1724196523" Unknown1="288484684">      
            <SDL2 Key="2671437870">        
                <Unknown/>        
                <Dialogs/>        
            </SDL2>      
        </Entry>    
        <Entry Unknown0="339685977" Unknown1="1732156354">      
            <SDL2 Key="2671437870">        
                <Unknown/>        
                <Dialogs/>        
            </SDL2>      
        </Entry>    
        <Entry Unknown0="2320198863" Unknown1="2481525198">      
            <SDL2 Key="2671437870">        
                <Unknown/>        
                <Dialogs/>        
            </SDL2>      
        </Entry>    
        <Entry Unknown0="2532693723" Unknown1="1935744380">      
            <SDL2 Key="2671437870">        
                <Unknown/>        
                <Dialogs/>        
            </SDL2>      
        </Entry>    
        <Entry Unknown0="1148183177" Unknown1="3849243634">      
            <SDL2 Key="2671437870">        
                <Unknown/>        
                <Dialogs/>        
            </SDL2>      
        </Entry>    
        <Entry Unknown0="3128630527" Unknown1="4044964350">      
            <SDL2 Key="1207725029">        
                <Unknown/>        
                <Dialogs/>        
            </SDL2>      
        </Entry>    
        <Entry Unknown0="3324347918" Unknown1="3784330668">      
            <SDL2 Key="1207725029">        
                <Unknown/>        
                <Dialogs/>        
            </SDL2>      
        </Entry>    
        <Entry Unknown0="1956614844" Unknown1="1872558882">      
            <SDL2 Key="1207725029">        
                <Unknown/>        
                <Dialogs/>        
            </SDL2>      
        </Entry>    
        <Entry Unknown0="3937127466" Unknown1="1363833134">      
            <SDL2 Key="1207725029">        
                <Unknown/>        
                <Dialogs/>        
            </SDL2>      
        </Entry>    
        <Entry Unknown0="4132812350" Unknown1="1572896220">      
            <SDL2 Key="1207725029">        
                <Unknown/>        
                <Dialogs/>        
            </SDL2>      
        </Entry>    
        <Entry Unknown0="2765046508" Unknown1="3251383122">      
            <SDL2 Key="1207725029">        
                <Unknown/>        
                <Dialogs/>        
            </SDL2>      
        </Entry>    
        <Entry Unknown0="450624602" Unknown1="3279593822">      
            <SDL2 Key="2033947487">        
                <Unknown/>        
                <Dialogs/>        
            </SDL2>      
        </Entry>    
        <Entry Unknown0="646276718" Unknown1="737193228">      
            <SDL2 Key="2033947487">        
                <Unknown/>        
                <Dialogs/>        
            </SDL2>      
        </Entry>    
        <Entry Unknown0="3573510684" Unknown1="3556531074">      
            <SDL2 Key="2033947487">        
                <Unknown/>        
                <Dialogs/>        
            </SDL2>      
        </Entry>    
        <Entry Unknown0="1242279050" Unknown1="3182088590">      
            <SDL2 Key="2033947487">        
                <Unknown/>        
                <Dialogs/>        
            </SDL2>      
        </Entry>    
        <Entry Unknown0="1454708383" Unknown1="4179680572">      
            <SDL2 Key="2033947487">        
                <Unknown/>        
                <Dialogs/>        
            </SDL2>      
        </Entry>    
        <Entry Unknown0="70197837" Unknown1="1697418162">      
            <SDL2 Key="2575022506">        
                <Unknown/>        
                <Dialogs/>        
            </SDL2>      
        </Entry>    
        <Entry Unknown0="2050710715" Unknown1="1876558270">      
            <SDL2 Key="2575022506">        
                <Unknown/>        
                <Dialogs/>        
            </SDL2>      
        </Entry>    
        <Entry Unknown0="2263205583" Unknown1="927993196">      
            <SDL2 Key="2575022506">        
                <Unknown/>        
                <Dialogs/>        
            </SDL2>      
        </Entry>    
        <Entry Unknown0="878695037" Unknown1="3076307938">      
            <SDL2 Key="2575022506">        
                <Unknown/>        
                <Dialogs/>        
            </SDL2>      
        </Entry>    
        <Entry Unknown0="2859142379" Unknown1="2567582190">      
            <SDL2 Key="2575022506">        
                <Unknown/>        
                <Dialogs/>        
            </SDL2>      
        </Entry>    
        <Entry Unknown0="3054892799" Unknown1="1702903196">      
            <SDL2 Key="2575022506">        
                <Unknown/>        
                <Dialogs/>        
            </SDL2>      
        </Entry>    
        <Entry Unknown0="1687126701" Unknown1="2307713810">      
            <SDL2 Key="1362971777">        
                <Unknown/>        
                <Dialogs/>        
            </SDL2>      
        </Entry>    
        <Entry Unknown0="3667606555" Unknown1="2335858974">      
            <SDL2 Key="1362971777">        
                <Unknown/>        
                <Dialogs/>        
            </SDL2>      
        </Entry>    
        <Entry Unknown0="3863324207" Unknown1="3551555020">      
            <SDL2 Key="1362971777">        
                <Unknown/>        
                <Dialogs/>        
            </SDL2>      
        </Entry>    
        <Entry Unknown0="2495591133" Unknown1="2612796226">      
            <SDL2 Key="1362971777">        
                <Unknown/>        
                <Dialogs/>        
            </SDL2>      
        </Entry>    
    </Entries>  
</DBIN2>