<?xml version="1.0" encoding="utf-8"?><DBIN2 xmlns:xsi="http://www.w3.org/2001/XMLSchema-instance" xmlns:xsd="http://www.w3.org/2001/XMLSchema" Key="2070527325" Unknown="5">  
    <Entries>    
        <Entry Unknown0="634647455" Unknown1="1270487750">      
            <SDL2 Key="1362971777">        
                <Unknown/>        
                <Dialogs/>        
            </SDL2>      
        </Entry>    
        <Entry Unknown0="916834994" Unknown1="562048412">      
            <SDL2 Key="1362971777">        
                <Unknown/>        
                <Dialogs/>        
            </SDL2>      
        </Entry>    
        <Entry Unknown0="208590216" Unknown1="3902145379">      
            <SDL2 Key="2171429852">        
                <Unknown/>        
                <Dialogs/>        
            </SDL2>      
        </Entry>    
        <Entry Unknown0="3582141263" Unknown1="4218014326">      
            <SDL2 Key="2171429852">        
                <Unknown/>        
                <Dialogs/>        
            </SDL2>      
        </Entry>    
        <Entry Unknown0="3864361570" Unknown1="3492928844">      
            <SDL2 Key="2171429852">        
                <Unknown/>        
                <Dialogs/>        
            </SDL2>      
        </Entry>    
    </Entries>  
</DBIN2>