<?xml version="1.0" encoding="utf-8"?><DBIN2 xmlns:xsi="http://www.w3.org/2001/XMLSchema-instance" xmlns:xsd="http://www.w3.org/2001/XMLSchema" Key="3375724475" Unknown="12">  
    <Entries>    
        <Entry Unknown0="1864516909" Unknown1="3946575540">      
            <SDL2 Key="3038930604">        
                <Unknown>          
                    <Entry>            
                        <Values>              
                            <Entry>                
                                <Value0>39767</Value0>                
                                <Value1>0</Value1>                
                            </Entry>              
                        </Values>            
                        <Value0>147456</Value0>            
                        <Value1>65536</Value1>            
                    </Entry>          
                    <Entry>            
                        <Values/>            
                        <Value0>147458</Value0>            
                        <Value1>196608</Value1>            
                    </Entry>          
                    <Entry>            
                        <Values>              
                            <Entry>                
                                <Value0>39768</Value0>                
                                <Value1>0</Value1>                
                            </Entry>              
                        </Values>            
                        <Value0>147456</Value0>            
                        <Value1>262144</Value1>            
                    </Entry>          
                    <Entry>            
                        <Values/>            
                        <Value0>147458</Value0>            
                        <Value1>327680</Value1>            
                    </Entry>          
                    <Entry>            
                        <Values>              
                            <Entry>                
                                <Value0>39774</Value0>                
                                <Value1>0</Value1>                
                            </Entry>              
                        </Values>            
                        <Value0>147456</Value0>            
                        <Value1>393216</Value1>            
                    </Entry>          
                    <Entry>            
                        <Values>              
                            <Entry>                
                                <Value0>39780</Value0>                
                                <Value1>0</Value1>                
                            </Entry>              
                        </Values>            
                        <Value0>147456</Value0>            
                        <Value1>458752</Value1>            
                    </Entry>          
                    <Entry>            
                        <Values/>            
                        <Value0>147458</Value0>            
                        <Value1>524288</Value1>            
                    </Entry>          
                    <Entry>            
                        <Values>              
                            <Entry>                
                                <Value0>39781</Value0>                
                                <Value1>0</Value1>                
                            </Entry>              
                        </Values>            
                        <Value0>147456</Value0>            
                        <Value1>589824</Value1>            
                    </Entry>          
                </Unknown>        
                <Dialogs>          
                    <Dialog>小早川</Dialog>          
                    <Dialog>是的，你好</Dialog>          
                    <Dialog>○○○○○○○○</Dialog>          
                    <Dialog>你好。是我。我在想你是不是想找个地方陪我。</Dialog>          
                    <Dialog>可以。我也想见到你。</Dialog>          
                    <Dialog>那我们在▲见面吧。</Dialog>          
                    <Dialog>知道了。我会去的。</Dialog>          
                    <Dialog>啊。。。我想我走不了。不过，对不起。</Dialog>          
                    <Dialog>是吗？我明白了。然后再跟你说。</Dialog>          
                    <Dialog>好的，再见。</Dialog>          
                </Dialogs>        
            </SDL2>      
        </Entry>    
        <Entry Unknown0="73281240" Unknown1="669098480">      
            <SDL2 Key="2636390365">        
                <Unknown>          
                    <Entry>            
                        <Values>              
                            <Entry>                
                                <Value0>39769</Value0>                
                                <Value1>0</Value1>                
                            </Entry>              
                        </Values>            
                        <Value0>147456</Value0>            
                        <Value1>65536</Value1>            
                    </Entry>          
                    <Entry>            
                        <Values/>            
                        <Value0>147458</Value0>            
                        <Value1>196608</Value1>            
                    </Entry>          
                    <Entry>            
                        <Values>              
                            <Entry>                
                                <Value0>39770</Value0>                
                                <Value1>0</Value1>                
                            </Entry>              
                        </Values>            
                        <Value0>147456</Value0>            
                        <Value1>262144</Value1>            
                    </Entry>          
                    <Entry>            
                        <Values/>            
                        <Value0>147458</Value0>            
                        <Value1>327680</Value1>            
                    </Entry>          
                    <Entry>            
                        <Values>              
                            <Entry>                
                                <Value0>39771</Value0>                
                                <Value1>0</Value1>                
                            </Entry>              
                        </Values>            
                        <Value0>147456</Value0>            
                        <Value1>393216</Value1>            
                    </Entry>          
                    <Entry>            
                        <Values>              
                            <Entry>                
                                <Value0>39772</Value0>                
                                <Value1>0</Value1>                
                            </Entry>              
                        </Values>            
                        <Value0>147456</Value0>            
                        <Value1>458752</Value1>            
                    </Entry>          
                    <Entry>            
                        <Values/>            
                        <Value0>147458</Value0>            
                        <Value1>524288</Value1>            
                    </Entry>          
                    <Entry>            
                        <Values>              
                            <Entry>                
                                <Value0>39773</Value0>                
                                <Value1>0</Value1>                
                            </Entry>              
                        </Values>            
                        <Value0>147456</Value0>            
                        <Value1>589824</Value1>            
                    </Entry>          
                </Unknown>        
                <Dialogs>          
                    <Dialog>小早川</Dialog>          
                    <Dialog>你好。怎么了？</Dialog>          
                    <Dialog>○○○○○○○○</Dialog>          
                    <Dialog>好吧，我现在想见你。没事吧</Dialog>          
                    <Dialog>你真幸运。凛子现在自由了。</Dialog>          
                    <Dialog>那我们在▲见面吧。</Dialog>          
                    <Dialog>那好吧。别给你做林考特，好吗</Dialog>          
                    <Dialog>真倒霉。。。现在，凛子很忙。</Dialog>          
                    <Dialog>是吗？我明白了。然后再跟你说。</Dialog>          
                    <Dialog>好吧，也许下次凛子有空的时候，好吗？再见。</Dialog>          
                </Dialogs>        
            </SDL2>      
        </Entry>    
        <Entry Unknown0="1074262292" Unknown1="3498958233">      
            <SDL2 Key="2636390365">        
                <Unknown>          
                    <Entry>            
                        <Values>              
                            <Entry>                
                                <Value0>39775</Value0>                
                                <Value1>0</Value1>                
                            </Entry>              
                        </Values>            
                        <Value0>147456</Value0>            
                        <Value1>65536</Value1>            
                    </Entry>          
                    <Entry>            
                        <Values/>            
                        <Value0>147458</Value0>            
                        <Value1>196608</Value1>            
                    </Entry>          
                    <Entry>            
                        <Values>              
                            <Entry>                
                                <Value0>39776</Value0>                
                                <Value1>0</Value1>                
                            </Entry>              
                        </Values>            
                        <Value0>147456</Value0>            
                        <Value1>262144</Value1>            
                    </Entry>          
                    <Entry>            
                        <Values/>            
                        <Value0>147458</Value0>            
                        <Value1>327680</Value1>            
                    </Entry>          
                    <Entry>            
                        <Values>              
                            <Entry>                
                                <Value0>39777</Value0>                
                                <Value1>0</Value1>                
                            </Entry>              
                        </Values>            
                        <Value0>147456</Value0>            
                        <Value1>393216</Value1>            
                    </Entry>          
                    <Entry>            
                        <Values>              
                            <Entry>                
                                <Value0>39778</Value0>                
                                <Value1>0</Value1>                
                            </Entry>              
                        </Values>            
                        <Value0>147456</Value0>            
                        <Value1>458752</Value1>            
                    </Entry>          
                    <Entry>            
                        <Values/>            
                        <Value0>147458</Value0>            
                        <Value1>524288</Value1>            
                    </Entry>          
                    <Entry>            
                        <Values>              
                            <Entry>                
                                <Value0>39779</Value0>                
                                <Value1>0</Value1>                
                            </Entry>              
                        </Values>            
                        <Value0>147456</Value0>            
                        <Value1>589824</Value1>            
                    </Entry>          
                </Unknown>        
                <Dialogs>          
                    <Dialog>小早川</Dialog>          
                    <Dialog>你好。和凛子有什么事吗</Dialog>          
                    <Dialog>○○○○○○○○</Dialog>          
                    <Dialog>啊，是我。想见面吗</Dialog>          
                    <Dialog>当然，没关系。</Dialog>          
                    <Dialog>那我们在▲见面吧。</Dialog>          
                    <Dialog>呵呵。你真的想见我</Dialog>          
                    <Dialog>嗯？真可惜。我现在不能走了。</Dialog>          
                    <Dialog>是吗？我明白了。然后再跟你说。</Dialog>          
                    <Dialog>是的，直到后来。</Dialog>          
                </Dialogs>        
            </SDL2>      
        </Entry>    
        <Entry Unknown0="4289869245" Unknown1="1909163588">      
            <SDL2 Key="3479389753">        
                <Unknown>          
                    <Entry>            
                        <Values>              
                            <Entry>                
                                <Value0>39782</Value0>                
                                <Value1>0</Value1>                
                            </Entry>              
                        </Values>            
                        <Value0>147456</Value0>            
                        <Value1>65536</Value1>            
                    </Entry>          
                    <Entry>            
                        <Values/>            
                        <Value0>147458</Value0>            
                        <Value1>196608</Value1>            
                    </Entry>          
                    <Entry>            
                        <Values>              
                            <Entry>                
                                <Value0>39783</Value0>                
                                <Value1>0</Value1>                
                            </Entry>              
                        </Values>            
                        <Value0>147456</Value0>            
                        <Value1>262144</Value1>            
                    </Entry>          
                    <Entry>            
                        <Values/>            
                        <Value0>147458</Value0>            
                        <Value1>327680</Value1>            
                    </Entry>          
                    <Entry>            
                        <Values>              
                            <Entry>                
                                <Value0>39784</Value0>                
                                <Value1>0</Value1>                
                            </Entry>              
                        </Values>            
                        <Value0>147456</Value0>            
                        <Value1>393216</Value1>            
                    </Entry>          
                    <Entry>            
                        <Values>              
                            <Entry>                
                                <Value0>39785</Value0>                
                                <Value1>0</Value1>                
                            </Entry>              
                        </Values>            
                        <Value0>147456</Value0>            
                        <Value1>458752</Value1>            
                    </Entry>          
                    <Entry>            
                        <Values/>            
                        <Value0>147458</Value0>            
                        <Value1>524288</Value1>            
                    </Entry>          
                    <Entry>            
                        <Values>              
                            <Entry>                
                                <Value0>39786</Value0>                
                                <Value1>0</Value1>                
                            </Entry>              
                        </Values>            
                        <Value0>147456</Value0>            
                        <Value1>589824</Value1>            
                    </Entry>          
                </Unknown>        
                <Dialogs>          
                    <Dialog>小早川</Dialog>          
                    <Dialog>是的，你好</Dialog>          
                    <Dialog>○○○○○○○○</Dialog>          
                    <Dialog>你好。是我。我在想你是不是想找个地方陪我。</Dialog>          
                    <Dialog>男朋友的要求？好吧。</Dialog>          
                    <Dialog>那我们在▲见面吧。</Dialog>          
                    <Dialog>知道了。我一会儿就走。</Dialog>          
                    <Dialog>再见，嗯…？现在不是时候。</Dialog>          
                    <Dialog>是这样吗？那就没办法了。</Dialog>          
                    <Dialog>是的，就像那个。再见.</Dialog>          
                </Dialogs>        
            </SDL2>      
        </Entry>    
        <Entry Unknown0="2498666088" Unknown1="3178312064">      
            <SDL2 Key="2267396383">        
                <Unknown>          
                    <Entry>            
                        <Values>              
                            <Entry>                
                                <Value0>39787</Value0>                
                                <Value1>0</Value1>                
                            </Entry>              
                        </Values>            
                        <Value0>147456</Value0>            
                        <Value1>65536</Value1>            
                    </Entry>          
                    <Entry>            
                        <Values/>            
                        <Value0>147458</Value0>            
                        <Value1>196608</Value1>            
                    </Entry>          
                    <Entry>            
                        <Values>              
                            <Entry>                
                                <Value0>39788</Value0>                
                                <Value1>0</Value1>                
                            </Entry>              
                        </Values>            
                        <Value0>147456</Value0>            
                        <Value1>262144</Value1>            
                    </Entry>          
                    <Entry>            
                        <Values/>            
                        <Value0>147458</Value0>            
                        <Value1>327680</Value1>            
                    </Entry>          
                    <Entry>            
                        <Values>              
                            <Entry>                
                                <Value0>39789</Value0>                
                                <Value1>0</Value1>                
                            </Entry>              
                        </Values>            
                        <Value0>147456</Value0>            
                        <Value1>393216</Value1>            
                    </Entry>          
                    <Entry>            
                        <Values>              
                            <Entry>                
                                <Value0>39790</Value0>                
                                <Value1>0</Value1>                
                            </Entry>              
                        </Values>            
                        <Value0>147456</Value0>            
                        <Value1>458752</Value1>            
                    </Entry>          
                    <Entry>            
                        <Values/>            
                        <Value0>147458</Value0>            
                        <Value1>524288</Value1>            
                    </Entry>          
                    <Entry>            
                        <Values>              
                            <Entry>                
                                <Value0>39791</Value0>                
                                <Value1>0</Value1>                
                            </Entry>              
                        </Values>            
                        <Value0>147456</Value0>            
                        <Value1>589824</Value1>            
                    </Entry>          
                </Unknown>        
                <Dialogs>          
                    <Dialog>小早川</Dialog>          
                    <Dialog>喂？怎么了</Dialog>          
                    <Dialog>○○○○○○○○</Dialog>          
                    <Dialog>好吧，我现在想见你。没事吧</Dialog>          
                    <Dialog>好吧，我什么都不做。</Dialog>          
                    <Dialog>那我们在▲见面吧。</Dialog>          
                    <Dialog>收到。我会尽快赶到的。</Dialog>          
                    <Dialog>只是。。。现在，我很忙。</Dialog>          
                    <Dialog>是这样吗？那就没办法了。</Dialog>          
                    <Dialog>是的，也许下次吧。</Dialog>          
                </Dialogs>        
            </SDL2>      
        </Entry>    
        <Entry Unknown0="3499581860" Unknown1="1780313385">      
            <SDL2 Key="2267396383">        
                <Unknown>          
                    <Entry>            
                        <Values>              
                            <Entry>                
                                <Value0>39792</Value0>                
                                <Value1>0</Value1>                
                            </Entry>              
                        </Values>            
                        <Value0>147456</Value0>            
                        <Value1>65536</Value1>            
                    </Entry>          
                    <Entry>            
                        <Values/>            
                        <Value0>147458</Value0>            
                        <Value1>196608</Value1>            
                    </Entry>          
                    <Entry>            
                        <Values>              
                            <Entry>                
                                <Value0>39793</Value0>                
                                <Value1>0</Value1>                
                            </Entry>              
                        </Values>            
                        <Value0>147456</Value0>            
                        <Value1>262144</Value1>            
                    </Entry>          
                    <Entry>            
                        <Values/>            
                        <Value0>147458</Value0>            
                        <Value1>327680</Value1>            
                    </Entry>          
                    <Entry>            
                        <Values>              
                            <Entry>                
                                <Value0>39794</Value0>                
                                <Value1>0</Value1>                
                            </Entry>              
                        </Values>            
                        <Value0>147456</Value0>            
                        <Value1>393216</Value1>            
                    </Entry>          
                    <Entry>            
                        <Values>              
                            <Entry>                
                                <Value0>39795</Value0>                
                                <Value1>0</Value1>                
                            </Entry>              
                        </Values>            
                        <Value0>147456</Value0>            
                        <Value1>458752</Value1>            
                    </Entry>          
                    <Entry>            
                        <Values/>            
                        <Value0>147458</Value0>            
                        <Value1>524288</Value1>            
                    </Entry>          
                    <Entry>            
                        <Values>              
                            <Entry>                
                                <Value0>39796</Value0>                
                                <Value1>0</Value1>                
                            </Entry>              
                        </Values>            
                        <Value0>147456</Value0>            
                        <Value1>589824</Value1>            
                    </Entry>          
                </Unknown>        
                <Dialogs>          
                    <Dialog>小早川</Dialog>          
                    <Dialog>你好。和凛子有什么交易吗</Dialog>          
                    <Dialog>○○○○○○○○</Dialog>          
                    <Dialog>啊，是我。想见面吗</Dialog>          
                    <Dialog>是的，好的。没事的。</Dialog>          
                    <Dialog>那我们在▲见面吧。</Dialog>          
                    <Dialog>好的，到时候见。</Dialog>          
                    <Dialog>是的，好吧——啊！我不能。对不起，我有事要做。</Dialog>          
                    <Dialog>是这样吗？那就没办法了。</Dialog>          
                    <Dialog>抱歉！那晚些时候。</Dialog>          
                </Dialogs>        
            </SDL2>      
        </Entry>    
        <Entry Unknown0="2403509581" Unknown1="526063316">      
            <SDL2 Key="2808471914">        
                <Unknown>          
                    <Entry>            
                        <Values>              
                            <Entry>                
                                <Value0>39797</Value0>                
                                <Value1>0</Value1>                
                            </Entry>              
                        </Values>            
                        <Value0>147456</Value0>            
                        <Value1>65536</Value1>            
                    </Entry>          
                    <Entry>            
                        <Values/>            
                        <Value0>147458</Value0>            
                        <Value1>196608</Value1>            
                    </Entry>          
                    <Entry>            
                        <Values>              
                            <Entry>                
                                <Value0>39798</Value0>                
                                <Value1>0</Value1>                
                            </Entry>              
                        </Values>            
                        <Value0>147456</Value0>            
                        <Value1>262144</Value1>            
                    </Entry>          
                    <Entry>            
                        <Values/>            
                        <Value0>147458</Value0>            
                        <Value1>327680</Value1>            
                    </Entry>          
                    <Entry>            
                        <Values>              
                            <Entry>                
                                <Value0>39799</Value0>                
                                <Value1>0</Value1>                
                            </Entry>              
                        </Values>            
                        <Value0>147456</Value0>            
                        <Value1>393216</Value1>            
                    </Entry>          
                    <Entry>            
                        <Values/>            
                        <Value0>147458</Value0>            
                        <Value1>458752</Value1>            
                    </Entry>          
                </Unknown>        
                <Dialogs>          
                    <Dialog>小早川</Dialog>          
                    <Dialog>对。。。</Dialog>          
                    <Dialog>○○○○○○○○</Dialog>          
                    <Dialog>你好。是我。我在想你是不是想找个地方陪我。</Dialog>          
                    <Dialog>我看不见你。。。相反，我不想见你。</Dialog>          
                    <Dialog>真正地！？</Dialog>          
                    <Dialog>真正地。再见。</Dialog>          
                    <Dialog>（她似乎心情很不好……）</Dialog>          
                </Dialogs>        
            </SDL2>      
        </Entry>    
        <Entry Unknown0="612241144" Unknown1="1392623888">      
            <SDL2 Key="2808471914">        
                <Unknown>          
                    <Entry>            
                        <Values>              
                            <Entry>                
                                <Value0>39800</Value0>                
                                <Value1>0</Value1>                
                            </Entry>              
                        </Values>            
                        <Value0>147456</Value0>            
                        <Value1>65536</Value1>            
                    </Entry>          
                    <Entry>            
                        <Values/>            
                        <Value0>147458</Value0>            
                        <Value1>196608</Value1>            
                    </Entry>          
                    <Entry>            
                        <Values>              
                            <Entry>                
                                <Value0>39801</Value0>                
                                <Value1>0</Value1>                
                            </Entry>              
                        </Values>            
                        <Value0>147456</Value0>            
                        <Value1>262144</Value1>            
                    </Entry>          
                    <Entry>            
                        <Values/>            
                        <Value0>147458</Value0>            
                        <Value1>327680</Value1>            
                    </Entry>          
                    <Entry>            
                        <Values>              
                            <Entry>                
                                <Value0>39802</Value0>                
                                <Value1>0</Value1>                
                            </Entry>              
                        </Values>            
                        <Value0>147456</Value0>            
                        <Value1>393216</Value1>            
                    </Entry>          
                    <Entry>            
                        <Values/>            
                        <Value0>147458</Value0>            
                        <Value1>458752</Value1>            
                    </Entry>          
                </Unknown>        
                <Dialogs>          
                    <Dialog>小早川</Dialog>          
                    <Dialog>什么？</Dialog>          
                    <Dialog>○○○○○○○○</Dialog>          
                    <Dialog>好吧，我现在想见你。没事吧</Dialog>          
                    <Dialog>不。</Dialog>          
                    <Dialog>真正地！？</Dialog>          
                    <Dialog>挂断电话。</Dialog>          
                    <Dialog>（她似乎心情很不好……）</Dialog>          
                </Dialogs>        
            </SDL2>      
        </Entry>    
        <Entry Unknown0="1613222196" Unknown1="3836607929">      
            <SDL2 Key="2808471914">        
                <Unknown>          
                    <Entry>            
                        <Values>              
                            <Entry>                
                                <Value0>39803</Value0>                
                                <Value1>0</Value1>                
                            </Entry>              
                        </Values>            
                        <Value0>147456</Value0>            
                        <Value1>65536</Value1>            
                    </Entry>          
                    <Entry>            
                        <Values/>            
                        <Value0>147458</Value0>            
                        <Value1>196608</Value1>            
                    </Entry>          
                    <Entry>            
                        <Values>              
                            <Entry>                
                                <Value0>39804</Value0>                
                                <Value1>0</Value1>                
                            </Entry>              
                        </Values>            
                        <Value0>147456</Value0>            
                        <Value1>262144</Value1>            
                    </Entry>          
                    <Entry>            
                        <Values/>            
                        <Value0>147458</Value0>            
                        <Value1>327680</Value1>            
                    </Entry>          
                    <Entry>            
                        <Values>              
                            <Entry>                
                                <Value0>39805</Value0>                
                                <Value1>0</Value1>                
                            </Entry>              
                        </Values>            
                        <Value0>147456</Value0>            
                        <Value1>393216</Value1>            
                    </Entry>          
                    <Entry>            
                        <Values/>            
                        <Value0>147458</Value0>            
                        <Value1>458752</Value1>            
                    </Entry>          
                </Unknown>        
                <Dialogs>          
                    <Dialog>小早川</Dialog>          
                    <Dialog>…这是什么</Dialog>          
                    <Dialog>○○○○○○○○</Dialog>          
                    <Dialog>啊，是我。想见面吗</Dialog>          
                    <Dialog>我不想见你。</Dialog>          
                    <Dialog>为什么？</Dialog>          
                    <Dialog>因为我不想见你，所以我不想见你。</Dialog>          
                    <Dialog>（她似乎心情很不好……）</Dialog>          
                </Dialogs>        
            </SDL2>      
        </Entry>    
        <Entry Unknown0="533861853" Unknown1="4293633636">      
            <SDL2 Key="2808471914">        
                <Unknown>          
                    <Entry>            
                        <Values/>            
                        <Value0>147456</Value0>            
                        <Value1>65536</Value1>            
                    </Entry>          
                    <Entry>            
                        <Values>              
                            <Entry>                
                                <Value0>39806</Value0>                
                                <Value1>0</Value1>                
                            </Entry>              
                        </Values>            
                        <Value0>147458</Value0>            
                        <Value1>196608</Value1>            
                    </Entry>          
                    <Entry>            
                        <Values/>            
                        <Value0>147456</Value0>            
                        <Value1>262144</Value1>            
                    </Entry>          
                    <Entry>            
                        <Values/>            
                        <Value0>65541</Value0>            
                        <Value1>65542</Value1>            
                    </Entry>          
                    <Entry>            
                        <Values/>            
                        <Value0>65542</Value0>            
                        <Value1>65543</Value1>            
                    </Entry>          
                    <Entry>            
                        <Values/>            
                        <Value0>65543</Value0>            
                        <Value1>147456</Value1>            
                    </Entry>          
                    <Entry>            
                        <Values/>            
                        <Value0>147456</Value0>            
                        <Value1>524288</Value1>            
                    </Entry>          
                    <Entry>            
                        <Values>              
                            <Entry>                
                                <Value0>39807</Value0>                
                                <Value1>0</Value1>                
                            </Entry>              
                        </Values>            
                        <Value0>147458</Value0>            
                        <Value1>589824</Value1>            
                    </Entry>          
                    <Entry>            
                        <Values/>            
                        <Value0>147456</Value0>            
                        <Value1>655360</Value1>            
                    </Entry>          
                    <Entry>            
                        <Values>              
                            <Entry>                
                                <Value0>34004</Value0>                
                                <Value1>0</Value1>                
                            </Entry>              
                        </Values>            
                        <Value0>147458</Value0>            
                        <Value1>720896</Value1>            
                    </Entry>          
                    <Entry>            
                        <Values/>            
                        <Value0>147456</Value0>            
                        <Value1>786432</Value1>            
                    </Entry>          
                    <Entry>            
                        <Values>              
                            <Entry>                
                                <Value0>39807</Value0>                
                                <Value1>0</Value1>                
                            </Entry>              
                        </Values>            
                        <Value0>147458</Value0>            
                        <Value1>589824</Value1>            
                    </Entry>          
                    <Entry>            
                        <Values/>            
                        <Value0>147456</Value0>            
                        <Value1>655360</Value1>            
                    </Entry>          
                    <Entry>            
                        <Values/>            
                        <Value0>147456</Value0>            
                        <Value1>851968</Value1>            
                    </Entry>          
                    <Entry>            
                        <Values>              
                            <Entry>                
                                <Value0>39808</Value0>                
                                <Value1>0</Value1>                
                            </Entry>              
                        </Values>            
                        <Value0>147458</Value0>            
                        <Value1>917504</Value1>            
                    </Entry>          
                    <Entry>            
                        <Values/>            
                        <Value0>147456</Value0>            
                        <Value1>983040</Value1>            
                    </Entry>          
                </Unknown>        
                <Dialogs>          
                    <Dialog>○○○○○○○○</Dialog>          
                    <Dialog>你好。</Dialog>          
                    <Dialog>小早川</Dialog>          
                    <Dialog>我是凛子。我们现在能见面吗</Dialog>          
                    <Dialog>现在，嗯</Dialog>          
                    <Dialog>好吧，听起来不错。</Dialog>          
                    <Dialog>我们定个时间吧。</Dialog>          
                    <Dialog>我很抱歉。。。</Dialog>          
                    <Dialog>好吧。到时候在▲见。</Dialog>          
                    <Dialog>没什么重要的。我现在没有更好的事要做了。</Dialog>          
                    <Dialog>啊，我不介意。再见。</Dialog>          
                    <Dialog>是 啊。那很好。</Dialog>          
                    <Dialog>那么在▲我在▲见。</Dialog>          
                    <Dialog>对不起，我现在不能走。。。</Dialog>          
                    <Dialog>真的吗？其实没那么重要。。。</Dialog>          
                    <Dialog>好的，回头见。</Dialog>          
                </Dialogs>        
            </SDL2>      
        </Entry>    
        <Entry Unknown0="3020881544" Unknown1="3012645280">      
            <SDL2 Key="2404817564">        
                <Unknown>          
                    <Entry>            
                        <Values/>            
                        <Value0>147456</Value0>            
                        <Value1>65536</Value1>            
                    </Entry>          
                    <Entry>            
                        <Values>              
                            <Entry>                
                                <Value0>39809</Value0>                
                                <Value1>0</Value1>                
                            </Entry>              
                        </Values>            
                        <Value0>147458</Value0>            
                        <Value1>196608</Value1>            
                    </Entry>          
                    <Entry>            
                        <Values/>            
                        <Value0>147456</Value0>            
                        <Value1>262144</Value1>            
                    </Entry>          
                    <Entry>            
                        <Values/>            
                        <Value0>65541</Value0>            
                        <Value1>65542</Value1>            
                    </Entry>          
                    <Entry>            
                        <Values/>            
                        <Value0>65542</Value0>            
                        <Value1>65543</Value1>            
                    </Entry>          
                    <Entry>            
                        <Values/>            
                        <Value0>65543</Value0>            
                        <Value1>147456</Value1>            
                    </Entry>          
                    <Entry>            
                        <Values/>            
                        <Value0>147456</Value0>            
                        <Value1>524288</Value1>            
                    </Entry>          
                    <Entry>            
                        <Values>              
                            <Entry>                
                                <Value0>39810</Value0>                
                                <Value1>0</Value1>                
                            </Entry>              
                        </Values>            
                        <Value0>147458</Value0>            
                        <Value1>589824</Value1>            
                    </Entry>          
                    <Entry>            
                        <Values/>            
                        <Value0>147456</Value0>            
                        <Value1>655360</Value1>            
                    </Entry>          
                    <Entry>            
                        <Values>              
                            <Entry>                
                                <Value0>34004</Value0>                
                                <Value1>0</Value1>                
                            </Entry>              
                        </Values>            
                        <Value0>147458</Value0>            
                        <Value1>720896</Value1>            
                    </Entry>          
                    <Entry>            
                        <Values/>            
                        <Value0>147456</Value0>            
                        <Value1>786432</Value1>            
                    </Entry>          
                    <Entry>            
                        <Values>              
                            <Entry>                
                                <Value0>39810</Value0>                
                                <Value1>0</Value1>                
                            </Entry>              
                        </Values>            
                        <Value0>147458</Value0>            
                        <Value1>589824</Value1>            
                    </Entry>          
                    <Entry>            
                        <Values/>            
                        <Value0>147456</Value0>            
                        <Value1>655360</Value1>            
                    </Entry>          
                    <Entry>            
                        <Values/>            
                        <Value0>147456</Value0>            
                        <Value1>851968</Value1>            
                    </Entry>          
                    <Entry>            
                        <Values>              
                            <Entry>                
                                <Value0>39811</Value0>                
                                <Value1>0</Value1>                
                            </Entry>              
                        </Values>            
                        <Value0>147458</Value0>            
                        <Value1>917504</Value1>            
                    </Entry>          
                    <Entry>            
                        <Values/>            
                        <Value0>147456</Value0>            
                        <Value1>983040</Value1>            
                    </Entry>          
                </Unknown>        
                <Dialogs>          
                    <Dialog>○○○○○○○○</Dialog>          
                    <Dialog>你好。</Dialog>          
                    <Dialog>小早川</Dialog>          
                    <Dialog>嘿，我们现在见。</Dialog>          
                    <Dialog>现在，嗯</Dialog>          
                    <Dialog>好吧，听起来不错。</Dialog>          
                    <Dialog>我们定个时间吧。</Dialog>          
                    <Dialog>我很抱歉。。。</Dialog>          
                    <Dialog>好吧。到时候在▲见。</Dialog>          
                    <Dialog>快点，好吗？因为。。。不，没什么。</Dialog>          
                    <Dialog>啊，我也想尽快见到你。</Dialog>          
                    <Dialog>是 啊。那很好。</Dialog>          
                    <Dialog>那么在▲我在▲见。</Dialog>          
                    <Dialog>对不起，我现在不能走。。。</Dialog>          
                    <Dialog>啧啧。我得到了它。</Dialog>          
                    <Dialog>下次，好吗</Dialog>          
                </Dialogs>        
            </SDL2>      
        </Entry>    
        <Entry Unknown0="4038541764" Unknown1="3829239113">      
            <SDL2 Key="2404817564">        
                <Unknown>          
                    <Entry>            
                        <Values/>            
                        <Value0>147456</Value0>            
                        <Value1>65536</Value1>            
                    </Entry>          
                    <Entry>            
                        <Values>              
                            <Entry>                
                                <Value0>39812</Value0>                
                                <Value1>0</Value1>                
                            </Entry>              
                        </Values>            
                        <Value0>147458</Value0>            
                        <Value1>196608</Value1>            
                    </Entry>          
                    <Entry>            
                        <Values/>            
                        <Value0>147456</Value0>            
                        <Value1>262144</Value1>            
                    </Entry>          
                    <Entry>            
                        <Values/>            
                        <Value0>65541</Value0>            
                        <Value1>65542</Value1>            
                    </Entry>          
                    <Entry>            
                        <Values/>            
                        <Value0>65542</Value0>            
                        <Value1>65543</Value1>            
                    </Entry>          
                    <Entry>            
                        <Values/>            
                        <Value0>65543</Value0>            
                        <Value1>147456</Value1>            
                    </Entry>          
                    <Entry>            
                        <Values/>            
                        <Value0>147456</Value0>            
                        <Value1>524288</Value1>            
                    </Entry>          
                    <Entry>            
                        <Values>              
                            <Entry>                
                                <Value0>39813</Value0>                
                                <Value1>0</Value1>                
                            </Entry>              
                        </Values>            
                        <Value0>147458</Value0>            
                        <Value1>589824</Value1>            
                    </Entry>          
                    <Entry>            
                        <Values/>            
                        <Value0>147456</Value0>            
                        <Value1>655360</Value1>            
                    </Entry>          
                    <Entry>            
                        <Values>              
                            <Entry>                
                                <Value0>34004</Value0>                
                                <Value1>0</Value1>                
                            </Entry>              
                        </Values>            
                        <Value0>147458</Value0>            
                        <Value1>720896</Value1>            
                    </Entry>          
                    <Entry>            
                        <Values/>            
                        <Value0>147456</Value0>            
                        <Value1>786432</Value1>            
                    </Entry>          
                    <Entry>            
                        <Values>              
                            <Entry>                
                                <Value0>39813</Value0>                
                                <Value1>0</Value1>                
                            </Entry>              
                        </Values>            
                        <Value0>147458</Value0>            
                        <Value1>589824</Value1>            
                    </Entry>          
                    <Entry>            
                        <Values/>            
                        <Value0>147456</Value0>            
                        <Value1>655360</Value1>            
                    </Entry>          
                    <Entry>            
                        <Values/>            
                        <Value0>147456</Value0>            
                        <Value1>851968</Value1>            
                    </Entry>          
                    <Entry>            
                        <Values>              
                            <Entry>                
                                <Value0>39814</Value0>                
                                <Value1>0</Value1>                
                            </Entry>              
                        </Values>            
                        <Value0>147458</Value0>            
                        <Value1>917504</Value1>            
                    </Entry>          
                    <Entry>            
                        <Values/>            
                        <Value0>147456</Value0>            
                        <Value1>983040</Value1>            
                    </Entry>          
                </Unknown>        
                <Dialogs>          
                    <Dialog>○○○○○○○○</Dialog>          
                    <Dialog>你好。</Dialog>          
                    <Dialog>小早川</Dialog>          
                    <Dialog>你好，我是凛子。我现在想见你。。。</Dialog>          
                    <Dialog>现在，嗯</Dialog>          
                    <Dialog>好吧，听起来不错。</Dialog>          
                    <Dialog>我们定个时间吧。</Dialog>          
                    <Dialog>我很抱歉。。。</Dialog>          
                    <Dialog>好吧。到时候在▲见。</Dialog>          
                    <Dialog>我们想什么时候见面就什么时候教别人真是太好了，你不觉得吗</Dialog>          
                    <Dialog>是的，我也这么认为。好吧，再见。</Dialog>          
                    <Dialog>是 啊。那很好。</Dialog>          
                    <Dialog>那么在▲我在▲见。</Dialog>          
                    <Dialog>对不起，我现在不能走。。。</Dialog>          
                    <Dialog>真的吗？我知道这太突然了，所以没办法。</Dialog>          
                    <Dialog>嗯，也许下次吧，好吗</Dialog>          
                </Dialogs>        
            </SDL2>      
        </Entry>    
    </Entries>  
</DBIN2>