<?xml version="1.0" encoding="utf-8"?><DBIN2 xmlns:xsi="http://www.w3.org/2001/XMLSchema-instance" xmlns:xsd="http://www.w3.org/2001/XMLSchema" Key="3548911393" Unknown="9">  
    <Entries>    
        <Entry Unknown0="1034364169" Unknown1="2062015565">      
            <SDL2 Key="2207851610">        
                <Unknown>          
                    <Entry>            
                        <Values>              
                            <Entry>                
                                <Value0>4294901761</Value0>                
                                <Value1>0</Value1>                
                            </Entry>              
                            <Entry>                
                                <Value0>39833</Value0>                
                                <Value1>500</Value1>                
                            </Entry>              
                        </Values>            
                        <Value0>147456</Value0>            
                        <Value1>65536</Value1>            
                    </Entry>          
                    <Entry>            
                        <Values/>            
                        <Value0>147458</Value0>            
                        <Value1>196608</Value1>            
                    </Entry>          
                    <Entry>            
                        <Values>              
                            <Entry>                
                                <Value0>4294901769</Value0>                
                                <Value1>0</Value1>                
                            </Entry>              
                            <Entry>                
                                <Value0>39834</Value0>                
                                <Value1>500</Value1>                
                            </Entry>              
                        </Values>            
                        <Value0>147456</Value0>            
                        <Value1>262144</Value1>            
                    </Entry>          
                    <Entry>            
                        <Values/>            
                        <Value0>147458</Value0>            
                        <Value1>327680</Value1>            
                    </Entry>          
                    <Entry>            
                        <Values/>            
                        <Value0>65542</Value0>            
                        <Value1>65543</Value1>            
                    </Entry>          
                    <Entry>            
                        <Values/>            
                        <Value0>65543</Value0>            
                        <Value1>65544</Value1>            
                    </Entry>          
                    <Entry>            
                        <Values/>            
                        <Value0>65544</Value0>            
                        <Value1>147458</Value1>            
                    </Entry>          
                    <Entry>            
                        <Values/>            
                        <Value0>147458</Value0>            
                        <Value1>589824</Value1>            
                    </Entry>          
                    <Entry>            
                        <Values>              
                            <Entry>                
                                <Value0>39835</Value0>                
                                <Value1>0</Value1>                
                            </Entry>              
                        </Values>            
                        <Value0>147456</Value0>            
                        <Value1>655360</Value1>            
                    </Entry>          
                    <Entry>            
                        <Values/>            
                        <Value0>147458</Value0>            
                        <Value1>720896</Value1>            
                    </Entry>          
                    <Entry>            
                        <Values/>            
                        <Value0>147458</Value0>            
                        <Value1>786432</Value1>            
                    </Entry>          
                    <Entry>            
                        <Values/>            
                        <Value0>65549</Value0>            
                        <Value1>65550</Value1>            
                    </Entry>          
                    <Entry>            
                        <Values/>            
                        <Value0>65550</Value0>            
                        <Value1>65551</Value1>            
                    </Entry>          
                    <Entry>            
                        <Values/>            
                        <Value0>65551</Value0>            
                        <Value1>65552</Value1>            
                    </Entry>          
                    <Entry>            
                        <Values/>            
                        <Value0>65552</Value0>            
                        <Value1>65544</Value1>            
                    </Entry>          
                    <Entry>            
                        <Values/>            
                        <Value0>65544</Value0>            
                        <Value1>147458</Value1>            
                    </Entry>          
                    <Entry>            
                        <Values/>            
                        <Value0>147458</Value0>            
                        <Value1>1114112</Value1>            
                    </Entry>          
                    <Entry>            
                        <Values>              
                            <Entry>                
                                <Value0>39836</Value0>                
                                <Value1>0</Value1>                
                            </Entry>              
                        </Values>            
                        <Value0>147456</Value0>            
                        <Value1>1179648</Value1>            
                    </Entry>          
                    <Entry>            
                        <Values>              
                            <Entry>                
                                <Value0>4294901761</Value0>                
                                <Value1>0</Value1>                
                            </Entry>              
                            <Entry>                
                                <Value0>39837</Value0>                
                                <Value1>500</Value1>                
                            </Entry>              
                        </Values>            
                        <Value0>147456</Value0>            
                        <Value1>1245184</Value1>            
                    </Entry>          
                    <Entry>            
                        <Values/>            
                        <Value0>147458</Value0>            
                        <Value1>1310720</Value1>            
                    </Entry>          
                    <Entry>            
                        <Values>              
                            <Entry>                
                                <Value0>39838</Value0>                
                                <Value1>0</Value1>                
                            </Entry>              
                        </Values>            
                        <Value0>147456</Value0>            
                        <Value1>1376256</Value1>            
                    </Entry>          
                    <Entry>            
                        <Values/>            
                        <Value0>147458</Value0>            
                        <Value1>1441792</Value1>            
                    </Entry>          
                    <Entry>            
                        <Values/>            
                        <Value0>147458</Value0>            
                        <Value1>1507328</Value1>            
                    </Entry>          
                    <Entry>            
                        <Values/>            
                        <Value0>147458</Value0>            
                        <Value1>1572864</Value1>            
                    </Entry>          
                    <Entry>            
                        <Values>              
                            <Entry>                
                                <Value0>39839</Value0>                
                                <Value1>0</Value1>                
                            </Entry>              
                        </Values>            
                        <Value0>147456</Value0>            
                        <Value1>1638400</Value1>            
                    </Entry>          
                    <Entry>            
                        <Values/>            
                        <Value0>147458</Value0>            
                        <Value1>1703936</Value1>            
                    </Entry>          
                </Unknown>        
                <Dialogs>          
                    <Dialog>小早川</Dialog>          
                    <Dialog>▲关于我所说的你。。。</Dialog>          
                    <Dialog>○○○○○○○○</Dialog>          
                    <Dialog>？</Dialog>          
                    <Dialog>▲我可以这样称呼你吗</Dialog>          
                    <Dialog>嗯，那是。。。</Dialog>          
                    <Dialog>是的，没关系</Dialog>          
                    <Dialog>再来点别的怎么样</Dialog>          
                    <Dialog>通常的名字更好</Dialog>          
                    <Dialog>是的，可以打电话给我。</Dialog>          
                    <Dialog>真的吗？现在我们听起来更像情侣了，你不觉得吗</Dialog>          
                    <Dialog>（▲犭犭＊▲……？听起来不错。）</Dialog>          
                    <Dialog>嗯。。。不如试试别的</Dialog>          
                    <Dialog>▲生成選択肢１▲</Dialog>          
                    <Dialog>▲生成選択肢２▲</Dialog>          
                    <Dialog>▲生成選択肢３▲</Dialog>          
                    <Dialog>▲生成選択肢４▲</Dialog>          
                    <Dialog>▲▲…怎么样</Dialog>          
                    <Dialog>我懂了。然后。。。</Dialog>          
                    <Dialog>▲很好，对吧</Dialog>          
                    <Dialog>（是的，不错！）</Dialog>          
                    <Dialog>那是不可能的。</Dialog>          
                    <Dialog>真的…？对不起。</Dialog>          
                    <Dialog>（那不好？）</Dialog>          
                    <Dialog>现在不是很好吗</Dialog>          
                    <Dialog>已经很好了？好吧。。。</Dialog>          
                    <Dialog>（通常的名字是最好的！）</Dialog>          
                </Dialogs>        
            </SDL2>      
        </Entry>    
        <Entry Unknown0="3442613913" Unknown1="100232408">      
            <SDL2 Key="2207851610">        
                <Unknown>          
                    <Entry>            
                        <Values>              
                            <Entry>                
                                <Value0>4294901761</Value0>                
                                <Value1>0</Value1>                
                            </Entry>              
                        </Values>            
                        <Value0>147456</Value0>            
                        <Value1>65536</Value1>            
                    </Entry>          
                    <Entry>            
                        <Values/>            
                        <Value0>147458</Value0>            
                        <Value1>196608</Value1>            
                    </Entry>          
                    <Entry>            
                        <Values>              
                            <Entry>                
                                <Value0>4294901769</Value0>                
                                <Value1>0</Value1>                
                            </Entry>              
                            <Entry>                
                                <Value0>39840</Value0>                
                                <Value1>500</Value1>                
                            </Entry>              
                        </Values>            
                        <Value0>147456</Value0>            
                        <Value1>262144</Value1>            
                    </Entry>          
                    <Entry>            
                        <Values/>            
                        <Value0>147458</Value0>            
                        <Value1>327680</Value1>            
                    </Entry>          
                    <Entry>            
                        <Values/>            
                        <Value0>65542</Value0>            
                        <Value1>65543</Value1>            
                    </Entry>          
                    <Entry>            
                        <Values/>            
                        <Value0>65543</Value0>            
                        <Value1>65544</Value1>            
                    </Entry>          
                    <Entry>            
                        <Values/>            
                        <Value0>65544</Value0>            
                        <Value1>147458</Value1>            
                    </Entry>          
                    <Entry>            
                        <Values/>            
                        <Value0>147458</Value0>            
                        <Value1>589824</Value1>            
                    </Entry>          
                    <Entry>            
                        <Values>              
                            <Entry>                
                                <Value0>39841</Value0>                
                                <Value1>0</Value1>                
                            </Entry>              
                        </Values>            
                        <Value0>147456</Value0>            
                        <Value1>655360</Value1>            
                    </Entry>          
                    <Entry>            
                        <Values/>            
                        <Value0>147458</Value0>            
                        <Value1>720896</Value1>            
                    </Entry>          
                    <Entry>            
                        <Values/>            
                        <Value0>147458</Value0>            
                        <Value1>786432</Value1>            
                    </Entry>          
                    <Entry>            
                        <Values/>            
                        <Value0>65549</Value0>            
                        <Value1>65550</Value1>            
                    </Entry>          
                    <Entry>            
                        <Values/>            
                        <Value0>65550</Value0>            
                        <Value1>65551</Value1>            
                    </Entry>          
                    <Entry>            
                        <Values/>            
                        <Value0>65551</Value0>            
                        <Value1>65552</Value1>            
                    </Entry>          
                    <Entry>            
                        <Values/>            
                        <Value0>65552</Value0>            
                        <Value1>65544</Value1>            
                    </Entry>          
                    <Entry>            
                        <Values/>            
                        <Value0>65544</Value0>            
                        <Value1>147458</Value1>            
                    </Entry>          
                    <Entry>            
                        <Values/>            
                        <Value0>147458</Value0>            
                        <Value1>1114112</Value1>            
                    </Entry>          
                    <Entry>            
                        <Values>              
                            <Entry>                
                                <Value0>39842</Value0>                
                                <Value1>0</Value1>                
                            </Entry>              
                        </Values>            
                        <Value0>147456</Value0>            
                        <Value1>1179648</Value1>            
                    </Entry>          
                    <Entry>            
                        <Values>              
                            <Entry>                
                                <Value0>4294901761</Value0>                
                                <Value1>0</Value1>                
                            </Entry>              
                            <Entry>                
                                <Value0>39843</Value0>                
                                <Value1>500</Value1>                
                            </Entry>              
                        </Values>            
                        <Value0>147456</Value0>            
                        <Value1>1245184</Value1>            
                    </Entry>          
                    <Entry>            
                        <Values/>            
                        <Value0>147458</Value0>            
                        <Value1>1310720</Value1>            
                    </Entry>          
                    <Entry>            
                        <Values>              
                            <Entry>                
                                <Value0>39844</Value0>                
                                <Value1>0</Value1>                
                            </Entry>              
                        </Values>            
                        <Value0>147456</Value0>            
                        <Value1>1376256</Value1>            
                    </Entry>          
                    <Entry>            
                        <Values/>            
                        <Value0>147458</Value0>            
                        <Value1>1441792</Value1>            
                    </Entry>          
                    <Entry>            
                        <Values/>            
                        <Value0>147458</Value0>            
                        <Value1>1507328</Value1>            
                    </Entry>          
                    <Entry>            
                        <Values>              
                            <Entry>                
                                <Value0>39845</Value0>                
                                <Value1>0</Value1>                
                            </Entry>              
                        </Values>            
                        <Value0>147456</Value0>            
                        <Value1>1572864</Value1>            
                    </Entry>          
                    <Entry>            
                        <Values/>            
                        <Value0>147458</Value0>            
                        <Value1>1638400</Value1>            
                    </Entry>          
                </Unknown>        
                <Dialogs>          
                    <Dialog>小早川</Dialog>          
                    <Dialog>▲主人公＊▲.</Dialog>          
                    <Dialog>○○○○○○○○</Dialog>          
                    <Dialog>什么？</Dialog>          
                    <Dialog>▲我只是想试试这个名字。怎么样</Dialog>          
                    <Dialog>嗯，那是。。。</Dialog>          
                    <Dialog>是的，没关系</Dialog>          
                    <Dialog>再来点别的怎么样</Dialog>          
                    <Dialog>通常的名字更好</Dialog>          
                    <Dialog>是的，可以打电话给我。</Dialog>          
                    <Dialog>是吗？很好，不是吗</Dialog>          
                    <Dialog>（▲犭犭＊▲……？听起来不错。）</Dialog>          
                    <Dialog>嗯。。。不如试试别的</Dialog>          
                    <Dialog>▲生成選択肢１▲</Dialog>          
                    <Dialog>▲生成選択肢２▲</Dialog>          
                    <Dialog>▲生成選択肢３▲</Dialog>          
                    <Dialog>▲生成選択肢４▲</Dialog>          
                    <Dialog>▲▲…怎么样</Dialog>          
                    <Dialog>嗯，那么。。。</Dialog>          
                    <Dialog>▲听上去没那么糟。</Dialog>          
                    <Dialog>（是的，不错！）</Dialog>          
                    <Dialog>不可能的。别超越自己</Dialog>          
                    <Dialog>（那不好？）</Dialog>          
                    <Dialog>现在不是很好吗</Dialog>          
                    <Dialog>真的吗？那好吧</Dialog>          
                    <Dialog>（通常的名字是最好的！）</Dialog>          
                </Dialogs>        
            </SDL2>      
        </Entry>    
        <Entry Unknown0="1514638884" Unknown1="445183981">      
            <SDL2 Key="2207851610">        
                <Unknown>          
                    <Entry>            
                        <Values>              
                            <Entry>                
                                <Value0>4294901769</Value0>                
                                <Value1>0</Value1>                
                            </Entry>              
                        </Values>            
                        <Value0>147456</Value0>            
                        <Value1>65536</Value1>            
                    </Entry>          
                    <Entry>            
                        <Values/>            
                        <Value0>147458</Value0>            
                        <Value1>196608</Value1>            
                    </Entry>          
                    <Entry>            
                        <Values>              
                            <Entry>                
                                <Value0>39846</Value0>                
                                <Value1>0</Value1>                
                            </Entry>              
                        </Values>            
                        <Value0>147456</Value0>            
                        <Value1>262144</Value1>            
                    </Entry>          
                    <Entry>            
                        <Values/>            
                        <Value0>147458</Value0>            
                        <Value1>327680</Value1>            
                    </Entry>          
                    <Entry>            
                        <Values/>            
                        <Value0>65542</Value0>            
                        <Value1>65543</Value1>            
                    </Entry>          
                    <Entry>            
                        <Values/>            
                        <Value0>65543</Value0>            
                        <Value1>65544</Value1>            
                    </Entry>          
                    <Entry>            
                        <Values/>            
                        <Value0>65544</Value0>            
                        <Value1>147458</Value1>            
                    </Entry>          
                    <Entry>            
                        <Values/>            
                        <Value0>147458</Value0>            
                        <Value1>589824</Value1>            
                    </Entry>          
                    <Entry>            
                        <Values>              
                            <Entry>                
                                <Value0>39847</Value0>                
                                <Value1>0</Value1>                
                            </Entry>              
                        </Values>            
                        <Value0>147456</Value0>            
                        <Value1>655360</Value1>            
                    </Entry>          
                    <Entry>            
                        <Values/>            
                        <Value0>147458</Value0>            
                        <Value1>720896</Value1>            
                    </Entry>          
                    <Entry>            
                        <Values/>            
                        <Value0>147458</Value0>            
                        <Value1>786432</Value1>            
                    </Entry>          
                    <Entry>            
                        <Values/>            
                        <Value0>65549</Value0>            
                        <Value1>65550</Value1>            
                    </Entry>          
                    <Entry>            
                        <Values/>            
                        <Value0>65550</Value0>            
                        <Value1>65551</Value1>            
                    </Entry>          
                    <Entry>            
                        <Values/>            
                        <Value0>65551</Value0>            
                        <Value1>65552</Value1>            
                    </Entry>          
                    <Entry>            
                        <Values/>            
                        <Value0>65552</Value0>            
                        <Value1>65544</Value1>            
                    </Entry>          
                    <Entry>            
                        <Values/>            
                        <Value0>65544</Value0>            
                        <Value1>147458</Value1>            
                    </Entry>          
                    <Entry>            
                        <Values/>            
                        <Value0>147458</Value0>            
                        <Value1>1114112</Value1>            
                    </Entry>          
                    <Entry>            
                        <Values>              
                            <Entry>                
                                <Value0>4294901761</Value0>                
                                <Value1>0</Value1>                
                            </Entry>              
                        </Values>            
                        <Value0>147456</Value0>            
                        <Value1>1179648</Value1>            
                    </Entry>          
                    <Entry>            
                        <Values>              
                            <Entry>                
                                <Value0>4294901761</Value0>                
                                <Value1>0</Value1>                
                            </Entry>              
                            <Entry>                
                                <Value0>39848</Value0>                
                                <Value1>500</Value1>                
                            </Entry>              
                        </Values>            
                        <Value0>147456</Value0>            
                        <Value1>1245184</Value1>            
                    </Entry>          
                    <Entry>            
                        <Values/>            
                        <Value0>147458</Value0>            
                        <Value1>1310720</Value1>            
                    </Entry>          
                    <Entry>            
                        <Values>              
                            <Entry>                
                                <Value0>39849</Value0>                
                                <Value1>0</Value1>                
                            </Entry>              
                        </Values>            
                        <Value0>147456</Value0>            
                        <Value1>1376256</Value1>            
                    </Entry>          
                    <Entry>            
                        <Values/>            
                        <Value0>147458</Value0>            
                        <Value1>1441792</Value1>            
                    </Entry>          
                    <Entry>            
                        <Values/>            
                        <Value0>147458</Value0>            
                        <Value1>1507328</Value1>            
                    </Entry>          
                    <Entry>            
                        <Values/>            
                        <Value0>147458</Value0>            
                        <Value1>1572864</Value1>            
                    </Entry>          
                    <Entry>            
                        <Values>              
                            <Entry>                
                                <Value0>39850</Value0>                
                                <Value1>0</Value1>                
                            </Entry>              
                        </Values>            
                        <Value0>147456</Value0>            
                        <Value1>1638400</Value1>            
                    </Entry>          
                    <Entry>            
                        <Values/>            
                        <Value0>147458</Value0>            
                        <Value1>1703936</Value1>            
                    </Entry>          
                </Unknown>        
                <Dialogs>          
                    <Dialog>小早川</Dialog>          
                    <Dialog>▲新主人公▲.</Dialog>          
                    <Dialog>○○○○○○○○</Dialog>          
                    <Dialog>呃？那是什么</Dialog>          
                    <Dialog>你的新名字！…不好</Dialog>          
                    <Dialog>嗯，那是。。。</Dialog>          
                    <Dialog>是的，没关系</Dialog>          
                    <Dialog>再来点别的怎么样</Dialog>          
                    <Dialog>通常的名字更好</Dialog>          
                    <Dialog>是的，可以打电话给我。</Dialog>          
                    <Dialog>耶！有点乱，不是吗</Dialog>          
                    <Dialog>（▲犭犭＊▲……？听起来不错。）</Dialog>          
                    <Dialog>嗯。。。不如试试别的</Dialog>          
                    <Dialog>▲生成選択肢１▲</Dialog>          
                    <Dialog>▲生成選択肢２▲</Dialog>          
                    <Dialog>▲生成選択肢３▲</Dialog>          
                    <Dialog>▲生成選択肢４▲</Dialog>          
                    <Dialog>▲▲…怎么样</Dialog>          
                    <Dialog>▲主人公＊▲.</Dialog>          
                    <Dialog>▲琰琰＊▲。呵呵。。。我这样叫你。</Dialog>          
                    <Dialog>（是的，不错！）</Dialog>          
                    <Dialog>啊，那是。。。不好的。</Dialog>          
                    <Dialog>真的…？对不起。</Dialog>          
                    <Dialog>（那不好？）</Dialog>          
                    <Dialog>现在不是很好吗</Dialog>          
                    <Dialog>真的吗？我明白了。。。我得到了它。</Dialog>          
                    <Dialog>（通常的名字是最好的！）</Dialog>          
                </Dialogs>        
            </SDL2>      
        </Entry>    
        <Entry Unknown0="1842836793" Unknown1="3189181565">      
            <SDL2 Key="2613769687">        
                <Unknown>          
                    <Entry>            
                        <Values>              
                            <Entry>                
                                <Value0>4294901769</Value0>                
                                <Value1>0</Value1>                
                            </Entry>              
                        </Values>            
                        <Value0>147456</Value0>            
                        <Value1>65536</Value1>            
                    </Entry>          
                    <Entry>            
                        <Values/>            
                        <Value0>147458</Value0>            
                        <Value1>196608</Value1>            
                    </Entry>          
                    <Entry>            
                        <Values>              
                            <Entry>                
                                <Value0>39851</Value0>                
                                <Value1>0</Value1>                
                            </Entry>              
                        </Values>            
                        <Value0>147456</Value0>            
                        <Value1>262144</Value1>            
                    </Entry>          
                    <Entry>            
                        <Values/>            
                        <Value0>147458</Value0>            
                        <Value1>327680</Value1>            
                    </Entry>          
                    <Entry>            
                        <Values/>            
                        <Value0>65542</Value0>            
                        <Value1>65543</Value1>            
                    </Entry>          
                    <Entry>            
                        <Values/>            
                        <Value0>65543</Value0>            
                        <Value1>65544</Value1>            
                    </Entry>          
                    <Entry>            
                        <Values/>            
                        <Value0>65544</Value0>            
                        <Value1>147458</Value1>            
                    </Entry>          
                    <Entry>            
                        <Values/>            
                        <Value0>147458</Value0>            
                        <Value1>393216</Value1>            
                    </Entry>          
                    <Entry>            
                        <Values>              
                            <Entry>                
                                <Value0>39852</Value0>                
                                <Value1>0</Value1>                
                            </Entry>              
                        </Values>            
                        <Value0>147456</Value0>            
                        <Value1>589824</Value1>            
                    </Entry>          
                    <Entry>            
                        <Values/>            
                        <Value0>147458</Value0>            
                        <Value1>655360</Value1>            
                    </Entry>          
                    <Entry>            
                        <Values/>            
                        <Value0>147458</Value0>            
                        <Value1>720896</Value1>            
                    </Entry>          
                    <Entry>            
                        <Values/>            
                        <Value0>65548</Value0>            
                        <Value1>65549</Value1>            
                    </Entry>          
                    <Entry>            
                        <Values/>            
                        <Value0>65549</Value0>            
                        <Value1>65550</Value1>            
                    </Entry>          
                    <Entry>            
                        <Values/>            
                        <Value0>65550</Value0>            
                        <Value1>65551</Value1>            
                    </Entry>          
                    <Entry>            
                        <Values/>            
                        <Value0>65551</Value0>            
                        <Value1>65552</Value1>            
                    </Entry>          
                    <Entry>            
                        <Values/>            
                        <Value0>65552</Value0>            
                        <Value1>147458</Value1>            
                    </Entry>          
                    <Entry>            
                        <Values/>            
                        <Value0>147458</Value0>            
                        <Value1>1114112</Value1>            
                    </Entry>          
                    <Entry>            
                        <Values>              
                            <Entry>                
                                <Value0>39853</Value0>                
                                <Value1>0</Value1>                
                            </Entry>              
                        </Values>            
                        <Value0>147456</Value0>            
                        <Value1>1179648</Value1>            
                    </Entry>          
                    <Entry>            
                        <Values/>            
                        <Value0>147458</Value0>            
                        <Value1>1245184</Value1>            
                    </Entry>          
                    <Entry>            
                        <Values>              
                            <Entry>                
                                <Value0>4294901761</Value0>                
                                <Value1>0</Value1>                
                            </Entry>              
                            <Entry>                
                                <Value0>39854</Value0>                
                                <Value1>500</Value1>                
                            </Entry>              
                        </Values>            
                        <Value0>147456</Value0>            
                        <Value1>1310720</Value1>            
                    </Entry>          
                    <Entry>            
                        <Values/>            
                        <Value0>147458</Value0>            
                        <Value1>1376256</Value1>            
                    </Entry>          
                    <Entry>            
                        <Values>              
                            <Entry>                
                                <Value0>39855</Value0>                
                                <Value1>0</Value1>                
                            </Entry>              
                        </Values>            
                        <Value0>147456</Value0>            
                        <Value1>1441792</Value1>            
                    </Entry>          
                    <Entry>            
                        <Values/>            
                        <Value0>147458</Value0>            
                        <Value1>1507328</Value1>            
                    </Entry>          
                    <Entry>            
                        <Values>              
                            <Entry>                
                                <Value0>39856</Value0>                
                                <Value1>0</Value1>                
                            </Entry>              
                        </Values>            
                        <Value0>147456</Value0>            
                        <Value1>1572864</Value1>            
                    </Entry>          
                    <Entry>            
                        <Values/>            
                        <Value0>147458</Value0>            
                        <Value1>1638400</Value1>            
                    </Entry>          
                    <Entry>            
                        <Values/>            
                        <Value0>147458</Value0>            
                        <Value1>1703936</Value1>            
                    </Entry>          
                    <Entry>            
                        <Values>              
                            <Entry>                
                                <Value0>39857</Value0>                
                                <Value1>0</Value1>                
                            </Entry>              
                        </Values>            
                        <Value0>147456</Value0>            
                        <Value1>1769472</Value1>            
                    </Entry>          
                    <Entry>            
                        <Values/>            
                        <Value0>147458</Value0>            
                        <Value1>1835008</Value1>            
                    </Entry>          
                </Unknown>        
                <Dialogs>          
                    <Dialog>小早川</Dialog>          
                    <Dialog>▲新主人公▲.</Dialog>          
                    <Dialog>○○○○○○○○</Dialog>          
                    <Dialog>嗯</Dialog>          
                    <Dialog>如果我这样叫你，你觉得怎么样</Dialog>          
                    <Dialog>（这是……）</Dialog>          
                    <Dialog>很好！真的很好</Dialog>          
                    <Dialog>再来点别的怎么样</Dialog>          
                    <Dialog>住手</Dialog>          
                    <Dialog>我懂了。我只是觉得你可能会喜欢这个。</Dialog>          
                    <Dialog>(▲主人公＊▲...？)</Dialog>          
                    <Dialog>（好吧，既然她问了，我最好选我喜欢的……）</Dialog>          
                    <Dialog>▲生成選択肢１▲</Dialog>          
                    <Dialog>▲生成選択肢２▲</Dialog>          
                    <Dialog>▲生成選択肢３▲</Dialog>          
                    <Dialog>▲生成選択肢４▲</Dialog>          
                    <Dialog>通常的名字更好</Dialog>          
                    <Dialog>我宁愿用▲和★★★★★。怎么样</Dialog>          
                    <Dialog>那是什么？那么奇怪。不管怎样，如果你喜欢的话，我就这样叫你。</Dialog>          
                    <Dialog>真正地！？</Dialog>          
                    <Dialog>▲琰琰琰＊▲。嗯。你喜欢这样吗</Dialog>          
                    <Dialog>（她试着说……）</Dialog>          
                    <Dialog>哈？你喜欢这样的东西吗</Dialog>          
                    <Dialog>是的，是的。很好，不是吗</Dialog>          
                    <Dialog>一点都不好</Dialog>          
                    <Dialog>（Tsk。所以，这不好，嗯…？）</Dialog>          
                    <Dialog>住手。</Dialog>          
                    <Dialog>什么…？是这样吗</Dialog>          
                    <Dialog>（是啊，平常最好。）</Dialog>          
                </Dialogs>        
            </SDL2>      
        </Entry>    
        <Entry Unknown0="4251086537" Unknown1="556375048">      
            <SDL2 Key="2613769687">        
                <Unknown>          
                    <Entry>            
                        <Values>              
                            <Entry>                
                                <Value0>4294901769</Value0>                
                                <Value1>0</Value1>                
                            </Entry>              
                        </Values>            
                        <Value0>147456</Value0>            
                        <Value1>65536</Value1>            
                    </Entry>          
                    <Entry>            
                        <Values/>            
                        <Value0>147458</Value0>            
                        <Value1>196608</Value1>            
                    </Entry>          
                    <Entry>            
                        <Values>              
                            <Entry>                
                                <Value0>39858</Value0>                
                                <Value1>0</Value1>                
                            </Entry>              
                        </Values>            
                        <Value0>147456</Value0>            
                        <Value1>262144</Value1>            
                    </Entry>          
                    <Entry>            
                        <Values/>            
                        <Value0>147458</Value0>            
                        <Value1>327680</Value1>            
                    </Entry>          
                    <Entry>            
                        <Values/>            
                        <Value0>65542</Value0>            
                        <Value1>65543</Value1>            
                    </Entry>          
                    <Entry>            
                        <Values/>            
                        <Value0>65543</Value0>            
                        <Value1>65544</Value1>            
                    </Entry>          
                    <Entry>            
                        <Values/>            
                        <Value0>65544</Value0>            
                        <Value1>147458</Value1>            
                    </Entry>          
                    <Entry>            
                        <Values/>            
                        <Value0>147458</Value0>            
                        <Value1>393216</Value1>            
                    </Entry>          
                    <Entry>            
                        <Values>              
                            <Entry>                
                                <Value0>39859</Value0>                
                                <Value1>0</Value1>                
                            </Entry>              
                        </Values>            
                        <Value0>147456</Value0>            
                        <Value1>589824</Value1>            
                    </Entry>          
                    <Entry>            
                        <Values/>            
                        <Value0>147458</Value0>            
                        <Value1>655360</Value1>            
                    </Entry>          
                    <Entry>            
                        <Values/>            
                        <Value0>147458</Value0>            
                        <Value1>720896</Value1>            
                    </Entry>          
                    <Entry>            
                        <Values/>            
                        <Value0>65548</Value0>            
                        <Value1>65549</Value1>            
                    </Entry>          
                    <Entry>            
                        <Values/>            
                        <Value0>65549</Value0>            
                        <Value1>65550</Value1>            
                    </Entry>          
                    <Entry>            
                        <Values/>            
                        <Value0>65550</Value0>            
                        <Value1>65551</Value1>            
                    </Entry>          
                    <Entry>            
                        <Values/>            
                        <Value0>65551</Value0>            
                        <Value1>65552</Value1>            
                    </Entry>          
                    <Entry>            
                        <Values/>            
                        <Value0>65552</Value0>            
                        <Value1>147458</Value1>            
                    </Entry>          
                    <Entry>            
                        <Values/>            
                        <Value0>147458</Value0>            
                        <Value1>1114112</Value1>            
                    </Entry>          
                    <Entry>            
                        <Values/>            
                        <Value0>147456</Value0>            
                        <Value1>1179648</Value1>            
                    </Entry>          
                    <Entry>            
                        <Values/>            
                        <Value0>147458</Value0>            
                        <Value1>1245184</Value1>            
                    </Entry>          
                    <Entry>            
                        <Values>              
                            <Entry>                
                                <Value0>4294901761</Value0>                
                                <Value1>0</Value1>                
                            </Entry>              
                            <Entry>                
                                <Value0>39860</Value0>                
                                <Value1>500</Value1>                
                            </Entry>              
                        </Values>            
                        <Value0>147456</Value0>            
                        <Value1>1310720</Value1>            
                    </Entry>          
                    <Entry>            
                        <Values/>            
                        <Value0>147458</Value0>            
                        <Value1>1376256</Value1>            
                    </Entry>          
                    <Entry>            
                        <Values>              
                            <Entry>                
                                <Value0>39861</Value0>                
                                <Value1>0</Value1>                
                            </Entry>              
                        </Values>            
                        <Value0>147456</Value0>            
                        <Value1>1441792</Value1>            
                    </Entry>          
                    <Entry>            
                        <Values/>            
                        <Value0>147458</Value0>            
                        <Value1>1507328</Value1>            
                    </Entry>          
                    <Entry>            
                        <Values>              
                            <Entry>                
                                <Value0>39862</Value0>                
                                <Value1>0</Value1>                
                            </Entry>              
                        </Values>            
                        <Value0>147456</Value0>            
                        <Value1>1572864</Value1>            
                    </Entry>          
                    <Entry>            
                        <Values/>            
                        <Value0>147458</Value0>            
                        <Value1>1638400</Value1>            
                    </Entry>          
                    <Entry>            
                        <Values/>            
                        <Value0>147458</Value0>            
                        <Value1>1703936</Value1>            
                    </Entry>          
                    <Entry>            
                        <Values>              
                            <Entry>                
                                <Value0>39863</Value0>                
                                <Value1>0</Value1>                
                            </Entry>              
                        </Values>            
                        <Value0>147456</Value0>            
                        <Value1>1769472</Value1>            
                    </Entry>          
                    <Entry>            
                        <Values/>            
                        <Value0>147458</Value0>            
                        <Value1>1835008</Value1>            
                    </Entry>          
                </Unknown>        
                <Dialogs>          
                    <Dialog>小早川</Dialog>          
                    <Dialog>▲新主人公▲.</Dialog>          
                    <Dialog>○○○○○○○○</Dialog>          
                    <Dialog>嗯</Dialog>          
                    <Dialog>嘿，你想被这样称呼，对吗</Dialog>          
                    <Dialog>（这是……）</Dialog>          
                    <Dialog>很好！真的很好</Dialog>          
                    <Dialog>再来点别的怎么样</Dialog>          
                    <Dialog>住手</Dialog>          
                    <Dialog>如我所想。我别无选择。</Dialog>          
                    <Dialog>(▲主人公＊▲...？)</Dialog>          
                    <Dialog>（好吧，既然她问了，我最好选我喜欢的……）</Dialog>          
                    <Dialog>▲生成選択肢１▲</Dialog>          
                    <Dialog>▲生成選択肢２▲</Dialog>          
                    <Dialog>▲生成選択肢３▲</Dialog>          
                    <Dialog>▲生成選択肢４▲</Dialog>          
                    <Dialog>通常的名字更好</Dialog>          
                    <Dialog>我宁愿用▲和★★★★★。怎么样</Dialog>          
                    <Dialog>....</Dialog>          
                    <Dialog>无益？</Dialog>          
                    <Dialog>▲我是专门为你说的，好吗</Dialog>          
                    <Dialog>（她试着说……）</Dialog>          
                    <Dialog>呵呵？</Dialog>          
                    <Dialog>啊。。。你当真？我只是开玩笑！哈哈哈</Dialog>          
                    <Dialog>你在想什么</Dialog>          
                    <Dialog>（Tsk。所以，这不好，嗯…？）</Dialog>          
                    <Dialog>请不要那样做。</Dialog>          
                    <Dialog>那是什么！？不可能</Dialog>          
                    <Dialog>（是啊，平常最好。）</Dialog>          
                </Dialogs>        
            </SDL2>      
        </Entry>    
        <Entry Unknown0="2323111508" Unknown1="1589126941">      
            <SDL2 Key="3153668930">        
                <Unknown>          
                    <Entry>            
                        <Values>              
                            <Entry>                
                                <Value0>4294901769</Value0>                
                                <Value1>0</Value1>                
                            </Entry>              
                        </Values>            
                        <Value0>147456</Value0>            
                        <Value1>65536</Value1>            
                    </Entry>          
                    <Entry>            
                        <Values/>            
                        <Value0>147458</Value0>            
                        <Value1>196608</Value1>            
                    </Entry>          
                    <Entry>            
                        <Values>              
                            <Entry>                
                                <Value0>39864</Value0>                
                                <Value1>0</Value1>                
                            </Entry>              
                        </Values>            
                        <Value0>147456</Value0>            
                        <Value1>262144</Value1>            
                    </Entry>          
                    <Entry>            
                        <Values/>            
                        <Value0>147458</Value0>            
                        <Value1>327680</Value1>            
                    </Entry>          
                    <Entry>            
                        <Values/>            
                        <Value0>65542</Value0>            
                        <Value1>65543</Value1>            
                    </Entry>          
                    <Entry>            
                        <Values/>            
                        <Value0>65543</Value0>            
                        <Value1>65544</Value1>            
                    </Entry>          
                    <Entry>            
                        <Values/>            
                        <Value0>65544</Value0>            
                        <Value1>147458</Value1>            
                    </Entry>          
                    <Entry>            
                        <Values/>            
                        <Value0>147458</Value0>            
                        <Value1>393216</Value1>            
                    </Entry>          
                    <Entry>            
                        <Values>              
                            <Entry>                
                                <Value0>39865</Value0>                
                                <Value1>0</Value1>                
                            </Entry>              
                        </Values>            
                        <Value0>147456</Value0>            
                        <Value1>589824</Value1>            
                    </Entry>          
                    <Entry>            
                        <Values/>            
                        <Value0>147458</Value0>            
                        <Value1>655360</Value1>            
                    </Entry>          
                    <Entry>            
                        <Values/>            
                        <Value0>147458</Value0>            
                        <Value1>720896</Value1>            
                    </Entry>          
                    <Entry>            
                        <Values/>            
                        <Value0>65548</Value0>            
                        <Value1>65549</Value1>            
                    </Entry>          
                    <Entry>            
                        <Values/>            
                        <Value0>65549</Value0>            
                        <Value1>65550</Value1>            
                    </Entry>          
                    <Entry>            
                        <Values/>            
                        <Value0>65550</Value0>            
                        <Value1>65551</Value1>            
                    </Entry>          
                    <Entry>            
                        <Values/>            
                        <Value0>65551</Value0>            
                        <Value1>65552</Value1>            
                    </Entry>          
                    <Entry>            
                        <Values/>            
                        <Value0>65552</Value0>            
                        <Value1>147458</Value1>            
                    </Entry>          
                    <Entry>            
                        <Values/>            
                        <Value0>147458</Value0>            
                        <Value1>1114112</Value1>            
                    </Entry>          
                    <Entry>            
                        <Values>              
                            <Entry>                
                                <Value0>4294901761</Value0>                
                                <Value1>0</Value1>                
                            </Entry>              
                        </Values>            
                        <Value0>147456</Value0>            
                        <Value1>1179648</Value1>            
                    </Entry>          
                    <Entry>            
                        <Values/>            
                        <Value0>147458</Value0>            
                        <Value1>1245184</Value1>            
                    </Entry>          
                    <Entry>            
                        <Values>              
                            <Entry>                
                                <Value0>39866</Value0>                
                                <Value1>0</Value1>                
                            </Entry>              
                        </Values>            
                        <Value0>147456</Value0>            
                        <Value1>1310720</Value1>            
                    </Entry>          
                    <Entry>            
                        <Values/>            
                        <Value0>147458</Value0>            
                        <Value1>1376256</Value1>            
                    </Entry>          
                    <Entry>            
                        <Values>              
                            <Entry>                
                                <Value0>39867</Value0>                
                                <Value1>0</Value1>                
                            </Entry>              
                        </Values>            
                        <Value0>147456</Value0>            
                        <Value1>1441792</Value1>            
                    </Entry>          
                    <Entry>            
                        <Values/>            
                        <Value0>147458</Value0>            
                        <Value1>1507328</Value1>            
                    </Entry>          
                    <Entry>            
                        <Values>              
                            <Entry>                
                                <Value0>39868</Value0>                
                                <Value1>0</Value1>                
                            </Entry>              
                        </Values>            
                        <Value0>147456</Value0>            
                        <Value1>1572864</Value1>            
                    </Entry>          
                    <Entry>            
                        <Values/>            
                        <Value0>147458</Value0>            
                        <Value1>1638400</Value1>            
                    </Entry>          
                    <Entry>            
                        <Values/>            
                        <Value0>147458</Value0>            
                        <Value1>1703936</Value1>            
                    </Entry>          
                    <Entry>            
                        <Values>              
                            <Entry>                
                                <Value0>39869</Value0>                
                                <Value1>0</Value1>                
                            </Entry>              
                        </Values>            
                        <Value0>147456</Value0>            
                        <Value1>1769472</Value1>            
                    </Entry>          
                    <Entry>            
                        <Values/>            
                        <Value0>147458</Value0>            
                        <Value1>1835008</Value1>            
                    </Entry>          
                </Unknown>        
                <Dialogs>          
                    <Dialog>小早川</Dialog>          
                    <Dialog>▲新主人公▲.</Dialog>          
                    <Dialog>○○○○○○○○</Dialog>          
                    <Dialog>嗯</Dialog>          
                    <Dialog>不行？你不喜欢这个名字</Dialog>          
                    <Dialog>（这是……）</Dialog>          
                    <Dialog>很好！真的很好</Dialog>          
                    <Dialog>再来点别的怎么样</Dialog>          
                    <Dialog>住手</Dialog>          
                    <Dialog>真的吗？我很高兴我试着这样称呼你。</Dialog>          
                    <Dialog>(▲主人公＊▲...？)</Dialog>          
                    <Dialog>（好吧，既然她问了，我最好选我喜欢的……）</Dialog>          
                    <Dialog>▲生成選択肢１▲</Dialog>          
                    <Dialog>▲生成選択肢２▲</Dialog>          
                    <Dialog>▲生成選択肢３▲</Dialog>          
                    <Dialog>▲生成選択肢４▲</Dialog>          
                    <Dialog>通常的名字更好</Dialog>          
                    <Dialog>我宁愿用▲和★★★★★。怎么样</Dialog>          
                    <Dialog>▲主人公＊▲.</Dialog>          
                    <Dialog>这是正确的！</Dialog>          
                    <Dialog>嘿，我刚打过电话你。它当你变得那么高兴的时候真是尴尬。</Dialog>          
                    <Dialog>（她试着说……）</Dialog>          
                    <Dialog>嗯</Dialog>          
                    <Dialog>嗯。。。那可能不太好，对吧</Dialog>          
                    <Dialog>不好！这太不可能了。</Dialog>          
                    <Dialog>（Tsk。所以，这不好，嗯…？）</Dialog>          
                    <Dialog>请不要那样做。</Dialog>          
                    <Dialog>我懂了。。。别把我当成怪人，好吗</Dialog>          
                    <Dialog>（是啊，平常最好。）</Dialog>          
                </Dialogs>        
            </SDL2>      
        </Entry>    
        <Entry Unknown0="2634499433" Unknown1="3192339629">      
            <SDL2 Key="2516305268">        
                <Unknown>          
                    <Entry>            
                        <Values/>            
                        <Value0>147456</Value0>            
                        <Value1>65536</Value1>            
                    </Entry>          
                    <Entry>            
                        <Values/>            
                        <Value0>65538</Value0>            
                        <Value1>65539</Value1>            
                    </Entry>          
                    <Entry>            
                        <Values/>            
                        <Value0>65539</Value0>            
                        <Value1>65540</Value1>            
                    </Entry>          
                    <Entry>            
                        <Values/>            
                        <Value0>65540</Value0>            
                        <Value1>65541</Value1>            
                    </Entry>          
                    <Entry>            
                        <Values/>            
                        <Value0>65541</Value0>            
                        <Value1>65542</Value1>            
                    </Entry>          
                    <Entry>            
                        <Values/>            
                        <Value0>65542</Value0>            
                        <Value1>147456</Value1>            
                    </Entry>          
                    <Entry>            
                        <Values/>            
                        <Value0>147456</Value0>            
                        <Value1>458752</Value1>            
                    </Entry>          
                    <Entry>            
                        <Values/>            
                        <Value0>147464</Value0>            
                        <Value1>589824</Value1>            
                    </Entry>          
                    <Entry>            
                        <Values/>            
                        <Value0>147456</Value0>            
                        <Value1>655360</Value1>            
                    </Entry>          
                    <Entry>            
                        <Values>              
                            <Entry>                
                                <Value0>39870</Value0>                
                                <Value1>0</Value1>                
                            </Entry>              
                        </Values>            
                        <Value0>147464</Value0>            
                        <Value1>720896</Value1>            
                    </Entry>          
                    <Entry>            
                        <Values/>            
                        <Value0>147456</Value0>            
                        <Value1>786432</Value1>            
                    </Entry>          
                    <Entry>            
                        <Values>              
                            <Entry>                
                                <Value0>39871</Value0>                
                                <Value1>0</Value1>                
                            </Entry>              
                        </Values>            
                        <Value0>147464</Value0>            
                        <Value1>851968</Value1>            
                    </Entry>          
                    <Entry>            
                        <Values>              
                            <Entry>                
                                <Value0>39872</Value0>                
                                <Value1>0</Value1>                
                            </Entry>              
                        </Values>            
                        <Value0>147464</Value0>            
                        <Value1>917504</Value1>            
                    </Entry>          
                    <Entry>            
                        <Values/>            
                        <Value0>147456</Value0>            
                        <Value1>983040</Value1>            
                    </Entry>          
                    <Entry>            
                        <Values>              
                            <Entry>                
                                <Value0>39873</Value0>                
                                <Value1>0</Value1>                
                            </Entry>              
                        </Values>            
                        <Value0>147464</Value0>            
                        <Value1>1048576</Value1>            
                    </Entry>          
                    <Entry>            
                        <Values/>            
                        <Value0>147456</Value0>            
                        <Value1>1114112</Value1>            
                    </Entry>          
                    <Entry>            
                        <Values>              
                            <Entry>                
                                <Value0>39874</Value0>                
                                <Value1>0</Value1>                
                            </Entry>              
                        </Values>            
                        <Value0>147464</Value0>            
                        <Value1>1179648</Value1>            
                    </Entry>          
                    <Entry>            
                        <Values/>            
                        <Value0>147456</Value0>            
                        <Value1>983040</Value1>            
                    </Entry>          
                    <Entry>            
                        <Values/>            
                        <Value0>147456</Value0>            
                        <Value1>1245184</Value1>            
                    </Entry>          
                    <Entry>            
                        <Values>              
                            <Entry>                
                                <Value0>39875</Value0>                
                                <Value1>0</Value1>                
                            </Entry>              
                        </Values>            
                        <Value0>147464</Value0>            
                        <Value1>1310720</Value1>            
                    </Entry>          
                </Unknown>        
                <Dialogs>          
                    <Dialog>○○○○○○○○</Dialog>          
                    <Dialog>（我是否应该试着改变我所说的▲▲小早川＊▲…？）</Dialog>          
                    <Dialog>▲生成選択肢１▲</Dialog>          
                    <Dialog>▲生成選択肢２▲</Dialog>          
                    <Dialog>▲生成選択肢３▲</Dialog>          
                    <Dialog>▲生成選択肢４▲</Dialog>          
                    <Dialog>我应该保持原样</Dialog>          
                    <Dialog>▲生成選択肢５▲.</Dialog>          
                    <Dialog>小早川</Dialog>          
                    <Dialog>......</Dialog>          
                    <Dialog>怎么样</Dialog>          
                    <Dialog>嗯，不错。</Dialog>          
                    <Dialog>真的吗？那从现在起我就叫你这个。</Dialog>          
                    <Dialog>好的。我想那很好。</Dialog>          
                    <Dialog>那绝对不好。</Dialog>          
                    <Dialog>（所以这不好…？）</Dialog>          
                    <Dialog>…没有。</Dialog>          
                    <Dialog>真正地！？</Dialog>          
                    <Dialog>当然。。。</Dialog>          
                    <Dialog>不，没关系。。。</Dialog>          
                    <Dialog>...？</Dialog>          
                </Dialogs>        
            </SDL2>      
        </Entry>    
        <Entry Unknown0="764591865" Unknown1="22662200">      
            <SDL2 Key="1573673034">        
                <Unknown>          
                    <Entry>            
                        <Values/>            
                        <Value0>147456</Value0>            
                        <Value1>65536</Value1>            
                    </Entry>          
                    <Entry>            
                        <Values/>            
                        <Value0>65538</Value0>            
                        <Value1>65539</Value1>            
                    </Entry>          
                    <Entry>            
                        <Values/>            
                        <Value0>65539</Value0>            
                        <Value1>65540</Value1>            
                    </Entry>          
                    <Entry>            
                        <Values/>            
                        <Value0>65540</Value0>            
                        <Value1>65541</Value1>            
                    </Entry>          
                    <Entry>            
                        <Values/>            
                        <Value0>65541</Value0>            
                        <Value1>65542</Value1>            
                    </Entry>          
                    <Entry>            
                        <Values/>            
                        <Value0>65542</Value0>            
                        <Value1>147456</Value1>            
                    </Entry>          
                    <Entry>            
                        <Values/>            
                        <Value0>147456</Value0>            
                        <Value1>458752</Value1>            
                    </Entry>          
                    <Entry>            
                        <Values/>            
                        <Value0>147464</Value0>            
                        <Value1>589824</Value1>            
                    </Entry>          
                    <Entry>            
                        <Values/>            
                        <Value0>147456</Value0>            
                        <Value1>655360</Value1>            
                    </Entry>          
                    <Entry>            
                        <Values>              
                            <Entry>                
                                <Value0>39876</Value0>                
                                <Value1>0</Value1>                
                            </Entry>              
                        </Values>            
                        <Value0>147464</Value0>            
                        <Value1>720896</Value1>            
                    </Entry>          
                    <Entry>            
                        <Values/>            
                        <Value0>147456</Value0>            
                        <Value1>786432</Value1>            
                    </Entry>          
                    <Entry>            
                        <Values>              
                            <Entry>                
                                <Value0>39877</Value0>                
                                <Value1>0</Value1>                
                            </Entry>              
                        </Values>            
                        <Value0>147464</Value0>            
                        <Value1>851968</Value1>            
                    </Entry>          
                    <Entry>            
                        <Values>              
                            <Entry>                
                                <Value0>39878</Value0>                
                                <Value1>0</Value1>                
                            </Entry>              
                        </Values>            
                        <Value0>147464</Value0>            
                        <Value1>917504</Value1>            
                    </Entry>          
                    <Entry>            
                        <Values/>            
                        <Value0>147456</Value0>            
                        <Value1>983040</Value1>            
                    </Entry>          
                    <Entry>            
                        <Values/>            
                        <Value0>147464</Value0>            
                        <Value1>589824</Value1>            
                    </Entry>          
                    <Entry>            
                        <Values/>            
                        <Value0>147456</Value0>            
                        <Value1>1048576</Value1>            
                    </Entry>          
                    <Entry>            
                        <Values>              
                            <Entry>                
                                <Value0>39879</Value0>                
                                <Value1>0</Value1>                
                            </Entry>              
                        </Values>            
                        <Value0>147464</Value0>            
                        <Value1>1114112</Value1>            
                    </Entry>          
                    <Entry>            
                        <Values/>            
                        <Value0>147456</Value0>            
                        <Value1>983040</Value1>            
                    </Entry>          
                    <Entry>            
                        <Values/>            
                        <Value0>147456</Value0>            
                        <Value1>1179648</Value1>            
                    </Entry>          
                    <Entry>            
                        <Values>              
                            <Entry>                
                                <Value0>39880</Value0>                
                                <Value1>0</Value1>                
                            </Entry>              
                        </Values>            
                        <Value0>147464</Value0>            
                        <Value1>1245184</Value1>            
                    </Entry>          
                </Unknown>        
                <Dialogs>          
                    <Dialog>○○○○○○○○</Dialog>          
                    <Dialog>（我是否应该试着改变我所说的▲▲小早川＊▲…？）</Dialog>          
                    <Dialog>▲生成選択肢１▲</Dialog>          
                    <Dialog>▲生成選択肢２▲</Dialog>          
                    <Dialog>▲生成選択肢３▲</Dialog>          
                    <Dialog>▲生成選択肢４▲</Dialog>          
                    <Dialog>我应该保持原样</Dialog>          
                    <Dialog>▲生成選択肢５▲.</Dialog>          
                    <Dialog>小早川</Dialog>          
                    <Dialog>......</Dialog>          
                    <Dialog>怎么样</Dialog>          
                    <Dialog>你喜欢吗</Dialog>          
                    <Dialog>对！</Dialog>          
                    <Dialog>那好吧。我会允许的。</Dialog>          
                    <Dialog>……你最好打电话给其他人。</Dialog>          
                    <Dialog>（所以这不好…？）</Dialog>          
                    <Dialog>很好，不是吗</Dialog>          
                    <Dialog>绝对不好</Dialog>          
                    <Dialog>不，没关系。。。</Dialog>          
                    <Dialog>...？</Dialog>          
                </Dialogs>        
            </SDL2>      
        </Entry>    
        <Entry Unknown0="3131518596" Unknown1="518543181">      
            <SDL2 Key="1573673034">        
                <Unknown>          
                    <Entry>            
                        <Values/>            
                        <Value0>147456</Value0>            
                        <Value1>65536</Value1>            
                    </Entry>          
                    <Entry>            
                        <Values/>            
                        <Value0>65538</Value0>            
                        <Value1>65539</Value1>            
                    </Entry>          
                    <Entry>            
                        <Values/>            
                        <Value0>65539</Value0>            
                        <Value1>65540</Value1>            
                    </Entry>          
                    <Entry>            
                        <Values/>            
                        <Value0>65540</Value0>            
                        <Value1>65541</Value1>            
                    </Entry>          
                    <Entry>            
                        <Values/>            
                        <Value0>65541</Value0>            
                        <Value1>65542</Value1>            
                    </Entry>          
                    <Entry>            
                        <Values/>            
                        <Value0>65542</Value0>            
                        <Value1>147456</Value1>            
                    </Entry>          
                    <Entry>            
                        <Values/>            
                        <Value0>147456</Value0>            
                        <Value1>458752</Value1>            
                    </Entry>          
                    <Entry>            
                        <Values/>            
                        <Value0>147464</Value0>            
                        <Value1>589824</Value1>            
                    </Entry>          
                    <Entry>            
                        <Values/>            
                        <Value0>147456</Value0>            
                        <Value1>655360</Value1>            
                    </Entry>          
                    <Entry>            
                        <Values>              
                            <Entry>                
                                <Value0>39881</Value0>                
                                <Value1>0</Value1>                
                            </Entry>              
                        </Values>            
                        <Value0>147464</Value0>            
                        <Value1>720896</Value1>            
                    </Entry>          
                    <Entry>            
                        <Values/>            
                        <Value0>147456</Value0>            
                        <Value1>786432</Value1>            
                    </Entry>          
                    <Entry>            
                        <Values>              
                            <Entry>                
                                <Value0>39882</Value0>                
                                <Value1>0</Value1>                
                            </Entry>              
                        </Values>            
                        <Value0>147464</Value0>            
                        <Value1>851968</Value1>            
                    </Entry>          
                    <Entry>            
                        <Values>              
                            <Entry>                
                                <Value0>39883</Value0>                
                                <Value1>0</Value1>                
                            </Entry>              
                        </Values>            
                        <Value0>147464</Value0>            
                        <Value1>917504</Value1>            
                    </Entry>          
                    <Entry>            
                        <Values/>            
                        <Value0>147456</Value0>            
                        <Value1>983040</Value1>            
                    </Entry>          
                    <Entry>            
                        <Values>              
                            <Entry>                
                                <Value0>39884</Value0>                
                                <Value1>0</Value1>                
                            </Entry>              
                        </Values>            
                        <Value0>147464</Value0>            
                        <Value1>1048576</Value1>            
                    </Entry>          
                    <Entry>            
                        <Values/>            
                        <Value0>147456</Value0>            
                        <Value1>1114112</Value1>            
                    </Entry>          
                    <Entry>            
                        <Values>              
                            <Entry>                
                                <Value0>39885</Value0>                
                                <Value1>0</Value1>                
                            </Entry>              
                        </Values>            
                        <Value0>147464</Value0>            
                        <Value1>1179648</Value1>            
                    </Entry>          
                    <Entry>            
                        <Values/>            
                        <Value0>147456</Value0>            
                        <Value1>983040</Value1>            
                    </Entry>          
                    <Entry>            
                        <Values/>            
                        <Value0>147456</Value0>            
                        <Value1>1245184</Value1>            
                    </Entry>          
                    <Entry>            
                        <Values>              
                            <Entry>                
                                <Value0>39886</Value0>                
                                <Value1>0</Value1>                
                            </Entry>              
                        </Values>            
                        <Value0>147464</Value0>            
                        <Value1>1310720</Value1>            
                    </Entry>          
                </Unknown>        
                <Dialogs>          
                    <Dialog>○○○○○○○○</Dialog>          
                    <Dialog>（我是否应该试着改变我所说的▲▲小早川＊▲…？）</Dialog>          
                    <Dialog>▲生成選択肢１▲</Dialog>          
                    <Dialog>▲生成選択肢２▲</Dialog>          
                    <Dialog>▲生成選択肢３▲</Dialog>          
                    <Dialog>▲生成選択肢４▲</Dialog>          
                    <Dialog>我应该保持原样</Dialog>          
                    <Dialog>▲生成選択肢５▲.</Dialog>          
                    <Dialog>小早川</Dialog>          
                    <Dialog>......</Dialog>          
                    <Dialog>怎么样</Dialog>          
                    <Dialog>有点尴尬。。。</Dialog>          
                    <Dialog>所以，我不应该再那样叫你了</Dialog>          
                    <Dialog>不，没关系。</Dialog>          
                    <Dialog>太尴尬了。</Dialog>          
                    <Dialog>（所以这不好…？）</Dialog>          
                    <Dialog>我觉得这不好。。。</Dialog>          
                    <Dialog>很好。很好</Dialog>          
                    <Dialog>对不起的。真的不是。</Dialog>          
                    <Dialog>不，没关系。。。</Dialog>          
                    <Dialog>...？</Dialog>          
                </Dialogs>        
            </SDL2>      
        </Entry>    
    </Entries>  
</DBIN2>