<?xml version="1.0" encoding="utf-8"?><DBIN2 xmlns:xsi="http://www.w3.org/2001/XMLSchema-instance" xmlns:xsd="http://www.w3.org/2001/XMLSchema" Key="833355077" Unknown="36">  
    <Entries>    
        <Entry Unknown0="4188024867" Unknown1="3516748802">      
            <SDL2 Key="660519753">        
                <Unknown>          
                    <Entry>            
                        <Values>              
                            <Entry>                
                                <Value0>46147</Value0>                
                                <Value1>0</Value1>                
                            </Entry>              
                        </Values>            
                        <Value0>147456</Value0>            
                        <Value1>65536</Value1>            
                    </Entry>          
                    <Entry>            
                        <Values/>            
                        <Value0>147458</Value0>            
                        <Value1>196608</Value1>            
                    </Entry>          
                </Unknown>        
                <Dialogs>          
                    <Dialog>小早川</Dialog>          
                    <Dialog>啊，已经来了。难道让你久等了？</Dialog>          
                    <Dialog>○○○○○○○○</Dialog>          
                    <Dialog>没关系。我也是刚刚来的。</Dialog>          
                </Dialogs>        
            </SDL2>      
        </Entry>    
        <Entry Unknown0="2657108934" Unknown1="2437674946">      
            <SDL2 Key="660519753">        
                <Unknown>          
                    <Entry>            
                        <Values>              
                            <Entry>                
                                <Value0>46148</Value0>                
                                <Value1>0</Value1>                
                            </Entry>              
                        </Values>            
                        <Value0>147456</Value0>            
                        <Value1>65536</Value1>            
                    </Entry>          
                    <Entry>            
                        <Values/>            
                        <Value0>147458</Value0>            
                        <Value1>196608</Value1>            
                    </Entry>          
                </Unknown>        
                <Dialogs>          
                    <Dialog>小早川</Dialog>          
                    <Dialog>让您久等了。比凛子还快，真让人佩服。</Dialog>          
                    <Dialog>○○○○○○○○</Dialog>          
                    <Dialog>因为不能让你等啊。</Dialog>          
                </Dialogs>        
            </SDL2>      
        </Entry>    
        <Entry Unknown0="1577967750" Unknown1="1055897455">      
            <SDL2 Key="660519753">        
                <Unknown>          
                    <Entry>            
                        <Values>              
                            <Entry>                
                                <Value0>46149</Value0>                
                                <Value1>0</Value1>                
                            </Entry>              
                        </Values>            
                        <Value0>147456</Value0>            
                        <Value1>65536</Value1>            
                    </Entry>          
                    <Entry>            
                        <Values/>            
                        <Value0>147458</Value0>            
                        <Value1>196608</Value1>            
                    </Entry>          
                </Unknown>        
                <Dialogs>          
                    <Dialog>小早川</Dialog>          
                    <Dialog>让您久等了。对不起。凛子迟到了。</Dialog>          
                    <Dialog>○○○○○○○○</Dialog>          
                    <Dialog>完全没关系。时间正好。</Dialog>          
                </Dialogs>        
            </SDL2>      
        </Entry>    
        <Entry Unknown0="162537523" Unknown1="3769459730">      
            <SDL2 Key="660519753">        
                <Unknown>          
                    <Entry>            
                        <Values>              
                            <Entry>                
                                <Value0>46150</Value0>                
                                <Value1>0</Value1>                
                            </Entry>              
                        </Values>            
                        <Value0>147456</Value0>            
                        <Value1>65536</Value1>            
                    </Entry>          
                    <Entry>            
                        <Values/>            
                        <Value0>147458</Value0>            
                        <Value1>196608</Value1>            
                    </Entry>          
                </Unknown>        
                <Dialogs>          
                    <Dialog>小早川</Dialog>          
                    <Dialog>真糟糕。明明很热，你却早来了？</Dialog>          
                    <Dialog>○○○○○○○○</Dialog>          
                    <Dialog>让你久等不好吧？▲▲小早川＊▲，天气炎热，身体虚弱。</Dialog>          
                </Dialogs>        
            </SDL2>      
        </Entry>    
        <Entry Unknown0="2926605270" Unknown1="2690320338">      
            <SDL2 Key="660519753">        
                <Unknown>          
                    <Entry>            
                        <Values>              
                            <Entry>                
                                <Value0>46151</Value0>                
                                <Value1>0</Value1>                
                            </Entry>              
                        </Values>            
                        <Value0>147456</Value0>            
                        <Value1>65536</Value1>            
                    </Entry>          
                    <Entry>            
                        <Values/>            
                        <Value0>147458</Value0>            
                        <Value1>196608</Value1>            
                    </Entry>          
                </Unknown>        
                <Dialogs>          
                    <Dialog>小早川</Dialog>          
                    <Dialog>居然先来了，太佩服了。这么热的天让凛子等的话就踢球了。</Dialog>          
                    <Dialog>○○○○○○○○</Dialog>          
                    <Dialog>能早点来真是太好了。</Dialog>          
                </Dialogs>        
            </SDL2>      
        </Entry>    
        <Entry Unknown0="1847431318" Unknown1="1342162815">      
            <SDL2 Key="660519753">        
                <Unknown>          
                    <Entry>            
                        <Values>              
                            <Entry>                
                                <Value0>46152</Value0>                
                                <Value1>0</Value1>                
                            </Entry>              
                        </Values>            
                        <Value0>147456</Value0>            
                        <Value1>65536</Value1>            
                    </Entry>          
                    <Entry>            
                        <Values/>            
                        <Value0>147458</Value0>            
                        <Value1>196608</Value1>            
                    </Entry>          
                </Unknown>        
                <Dialogs>          
                    <Dialog>小早川</Dialog>          
                    <Dialog>今天也很热呢。我在出汗。对不起……难道让你久等了？</Dialog>          
                    <Dialog>○○○○○○○○</Dialog>          
                    <Dialog>没那回事。时间正好。</Dialog>          
                </Dialogs>        
            </SDL2>      
        </Entry>    
        <Entry Unknown0="432066627" Unknown1="4089279522">      
            <SDL2 Key="660519753">        
                <Unknown>          
                    <Entry>            
                        <Values>              
                            <Entry>                
                                <Value0>46153</Value0>                
                                <Value1>0</Value1>                
                            </Entry>              
                        </Values>            
                        <Value0>147456</Value0>            
                        <Value1>65536</Value1>            
                    </Entry>          
                    <Entry>            
                        <Values/>            
                        <Value0>147458</Value0>            
                        <Value1>196608</Value1>            
                    </Entry>          
                </Unknown>        
                <Dialogs>          
                    <Dialog>小早川</Dialog>          
                    <Dialog>让您久等了。不是很冷吗？</Dialog>          
                    <Dialog>○○○○○○○○</Dialog>          
                    <Dialog>现在刚到，没关系。</Dialog>          
                </Dialogs>        
            </SDL2>      
        </Entry>    
        <Entry Unknown0="3196085222" Unknown1="3010140130">      
            <SDL2 Key="660519753">        
                <Unknown>          
                    <Entry>            
                        <Values>              
                            <Entry>                
                                <Value0>46154</Value0>                
                                <Value1>0</Value1>                
                            </Entry>              
                        </Values>            
                        <Value0>147456</Value0>            
                        <Value1>65536</Value1>            
                    </Entry>          
                    <Entry>            
                        <Values/>            
                        <Value0>147458</Value0>            
                        <Value1>196608</Value1>            
                    </Entry>          
                </Unknown>        
                <Dialogs>          
                    <Dialog>小早川</Dialog>          
                    <Dialog>让您久等了。好冷啊？</Dialog>          
                    <Dialog>○○○○○○○○</Dialog>          
                    <Dialog>啊，真的。</Dialog>          
                </Dialogs>        
            </SDL2>      
        </Entry>    
        <Entry Unknown0="2116911270" Unknown1="1544542095">      
            <SDL2 Key="660519753">        
                <Unknown>          
                    <Entry>            
                        <Values>              
                            <Entry>                
                                <Value0>46155</Value0>                
                                <Value1>0</Value1>                
                            </Entry>              
                        </Values>            
                        <Value0>147456</Value0>            
                        <Value1>65536</Value1>            
                    </Entry>          
                    <Entry>            
                        <Values/>            
                        <Value0>147458</Value0>            
                        <Value1>196608</Value1>            
                    </Entry>          
                </Unknown>        
                <Dialogs>          
                    <Dialog>小早川</Dialog>          
                    <Dialog>好冷啊。驼背？等了很久吗？</Dialog>          
                    <Dialog>○○○○○○○○</Dialog>          
                    <Dialog>是吗？我没有等。</Dialog>          
                </Dialogs>        
            </SDL2>      
        </Entry>    
        <Entry Unknown0="701546579" Unknown1="1707967538">      
            <SDL2 Key="660519753">        
                <Unknown>          
                    <Entry>            
                        <Values>              
                            <Entry>                
                                <Value0>46156</Value0>                
                                <Value1>0</Value1>                
                            </Entry>              
                        </Values>            
                        <Value0>147456</Value0>            
                        <Value1>65536</Value1>            
                    </Entry>          
                    <Entry>            
                        <Values/>            
                        <Value0>147458</Value0>            
                        <Value1>196608</Value1>            
                    </Entry>          
                </Unknown>        
                <Dialogs>          
                    <Dialog>小早川</Dialog>          
                    <Dialog>啊，来了。遵守了约定的时间。</Dialog>          
                    <Dialog>○○○○○○○○</Dialog>          
                    <Dialog>那是当然的。大人的礼仪啊。</Dialog>          
                </Dialogs>        
            </SDL2>      
        </Entry>    
        <Entry Unknown0="3465548790" Unknown1="2776311794">      
            <SDL2 Key="660519753">        
                <Unknown>          
                    <Entry>            
                        <Values>              
                            <Entry>                
                                <Value0>46157</Value0>                
                                <Value1>0</Value1>                
                            </Entry>              
                        </Values>            
                        <Value0>147456</Value0>            
                        <Value1>65536</Value1>            
                    </Entry>          
                    <Entry>            
                        <Values/>            
                        <Value0>147458</Value0>            
                        <Value1>196608</Value1>            
                    </Entry>          
                </Unknown>        
                <Dialogs>          
                    <Dialog>小早川</Dialog>          
                    <Dialog>来了来了。时间也正好，能省去从凛子那里找的工夫真是太好了。</Dialog>          
                    <Dialog>○○○○○○○○</Dialog>          
                    <Dialog>▲▲小早川＊▲很容易找到。</Dialog>          
                </Dialogs>        
            </SDL2>      
        </Entry>    
        <Entry Unknown0="2386407606" Unknown1="169863071">      
            <SDL2 Key="660519753">        
                <Unknown>          
                    <Entry>            
                        <Values>              
                            <Entry>                
                                <Value0>46158</Value0>                
                                <Value1>0</Value1>                
                            </Entry>              
                        </Values>            
                        <Value0>147456</Value0>            
                        <Value1>65536</Value1>            
                    </Entry>          
                    <Entry>            
                        <Values/>            
                        <Value0>147458</Value0>            
                        <Value1>196608</Value1>            
                    </Entry>          
                </Unknown>        
                <Dialogs>          
                    <Dialog>小早川</Dialog>          
                    <Dialog>正好。凛子也是，刚才来的。</Dialog>          
                    <Dialog>○○○○○○○○</Dialog>          
                    <Dialog>这样啊。不用等太久，太好了。</Dialog>          
                </Dialogs>        
            </SDL2>      
        </Entry>    
        <Entry Unknown0="971042915" Unknown1="1960678466">      
            <SDL2 Key="660519753">        
                <Unknown>          
                    <Entry>            
                        <Values>              
                            <Entry>                
                                <Value0>46159</Value0>                
                                <Value1>0</Value1>                
                            </Entry>              
                        </Values>            
                        <Value0>147456</Value0>            
                        <Value1>65536</Value1>            
                    </Entry>          
                    <Entry>            
                        <Values/>            
                        <Value0>147458</Value0>            
                        <Value1>196608</Value1>            
                    </Entry>          
                </Unknown>        
                <Dialogs>          
                    <Dialog>小早川</Dialog>          
                    <Dialog>啊，来了。正好是约定的时间吗。快点移动吧？</Dialog>          
                    <Dialog>○○○○○○○○</Dialog>          
                    <Dialog>是啊。这里热得要上火了。</Dialog>          
                </Dialogs>        
            </SDL2>      
        </Entry>    
        <Entry Unknown0="3735028486" Unknown1="3029022466">      
            <SDL2 Key="660519753">        
                <Unknown>          
                    <Entry>            
                        <Values>              
                            <Entry>                
                                <Value0>46160</Value0>                
                                <Value1>0</Value1>                
                            </Entry>              
                        </Values>            
                        <Value0>147456</Value0>            
                        <Value1>65536</Value1>            
                    </Entry>          
                    <Entry>            
                        <Values/>            
                        <Value0>147458</Value0>            
                        <Value1>196608</Value1>            
                    </Entry>          
                </Unknown>        
                <Dialogs>          
                    <Dialog>小早川</Dialog>          
                    <Dialog>这边儿。你没有迟到吧。</Dialog>          
                    <Dialog>○○○○○○○○</Dialog>          
                    <Dialog>这么热的天还迟到的话，应该会被说成是他不合格吧。</Dialog>          
                </Dialogs>        
            </SDL2>      
        </Entry>    
        <Entry Unknown0="2655887558" Unknown1="456128431">      
            <SDL2 Key="1201529492">        
                <Unknown>          
                    <Entry>            
                        <Values>              
                            <Entry>                
                                <Value0>46161</Value0>                
                                <Value1>0</Value1>                
                            </Entry>              
                        </Values>            
                        <Value0>147456</Value0>            
                        <Value1>65536</Value1>            
                    </Entry>          
                    <Entry>            
                        <Values/>            
                        <Value0>147458</Value0>            
                        <Value1>196608</Value1>            
                    </Entry>          
                </Unknown>        
                <Dialogs>          
                    <Dialog>小早川</Dialog>          
                    <Dialog>嗯，正好。快点去。因为很热嘛。</Dialog>          
                    <Dialog>○○○○○○○○</Dialog>          
                    <Dialog>好的。▲▲小早川＊▲融化前移动。</Dialog>          
                </Dialogs>        
            </SDL2>      
        </Entry>    
        <Entry Unknown0="1240522867" Unknown1="1206756434">      
            <SDL2 Key="1201529492">        
                <Unknown>          
                    <Entry>            
                        <Values>              
                            <Entry>                
                                <Value0>46162</Value0>                
                                <Value1>0</Value1>                
                            </Entry>              
                        </Values>            
                        <Value0>147456</Value0>            
                        <Value1>65536</Value1>            
                    </Entry>          
                    <Entry>            
                        <Values/>            
                        <Value0>147458</Value0>            
                        <Value1>196608</Value1>            
                    </Entry>          
                </Unknown>        
                <Dialogs>          
                    <Dialog>小早川</Dialog>          
                    <Dialog>守时型……嗯。嗯，再见。</Dialog>          
                    <Dialog>○○○○○○○○</Dialog>          
                    <Dialog>真的呢。要早点移动吗。</Dialog>          
                </Dialogs>        
            </SDL2>      
        </Entry>    
        <Entry Unknown0="4004524822" Unknown1="2275100434">      
            <SDL2 Key="1201529492">        
                <Unknown>          
                    <Entry>            
                        <Values>              
                            <Entry>                
                                <Value0>46163</Value0>                
                                <Value1>0</Value1>                
                            </Entry>              
                        </Values>            
                        <Value0>147456</Value0>            
                        <Value1>65536</Value1>            
                    </Entry>          
                    <Entry>            
                        <Values/>            
                        <Value0>147458</Value0>            
                        <Value1>196608</Value1>            
                    </Entry>          
                </Unknown>        
                <Dialogs>          
                    <Dialog>小早川</Dialog>          
                    <Dialog>为什么这么冷？不要呆太久，快去吧。</Dialog>          
                    <Dialog>○○○○○○○○</Dialog>          
                    <Dialog>嗯，是啊。</Dialog>          
                </Dialogs>        
            </SDL2>      
        </Entry>    
        <Entry Unknown0="2925351126" Unknown1="3896444863">      
            <SDL2 Key="1201529492">        
                <Unknown>          
                    <Entry>            
                        <Values>              
                            <Entry>                
                                <Value0>46164</Value0>                
                                <Value1>0</Value1>                
                            </Entry>              
                        </Values>            
                        <Value0>147456</Value0>            
                        <Value1>65536</Value1>            
                    </Entry>          
                    <Entry>            
                        <Values/>            
                        <Value0>147458</Value0>            
                        <Value1>196608</Value1>            
                    </Entry>          
                </Unknown>        
                <Dialogs>          
                    <Dialog>小早川</Dialog>          
                    <Dialog>太好了，不用等了。凛子的寒冷是凶器哦。</Dialog>          
                    <Dialog>○○○○○○○○</Dialog>          
                    <Dialog>哈哈，幸好没有迟到。</Dialog>          
                </Dialogs>        
            </SDL2>      
        </Entry>    
        <Entry Unknown0="1493209219" Unknown1="1459467362">      
            <SDL2 Key="1201529492">        
                <Unknown>          
                    <Entry>            
                        <Values>              
                            <Entry>                
                                <Value0>46165</Value0>                
                                <Value1>0</Value1>                
                            </Entry>              
                        </Values>            
                        <Value0>147456</Value0>            
                        <Value1>65536</Value1>            
                    </Entry>          
                    <Entry>            
                        <Values/>            
                        <Value0>147458</Value0>            
                        <Value1>196608</Value1>            
                    </Entry>          
                </Unknown>        
                <Dialogs>          
                    <Dialog>小早川</Dialog>          
                    <Dialog>啊，来了。那个……今后，严格遵守时间和凛子约定可以吗？</Dialog>          
                    <Dialog>○○○○○○○○</Dialog>          
                    <Dialog>对不起。铭记在心……。</Dialog>          
                </Dialogs>        
            </SDL2>      
        </Entry>    
        <Entry Unknown0="4274004774" Unknown1="2527811362">      
            <SDL2 Key="1201529492">        
                <Unknown>          
                    <Entry>            
                        <Values>              
                            <Entry>                
                                <Value0>46166</Value0>                
                                <Value1>0</Value1>                
                            </Entry>              
                        </Values>            
                        <Value0>147456</Value0>            
                        <Value1>65536</Value1>            
                    </Entry>          
                    <Entry>            
                        <Values/>            
                        <Value0>147458</Value0>            
                        <Value1>196608</Value1>            
                    </Entry>          
                </Unknown>        
                <Dialogs>          
                    <Dialog>小早川</Dialog>          
                    <Dialog>迟到了。你是说对约会不感兴趣吗？</Dialog>          
                    <Dialog>○○○○○○○○</Dialog>          
                    <Dialog>……对不起。</Dialog>          
                </Dialogs>        
            </SDL2>      
        </Entry>    
        <Entry Unknown0="3194831078" Unknown1="4182710223">      
            <SDL2 Key="1201529492">        
                <Unknown>          
                    <Entry>            
                        <Values>              
                            <Entry>                
                                <Value0>46167</Value0>                
                                <Value1>0</Value1>                
                            </Entry>              
                        </Values>            
                        <Value0>147456</Value0>            
                        <Value1>65536</Value1>            
                    </Entry>          
                    <Entry>            
                        <Values/>            
                        <Value0>147458</Value0>            
                        <Value1>196608</Value1>            
                    </Entry>          
                </Unknown>        
                <Dialogs>          
                    <Dialog>小早川</Dialog>          
                    <Dialog>啊，来了来了。已经……凛子啊，是让人等的女人吗？</Dialog>          
                    <Dialog>○○○○○○○○</Dialog>          
                    <Dialog>真的，对不起……。</Dialog>          
                </Dialogs>        
            </SDL2>      
        </Entry>    
        <Entry Unknown0="1762689171" Unknown1="688768114">      
            <SDL2 Key="1201529492">        
                <Unknown>          
                    <Entry>            
                        <Values>              
                            <Entry>                
                                <Value0>46168</Value0>                
                                <Value1>0</Value1>                
                            </Entry>              
                        </Values>            
                        <Value0>147456</Value0>            
                        <Value1>65536</Value1>            
                    </Entry>          
                    <Entry>            
                        <Values/>            
                        <Value0>147458</Value0>            
                        <Value1>196608</Value1>            
                    </Entry>          
                </Unknown>        
                <Dialogs>          
                    <Dialog>小早川</Dialog>          
                    <Dialog>迟了……好热……。口渴了。</Dialog>          
                    <Dialog>○○○○○○○○</Dialog>          
                    <Dialog>真的，对不起。我马上去买冷的东西。</Dialog>          
                </Dialogs>        
            </SDL2>      
        </Entry>    
        <Entry Unknown0="248566582" Unknown1="1773889330">      
            <SDL2 Key="1201529492">        
                <Unknown>          
                    <Entry>            
                        <Values>              
                            <Entry>                
                                <Value0>46169</Value0>                
                                <Value1>0</Value1>                
                            </Entry>              
                        </Values>            
                        <Value0>147456</Value0>            
                        <Value1>65536</Value1>            
                    </Entry>          
                    <Entry>            
                        <Values/>            
                        <Value0>147458</Value0>            
                        <Value1>196608</Value1>            
                    </Entry>          
                </Unknown>        
                <Dialogs>          
                    <Dialog>小早川</Dialog>          
                    <Dialog>在这么热的天气里让凛子等着，你不是很有胆量吗。</Dialog>          
                    <Dialog>○○○○○○○○</Dialog>          
                    <Dialog>对不起……。我道歉，请原谅我踢。</Dialog>          
                </Dialogs>        
            </SDL2>      
        </Entry>    
        <Entry Unknown0="3464327414" Unknown1="3328124895">      
            <SDL2 Key="1201529492">        
                <Unknown>          
                    <Entry>            
                        <Values>              
                            <Entry>                
                                <Value0>46170</Value0>                
                                <Value1>0</Value1>                
                            </Entry>              
                        </Values>            
                        <Value0>147456</Value0>            
                        <Value1>65536</Value1>            
                    </Entry>          
                    <Entry>            
                        <Values/>            
                        <Value0>147458</Value0>            
                        <Value1>196608</Value1>            
                    </Entry>          
                </Unknown>        
                <Dialogs>          
                    <Dialog>小早川</Dialog>          
                    <Dialog>好热，好慢！据说直射凛子的日光是凶器。</Dialog>          
                    <Dialog>○○○○○○○○</Dialog>          
                    <Dialog>对不起，对不起。请原谅我。</Dialog>          
                </Dialogs>        
            </SDL2>      
        </Entry>    
        <Entry Unknown0="2032185507" Unknown1="941479042">      
            <SDL2 Key="1201529492">        
                <Unknown>          
                    <Entry>            
                        <Values>              
                            <Entry>                
                                <Value0>46171</Value0>                
                                <Value1>0</Value1>                
                            </Entry>              
                            <Entry>                
                                <Value0>46172</Value0>                
                                <Value1>500</Value1>                
                            </Entry>              
                        </Values>            
                        <Value0>147456</Value0>            
                        <Value1>65536</Value1>            
                    </Entry>          
                    <Entry>            
                        <Values/>            
                        <Value0>147458</Value0>            
                        <Value1>196608</Value1>            
                    </Entry>          
                </Unknown>        
                <Dialogs>          
                    <Dialog>小早川</Dialog>          
                    <Dialog>迟到了吧？嗯，可以。对了，是什么？这寒冷。</Dialog>          
                    <Dialog>○○○○○○○○</Dialog>          
                    <Dialog>（生气了……是吧？）</Dialog>          
                </Dialogs>        
            </SDL2>      
        </Entry>    
        <Entry Unknown0="518046534" Unknown1="2026600258">      
            <SDL2 Key="1201529492">        
                <Unknown>          
                    <Entry>            
                        <Values>              
                            <Entry>                
                                <Value0>46173</Value0>                
                                <Value1>0</Value1>                
                            </Entry>              
                        </Values>            
                        <Value0>147456</Value0>            
                        <Value1>65536</Value1>            
                    </Entry>          
                    <Entry>            
                        <Values/>            
                        <Value0>147458</Value0>            
                        <Value1>196608</Value1>            
                    </Entry>          
                </Unknown>        
                <Dialogs>          
                    <Dialog>小早川</Dialog>          
                    <Dialog>那个，虽然很冷。希望惩罚凛子吗？</Dialog>          
                    <Dialog>○○○○○○○○</Dialog>          
                    <Dialog>那不对……对不起。</Dialog>          
                </Dialogs>        
            </SDL2>      
        </Entry>    
        <Entry Unknown0="3733807110" Unknown1="3614390255">      
            <SDL2 Key="1201529492">        
                <Unknown>          
                    <Entry>            
                        <Values>              
                            <Entry>                
                                <Value0>46174</Value0>                
                                <Value1>0</Value1>                
                            </Entry>              
                        </Values>            
                        <Value0>147456</Value0>            
                        <Value1>65536</Value1>            
                    </Entry>          
                    <Entry>            
                        <Values/>            
                        <Value0>147458</Value0>            
                        <Value1>196608</Value1>            
                    </Entry>          
                </Unknown>        
                <Dialogs>          
                    <Dialog>小早川</Dialog>          
                    <Dialog>好冷啊……。再晚一点的话，凛子就不能动了。</Dialog>          
                    <Dialog>○○○○○○○○</Dialog>          
                    <Dialog>真的……对不起，让你久等了。</Dialog>          
                </Dialogs>        
            </SDL2>      
        </Entry>    
        <Entry Unknown0="2301665459" Unknown1="187557010">      
            <SDL2 Key="1201529492">        
                <Unknown>          
                    <Entry>            
                        <Values>              
                            <Entry>                
                                <Value0>46175</Value0>                
                                <Value1>0</Value1>                
                            </Entry>              
                        </Values>            
                        <Value0>147456</Value0>            
                        <Value1>65536</Value1>            
                    </Entry>          
                    <Entry>            
                        <Values/>            
                        <Value0>147458</Value0>            
                        <Value1>196608</Value1>            
                    </Entry>          
                </Unknown>        
                <Dialogs>          
                    <Dialog>小早川</Dialog>          
                    <Dialog>借口是？</Dialog>          
                    <Dialog>○○○○○○○○</Dialog>          
                    <Dialog>真是太抱歉了！</Dialog>          
                </Dialogs>        
            </SDL2>      
        </Entry>    
        <Entry Unknown0="787542870" Unknown1="1272678226">      
            <SDL2 Key="2009934063">        
                <Unknown>          
                    <Entry>            
                        <Values>              
                            <Entry>                
                                <Value0>46176</Value0>                
                                <Value1>0</Value1>                
                            </Entry>              
                        </Values>            
                        <Value0>147456</Value0>            
                        <Value1>65536</Value1>            
                    </Entry>          
                    <Entry>            
                        <Values/>            
                        <Value0>147458</Value0>            
                        <Value1>196608</Value1>            
                    </Entry>          
                </Unknown>        
                <Dialogs>          
                    <Dialog>小早川</Dialog>          
                    <Dialog>谁说可以迟到？小脚的暴风雨，吃了吗？</Dialog>          
                    <Dialog>○○○○○○○○</Dialog>          
                    <Dialog>饶了我吧！真的，我觉得很抱歉。</Dialog>          
                </Dialogs>        
            </SDL2>      
        </Entry>    
        <Entry Unknown0="4003270678" Unknown1="2759804927">      
            <SDL2 Key="2009934063">        
                <Unknown>          
                    <Entry>            
                        <Values>              
                            <Entry>                
                                <Value0>46177</Value0>                
                                <Value1>0</Value1>                
                            </Entry>              
                        </Values>            
                        <Value0>147456</Value0>            
                        <Value1>65536</Value1>            
                    </Entry>          
                    <Entry>            
                        <Values/>            
                        <Value0>147458</Value0>            
                        <Value1>196608</Value1>            
                    </Entry>          
                </Unknown>        
                <Dialogs>          
                    <Dialog>小早川</Dialog>          
                    <Dialog>太晚了！还以为他不来呢，不安起来了。我要！</Dialog>          
                    <Dialog>○○○○○○○○</Dialog>          
                    <Dialog>让你担心了，真的对不起！</Dialog>          
                </Dialogs>        
            </SDL2>      
        </Entry>    
        <Entry Unknown0="2571129027" Unknown1="440267938">      
            <SDL2 Key="2009934063">        
                <Unknown>          
                    <Entry>            
                        <Values>              
                            <Entry>                
                                <Value0>46178</Value0>                
                                <Value1>0</Value1>                
                            </Entry>              
                        </Values>            
                        <Value0>147456</Value0>            
                        <Value1>65536</Value1>            
                    </Entry>          
                    <Entry>            
                        <Values/>            
                        <Value0>147458</Value0>            
                        <Value1>196608</Value1>            
                    </Entry>          
                </Unknown>        
                <Dialogs>          
                    <Dialog>小早川</Dialog>          
                    <Dialog>……太热了，停止思考。怎么办？</Dialog>          
                    <Dialog>○○○○○○○○</Dialog>          
                    <Dialog>我在反省……。我会补偿你的。</Dialog>          
                </Dialogs>        
            </SDL2>      
        </Entry>    
        <Entry Unknown0="1040245606" Unknown1="1525389154">      
            <SDL2 Key="2009934063">        
                <Unknown>          
                    <Entry>            
                        <Values>              
                            <Entry>                
                                <Value0>46179</Value0>                
                                <Value1>0</Value1>                
                            </Entry>              
                        </Values>            
                        <Value0>147456</Value0>            
                        <Value1>65536</Value1>            
                    </Entry>          
                    <Entry>            
                        <Values/>            
                        <Value0>147458</Value0>            
                        <Value1>196608</Value1>            
                    </Entry>          
                </Unknown>        
                <Dialogs>          
                    <Dialog>小早川</Dialog>          
                    <Dialog>热、热、热！再晚3秒就回去了。</Dialog>          
                    <Dialog>○○○○○○○○</Dialog>          
                    <Dialog>对不起！在这么热的天气里，竟然让我等……。</Dialog>          
                </Dialogs>        
            </SDL2>      
        </Entry>    
        <Entry Unknown0="4272750630" Unknown1="3046070031">      
            <SDL2 Key="2009934063">        
                <Unknown>          
                    <Entry>            
                        <Values>              
                            <Entry>                
                                <Value0>46180</Value0>                
                                <Value1>0</Value1>                
                            </Entry>              
                        </Values>            
                        <Value0>147456</Value0>            
                        <Value1>65536</Value1>            
                    </Entry>          
                    <Entry>            
                        <Values/>            
                        <Value0>147458</Value0>            
                        <Value1>196608</Value1>            
                    </Entry>          
                </Unknown>        
                <Dialogs>          
                    <Dialog>小早川</Dialog>          
                    <Dialog>太晚了！太担心了，连热都忘了。</Dialog>          
                    <Dialog>○○○○○○○○</Dialog>          
                    <Dialog>对不起。谢谢你等我。</Dialog>          
                </Dialogs>        
            </SDL2>      
        </Entry>    
        <Entry Unknown0="2840608979" Unknown1="3981247666">      
            <SDL2 Key="2009934063">        
                <Unknown>          
                    <Entry>            
                        <Values>              
                            <Entry>                
                                <Value0>46181</Value0>                
                                <Value1>0</Value1>                
                            </Entry>              
                        </Values>            
                        <Value0>147456</Value0>            
                        <Value1>65536</Value1>            
                    </Entry>          
                    <Entry>            
                        <Values/>            
                        <Value0>147458</Value0>            
                        <Value1>196608</Value1>            
                    </Entry>          
                </Unknown>        
                <Dialogs>          
                    <Dialog>小早川</Dialog>          
                    <Dialog>……冷。身心俱在。</Dialog>          
                    <Dialog>○○○○○○○○</Dialog>          
                    <Dialog>对不起。我会好好考虑补偿的……请原谅我。</Dialog>          
                </Dialogs>        
            </SDL2>      
        </Entry>    
        <Entry Unknown0="1309709174" Unknown1="771467122">      
            <SDL2 Key="2009934063">        
                <Unknown>          
                    <Entry>            
                        <Values>              
                            <Entry>                
                                <Value0>46182</Value0>                
                                <Value1>0</Value1>                
                            </Entry>              
                        </Values>            
                        <Value0>147456</Value0>            
                        <Value1>65536</Value1>            
                    </Entry>          
                    <Entry>            
                        <Values/>            
                        <Value0>147458</Value0>            
                        <Value1>196608</Value1>            
                    </Entry>          
                </Unknown>        
                <Dialogs>          
                    <Dialog>小早川</Dialog>          
                    <Dialog>好冷……太冷了，连踢都不想踢。</Dialog>          
                    <Dialog>○○○○○○○○</Dialog>          
                    <Dialog>（得救了……？）</Dialog>          
                </Dialogs>        
            </SDL2>      
        </Entry>    
        <Entry Unknown0="247279670" Unknown1="2191484703">      
            <SDL2 Key="2009934063">        
                <Unknown>          
                    <Entry>            
                        <Values>              
                            <Entry>                
                                <Value0>46183</Value0>                
                                <Value1>0</Value1>                
                            </Entry>              
                        </Values>            
                        <Value0>147456</Value0>            
                        <Value1>65536</Value1>            
                    </Entry>          
                    <Entry>            
                        <Values/>            
                        <Value0>147458</Value0>            
                        <Value1>196608</Value1>            
                    </Entry>          
                </Unknown>        
                <Dialogs>          
                    <Dialog>小早川</Dialog>          
                    <Dialog>太晚了！以为约会地点弄错了，所以很不安。笨蛋……。</Dialog>          
                    <Dialog>○○○○○○○○</Dialog>          
                    <Dialog>对不起。这么冷还等我，谢谢。</Dialog>          
                </Dialogs>        
            </SDL2>      
        </Entry>    
    </Entries>  
</DBIN2>