<?xml version="1.0" encoding="utf-8"?><DBIN2 xmlns:xsi="http://www.w3.org/2001/XMLSchema-instance" xmlns:xsd="http://www.w3.org/2001/XMLSchema" Key="1503816373" Unknown="15">  
    <Entries>    
        <Entry Unknown0="744461696" Unknown1="3089488145">      
            <SDL2 Key="1530080635">        
                <Unknown>          
                    <Entry>            
                        <Values>              
                            <Entry>                
                                <Value0>46289</Value0>                
                                <Value1>0</Value1>                
                            </Entry>              
                            <Entry>                
                                <Value0>46290</Value0>                
                                <Value1>500</Value1>                
                            </Entry>              
                        </Values>            
                        <Value0>147456</Value0>            
                        <Value1>65536</Value1>            
                    </Entry>          
                </Unknown>        
                <Dialogs>          
                    <Dialog>小早川</Dialog>          
                    <Dialog>今天啊……明明很开心，但是有点痛苦。大概，我更喜欢你了吧。</Dialog>          
                </Dialogs>        
            </SDL2>      
        </Entry>    
        <Entry Unknown0="394814325" Unknown1="3784625722">      
            <SDL2 Key="1530080635">        
                <Unknown>          
                    <Entry>            
                        <Values>              
                            <Entry>                
                                <Value0>46291</Value0>                
                                <Value1>0</Value1>                
                            </Entry>              
                        </Values>            
                        <Value0>147456</Value0>            
                        <Value1>65536</Value1>            
                    </Entry>          
                </Unknown>        
                <Dialogs>          
                    <Dialog>小早川</Dialog>          
                    <Dialog>那个，你想让凛子更加着迷，怎么办？</Dialog>          
                </Dialogs>        
            </SDL2>      
        </Entry>    
        <Entry Unknown0="1325034654" Unknown1="1401485228">      
            <SDL2 Key="1530080635">        
                <Unknown>          
                    <Entry>            
                        <Values>              
                            <Entry>                
                                <Value0>46292</Value0>                
                                <Value1>0</Value1>                
                            </Entry>              
                            <Entry>                
                                <Value0>46293</Value0>                
                                <Value1>500</Value1>                
                            </Entry>              
                        </Values>            
                        <Value0>147456</Value0>            
                        <Value1>65536</Value1>            
                    </Entry>          
                </Unknown>        
                <Dialogs>          
                    <Dialog>小早川</Dialog>          
                    <Dialog>知道凛子现在有多幸福吗？也许这个世界已经无法挽回了。</Dialog>          
                </Dialogs>        
            </SDL2>      
        </Entry>    
        <Entry Unknown0="3169781008" Unknown1="1119185313">      
            <SDL2 Key="1530080635">        
                <Unknown>          
                    <Entry>            
                        <Values>              
                            <Entry>                
                                <Value0>46294</Value0>                
                                <Value1>0</Value1>                
                            </Entry>              
                        </Values>            
                        <Value0>147456</Value0>            
                        <Value1>65536</Value1>            
                    </Entry>          
                </Unknown>        
                <Dialogs>          
                    <Dialog>小早川</Dialog>          
                    <Dialog>因为今天是很好的一天。凛子，好像变得坦率了。</Dialog>          
                </Dialogs>        
            </SDL2>      
        </Entry>    
        <Entry Unknown0="2803405573" Unknown1="2065981130">      
            <SDL2 Key="1530080635">        
                <Unknown>          
                    <Entry>            
                        <Values>              
                            <Entry>                
                                <Value0>46295</Value0>                
                                <Value1>0</Value1>                
                            </Entry>              
                        </Values>            
                        <Value0>147456</Value0>            
                        <Value1>65536</Value1>            
                    </Entry>          
                </Unknown>        
                <Dialogs>          
                    <Dialog>小早川</Dialog>          
                    <Dialog>今天啊，这才是恋爱情侣！这样的感觉。</Dialog>          
                </Dialogs>        
            </SDL2>      
        </Entry>    
        <Entry Unknown0="3733625902" Unknown1="3910698812">      
            <SDL2 Key="1530080635">        
                <Unknown>          
                    <Entry>            
                        <Values>              
                            <Entry>                
                                <Value0>46296</Value0>                
                                <Value1>0</Value1>                
                            </Entry>              
                        </Values>            
                        <Value0>147456</Value0>            
                        <Value1>65536</Value1>            
                    </Entry>          
                </Unknown>        
                <Dialogs>          
                    <Dialog>小早川</Dialog>          
                    <Dialog>凛子大满足。真的很开心！</Dialog>          
                </Dialogs>        
            </SDL2>      
        </Entry>    
        <Entry Unknown0="1283437984" Unknown1="3427137841">      
            <SDL2 Key="368415042">        
                <Unknown>          
                    <Entry>            
                        <Values>              
                            <Entry>                
                                <Value0>46297</Value0>                
                                <Value1>0</Value1>                
                            </Entry>              
                        </Values>            
                        <Value0>147456</Value0>            
                        <Value1>65536</Value1>            
                    </Entry>          
                </Unknown>        
                <Dialogs>          
                    <Dialog>小早川</Dialog>          
                    <Dialog>平凡的日子。嘛，世上最普通的。</Dialog>          
                </Dialogs>        
            </SDL2>      
        </Entry>    
        <Entry Unknown0="933757845" Unknown1="364179034">      
            <SDL2 Key="368415042">        
                <Unknown>          
                    <Entry>            
                        <Values>              
                            <Entry>                
                                <Value0>46298</Value0>                
                                <Value1>0</Value1>                
                            </Entry>              
                        </Values>            
                        <Value0>147456</Value0>            
                        <Value1>65536</Value1>            
                    </Entry>          
                </Unknown>        
                <Dialogs>          
                    <Dialog>小早川</Dialog>          
                    <Dialog>啊，不是很开心吗？相应地。</Dialog>          
                </Dialogs>        
            </SDL2>      
        </Entry>    
        <Entry Unknown0="1847200958" Unknown1="1739069388">      
            <SDL2 Key="368415042">        
                <Unknown>          
                    <Entry>            
                        <Values>              
                            <Entry>                
                                <Value0>46299</Value0>                
                                <Value1>0</Value1>                
                            </Entry>              
                        </Values>            
                        <Value0>147456</Value0>            
                        <Value1>65536</Value1>            
                    </Entry>          
                </Unknown>        
                <Dialogs>          
                    <Dialog>小早川</Dialog>          
                    <Dialog>今天的约会真是太好了。下次想更开心。</Dialog>          
                </Dialogs>        
            </SDL2>      
        </Entry>    
        <Entry Unknown0="3691980080" Unknown1="1993705921">      
            <SDL2 Key="368415042">        
                <Unknown>          
                    <Entry>            
                        <Values>              
                            <Entry>                
                                <Value0>46300</Value0>                
                                <Value1>0</Value1>                
                            </Entry>              
                        </Values>            
                        <Value0>147456</Value0>            
                        <Value1>65536</Value1>            
                    </Entry>          
                </Unknown>        
                <Dialogs>          
                    <Dialog>小早川</Dialog>          
                    <Dialog>总觉得……不觉得尴尬吗？</Dialog>          
                </Dialogs>        
            </SDL2>      
        </Entry>    
        <Entry Unknown0="3342381861" Unknown1="2403630826">      
            <SDL2 Key="368415042">        
                <Unknown>          
                    <Entry>            
                        <Values>              
                            <Entry>                
                                <Value0>46301</Value0>                
                                <Value1>0</Value1>                
                            </Entry>              
                        </Values>            
                        <Value0>147456</Value0>            
                        <Value1>65536</Value1>            
                    </Entry>          
                </Unknown>        
                <Dialogs>          
                    <Dialog>小早川</Dialog>          
                    <Dialog>今天的约会，有点不满意……。</Dialog>          
                </Dialogs>        
            </SDL2>      
        </Entry>    
        <Entry Unknown0="4272602190" Unknown1="490252124">      
            <SDL2 Key="368415042">        
                <Unknown>          
                    <Entry>            
                        <Values>              
                            <Entry>                
                                <Value0>46302</Value0>                
                                <Value1>0</Value1>                
                            </Entry>              
                        </Values>            
                        <Value0>147456</Value0>            
                        <Value1>65536</Value1>            
                    </Entry>          
                </Unknown>        
                <Dialogs>          
                    <Dialog>小早川</Dialog>          
                    <Dialog>喂……凛子，今天好像搞错了什么。那就说吧。</Dialog>          
                </Dialogs>        
            </SDL2>      
        </Entry>    
        <Entry Unknown0="1822381504" Unknown1="3496286545">      
            <SDL2 Key="368415042">        
                <Unknown>          
                    <Entry>            
                        <Values>              
                            <Entry>                
                                <Value0>46303</Value0>                
                                <Value1>0</Value1>                
                            </Entry>              
                        </Values>            
                        <Value0>147456</Value0>            
                        <Value1>65536</Value1>            
                    </Entry>          
                </Unknown>        
                <Dialogs>          
                    <Dialog>小早川</Dialog>          
                    <Dialog>不必勉强约会。我这边也不愉快。</Dialog>          
                </Dialogs>        
            </SDL2>      
        </Entry>    
        <Entry Unknown0="1472734133" Unknown1="164892282">      
            <SDL2 Key="368415042">        
                <Unknown>          
                    <Entry>            
                        <Values>              
                            <Entry>                
                                <Value0>46304</Value0>                
                                <Value1>0</Value1>                
                            </Entry>              
                        </Values>            
                        <Value0>147456</Value0>            
                        <Value1>65536</Value1>            
                    </Entry>          
                </Unknown>        
                <Dialogs>          
                    <Dialog>小早川</Dialog>          
                    <Dialog>有点……今天能说是约会吗？</Dialog>          
                </Dialogs>        
            </SDL2>      
        </Entry>    
        <Entry Unknown0="2386177246" Unknown1="3150460908">      
            <SDL2 Key="368415042">        
                <Unknown>          
                    <Entry>            
                        <Values>              
                            <Entry>                
                                <Value0>46305</Value0>                
                                <Value1>0</Value1>                
                            </Entry>              
                        </Values>            
                        <Value0>147456</Value0>            
                        <Value1>65536</Value1>            
                    </Entry>          
                </Unknown>        
                <Dialogs>          
                    <Dialog>小早川</Dialog>          
                    <Dialog>那个……今天不见面比较好吗？</Dialog>          
                </Dialogs>        
            </SDL2>      
        </Entry>    
    </Entries>  
</DBIN2>