<?xml version="1.0" encoding="utf-8"?><DBIN2 xmlns:xsi="http://www.w3.org/2001/XMLSchema-instance" xmlns:xsd="http://www.w3.org/2001/XMLSchema" Key="4226514210" Unknown="21">  
    <Entries>    
        <Entry Unknown0="1876059231" Unknown1="3455998664">      
            <SDL2 Key="528022429">        
                <Unknown>          
                    <Entry>            
                        <Values>              
                            <Entry>                
                                <Value0>46418</Value0>                
                                <Value1>0</Value1>                
                            </Entry>              
                        </Values>            
                        <Value0>147456</Value0>            
                        <Value1>65536</Value1>            
                    </Entry>          
                    <Entry>            
                        <Values/>            
                        <Value0>147458</Value0>            
                        <Value1>196608</Value1>            
                    </Entry>          
                    <Entry>            
                        <Values>              
                            <Entry>                
                                <Value0>46419</Value0>                
                                <Value1>0</Value1>                
                            </Entry>              
                        </Values>            
                        <Value0>147456</Value0>            
                        <Value1>262144</Value1>            
                    </Entry>          
                    <Entry>            
                        <Values/>            
                        <Value0>147458</Value0>            
                        <Value1>327680</Value1>            
                    </Entry>          
                </Unknown>        
                <Dialogs>          
                    <Dialog>小早川</Dialog>          
                    <Dialog>凛子，不回去的话……。</Dialog>          
                    <Dialog>○○○○○○○○</Dialog>          
                    <Dialog>是吗……。</Dialog>          
                    <Dialog>虽然知道会恋恋不舍……。再见。</Dialog>          
                    <Dialog>啊。再见。</Dialog>          
                </Dialogs>        
            </SDL2>      
        </Entry>    
        <Entry Unknown0="3001755316" Unknown1="3863195617">      
            <SDL2 Key="528022429">        
                <Unknown>          
                    <Entry>            
                        <Values>              
                            <Entry>                
                                <Value0>46420</Value0>                
                                <Value1>0</Value1>                
                            </Entry>              
                        </Values>            
                        <Value0>147456</Value0>            
                        <Value1>65536</Value1>            
                    </Entry>          
                    <Entry>            
                        <Values/>            
                        <Value0>147458</Value0>            
                        <Value1>196608</Value1>            
                    </Entry>          
                    <Entry>            
                        <Values>              
                            <Entry>                
                                <Value0>46421</Value0>                
                                <Value1>0</Value1>                
                            </Entry>              
                        </Values>            
                        <Value0>147456</Value0>            
                        <Value1>262144</Value1>            
                    </Entry>          
                    <Entry>            
                        <Values/>            
                        <Value0>147458</Value0>            
                        <Value1>327680</Value1>            
                    </Entry>          
                </Unknown>        
                <Dialogs>          
                    <Dialog>小早川</Dialog>          
                    <Dialog>啊啊……。已经不得不回去了吗……。</Dialog>          
                    <Dialog>○○○○○○○○</Dialog>          
                    <Dialog>能一点点增加在一起的时间就好了。</Dialog>          
                    <Dialog>嗯。那个……今天也很开心。谢谢你。</Dialog>          
                    <Dialog>●也很开心哦。那么，再见。</Dialog>          
                </Dialogs>        
            </SDL2>      
        </Entry>    
        <Entry Unknown0="3643669453" Unknown1="680904739">      
            <SDL2 Key="528022429">        
                <Unknown>          
                    <Entry>            
                        <Values>              
                            <Entry>                
                                <Value0>46422</Value0>                
                                <Value1>0</Value1>                
                            </Entry>              
                        </Values>            
                        <Value0>147456</Value0>            
                        <Value1>65536</Value1>            
                    </Entry>          
                    <Entry>            
                        <Values/>            
                        <Value0>147458</Value0>            
                        <Value1>196608</Value1>            
                    </Entry>          
                    <Entry>            
                        <Values>              
                            <Entry>                
                                <Value0>46423</Value0>                
                                <Value1>0</Value1>                
                            </Entry>              
                            <Entry>                
                                <Value0>46424</Value0>                
                                <Value1>500</Value1>                
                            </Entry>              
                        </Values>            
                        <Value0>147456</Value0>            
                        <Value1>262144</Value1>            
                    </Entry>          
                    <Entry>            
                        <Values/>            
                        <Value0>147458</Value0>            
                        <Value1>327680</Value1>            
                    </Entry>          
                </Unknown>        
                <Dialogs>          
                    <Dialog>小早川</Dialog>          
                    <Dialog>明明还想再多待一会儿的……。</Dialog>          
                    <Dialog>○○○○○○○○</Dialog>          
                    <Dialog>嗯，因为……。</Dialog>          
                    <Dialog>这样啊，我听到了就好了。那么，再见吧？拜拜。</Dialog>          
                    <Dialog>再见。拜拜。</Dialog>          
                </Dialogs>        
            </SDL2>      
        </Entry>    
        <Entry Unknown0="528667663" Unknown1="2091780728">      
            <SDL2 Key="1336423144">        
                <Unknown>          
                    <Entry>            
                        <Values>              
                            <Entry>                
                                <Value0>46425</Value0>                
                                <Value1>0</Value1>                
                            </Entry>              
                        </Values>            
                        <Value0>147456</Value0>            
                        <Value1>65536</Value1>            
                    </Entry>          
                    <Entry>            
                        <Values/>            
                        <Value0>147458</Value0>            
                        <Value1>196608</Value1>            
                    </Entry>          
                </Unknown>        
                <Dialogs>          
                    <Dialog>小早川</Dialog>          
                    <Dialog>今天的约会到此为止。那么，再见。</Dialog>          
                    <Dialog>○○○○○○○○</Dialog>          
                    <Dialog>嗯。那么，再见。</Dialog>          
                </Dialogs>        
            </SDL2>      
        </Entry>    
        <Entry Unknown0="1654363748" Unknown1="2549309329">      
            <SDL2 Key="1336423144">        
                <Unknown>          
                    <Entry>            
                        <Values>              
                            <Entry>                
                                <Value0>46426</Value0>                
                                <Value1>0</Value1>                
                            </Entry>              
                        </Values>            
                        <Value0>147456</Value0>            
                        <Value1>65536</Value1>            
                    </Entry>          
                    <Entry>            
                        <Values/>            
                        <Value0>147458</Value0>            
                        <Value1>196608</Value1>            
                    </Entry>          
                </Unknown>        
                <Dialogs>          
                    <Dialog>小早川</Dialog>          
                    <Dialog>那么……已经到时间了，回去吧。</Dialog>          
                    <Dialog>○○○○○○○○</Dialog>          
                    <Dialog>这样啊。那么，再见。</Dialog>          
                </Dialogs>        
            </SDL2>      
        </Entry>    
        <Entry Unknown0="2312973181" Unknown1="3645208787">      
            <SDL2 Key="1336423144">        
                <Unknown>          
                    <Entry>            
                        <Values>              
                            <Entry>                
                                <Value0>46427</Value0>                
                                <Value1>0</Value1>                
                            </Entry>              
                        </Values>            
                        <Value0>147456</Value0>            
                        <Value1>65536</Value1>            
                    </Entry>          
                    <Entry>            
                        <Values/>            
                        <Value0>147458</Value0>            
                        <Value1>196608</Value1>            
                    </Entry>          
                </Unknown>        
                <Dialogs>          
                    <Dialog>小早川</Dialog>          
                    <Dialog>今天……到此为止了。那么，再见。</Dialog>          
                    <Dialog>○○○○○○○○</Dialog>          
                    <Dialog>再见。</Dialog>          
                </Dialogs>        
            </SDL2>      
        </Entry>    
        <Entry Unknown0="3476161727" Unknown1="794737192">      
            <SDL2 Key="1336423144">        
                <Unknown>          
                    <Entry>            
                        <Values/>            
                        <Value0>147456</Value0>            
                        <Value1>65536</Value1>            
                    </Entry>          
                    <Entry>            
                        <Values>              
                            <Entry>                
                                <Value0>46428</Value0>                
                                <Value1>0</Value1>                
                            </Entry>              
                        </Values>            
                        <Value0>147458</Value0>            
                        <Value1>196608</Value1>            
                    </Entry>          
                </Unknown>        
                <Dialogs>          
                    <Dialog>○○○○○○○○</Dialog>          
                    <Dialog>那么，在这里。</Dialog>          
                    <Dialog>小早川</Dialog>          
                    <Dialog>那么……。</Dialog>          
                </Dialogs>        
            </SDL2>      
        </Entry>    
        <Entry Unknown0="306955796" Unknown1="1151536961">      
            <SDL2 Key="1336423144">        
                <Unknown>          
                    <Entry>            
                        <Values/>            
                        <Value0>147456</Value0>            
                        <Value1>65536</Value1>            
                    </Entry>          
                    <Entry>            
                        <Values>              
                            <Entry>                
                                <Value0>46429</Value0>                
                                <Value1>0</Value1>                
                            </Entry>              
                        </Values>            
                        <Value0>147458</Value0>            
                        <Value1>196608</Value1>            
                    </Entry>          
                </Unknown>        
                <Dialogs>          
                    <Dialog>○○○○○○○○</Dialog>          
                    <Dialog>那么……再见。</Dialog>          
                    <Dialog>小早川</Dialog>          
                    <Dialog>又……。</Dialog>          
                </Dialogs>        
            </SDL2>      
        </Entry>    
        <Entry Unknown0="965581613" Unknown1="2331322499">      
            <SDL2 Key="1336423144">        
                <Unknown>          
                    <Entry>            
                        <Values/>            
                        <Value0>147456</Value0>            
                        <Value1>65536</Value1>            
                    </Entry>          
                    <Entry>            
                        <Values>              
                            <Entry>                
                                <Value0>46430</Value0>                
                                <Value1>0</Value1>                
                            </Entry>              
                        </Values>            
                        <Value0>147458</Value0>            
                        <Value1>196608</Value1>            
                    </Entry>          
                </Unknown>        
                <Dialogs>          
                    <Dialog>○○○○○○○○</Dialog>          
                    <Dialog>那么，就这样。</Dialog>          
                    <Dialog>小早川</Dialog>          
                    <Dialog>……拜拜。</Dialog>          
                </Dialogs>        
            </SDL2>      
        </Entry>    
        <Entry Unknown0="2145547375" Unknown1="3608046296">      
            <SDL2 Key="1336423144">        
                <Unknown>          
                    <Entry>            
                        <Values>              
                            <Entry>                
                                <Value0>46431</Value0>                
                                <Value1>0</Value1>                
                            </Entry>              
                        </Values>            
                        <Value0>147456</Value0>            
                        <Value1>65536</Value1>            
                    </Entry>          
                    <Entry>            
                        <Values/>            
                        <Value0>147458</Value0>            
                        <Value1>196608</Value1>            
                    </Entry>          
                </Unknown>        
                <Dialogs>          
                    <Dialog>小早川</Dialog>          
                    <Dialog>真的，再见。</Dialog>          
                    <Dialog>○○○○○○○○</Dialog>          
                    <Dialog>嗯。拜拜。</Dialog>          
                </Dialogs>        
            </SDL2>      
        </Entry>    
        <Entry Unknown0="3271243460" Unknown1="4233347057">      
            <SDL2 Key="1336423144">        
                <Unknown>          
                    <Entry>            
                        <Values>              
                            <Entry>                
                                <Value0>46432</Value0>                
                                <Value1>0</Value1>                
                            </Entry>              
                        </Values>            
                        <Value0>147456</Value0>            
                        <Value1>65536</Value1>            
                    </Entry>          
                    <Entry>            
                        <Values/>            
                        <Value0>147458</Value0>            
                        <Value1>196608</Value1>            
                    </Entry>          
                </Unknown>        
                <Dialogs>          
                    <Dialog>小早川</Dialog>          
                    <Dialog>拜拜！</Dialog>          
                    <Dialog>○○○○○○○○</Dialog>          
                    <Dialog>拜拜！</Dialog>          
                </Dialogs>        
            </SDL2>      
        </Entry>    
        <Entry Unknown0="3913141213" Unknown1="849729587">      
            <SDL2 Key="1336423144">        
                <Unknown>          
                    <Entry>            
                        <Values>              
                            <Entry>                
                                <Value0>46433</Value0>                
                                <Value1>0</Value1>                
                            </Entry>              
                        </Values>            
                        <Value0>147456</Value0>            
                        <Value1>65536</Value1>            
                    </Entry>          
                    <Entry>            
                        <Values/>            
                        <Value0>147458</Value0>            
                        <Value1>196608</Value1>            
                    </Entry>          
                </Unknown>        
                <Dialogs>          
                    <Dialog>小早川</Dialog>          
                    <Dialog>今天也很开心哦！</Dialog>          
                    <Dialog>○○○○○○○○</Dialog>          
                    <Dialog>●也。再见！</Dialog>          
                </Dialogs>        
            </SDL2>      
        </Entry>    
        <Entry Unknown0="798139423" Unknown1="2260605576">      
            <SDL2 Key="1336423144">        
                <Unknown>          
                    <Entry>            
                        <Values/>            
                        <Value0>147456</Value0>            
                        <Value1>65536</Value1>            
                    </Entry>          
                    <Entry>            
                        <Values>              
                            <Entry>                
                                <Value0>46434</Value0>                
                                <Value1>0</Value1>                
                            </Entry>              
                        </Values>            
                        <Value0>147458</Value0>            
                        <Value1>196608</Value1>            
                    </Entry>          
                </Unknown>        
                <Dialogs>          
                    <Dialog>○○○○○○○○</Dialog>          
                    <Dialog>怎么了？</Dialog>          
                    <Dialog>小早川</Dialog>          
                    <Dialog>那个，果然……啊。</Dialog>          
                </Dialogs>        
            </SDL2>      
        </Entry>    
        <Entry Unknown0="1923835508" Unknown1="2902683553">      
            <SDL2 Key="1336423144">        
                <Unknown>          
                    <Entry>            
                        <Values/>            
                        <Value0>147456</Value0>            
                        <Value1>65536</Value1>            
                    </Entry>          
                    <Entry>            
                        <Values>              
                            <Entry>                
                                <Value0>46435</Value0>                
                                <Value1>0</Value1>                
                            </Entry>              
                        </Values>            
                        <Value0>147458</Value0>            
                        <Value1>196608</Value1>            
                    </Entry>          
                </Unknown>        
                <Dialogs>          
                    <Dialog>○○○○○○○○</Dialog>          
                    <Dialog>有什么事吗？</Dialog>          
                    <Dialog>小早川</Dialog>          
                    <Dialog>重要的事情……。</Dialog>          
                </Dialogs>        
            </SDL2>      
        </Entry>    
        <Entry Unknown0="2582461325" Unknown1="3814033635">      
            <SDL2 Key="1336423144">        
                <Unknown>          
                    <Entry>            
                        <Values/>            
                        <Value0>147456</Value0>            
                        <Value1>65536</Value1>            
                    </Entry>          
                    <Entry>            
                        <Values>              
                            <Entry>                
                                <Value0>46436</Value0>                
                                <Value1>0</Value1>                
                            </Entry>              
                        </Values>            
                        <Value0>147458</Value0>            
                        <Value1>196608</Value1>            
                    </Entry>          
                </Unknown>        
                <Dialogs>          
                    <Dialog>○○○○○○○○</Dialog>          
                    <Dialog>怎么了？拜拜了吧？</Dialog>          
                    <Dialog>小早川</Dialog>          
                    <Dialog>果然……再稍微……。</Dialog>          
                </Dialogs>        
            </SDL2>      
        </Entry>    
        <Entry Unknown0="3745649871" Unknown1="695126584">      
            <SDL2 Key="1336423144">        
                <Unknown>          
                    <Entry>            
                        <Values/>            
                        <Value0>147456</Value0>            
                        <Value1>65536</Value1>            
                    </Entry>          
                    <Entry>            
                        <Values>              
                            <Entry>                
                                <Value0>46437</Value0>                
                                <Value1>0</Value1>                
                            </Entry>              
                        </Values>            
                        <Value0>147458</Value0>            
                        <Value1>196608</Value1>            
                    </Entry>          
                </Unknown>        
                <Dialogs>          
                    <Dialog>○○○○○○○○</Dialog>          
                    <Dialog>没关系吗？</Dialog>          
                    <Dialog>小早川</Dialog>          
                    <Dialog>嗯……谢谢。</Dialog>          
                </Dialogs>        
            </SDL2>      
        </Entry>    
        <Entry Unknown0="576443940" Unknown1="1119035217">      
            <SDL2 Key="1336423144">        
                <Unknown>          
                    <Entry>            
                        <Values/>            
                        <Value0>147456</Value0>            
                        <Value1>65536</Value1>            
                    </Entry>          
                    <Entry>            
                        <Values>              
                            <Entry>                
                                <Value0>46438</Value0>                
                                <Value1>0</Value1>                
                            </Entry>              
                        </Values>            
                        <Value0>147458</Value0>            
                        <Value1>196608</Value1>            
                    </Entry>          
                </Unknown>        
                <Dialogs>          
                    <Dialog>○○○○○○○○</Dialog>          
                    <Dialog>已经没事了吗？</Dialog>          
                    <Dialog>小早川</Dialog>          
                    <Dialog>嗯，今天呢。</Dialog>          
                </Dialogs>        
            </SDL2>      
        </Entry>    
        <Entry Unknown0="1235053373" Unknown1="2349152403">      
            <SDL2 Key="4185564622">        
                <Unknown>          
                    <Entry>            
                        <Values/>            
                        <Value0>147456</Value0>            
                        <Value1>65536</Value1>            
                    </Entry>          
                    <Entry>            
                        <Values>              
                            <Entry>                
                                <Value0>46439</Value0>                
                                <Value1>0</Value1>                
                            </Entry>              
                        </Values>            
                        <Value0>147458</Value0>            
                        <Value1>196608</Value1>            
                    </Entry>          
                </Unknown>        
                <Dialogs>          
                    <Dialog>○○○○○○○○</Dialog>          
                    <Dialog>已经可以了吗？</Dialog>          
                    <Dialog>小早川</Dialog>          
                    <Dialog>谢谢。凛子的男友很温柔呢。嘿嘿。</Dialog>          
                </Dialogs>        
            </SDL2>      
        </Entry>    
        <Entry Unknown0="2415019135" Unknown1="4162747112">      
            <SDL2 Key="4185564622">        
                <Unknown>          
                    <Entry>            
                        <Values/>            
                        <Value0>147456</Value0>            
                        <Value1>65536</Value1>            
                    </Entry>          
                    <Entry>            
                        <Values>              
                            <Entry>                
                                <Value0>46440</Value0>                
                                <Value1>0</Value1>                
                            </Entry>              
                        </Values>            
                        <Value0>147458</Value0>            
                        <Value1>196608</Value1>            
                    </Entry>          
                </Unknown>        
                <Dialogs>          
                    <Dialog>○○○○○○○○</Dialog>          
                    <Dialog>没关系吗？</Dialog>          
                    <Dialog>小早川</Dialog>          
                    <Dialog>哎呀……啊。</Dialog>          
                </Dialogs>        
            </SDL2>      
        </Entry>    
        <Entry Unknown0="3523938004" Unknown1="325308161">      
            <SDL2 Key="4185564622">        
                <Unknown>          
                    <Entry>            
                        <Values/>            
                        <Value0>147456</Value0>            
                        <Value1>65536</Value1>            
                    </Entry>          
                    <Entry>            
                        <Values>              
                            <Entry>                
                                <Value0>46441</Value0>                
                                <Value1>0</Value1>                
                            </Entry>              
                        </Values>            
                        <Value0>147458</Value0>            
                        <Value1>196608</Value1>            
                    </Entry>          
                </Unknown>        
                <Dialogs>          
                    <Dialog>○○○○○○○○</Dialog>          
                    <Dialog>已经没事了吗？</Dialog>          
                    <Dialog>小早川</Dialog>          
                    <Dialog>嗯。原谅你吧。</Dialog>          
                </Dialogs>        
            </SDL2>      
        </Entry>    
        <Entry Unknown0="4182629357" Unknown1="1572202563">      
            <SDL2 Key="4185564622">        
                <Unknown>          
                    <Entry>            
                        <Values/>            
                        <Value0>147456</Value0>            
                        <Value1>65536</Value1>            
                    </Entry>          
                    <Entry>            
                        <Values>              
                            <Entry>                
                                <Value0>46442</Value0>                
                                <Value1>0</Value1>                
                            </Entry>              
                        </Values>            
                        <Value0>147458</Value0>            
                        <Value1>196608</Value1>            
                    </Entry>          
                </Unknown>        
                <Dialogs>          
                    <Dialog>○○○○○○○○</Dialog>          
                    <Dialog>已经可以了吗？</Dialog>          
                    <Dialog>小早川</Dialog>          
                    <Dialog>嗯……是啊。</Dialog>          
                </Dialogs>        
            </SDL2>      
        </Entry>    
    </Entries>  
</DBIN2>