<?xml version="1.0" encoding="utf-8"?><DBIN2 xmlns:xsi="http://www.w3.org/2001/XMLSchema-instance" xmlns:xsd="http://www.w3.org/2001/XMLSchema" Key="1168595484" Unknown="10">  
    <Entries>    
        <Entry Unknown0="3087057912" Unknown1="1174355338">      
            <SDL2 Key="2405615228">        
                <Unknown>          
                    <Entry>            
                        <Values>              
                            <Entry>                
                                <Value0>4294901761</Value0>                
                                <Value1>0</Value1>                
                            </Entry>              
                            <Entry>                
                                <Value0>50833</Value0>                
                                <Value1>500</Value1>                
                            </Entry>              
                        </Values>            
                        <Value0>147456</Value0>            
                        <Value1>65536</Value1>            
                    </Entry>          
                    <Entry>            
                        <Values/>            
                        <Value0>147458</Value0>            
                        <Value1>196608</Value1>            
                    </Entry>          
                    <Entry>            
                        <Values>              
                            <Entry>                
                                <Value0>50834</Value0>                
                                <Value1>0</Value1>                
                            </Entry>              
                        </Values>            
                        <Value0>147456</Value0>            
                        <Value1>262144</Value1>            
                    </Entry>          
                    <Entry>            
                        <Values/>            
                        <Value0>147458</Value0>            
                        <Value1>327680</Value1>            
                    </Entry>          
                    <Entry>            
                        <Values>              
                            <Entry>                
                                <Value0>50835</Value0>                
                                <Value1>0</Value1>                
                            </Entry>              
                        </Values>            
                        <Value0>147456</Value0>            
                        <Value1>393216</Value1>            
                    </Entry>          
                </Unknown>        
                <Dialogs>          
                    <Dialog>小早川</Dialog>          
                    <Dialog>▲主人公＊▲。你有讨厌的食物吗。</Dialog>          
                    <Dialog>○○○○○○○○</Dialog>          
                    <Dialog>●哈……啊，▲▲小早川＊▲是讨厌豌豆吗？还剩下供餐吧。</Dialog>          
                    <Dialog>是一种腐蚀，为什么…………提问的是这边！</Dialog>          
                    <Dialog>吃不下被老师骂了，差点哭出来。</Dialog>          
                    <Dialog>你别随便看了！</Dialog>          
                </Dialogs>        
            </SDL2>      
        </Entry>    
        <Entry Unknown0="1376987294" Unknown1="1503060893">      
            <SDL2 Key="1768128429">        
                <Unknown>          
                    <Entry>            
                        <Values>              
                            <Entry>                
                                <Value0>50836</Value0>                
                                <Value1>0</Value1>                
                            </Entry>              
                        </Values>            
                        <Value0>147456</Value0>            
                        <Value1>65536</Value1>            
                    </Entry>          
                    <Entry>            
                        <Values/>            
                        <Value0>147458</Value0>            
                        <Value1>196608</Value1>            
                    </Entry>          
                    <Entry>            
                        <Values>              
                            <Entry>                
                                <Value0>50837</Value0>                
                                <Value1>0</Value1>                
                            </Entry>              
                        </Values>            
                        <Value0>147456</Value0>            
                        <Value1>262144</Value1>            
                    </Entry>          
                    <Entry>            
                        <Values/>            
                        <Value0>147458</Value0>            
                        <Value1>327680</Value1>            
                    </Entry>          
                    <Entry>            
                        <Values>              
                            <Entry>                
                                <Value0>50838</Value0>                
                                <Value1>0</Value1>                
                            </Entry>              
                        </Values>            
                        <Value0>147456</Value0>            
                        <Value1>393216</Value1>            
                    </Entry>          
                    <Entry>            
                        <Values/>            
                        <Value0>147458</Value0>            
                        <Value1>458752</Value1>            
                    </Entry>          
                </Unknown>        
                <Dialogs>          
                    <Dialog>小早川</Dialog>          
                    <Dialog>弟弟看的动画已经结束了吧。</Dialog>          
                    <Dialog>○○○○○○○○</Dialog>          
                    <Dialog>啊，真不懂世故啊。</Dialog>          
                    <Dialog>真的，明明是应该给予梦想的动画，却很难过。</Dialog>          
                    <Dialog>希望不要停止闪闪发光的烟！</Dialog>          
                    <Dialog>…………啊，是说你妄想的动画吗。</Dialog>          
                    <Dialog>哇，等一下，▲▲小早川＊▲！</Dialog>          
                </Dialogs>        
            </SDL2>      
        </Entry>    
        <Entry Unknown0="1739230897" Unknown1="3980195380">      
            <SDL2 Key="3117669716">        
                <Unknown>          
                    <Entry>            
                        <Values>              
                            <Entry>                
                                <Value0>50839</Value0>                
                                <Value1>0</Value1>                
                            </Entry>              
                        </Values>            
                        <Value0>147456</Value0>            
                        <Value1>65536</Value1>            
                    </Entry>          
                    <Entry>            
                        <Values/>            
                        <Value0>147458</Value0>            
                        <Value1>196608</Value1>            
                    </Entry>          
                    <Entry>            
                        <Values>              
                            <Entry>                
                                <Value0>50840</Value0>                
                                <Value1>0</Value1>                
                            </Entry>              
                        </Values>            
                        <Value0>147456</Value0>            
                        <Value1>262144</Value1>            
                    </Entry>          
                    <Entry>            
                        <Values/>            
                        <Value0>147458</Value0>            
                        <Value1>327680</Value1>            
                    </Entry>          
                    <Entry>            
                        <Values>              
                            <Entry>                
                                <Value0>50841</Value0>                
                                <Value1>0</Value1>                
                            </Entry>              
                        </Values>            
                        <Value0>147456</Value0>            
                        <Value1>393216</Value1>            
                    </Entry>          
                    <Entry>            
                        <Values/>            
                        <Value0>147458</Value0>            
                        <Value1>458752</Value1>            
                    </Entry>          
                </Unknown>        
                <Dialogs>          
                    <Dialog>小早川</Dialog>          
                    <Dialog>古装剧相当有趣。和弟弟一起看的话，很难和他交往。</Dialog>          
                    <Dialog>○○○○○○○○</Dialog>          
                    <Dialog>啊，果然是▲▲小早川＊▲流行的角色吗？</Dialog>          
                    <Dialog>对了对了。被打败了……栗子。……这样的感觉……。</Dialog>          
                    <Dialog>请不要死，小早川老师！好好干！</Dialog>          
                    <Dialog>不……那么认真地做的话，有点……。</Dialog>          
                    <Dialog>啊……那是梦吗……。</Dialog>          
                </Dialogs>        
            </SDL2>      
        </Entry>    
        <Entry Unknown0="139490120" Unknown1="2521796058">      
            <SDL2 Key="3117669716">        
                <Unknown>          
                    <Entry>            
                        <Values>              
                            <Entry>                
                                <Value0>50842</Value0>                
                                <Value1>0</Value1>                
                            </Entry>              
                        </Values>            
                        <Value0>147456</Value0>            
                        <Value1>65536</Value1>            
                    </Entry>          
                    <Entry>            
                        <Values/>            
                        <Value0>147458</Value0>            
                        <Value1>196608</Value1>            
                    </Entry>          
                    <Entry>            
                        <Values>              
                            <Entry>                
                                <Value0>50843</Value0>                
                                <Value1>0</Value1>                
                            </Entry>              
                        </Values>            
                        <Value0>147456</Value0>            
                        <Value1>262144</Value1>            
                    </Entry>          
                    <Entry>            
                        <Values/>            
                        <Value0>147458</Value0>            
                        <Value1>327680</Value1>            
                    </Entry>          
                    <Entry>            
                        <Values>              
                            <Entry>                
                                <Value0>50844</Value0>                
                                <Value1>0</Value1>                
                            </Entry>              
                        </Values>            
                        <Value0>147456</Value0>            
                        <Value1>393216</Value1>            
                    </Entry>          
                </Unknown>        
                <Dialogs>          
                    <Dialog>小早川</Dialog>          
                    <Dialog>昨天难得地给弟弟读了一本面向女孩子的书。</Dialog>          
                    <Dialog>○○○○○○○○</Dialog>          
                    <Dialog>啊，怎么样？</Dialog>          
                    <Dialog>灰姑娘、白雪公主、人鱼公主……。</Dialog>          
                    <Dialog>▲▲小早川＊▲的话，不是拇指姑娘吗？看，尺寸上也是。</Dialog>          
                    <Dialog>谁的大拇指尺寸！</Dialog>          
                </Dialogs>        
            </SDL2>      
        </Entry>    
        <Entry Unknown0="2724452590" Unknown1="2900767725">      
            <SDL2 Key="3117669716">        
                <Unknown>          
                    <Entry>            
                        <Values>              
                            <Entry>                
                                <Value0>50845</Value0>                
                                <Value1>0</Value1>                
                            </Entry>              
                        </Values>            
                        <Value0>147456</Value0>            
                        <Value1>65536</Value1>            
                    </Entry>          
                    <Entry>            
                        <Values/>            
                        <Value0>147458</Value0>            
                        <Value1>196608</Value1>            
                    </Entry>          
                    <Entry>            
                        <Values>              
                            <Entry>                
                                <Value0>50846</Value0>                
                                <Value1>0</Value1>                
                            </Entry>              
                        </Values>            
                        <Value0>147456</Value0>            
                        <Value1>262144</Value1>            
                    </Entry>          
                    <Entry>            
                        <Values/>            
                        <Value0>147458</Value0>            
                        <Value1>327680</Value1>            
                    </Entry>          
                    <Entry>            
                        <Values>              
                            <Entry>                
                                <Value0>50847</Value0>                
                                <Value1>0</Value1>                
                            </Entry>              
                        </Values>            
                        <Value0>147456</Value0>            
                        <Value1>393216</Value1>            
                    </Entry>          
                </Unknown>        
                <Dialogs>          
                    <Dialog>小早川</Dialog>          
                    <Dialog>婴儿真可爱啊。</Dialog>          
                    <Dialog>○○○○○○○○</Dialog>          
                    <Dialog>诶，想要小孩吗？▲▲小早川＊▲的孩子一定是……。</Dialog>          
                    <Dialog>笨蛋！</Dialog>          
                    <Dialog>说起来。</Dialog>          
                    <Dialog>这是猫宝宝的故事！</Dialog>          
                </Dialogs>        
            </SDL2>      
        </Entry>    
        <Entry Unknown0="3086630401" Unknown1="982271620">      
            <SDL2 Key="3117669716">        
                <Unknown>          
                    <Entry>            
                        <Values>              
                            <Entry>                
                                <Value0>50848</Value0>                
                                <Value1>0</Value1>                
                            </Entry>              
                        </Values>            
                        <Value0>147456</Value0>            
                        <Value1>65536</Value1>            
                    </Entry>          
                    <Entry>            
                        <Values/>            
                        <Value0>147458</Value0>            
                        <Value1>196608</Value1>            
                    </Entry>          
                    <Entry>            
                        <Values>              
                            <Entry>                
                                <Value0>50849</Value0>                
                                <Value1>0</Value1>                
                            </Entry>              
                        </Values>            
                        <Value0>147456</Value0>            
                        <Value1>262144</Value1>            
                    </Entry>          
                    <Entry>            
                        <Values/>            
                        <Value0>147458</Value0>            
                        <Value1>327680</Value1>            
                    </Entry>          
                    <Entry>            
                        <Values>              
                            <Entry>                
                                <Value0>50850</Value0>                
                                <Value1>0</Value1>                
                            </Entry>              
                        </Values>            
                        <Value0>147456</Value0>            
                        <Value1>393216</Value1>            
                    </Entry>          
                    <Entry>            
                        <Values/>            
                        <Value0>147458</Value0>            
                        <Value1>458752</Value1>            
                    </Entry>          
                </Unknown>        
                <Dialogs>          
                    <Dialog>小早川</Dialog>          
                    <Dialog>凛子也是，几年后就开始工作了。</Dialog>          
                    <Dialog>○○○○○○○○</Dialog>          
                    <Dialog>怎么了，突然。</Dialog>          
                    <Dialog>突然这么想。社会人的凛子是什么样的感觉呢。相当认真地做着？</Dialog>          
                    <Dialog>……不行啊。</Dialog>          
                    <Dialog>吓了我一跳！</Dialog>          
                    <Dialog>在！所以说不放弃是不行的！</Dialog>          
                </Dialogs>        
            </SDL2>      
        </Entry>    
        <Entry Unknown0="1486889880" Unknown1="3818904874">      
            <SDL2 Key="3117669716">        
                <Unknown>          
                    <Entry>            
                        <Values>              
                            <Entry>                
                                <Value0>50851</Value0>                
                                <Value1>0</Value1>                
                            </Entry>              
                        </Values>            
                        <Value0>147456</Value0>            
                        <Value1>65536</Value1>            
                    </Entry>          
                    <Entry>            
                        <Values/>            
                        <Value0>147458</Value0>            
                        <Value1>196608</Value1>            
                    </Entry>          
                    <Entry>            
                        <Values>              
                            <Entry>                
                                <Value0>50852</Value0>                
                                <Value1>0</Value1>                
                            </Entry>              
                        </Values>            
                        <Value0>147456</Value0>            
                        <Value1>262144</Value1>            
                    </Entry>          
                    <Entry>            
                        <Values/>            
                        <Value0>147458</Value0>            
                        <Value1>327680</Value1>            
                    </Entry>          
                    <Entry>            
                        <Values>              
                            <Entry>                
                                <Value0>50853</Value0>                
                                <Value1>0</Value1>                
                            </Entry>              
                        </Values>            
                        <Value0>147456</Value0>            
                        <Value1>393216</Value1>            
                    </Entry>          
                </Unknown>        
                <Dialogs>          
                    <Dialog>小早川</Dialog>          
                    <Dialog>凛子啊……。</Dialog>          
                    <Dialog>○○○○○○○○</Dialog>          
                    <Dialog>琳达的眼泪！？</Dialog>          
                    <Dialog>哈？谁那个……。</Dialog>          
                    <Dialog>哈哈，你在说什么啊。是你吧，嗨，琳达。</Dialog>          
                    <Dialog>不……因为是日本人。</Dialog>          
                </Dialogs>        
            </SDL2>      
        </Entry>    
        <Entry Unknown0="4071852094" Unknown1="4281762621">      
            <SDL2 Key="1906659642">        
                <Unknown>          
                    <Entry>            
                        <Values/>            
                        <Value0>147456</Value0>            
                        <Value1>65536</Value1>            
                    </Entry>          
                    <Entry>            
                        <Values>              
                            <Entry>                
                                <Value0>50854</Value0>                
                                <Value1>0</Value1>                
                            </Entry>              
                        </Values>            
                        <Value0>147458</Value0>            
                        <Value1>196608</Value1>            
                    </Entry>          
                    <Entry>            
                        <Values/>            
                        <Value0>147456</Value0>            
                        <Value1>262144</Value1>            
                    </Entry>          
                    <Entry>            
                        <Values/>            
                        <Value0>147458</Value0>            
                        <Value1>327680</Value1>            
                    </Entry>          
                    <Entry>            
                        <Values/>            
                        <Value0>147456</Value0>            
                        <Value1>327680</Value1>            
                    </Entry>          
                    <Entry>            
                        <Values>              
                            <Entry>                
                                <Value0>50855</Value0>                
                                <Value1>0</Value1>                
                            </Entry>              
                        </Values>            
                        <Value0>147458</Value0>            
                        <Value1>393216</Value1>            
                    </Entry>          
                    <Entry>            
                        <Values/>            
                        <Value0>147456</Value0>            
                        <Value1>458752</Value1>            
                    </Entry>          
                    <Entry>            
                        <Values>              
                            <Entry>                
                                <Value0>50856</Value0>                
                                <Value1>0</Value1>                
                            </Entry>              
                        </Values>            
                        <Value0>147458</Value0>            
                        <Value1>524288</Value1>            
                    </Entry>          
                    <Entry>            
                        <Values/>            
                        <Value0>147456</Value0>            
                        <Value1>589824</Value1>            
                    </Entry>          
                </Unknown>        
                <Dialogs>          
                    <Dialog>○○○○○○○○</Dialog>          
                    <Dialog>喂，▲▲小早川＊▲的踢球……。</Dialog>          
                    <Dialog>小早川</Dialog>          
                    <Dialog>啊，想要吗？</Dialog>          
                    <Dialog>不对！为什么踢小球？中啦大啦？</Dialog>          
                    <Dialog>…………。</Dialog>          
                    <Dialog>那是……。</Dialog>          
                    <Dialog>果然不错！</Dialog>          
                    <Dialog>嗯？</Dialog>          
                    <Dialog>（总觉得不能问……也做了奇怪的梦）</Dialog>          
                </Dialogs>        
            </SDL2>      
        </Entry>    
        <Entry Unknown0="122351185" Unknown1="2279380692">      
            <SDL2 Key="1906659642">        
                <Unknown>          
                    <Entry>            
                        <Values>              
                            <Entry>                
                                <Value0>50857</Value0>                
                                <Value1>0</Value1>                
                            </Entry>              
                        </Values>            
                        <Value0>147456</Value0>            
                        <Value1>65536</Value1>            
                    </Entry>          
                    <Entry>            
                        <Values/>            
                        <Value0>147458</Value0>            
                        <Value1>196608</Value1>            
                    </Entry>          
                    <Entry>            
                        <Values>              
                            <Entry>                
                                <Value0>50858</Value0>                
                                <Value1>0</Value1>                
                            </Entry>              
                        </Values>            
                        <Value0>147456</Value0>            
                        <Value1>262144</Value1>            
                    </Entry>          
                    <Entry>            
                        <Values/>            
                        <Value0>147458</Value0>            
                        <Value1>327680</Value1>            
                    </Entry>          
                    <Entry>            
                        <Values>              
                            <Entry>                
                                <Value0>50859</Value0>                
                                <Value1>0</Value1>                
                            </Entry>              
                        </Values>            
                        <Value0>147456</Value0>            
                        <Value1>393216</Value1>            
                    </Entry>          
                </Unknown>        
                <Dialogs>          
                    <Dialog>小早川</Dialog>          
                    <Dialog>啊，猫！</Dialog>          
                    <Dialog>○○○○○○○○</Dialog>          
                    <Dialog>住手，▲▲小早川＊▲！</Dialog>          
                    <Dialog>哈，为什么要妨碍我呢。</Dialog>          
                    <Dialog>▲▲小早川＊▲本来是想疼爱的，但是被疼爱的人可能会很困扰吧。如果不考虑对方的话。</Dialog>          
                    <Dialog>这是什么，感觉不好。猫也一定会幸福的。</Dialog>          
                </Dialogs>        
            </SDL2>      
        </Entry>    
        <Entry Unknown0="2834355176" Unknown1="1022307706">      
            <SDL2 Key="1906659642">        
                <Unknown>          
                    <Entry>            
                        <Values>              
                            <Entry>                
                                <Value0>50860</Value0>                
                                <Value1>0</Value1>                
                            </Entry>              
                        </Values>            
                        <Value0>147456</Value0>            
                        <Value1>65536</Value1>            
                    </Entry>          
                    <Entry>            
                        <Values/>            
                        <Value0>147458</Value0>            
                        <Value1>196608</Value1>            
                    </Entry>          
                    <Entry>            
                        <Values>              
                            <Entry>                
                                <Value0>50861</Value0>                
                                <Value1>0</Value1>                
                            </Entry>              
                        </Values>            
                        <Value0>147456</Value0>            
                        <Value1>262144</Value1>            
                    </Entry>          
                    <Entry>            
                        <Values/>            
                        <Value0>147458</Value0>            
                        <Value1>327680</Value1>            
                    </Entry>          
                    <Entry>            
                        <Values>              
                            <Entry>                
                                <Value0>50862</Value0>                
                                <Value1>0</Value1>                
                            </Entry>              
                        </Values>            
                        <Value0>147456</Value0>            
                        <Value1>393216</Value1>            
                    </Entry>          
                </Unknown>        
                <Dialogs>          
                    <Dialog>小早川</Dialog>          
                    <Dialog>啊，肚子饿了……。</Dialog>          
                    <Dialog>○○○○○○○○</Dialog>          
                    <Dialog>一种腐蚀！？</Dialog>          
                    <Dialog>什么，为什么那么吃惊。</Dialog>          
                    <Dialog>拜托了！●不要吃东西！</Dialog>          
                    <Dialog>……我不吃。</Dialog>          
                </Dialogs>        
            </SDL2>      
        </Entry>    
    </Entries>  
</DBIN2>