<?xml version="1.0" encoding="utf-8"?><DBIN2 xmlns:xsi="http://www.w3.org/2001/XMLSchema-instance" xmlns:xsd="http://www.w3.org/2001/XMLSchema" Key="1575870194" Unknown="5">  
    <Entries>    
        <Entry Unknown0="2763892236" Unknown1="461138296">      
            <SDL2 Key="727660462">        
                <Unknown/>        
                <Dialogs/>        
            </SDL2>      
        </Entry>    
        <Entry Unknown0="2230475756" Unknown1="1312311723">      
            <SDL2 Key="727660462">        
                <Unknown/>        
                <Dialogs/>        
            </SDL2>      
        </Entry>    
        <Entry Unknown0="3383573279" Unknown1="186219624">      
            <SDL2 Key="727660462">        
                <Unknown/>        
                <Dialogs/>        
            </SDL2>      
        </Entry>    
        <Entry Unknown0="1955428060" Unknown1="3947444552">      
            <SDL2 Key="727660462">        
                <Unknown/>        
                <Dialogs/>        
            </SDL2>      
        </Entry>    
        <Entry Unknown0="1422011324" Unknown1="520755579">      
            <SDL2 Key="3542198917">        
                <Unknown/>        
                <Dialogs/>        
            </SDL2>      
        </Entry>    
    </Entries>  
</DBIN2>