<?xml version="1.0" encoding="utf-8"?><DBIN2 xmlns:xsi="http://www.w3.org/2001/XMLSchema-instance" xmlns:xsd="http://www.w3.org/2001/XMLSchema" Key="2579813974" Unknown="23">  
    <Entries>    
        <Entry Unknown0="3284265324" Unknown1="1518667251">      
            <SDL2 Key="4284922179">        
                <Unknown>          
                    <Entry>            
                        <Values>              
                            <Entry>                
                                <Value0>84659</Value0>                
                                <Value1>0</Value1>                
                            </Entry>              
                        </Values>            
                        <Value0>147456</Value0>            
                        <Value1>65536</Value1>            
                    </Entry>          
                    <Entry>            
                        <Values/>            
                        <Value0>147458</Value0>            
                        <Value1>196608</Value1>            
                    </Entry>          
                    <Entry>            
                        <Values>              
                            <Entry>                
                                <Value0>84660</Value0>                
                                <Value1>0</Value1>                
                            </Entry>              
                        </Values>            
                        <Value0>147456</Value0>            
                        <Value1>262144</Value1>            
                    </Entry>          
                    <Entry>            
                        <Values/>            
                        <Value0>147458</Value0>            
                        <Value1>327680</Value1>            
                    </Entry>          
                    <Entry>            
                        <Values>              
                            <Entry>                
                                <Value0>84661</Value0>                
                                <Value1>0</Value1>                
                            </Entry>              
                        </Values>            
                        <Value0>147456</Value0>            
                        <Value1>393216</Value1>            
                    </Entry>          
                    <Entry>            
                        <Values/>            
                        <Value0>147458</Value0>            
                        <Value1>458752</Value1>            
                    </Entry>          
                    <Entry>            
                        <Values>              
                            <Entry>                
                                <Value0>84662</Value0>                
                                <Value1>0</Value1>                
                            </Entry>              
                        </Values>            
                        <Value0>147456</Value0>            
                        <Value1>524288</Value1>            
                    </Entry>          
                    <Entry>            
                        <Values/>            
                        <Value0>147458</Value0>            
                        <Value1>589824</Value1>            
                    </Entry>          
                </Unknown>        
                <Dialogs>          
                    <Dialog>经理</Dialog>          
                    <Dialog>你好。我在这儿见过你很多次。你喜欢这个公园吗</Dialog>          
                    <Dialog>○○○○○○○○</Dialog>          
                    <Dialog>我？是的，我想。。。</Dialog>          
                    <Dialog>那我给你这个。</Dialog>          
                    <Dialog>这是什么。。。？</Dialog>          
                    <Dialog>这是一本关于公园历史的书。即使在公园里，也会发生很多事情。。。</Dialog>          
                    <Dialog>真正地。。。？</Dialog>          
                    <Dialog>不管怎样，谢谢你常来。</Dialog>          
                    <Dialog>（我拿到了“公园历史书”。）</Dialog>          
                </Dialogs>        
            </SDL2>      
        </Entry>    
        <Entry Unknown0="2934533207" Unknown1="2198007835">      
            <SDL2 Key="4284922179">        
                <Unknown>          
                    <Entry>            
                        <Values/>            
                        <Value0>147456</Value0>            
                        <Value1>65536</Value1>            
                    </Entry>          
                    <Entry>            
                        <Values/>            
                        <Value0>147456</Value0>            
                        <Value1>131072</Value1>            
                    </Entry>          
                    <Entry>            
                        <Values/>            
                        <Value0>147456</Value0>            
                        <Value1>196608</Value1>            
                    </Entry>          
                    <Entry>            
                        <Values/>            
                        <Value0>147456</Value0>            
                        <Value1>262144</Value1>            
                    </Entry>          
                </Unknown>        
                <Dialogs>          
                    <Dialog>○○○○○○○○</Dialog>          
                    <Dialog>那是一部相当不错的电影。我甚至哭了一点。</Dialog>          
                    <Dialog>嗯？他们在减价出售原著小说。。。</Dialog>          
                    <Dialog>我想知道原著是什么样的。。。我想我会买的。</Dialog>          
                    <Dialog>（我买了《爱情故事全集》）</Dialog>          
                </Dialogs>        
            </SDL2>      
        </Entry>    
        <Entry Unknown0="4133900671" Unknown1="4260173976">      
            <SDL2 Key="4284922179">        
                <Unknown>          
                    <Entry>            
                        <Values/>            
                        <Value0>147456</Value0>            
                        <Value1>65536</Value1>            
                    </Entry>          
                    <Entry>            
                        <Values/>            
                        <Value0>147456</Value0>            
                        <Value1>131072</Value1>            
                    </Entry>          
                    <Entry>            
                        <Values/>            
                        <Value0>147456</Value0>            
                        <Value1>196608</Value1>            
                    </Entry>          
                    <Entry>            
                        <Values/>            
                        <Value0>147456</Value0>            
                        <Value1>262144</Value1>            
                    </Entry>          
                </Unknown>        
                <Dialogs>          
                    <Dialog>○○○○○○○○</Dialog>          
                    <Dialog>看完那部动作片，我感到精力充沛。我想自己试试那个东西。</Dialog>          
                    <Dialog>嗯？他们卖的模型枪和希律王的一样。</Dialog>          
                    <Dialog>他们很酷。我要买一个。</Dialog>          
                    <Dialog>（我拿到了“玩具枪”。）</Dialog>          
                </Dialogs>        
            </SDL2>      
        </Entry>    
        <Entry Unknown0="1934719484" Unknown1="3910505859">      
            <SDL2 Key="4284922179">        
                <Unknown>          
                    <Entry>            
                        <Values/>            
                        <Value0>147456</Value0>            
                        <Value1>65536</Value1>            
                    </Entry>          
                    <Entry>            
                        <Values/>            
                        <Value0>147456</Value0>            
                        <Value1>131072</Value1>            
                    </Entry>          
                    <Entry>            
                        <Values/>            
                        <Value0>147456</Value0>            
                        <Value1>196608</Value1>            
                    </Entry>          
                    <Entry>            
                        <Values/>            
                        <Value0>147456</Value0>            
                        <Value1>262144</Value1>            
                    </Entry>          
                </Unknown>        
                <Dialogs>          
                    <Dialog>○○○○○○○○</Dialog>          
                    <Dialog>哇，我差点笑成一团。太棒了。</Dialog>          
                    <Dialog>嗯？他们这里甚至有一副看起来很滑稽的眼镜。</Dialog>          
                    <Dialog>我无法想象使用它们，但出于某种原因，我只想买它们。</Dialog>          
                    <Dialog>（我得到了“滑稽的眼镜。”）</Dialog>          
                </Dialogs>        
            </SDL2>      
        </Entry>    
        <Entry Unknown0="1585052903" Unknown1="378699947">      
            <SDL2 Key="1067835822">        
                <Unknown>          
                    <Entry>            
                        <Values/>            
                        <Value0>147456</Value0>            
                        <Value1>65536</Value1>            
                    </Entry>          
                    <Entry>            
                        <Values/>            
                        <Value0>147456</Value0>            
                        <Value1>131072</Value1>            
                    </Entry>          
                    <Entry>            
                        <Values/>            
                        <Value0>147456</Value0>            
                        <Value1>196608</Value1>            
                    </Entry>          
                    <Entry>            
                        <Values/>            
                        <Value0>147456</Value0>            
                        <Value1>262144</Value1>            
                    </Entry>          
                </Unknown>        
                <Dialogs>          
                    <Dialog>○○○○○○○○</Dialog>          
                    <Dialog>我现在对科幻电影相当了解。我知道他们使用的技术和机械。</Dialog>          
                    <Dialog>嗯？那是我刚看的电影里的太空模型。。。</Dialog>          
                    <Dialog>看起来不错。好吧，我买。</Dialog>          
                    <Dialog>（我拿到了“太空船模型”。）</Dialog>          
                </Dialogs>        
            </SDL2>      
        </Entry>    
        <Entry Unknown0="1727455503" Unknown1="2323490856">      
            <SDL2 Key="430414559">        
                <Unknown>          
                    <Entry>            
                        <Values/>            
                        <Value0>147456</Value0>            
                        <Value1>65536</Value1>            
                    </Entry>          
                    <Entry>            
                        <Values/>            
                        <Value0>147456</Value0>            
                        <Value1>131072</Value1>            
                    </Entry>          
                    <Entry>            
                        <Values/>            
                        <Value0>147456</Value0>            
                        <Value1>196608</Value1>            
                    </Entry>          
                    <Entry>            
                        <Values/>            
                        <Value0>147456</Value0>            
                        <Value1>262144</Value1>            
                    </Entry>          
                    <Entry>            
                        <Values/>            
                        <Value0>147456</Value0>            
                        <Value1>327680</Value1>            
                    </Entry>          
                    <Entry>            
                        <Values/>            
                        <Value0>147456</Value0>            
                        <Value1>393216</Value1>            
                    </Entry>          
                </Unknown>        
                <Dialogs>          
                    <Dialog>○○○○○○○○</Dialog>          
                    <Dialog>我刚才看的电影真的很恐怖。。。</Dialog>          
                    <Dialog>我知道如果我看到它我会害怕，但我还是忍不住。</Dialog>          
                    <Dialog>啊？那是。。。模特？他们在电影院也卖这种东西</Dialog>          
                    <Dialog>如果我把它放在我的房间里，晚上会很可怕的。</Dialog>          
                    <Dialog>......</Dialog>          
                    <Dialog>（我得到了“人体模型”。）</Dialog>          
                </Dialogs>        
            </SDL2>      
        </Entry>    
        <Entry Unknown0="3823176076" Unknown1="2091197715">      
            <SDL2 Key="430414559">        
                <Unknown>          
                    <Entry>            
                        <Values/>            
                        <Value0>147456</Value0>            
                        <Value1>65536</Value1>            
                    </Entry>          
                    <Entry>            
                        <Values/>            
                        <Value0>147456</Value0>            
                        <Value1>131072</Value1>            
                    </Entry>          
                    <Entry>            
                        <Values/>            
                        <Value0>147456</Value0>            
                        <Value1>196608</Value1>            
                    </Entry>          
                    <Entry>            
                        <Values/>            
                        <Value0>147456</Value0>            
                        <Value1>262144</Value1>            
                    </Entry>          
                </Unknown>        
                <Dialogs>          
                    <Dialog>○○○○○○○○</Dialog>          
                    <Dialog>动画是一件好事。它使我的心感到兴奋。</Dialog>          
                    <Dialog>哈？那个雕像是我刚看的动画里的。。。</Dialog>          
                    <Dialog>它看起来很漂亮，很可爱。我会买的。</Dialog>          
                    <Dialog>（我得到了“动漫小雕像”。）</Dialog>          
                </Dialogs>        
            </SDL2>      
        </Entry>    
        <Entry Unknown0="3456732279" Unknown1="2770473019">      
            <SDL2 Key="430414559">        
                <Unknown>          
                    <Entry>            
                        <Values/>            
                        <Value0>147456</Value0>            
                        <Value1>65536</Value1>            
                    </Entry>          
                    <Entry>            
                        <Values/>            
                        <Value0>147456</Value0>            
                        <Value1>131072</Value1>            
                    </Entry>          
                    <Entry>            
                        <Values/>            
                        <Value0>147456</Value0>            
                        <Value1>196608</Value1>            
                    </Entry>          
                    <Entry>            
                        <Values/>            
                        <Value0>147456</Value0>            
                        <Value1>262144</Value1>            
                    </Entry>          
                </Unknown>        
                <Dialogs>          
                    <Dialog>○○○○○○○○</Dialog>          
                    <Dialog>今天很好，但如果我每天都来看戏的话就有问题了。</Dialog>          
                    <Dialog>嗯？这里也卖奖牌游戏玩具。</Dialog>          
                    <Dialog>如果我有这个，我可以随时玩。。。</Dialog>          
                    <Dialog>（我得到了“奖牌游戏”。）</Dialog>          
                </Dialogs>        
            </SDL2>      
        </Entry>    
        <Entry Unknown0="377909663" Unknown1="386742456">      
            <SDL2 Key="430414559">        
                <Unknown>          
                    <Entry>            
                        <Values/>            
                        <Value0>147456</Value0>            
                        <Value1>65536</Value1>            
                    </Entry>          
                    <Entry>            
                        <Values/>            
                        <Value0>147456</Value0>            
                        <Value1>131072</Value1>            
                    </Entry>          
                    <Entry>            
                        <Values/>            
                        <Value0>147456</Value0>            
                        <Value1>196608</Value1>            
                    </Entry>          
                    <Entry>            
                        <Values/>            
                        <Value0>147456</Value0>            
                        <Value1>262144</Value1>            
                    </Entry>          
                </Unknown>        
                <Dialogs>          
                    <Dialog>○○○○○○○○</Dialog>          
                    <Dialog>我来过很多次了，但是我在这方面没有任何进步。。。</Dialog>          
                    <Dialog>嗯？这里也卖飞镖。</Dialog>          
                    <Dialog>如果我有这个，我可以在家练习。。。</Dialog>          
                    <Dialog>（我拿到了“飞镖套装”）</Dialog>          
                </Dialogs>        
            </SDL2>      
        </Entry>    
        <Entry Unknown0="2473695516" Unknown1="53851555">      
            <SDL2 Key="567835244">        
                <Unknown>          
                    <Entry>            
                        <Values/>            
                        <Value0>147456</Value0>            
                        <Value1>65536</Value1>            
                    </Entry>          
                    <Entry>            
                        <Values/>            
                        <Value0>147456</Value0>            
                        <Value1>131072</Value1>            
                    </Entry>          
                    <Entry>            
                        <Values/>            
                        <Value0>147456</Value0>            
                        <Value1>196608</Value1>            
                    </Entry>          
                    <Entry>            
                        <Values/>            
                        <Value0>147456</Value0>            
                        <Value1>262144</Value1>            
                    </Entry>          
                    <Entry>            
                        <Values/>            
                        <Value0>147456</Value0>            
                        <Value1>327680</Value1>            
                    </Entry>          
                </Unknown>        
                <Dialogs>          
                    <Dialog>○○○○○○○○</Dialog>          
                    <Dialog>我越来越擅长这个了。如果我能在家练习的话，也许会更好。</Dialog>          
                    <Dialog>嗯？他们也卖台球</Dialog>          
                    <Dialog>没有一张桌子，他们就没有了。</Dialog>          
                    <Dialog>好吧，只是为了装饰。。。</Dialog>          
                    <Dialog>（我有台球。）</Dialog>          
                </Dialogs>        
            </SDL2>      
        </Entry>    
        <Entry Unknown0="2123963399" Unknown1="951230667">      
            <SDL2 Key="567835244">        
                <Unknown>          
                    <Entry>            
                        <Values/>            
                        <Value0>147456</Value0>            
                        <Value1>65536</Value1>            
                    </Entry>          
                    <Entry>            
                        <Values/>            
                        <Value0>147456</Value0>            
                        <Value1>131072</Value1>            
                    </Entry>          
                    <Entry>            
                        <Values/>            
                        <Value0>147456</Value0>            
                        <Value1>196608</Value1>            
                    </Entry>          
                    <Entry>            
                        <Values/>            
                        <Value0>147456</Value0>            
                        <Value1>262144</Value1>            
                    </Entry>          
                </Unknown>        
                <Dialogs>          
                    <Dialog>○○○○○○○○</Dialog>          
                    <Dialog>这里也卖便携式游戏机。</Dialog>          
                    <Dialog>这个很受欢迎，而且通常都卖完了。。。</Dialog>          
                    <Dialog>我不知道什么时候还能买到。我最好现在就买。</Dialog>          
                    <Dialog>（我有个“游戏机”）</Dialog>          
                </Dialogs>        
            </SDL2>      
        </Entry>    
        <Entry Unknown0="2249589039" Unknown1="2761803848">      
            <SDL2 Key="567835244">        
                <Unknown>          
                    <Entry>            
                        <Values/>            
                        <Value0>147456</Value0>            
                        <Value1>65536</Value1>            
                    </Entry>          
                    <Entry>            
                        <Values/>            
                        <Value0>147456</Value0>            
                        <Value1>131072</Value1>            
                    </Entry>          
                    <Entry>            
                        <Values/>            
                        <Value0>147456</Value0>            
                        <Value1>196608</Value1>            
                    </Entry>          
                </Unknown>        
                <Dialogs>          
                    <Dialog>○○○○○○○○</Dialog>          
                    <Dialog>啊，这是。。。我想要这首歌，但唱片公司倒闭了。</Dialog>          
                    <Dialog>他们现在正在转售。我不能错过这个机会。</Dialog>          
                    <Dialog>（我有一套“CD盒”）</Dialog>          
                </Dialogs>        
            </SDL2>      
        </Entry>    
        <Entry Unknown0="50407852" Unknown1="2529510707">      
            <SDL2 Key="567835244">        
                <Unknown>          
                    <Entry>            
                        <Values/>            
                        <Value0>147456</Value0>            
                        <Value1>65536</Value1>            
                    </Entry>          
                    <Entry>            
                        <Values/>            
                        <Value0>147456</Value0>            
                        <Value1>131072</Value1>            
                    </Entry>          
                    <Entry>            
                        <Values/>            
                        <Value0>147456</Value0>            
                        <Value1>196608</Value1>            
                    </Entry>          
                </Unknown>        
                <Dialogs>          
                    <Dialog>○○○○○○○○</Dialog>          
                    <Dialog>啊，这不是一个非常罕见的DVD集捆绑一个premiumitem</Dialog>          
                    <Dialog>如果现在有。。。我不能错过这个机会。</Dialog>          
                    <Dialog>（我有一套DVD盒。）</Dialog>          
                </Dialogs>        
            </SDL2>      
        </Entry>    
        <Entry Unknown0="3995708567" Unknown1="3477221467">      
            <SDL2 Key="567835244">        
                <Unknown>          
                    <Entry>            
                        <Values>              
                            <Entry>                
                                <Value0>84663</Value0>                
                                <Value1>0</Value1>                
                            </Entry>              
                        </Values>            
                        <Value0>147456</Value0>            
                        <Value1>65536</Value1>            
                    </Entry>          
                    <Entry>            
                        <Values/>            
                        <Value0>147458</Value0>            
                        <Value1>196608</Value1>            
                    </Entry>          
                    <Entry>            
                        <Values>              
                            <Entry>                
                                <Value0>84664</Value0>                
                                <Value1>0</Value1>                
                            </Entry>              
                        </Values>            
                        <Value0>147456</Value0>            
                        <Value1>262144</Value1>            
                    </Entry>          
                    <Entry>            
                        <Values/>            
                        <Value0>147458</Value0>            
                        <Value1>327680</Value1>            
                    </Entry>          
                    <Entry>            
                        <Values>              
                            <Entry>                
                                <Value0>84665</Value0>                
                                <Value1>0</Value1>                
                            </Entry>              
                        </Values>            
                        <Value0>147456</Value0>            
                        <Value1>393216</Value1>            
                    </Entry>          
                    <Entry>            
                        <Values>              
                            <Entry>                
                                <Value0>84666</Value0>                
                                <Value1>0</Value1>                
                            </Entry>              
                        </Values>            
                        <Value0>147456</Value0>            
                        <Value1>458752</Value1>            
                    </Entry>          
                    <Entry>            
                        <Values/>            
                        <Value0>147458</Value0>            
                        <Value1>524288</Value1>            
                    </Entry>          
                    <Entry>            
                        <Values>              
                            <Entry>                
                                <Value0>84667</Value0>                
                                <Value1>0</Value1>                
                            </Entry>              
                        </Values>            
                        <Value0>147456</Value0>            
                        <Value1>589824</Value1>            
                    </Entry>          
                    <Entry>            
                        <Values/>            
                        <Value0>147458</Value0>            
                        <Value1>655360</Value1>            
                    </Entry>          
                    <Entry>            
                        <Values/>            
                        <Value0>147458</Value0>            
                        <Value1>720896</Value1>            
                    </Entry>          
                </Unknown>        
                <Dialogs>          
                    <Dialog>女仆</Dialog>          
                    <Dialog>恭喜师父</Dialog>          
                    <Dialog>○○○○○○○○</Dialog>          
                    <Dialog>嗯？是什么</Dialog>          
                    <Dialog>师父，您的积分卡上已经收集了全部积分。你可以把这个当成是阿梅门托。</Dialog>          
                    <Dialog>啊，是吗？我经常。。。</Dialog>          
                    <Dialog>非常感谢你。</Dialog>          
                    <Dialog>现在，师父，请您带上这套『阿鲁卡』豪华女仆装。</Dialog>          
                    <Dialog>呃？女仆。。。装备</Dialog>          
                    <Dialog>对！</Dialog>          
                    <Dialog>（我该怎么处理这个…？）</Dialog>          
                    <Dialog>（我有一套“女仆装”。）</Dialog>          
                </Dialogs>        
            </SDL2>      
        </Entry>    
        <Entry Unknown0="916885951" Unknown1="825055448">      
            <SDL2 Key="567835244">        
                <Unknown>          
                    <Entry>            
                        <Values/>            
                        <Value0>147456</Value0>            
                        <Value1>65536</Value1>            
                    </Entry>          
                    <Entry>            
                        <Values/>            
                        <Value0>147456</Value0>            
                        <Value1>131072</Value1>            
                    </Entry>          
                    <Entry>            
                        <Values/>            
                        <Value0>147456</Value0>            
                        <Value1>196608</Value1>            
                    </Entry>          
                    <Entry>            
                        <Values/>            
                        <Value0>147456</Value0>            
                        <Value1>262144</Value1>            
                    </Entry>          
                </Unknown>        
                <Dialogs>          
                    <Dialog>○○○○○○○○</Dialog>          
                    <Dialog>我来过很多次，但每次都得租溜冰鞋。</Dialog>          
                    <Dialog>如果我有自己的冰鞋，也许我可以滑得更好，是吗</Dialog>          
                    <Dialog>我想这里也卖溜冰鞋。我要买一双。</Dialog>          
                    <Dialog>（我有一双“溜冰鞋”）</Dialog>          
                </Dialogs>        
            </SDL2>      
        </Entry>    
        <Entry Unknown0="3012671804" Unknown1="626382275">      
            <SDL2 Key="3650743603">        
                <Unknown>          
                    <Entry>            
                        <Values/>            
                        <Value0>147456</Value0>            
                        <Value1>65536</Value1>            
                    </Entry>          
                    <Entry>            
                        <Values/>            
                        <Value0>147456</Value0>            
                        <Value1>131072</Value1>            
                    </Entry>          
                    <Entry>            
                        <Values/>            
                        <Value0>147456</Value0>            
                        <Value1>196608</Value1>            
                    </Entry>          
                    <Entry>            
                        <Values/>            
                        <Value0>147456</Value0>            
                        <Value1>262144</Value1>            
                    </Entry>          
                </Unknown>        
                <Dialogs>          
                    <Dialog>○○○○○○○○</Dialog>          
                    <Dialog>我经常来这里，甚至我都做得很好。</Dialog>          
                    <Dialog>也许我该有自己的球拍了。。。。</Dialog>          
                    <Dialog>我想他们也在这里卖。我买一个。</Dialog>          
                    <Dialog>（我有一个“球拍”）</Dialog>          
                </Dialogs>        
            </SDL2>      
        </Entry>    
        <Entry Unknown0="2662939687" Unknown1="1121108203">      
            <SDL2 Key="3650743603">        
                <Unknown>          
                    <Entry>            
                        <Values/>            
                        <Value0>147456</Value0>            
                        <Value1>65536</Value1>            
                    </Entry>          
                    <Entry>            
                        <Values/>            
                        <Value0>147456</Value0>            
                        <Value1>131072</Value1>            
                    </Entry>          
                    <Entry>            
                        <Values/>            
                        <Value0>147456</Value0>            
                        <Value1>196608</Value1>            
                    </Entry>          
                    <Entry>            
                        <Values/>            
                        <Value0>147456</Value0>            
                        <Value1>262144</Value1>            
                    </Entry>          
                </Unknown>        
                <Dialogs>          
                    <Dialog>○○○○○○○○</Dialog>          
                    <Dialog>多亏了这个地方，我变得很强壮。</Dialog>          
                    <Dialog>也许我也应该尝试在家工作。</Dialog>          
                    <Dialog>他们在这家商店卖一些体育用品。我会买的。</Dialog>          
                    <Dialog>（我有“体育用品”。）</Dialog>          
                </Dialogs>        
            </SDL2>      
        </Entry>    
        <Entry Unknown0="2788565327" Unknown1="3736987752">      
            <SDL2 Key="3650743603">        
                <Unknown>          
                    <Entry>            
                        <Values/>            
                        <Value0>147456</Value0>            
                        <Value1>65536</Value1>            
                    </Entry>          
                    <Entry>            
                        <Values/>            
                        <Value0>147456</Value0>            
                        <Value1>131072</Value1>            
                    </Entry>          
                    <Entry>            
                        <Values/>            
                        <Value0>147456</Value0>            
                        <Value1>196608</Value1>            
                    </Entry>          
                    <Entry>            
                        <Values/>            
                        <Value0>147456</Value0>            
                        <Value1>262144</Value1>            
                    </Entry>          
                    <Entry>            
                        <Values/>            
                        <Value0>147456</Value0>            
                        <Value1>327680</Value1>            
                    </Entry>          
                </Unknown>        
                <Dialogs>          
                    <Dialog>○○○○○○○○</Dialog>          
                    <Dialog>今天的音乐会很不错。</Dialog>          
                    <Dialog>是吗？这是一个完整的收集碎片组成的指挥今天。</Dialog>          
                    <Dialog>这不能和现场音乐会相比，但有了这些，我可以随时听。</Dialog>          
                    <Dialog>好吧，我会买的。</Dialog>          
                    <Dialog>（我有“古典CD”）</Dialog>          
                </Dialogs>        
            </SDL2>      
        </Entry>    
        <Entry Unknown0="589384140" Unknown1="2833605971">      
            <SDL2 Key="3650743603">        
                <Unknown>          
                    <Entry>            
                        <Values/>            
                        <Value0>147456</Value0>            
                        <Value1>65536</Value1>            
                    </Entry>          
                    <Entry>            
                        <Values/>            
                        <Value0>147456</Value0>            
                        <Value1>131072</Value1>            
                    </Entry>          
                    <Entry>            
                        <Values/>            
                        <Value0>147456</Value0>            
                        <Value1>196608</Value1>            
                    </Entry>          
                    <Entry>            
                        <Values/>            
                        <Value0>147456</Value0>            
                        <Value1>262144</Value1>            
                    </Entry>          
                    <Entry>            
                        <Values/>            
                        <Value0>147456</Value0>            
                        <Value1>327680</Value1>            
                    </Entry>          
                </Unknown>        
                <Dialogs>          
                    <Dialog>○○○○○○○○</Dialog>          
                    <Dialog>今天的现场表演非常激动人心。</Dialog>          
                    <Dialog>演出很棒，观众的欢呼声也很棒。</Dialog>          
                    <Dialog>嗯？这里也卖偶像球迷。</Dialog>          
                    <Dialog>如果我有这个，我会像其他支持者一样。我买一个。</Dialog>          
                    <Dialog>（我有个“偶像粉丝”）</Dialog>          
                </Dialogs>        
            </SDL2>      
        </Entry>    
        <Entry Unknown0="239717559" Unknown1="4049752187">      
            <SDL2 Key="3650743603">        
                <Unknown>          
                    <Entry>            
                        <Values/>            
                        <Value0>147456</Value0>            
                        <Value1>65536</Value1>            
                    </Entry>          
                    <Entry>            
                        <Values/>            
                        <Value0>147456</Value0>            
                        <Value1>131072</Value1>            
                    </Entry>          
                    <Entry>            
                        <Values/>            
                        <Value0>147456</Value0>            
                        <Value1>196608</Value1>            
                    </Entry>          
                    <Entry>            
                        <Values/>            
                        <Value0>147456</Value0>            
                        <Value1>262144</Value1>            
                    </Entry>          
                    <Entry>            
                        <Values/>            
                        <Value0>147456</Value0>            
                        <Value1>327680</Value1>            
                    </Entry>          
                </Unknown>        
                <Dialogs>          
                    <Dialog>○○○○○○○○</Dialog>          
                    <Dialog>今天的表演真的很棒。演员和演员们真的尽力了。。。</Dialog>          
                    <Dialog>啊！表演者要出局了</Dialog>          
                    <Dialog>周围没有其他人…我有纸吗？纸。。。</Dialog>          
                    <Dialog>是的！我有个签名！时机不错。</Dialog>          
                    <Dialog>（我得到了一个“著名的签名”）</Dialog>          
                </Dialogs>        
            </SDL2>      
        </Entry>    
        <Entry Unknown0="1455862239" Unknown1="1263368440">      
            <SDL2 Key="3650743603">        
                <Unknown>          
                    <Entry>            
                        <Values/>            
                        <Value0>147456</Value0>            
                        <Value1>65536</Value1>            
                    </Entry>          
                    <Entry>            
                        <Values/>            
                        <Value0>147456</Value0>            
                        <Value1>131072</Value1>            
                    </Entry>          
                    <Entry>            
                        <Values/>            
                        <Value0>147456</Value0>            
                        <Value1>196608</Value1>            
                    </Entry>          
                    <Entry>            
                        <Values/>            
                        <Value0>147456</Value0>            
                        <Value1>262144</Value1>            
                    </Entry>          
                </Unknown>        
                <Dialogs>          
                    <Dialog>○○○○○○○○</Dialog>          
                    <Dialog>呸。今天的比赛真的很精彩。</Dialog>          
                    <Dialog>也。。。</Dialog>          
                    <Dialog>我抓到了摔跤手扔在观众面前的面具</Dialog>          
                    <Dialog>（我有一个“摔跤手面具”）</Dialog>          
                </Dialogs>        
            </SDL2>      
        </Entry>    
        <Entry Unknown0="3551648092" Unknown1="1601566179">      
            <SDL2 Key="467215773">        
                <Unknown>          
                    <Entry>            
                        <Values/>            
                        <Value0>147456</Value0>            
                        <Value1>65536</Value1>            
                    </Entry>          
                    <Entry>            
                        <Values/>            
                        <Value0>147456</Value0>            
                        <Value1>131072</Value1>            
                    </Entry>          
                    <Entry>            
                        <Values/>            
                        <Value0>147456</Value0>            
                        <Value1>196608</Value1>            
                    </Entry>          
                    <Entry>            
                        <Values/>            
                        <Value0>147456</Value0>            
                        <Value1>262144</Value1>            
                    </Entry>          
                </Unknown>        
                <Dialogs>          
                    <Dialog>○○○○○○○○</Dialog>          
                    <Dialog>真 的。今天的比赛真精彩。</Dialog>          
                    <Dialog>还有。。。</Dialog>          
                    <Dialog>我抓住了比赛的制胜宝蓝甚至得到了它的签署</Dialog>          
                    <Dialog>（我得到了一个“赢球”。）</Dialog>          
                </Dialogs>        
            </SDL2>      
        </Entry>    
        <Entry Unknown0="3201915975" Unknown1="1693638667">      
            <SDL2 Key="467215773">        
                <Unknown>          
                    <Entry>            
                        <Values/>            
                        <Value0>147456</Value0>            
                        <Value1>65536</Value1>            
                    </Entry>          
                    <Entry>            
                        <Values/>            
                        <Value0>147456</Value0>            
                        <Value1>131072</Value1>            
                    </Entry>          
                    <Entry>            
                        <Values/>            
                        <Value0>147456</Value0>            
                        <Value1>196608</Value1>            
                    </Entry>          
                </Unknown>        
                <Dialogs>          
                    <Dialog>○○○○○○○○</Dialog>          
                    <Dialog>太累了。。。我终于到了外面。。。</Dialog>          
                    <Dialog>但这值得我在人群中努力。我买了我想要的漫画</Dialog>          
                    <Dialog>（我有一个“著名的喜剧演员”）</Dialog>          
                </Dialogs>        
            </SDL2>      
        </Entry>    
    </Entries>  
</DBIN2>