<?xml version="1.0" encoding="utf-8"?><DBIN2 xmlns:xsi="http://www.w3.org/2001/XMLSchema-instance" xmlns:xsd="http://www.w3.org/2001/XMLSchema" Key="3587885086" Unknown="3">  
    <Entries>    
        <Entry Unknown0="3775076038" Unknown1="3639712685">      
            <SDL2 Key="3420223729">        
                <Unknown>          
                    <Entry>            
                        <Values/>            
                        <Value0>147456</Value0>            
                        <Value1>65536</Value1>            
                    </Entry>          
                    <Entry>            
                        <Values/>            
                        <Value0>147456</Value0>            
                        <Value1>131072</Value1>            
                    </Entry>          
                    <Entry>            
                        <Values/>            
                        <Value0>147456</Value0>            
                        <Value1>196608</Value1>            
                    </Entry>          
                    <Entry>            
                        <Values/>            
                        <Value0>147456</Value0>            
                        <Value1>262144</Value1>            
                    </Entry>          
                    <Entry>            
                        <Values/>            
                        <Value0>147456</Value0>            
                        <Value1>327680</Value1>            
                    </Entry>          
                    <Entry>            
                        <Values/>            
                        <Value0>147456</Value0>            
                        <Value1>393216</Value1>            
                    </Entry>          
                    <Entry>            
                        <Values/>            
                        <Value0>147456</Value0>            
                        <Value1>458752</Value1>            
                    </Entry>          
                </Unknown>        
                <Dialogs>          
                    <Dialog>○○○○○○○○</Dialog>          
                    <Dialog>今天是我的毕业典礼。。。</Dialog>          
                    <Dialog>从我被调到诺拉高中不久。</Dialog>          
                    <Dialog>我加入了一个俱乐部，做了一些志愿者工作，还得到了兼职工作。。。</Dialog>          
                    <Dialog>我想我的确是高中生活中最受欢迎的。</Dialog>          
                    <Dialog>......</Dialog>          
                    <Dialog>但有一件事我还是很后悔。。。</Dialog>          
                    <Dialog>（我找不到好朋友……）</Dialog>          
                </Dialogs>        
            </SDL2>      
        </Entry>    
        <Entry Unknown0="1011213569" Unknown1="2126829295">      
            <SDL2 Key="3575470477">        
                <Unknown>          
                    <Entry>            
                        <Values/>            
                        <Value0>147456</Value0>            
                        <Value1>65536</Value1>            
                    </Entry>          
                    <Entry>            
                        <Values/>            
                        <Value0>147456</Value0>            
                        <Value1>131072</Value1>            
                    </Entry>          
                    <Entry>            
                        <Values/>            
                        <Value0>147456</Value0>            
                        <Value1>196608</Value1>            
                    </Entry>          
                    <Entry>            
                        <Values/>            
                        <Value0>147456</Value0>            
                        <Value1>262144</Value1>            
                    </Entry>          
                    <Entry>            
                        <Values/>            
                        <Value0>147456</Value0>            
                        <Value1>196608</Value1>            
                    </Entry>          
                    <Entry>            
                        <Values/>            
                        <Value0>147456</Value0>            
                        <Value1>327680</Value1>            
                    </Entry>          
                </Unknown>        
                <Dialogs>          
                    <Dialog>○○○○○○○○</Dialog>          
                    <Dialog>别管女朋友了，我连女朋友都交不上。</Dialog>          
                    <Dialog>不管我有多少女孩。最后，我没有感觉到我和他们中的任何一个都很亲近。</Dialog>          
                    <Dialog>......</Dialog>          
                    <Dialog>哈。。。</Dialog>          
                    <Dialog>我希望我能重做一切。。。</Dialog>          
                </Dialogs>        
            </SDL2>      
        </Entry>    
        <Entry Unknown0="2115510339" Unknown1="2214533314">      
            <SDL2 Key="3575470477">        
                <Unknown>          
                    <Entry>            
                        <Values/>            
                        <Value0>147456</Value0>            
                        <Value1>65536</Value1>            
                    </Entry>          
                    <Entry>            
                        <Values/>            
                        <Value0>147456</Value0>            
                        <Value1>131072</Value1>            
                    </Entry>          
                    <Entry>            
                        <Values/>            
                        <Value0>147456</Value0>            
                        <Value1>196608</Value1>            
                    </Entry>          
                    <Entry>            
                        <Values/>            
                        <Value0>147456</Value0>            
                        <Value1>262144</Value1>            
                    </Entry>          
                    <Entry>            
                        <Values/>            
                        <Value0>147456</Value0>            
                        <Value1>327680</Value1>            
                    </Entry>          
                </Unknown>        
                <Dialogs>          
                    <Dialog>○○○○○○○○</Dialog>          
                    <Dialog>即使我向他们坦白，他们也会把我出卖。</Dialog>          
                    <Dialog>……我真是个失败者。</Dialog>          
                    <Dialog>如果他们能向我坦白。。。</Dialog>          
                    <Dialog>......</Dialog>          
                    <Dialog>我不知道我会给你什么样的答复。。。</Dialog>          
                </Dialogs>        
            </SDL2>      
        </Entry>    
    </Entries>  
</DBIN2>