<?xml version="1.0" encoding="utf-8"?><DBIN2 xmlns:xsi="http://www.w3.org/2001/XMLSchema-instance" xmlns:xsd="http://www.w3.org/2001/XMLSchema" Key="1543247806" Unknown="15">  
    <Entries>    
        <Entry Unknown0="3468946745" Unknown1="507221113">      
            <SDL2 Key="2339807853">        
                <Unknown>          
                    <Entry>            
                        <Values/>            
                        <Value0>147456</Value0>            
                        <Value1>65536</Value1>            
                    </Entry>          
                    <Entry>            
                        <Values/>            
                        <Value0>147456</Value0>            
                        <Value1>131072</Value1>            
                    </Entry>          
                </Unknown>        
                <Dialogs>          
                    <Dialog>○○○○○○○○</Dialog>          
                    <Dialog>今天，我和▲高嶺＊＊▲一起出去。</Dialog>          
                    <Dialog>我们要去动物园。我最好现在就走。</Dialog>          
                </Dialogs>        
            </SDL2>      
        </Entry>    
        <Entry Unknown0="2594639333" Unknown1="39469149">      
            <SDL2 Key="2339807853">        
                <Unknown>          
                    <Entry>            
                        <Values/>            
                        <Value0>147456</Value0>            
                        <Value1>65536</Value1>            
                    </Entry>          
                    <Entry>            
                        <Values/>            
                        <Value0>147456</Value0>            
                        <Value1>131072</Value1>            
                    </Entry>          
                </Unknown>        
                <Dialogs>          
                    <Dialog>○○○○○○○○</Dialog>          
                    <Dialog>今天，我和▲高嶺＊＊▲一起出去。</Dialog>          
                    <Dialog>我们要去水族馆。我最好现在就走。</Dialog>          
                </Dialogs>        
            </SDL2>      
        </Entry>    
        <Entry Unknown0="2127012297" Unknown1="570762365">      
            <SDL2 Key="2339807853">        
                <Unknown>          
                    <Entry>            
                        <Values/>            
                        <Value0>147456</Value0>            
                        <Value1>65536</Value1>            
                    </Entry>          
                    <Entry>            
                        <Values/>            
                        <Value0>147456</Value0>            
                        <Value1>131072</Value1>            
                    </Entry>          
                </Unknown>        
                <Dialogs>          
                    <Dialog>○○○○○○○○</Dialog>          
                    <Dialog>今天，我和▲高嶺＊＊▲一起出去。</Dialog>          
                    <Dialog>我们要去托瓦诺山看树叶。我最好现在就走。</Dialog>          
                </Dialogs>        
            </SDL2>      
        </Entry>    
        <Entry Unknown0="2658377193" Unknown1="3471328297">      
            <SDL2 Key="2339807853">        
                <Unknown>          
                    <Entry>            
                        <Values/>            
                        <Value0>147456</Value0>            
                        <Value1>65536</Value1>            
                    </Entry>          
                    <Entry>            
                        <Values/>            
                        <Value0>147456</Value0>            
                        <Value1>131072</Value1>            
                    </Entry>          
                </Unknown>        
                <Dialogs>          
                    <Dialog>○○○○○○○○</Dialog>          
                    <Dialog>今天，我和▲高嶺＊＊▲一起出去。</Dialog>          
                    <Dialog>我们要去体育中心滑冰。我最好现在就离开。</Dialog>          
                </Dialogs>        
            </SDL2>      
        </Entry>    
        <Entry Unknown0="710393237" Unknown1="3003904013">      
            <SDL2 Key="2339807853">        
                <Unknown>          
                    <Entry>            
                        <Values/>            
                        <Value0>147456</Value0>            
                        <Value1>65536</Value1>            
                    </Entry>          
                    <Entry>            
                        <Values/>            
                        <Value0>147456</Value0>            
                        <Value1>131072</Value1>            
                    </Entry>          
                </Unknown>        
                <Dialogs>          
                    <Dialog>○○○○○○○○</Dialog>          
                    <Dialog>今天我要和▲高嶺＊＊▲出去约会。作为她的护卫。</Dialog>          
                    <Dialog>我们要去海港公园。</Dialog>          
                </Dialogs>        
            </SDL2>      
        </Entry>    
        <Entry Unknown0="242700665" Unknown1="3635926061">      
            <SDL2 Key="3149256904">        
                <Unknown>          
                    <Entry>            
                        <Values/>            
                        <Value0>147456</Value0>            
                        <Value1>65536</Value1>            
                    </Entry>          
                    <Entry>            
                        <Values/>            
                        <Value0>147456</Value0>            
                        <Value1>131072</Value1>            
                    </Entry>          
                </Unknown>        
                <Dialogs>          
                    <Dialog>○○○○○○○○</Dialog>          
                    <Dialog>今天我要和▲▲小早川＊▲出去约会。。。嗯，不。这只是正常的闲逛。</Dialog>          
                    <Dialog>我们要去喷泉公园。我最好现在就走。</Dialog>          
                </Dialogs>        
            </SDL2>      
        </Entry>    
        <Entry Unknown0="774065561" Unknown1="1956312281">      
            <SDL2 Key="3149256904">        
                <Unknown>          
                    <Entry>            
                        <Values/>            
                        <Value0>147456</Value0>            
                        <Value1>65536</Value1>            
                    </Entry>          
                    <Entry>            
                        <Values/>            
                        <Value0>147456</Value0>            
                        <Value1>131072</Value1>            
                    </Entry>          
                </Unknown>        
                <Dialogs>          
                    <Dialog>○○○○○○○○</Dialog>          
                    <Dialog>今天我要和▲▲小早川＊▲出去约会。。。嗯，不。这只是正常的闲逛。</Dialog>          
                    <Dialog>我们要去海港公园。我最好现在就走。</Dialog>          
                </Dialogs>        
            </SDL2>      
        </Entry>    
        <Entry Unknown0="4194790725" Unknown1="1756995773">      
            <SDL2 Key="3149256904">        
                <Unknown>          
                    <Entry>            
                        <Values/>            
                        <Value0>147456</Value0>            
                        <Value1>65536</Value1>            
                    </Entry>          
                    <Entry>            
                        <Values/>            
                        <Value0>147456</Value0>            
                        <Value1>131072</Value1>            
                    </Entry>          
                </Unknown>        
                <Dialogs>          
                    <Dialog>○○○○○○○○</Dialog>          
                    <Dialog>今天我要和▲▲小早川＊▲出去约会。不，不是日期。它这只是正常的闲逛。</Dialog>          
                    <Dialog>我们要去动物园。我最好现在就走。</Dialog>          
                </Dialogs>        
            </SDL2>      
        </Entry>    
        <Entry Unknown0="3727098153" Unknown1="2288288989">      
            <SDL2 Key="3149256904">        
                <Unknown>          
                    <Entry>            
                        <Values/>            
                        <Value0>147456</Value0>            
                        <Value1>65536</Value1>            
                    </Entry>          
                    <Entry>            
                        <Values/>            
                        <Value0>147456</Value0>            
                        <Value1>131072</Value1>            
                    </Entry>          
                </Unknown>        
                <Dialogs>          
                    <Dialog>○○○○○○○○</Dialog>          
                    <Dialog>今天我要和▲▲小早川＊▲出去约会。不，不是日期。它这只是正常的闲逛。</Dialog>          
                    <Dialog>我们要去海滩。我最好现在就走。</Dialog>          
                </Dialogs>        
            </SDL2>      
        </Entry>    
        <Entry Unknown0="4275305801" Unknown1="625714313">      
            <SDL2 Key="3149256904">        
                <Unknown>          
                    <Entry>            
                        <Values/>            
                        <Value0>147456</Value0>            
                        <Value1>65536</Value1>            
                    </Entry>          
                    <Entry>            
                        <Values/>            
                        <Value0>147456</Value0>            
                        <Value1>131072</Value1>            
                    </Entry>          
                </Unknown>        
                <Dialogs>          
                    <Dialog>○○○○○○○○</Dialog>          
                    <Dialog>今天我要和▲▲小早川＊▲出去玩一天。。。不，不是约会。只是正常的闲逛。。。</Dialog>          
                    <Dialog>好的，我现在要去博物馆公园。</Dialog>          
                </Dialogs>        
            </SDL2>      
        </Entry>    
        <Entry Unknown0="2327256565" Unknown1="107696237">      
            <SDL2 Key="3149256904">        
                <Unknown>          
                    <Entry>            
                        <Values/>            
                        <Value0>147456</Value0>            
                        <Value1>65536</Value1>            
                    </Entry>          
                    <Entry>            
                        <Values/>            
                        <Value0>147456</Value0>            
                        <Value1>131072</Value1>            
                    </Entry>          
                </Unknown>        
                <Dialogs>          
                    <Dialog>○○○○○○○○</Dialog>          
                    <Dialog>今天，我要和▲姉ヶ崎＊▲一起去甜点店调查，为我们的新菜单找点吃的。</Dialog>          
                    <Dialog>我最好现在就走。</Dialog>          
                </Dialogs>        
            </SDL2>      
        </Entry>    
        <Entry Unknown0="1859629529" Unknown1="638989453">      
            <SDL2 Key="3149256904">        
                <Unknown>          
                    <Entry>            
                        <Values/>            
                        <Value0>147456</Value0>            
                        <Value1>65536</Value1>            
                    </Entry>          
                    <Entry>            
                        <Values/>            
                        <Value0>147456</Value0>            
                        <Value1>131072</Value1>            
                    </Entry>          
                </Unknown>        
                <Dialogs>          
                    <Dialog>○○○○○○○○</Dialog>          
                    <Dialog>今天，我要和▲姉ヶ崎＊▲一起去调查一下面条店，为我们的新菜单找点吃的。</Dialog>          
                    <Dialog>我最好现在就走。</Dialog>          
                </Dialogs>        
            </SDL2>      
        </Entry>    
        <Entry Unknown0="2390994425" Unknown1="3405337657">      
            <SDL2 Key="3149256904">        
                <Unknown>          
                    <Entry>            
                        <Values/>            
                        <Value0>147456</Value0>            
                        <Value1>65536</Value1>            
                    </Entry>          
                    <Entry>            
                        <Values/>            
                        <Value0>147456</Value0>            
                        <Value1>131072</Value1>            
                    </Entry>          
                </Unknown>        
                <Dialogs>          
                    <Dialog>○○○○○○○○</Dialog>          
                    <Dialog>今天，我要和▲姉ヶ崎＊▲一起去湖畔餐厅调查，为我们的新菜单找点吃的。</Dialog>          
                    <Dialog>我最好现在就走。</Dialog>          
                </Dialogs>        
            </SDL2>      
        </Entry>    
        <Entry Unknown0="1516752293" Unknown1="3591897117">      
            <SDL2 Key="3149256904">        
                <Unknown>          
                    <Entry>            
                        <Values/>            
                        <Value0>147456</Value0>            
                        <Value1>65536</Value1>            
                    </Entry>          
                    <Entry>            
                        <Values/>            
                        <Value0>147456</Value0>            
                        <Value1>131072</Value1>            
                    </Entry>          
                </Unknown>        
                <Dialogs>          
                    <Dialog>○○○○○○○○</Dialog>          
                    <Dialog>今天我要去一家有▲姉ヶ崎＊▲的餐厅调查，为我们的新菜单找点吃的。</Dialog>          
                    <Dialog>我最好现在就走。</Dialog>          
                </Dialogs>        
            </SDL2>      
        </Entry>    
        <Entry Unknown0="1049059721" Unknown1="4157072445">      
            <SDL2 Key="3149256904">        
                <Unknown>          
                    <Entry>            
                        <Values/>            
                        <Value0>147456</Value0>            
                        <Value1>65536</Value1>            
                    </Entry>          
                    <Entry>            
                        <Values/>            
                        <Value0>147456</Value0>            
                        <Value1>131072</Value1>            
                    </Entry>          
                </Unknown>        
                <Dialogs>          
                    <Dialog>○○○○○○○○</Dialog>          
                    <Dialog>今天，我们将和▲姉ヶ＊▲一起看阿莫维。</Dialog>          
                    <Dialog>好吧，我现在就走。</Dialog>          
                </Dialogs>        
            </SDL2>      
        </Entry>    
    </Entries>  
</DBIN2>