<?xml version="1.0" encoding="utf-8"?><DBIN2 xmlns:xsi="http://www.w3.org/2001/XMLSchema-instance" xmlns:xsd="http://www.w3.org/2001/XMLSchema" Key="1262735998" Unknown="1">  
    <Entries>    
        <Entry Unknown0="1505360020" Unknown1="93052752">      
            <SDL2 Key="2881622554">        
                <Unknown>          
                    <Entry>            
                        <Values/>            
                        <Value0>147456</Value0>            
                        <Value1>65536</Value1>            
                    </Entry>          
                    <Entry>            
                        <Values/>            
                        <Value0>147458</Value0>            
                        <Value1>196608</Value1>            
                    </Entry>          
                    <Entry>            
                        <Values/>            
                        <Value0>147460</Value0>            
                        <Value1>327680</Value1>            
                    </Entry>          
                    <Entry>            
                        <Values/>            
                        <Value0>147462</Value0>            
                        <Value1>458752</Value1>            
                    </Entry>          
                    <Entry>            
                        <Values/>            
                        <Value0>147464</Value0>            
                        <Value1>589824</Value1>            
                    </Entry>          
                    <Entry>            
                        <Values/>            
                        <Value0>147466</Value0>            
                        <Value1>720896</Value1>            
                    </Entry>          
                    <Entry>            
                        <Values/>            
                        <Value0>147468</Value0>            
                        <Value1>851968</Value1>            
                    </Entry>          
                    <Entry>            
                        <Values/>            
                        <Value0>147470</Value0>            
                        <Value1>983040</Value1>            
                    </Entry>          
                    <Entry>            
                        <Values/>            
                        <Value0>147472</Value0>            
                        <Value1>1114112</Value1>            
                    </Entry>          
                    <Entry>            
                        <Values/>            
                        <Value0>147474</Value0>            
                        <Value1>1245184</Value1>            
                    </Entry>          
                    <Entry>            
                        <Values/>            
                        <Value0>147476</Value0>            
                        <Value1>1376256</Value1>            
                    </Entry>          
                    <Entry>            
                        <Values/>            
                        <Value0>147478</Value0>            
                        <Value1>1507328</Value1>            
                    </Entry>          
                    <Entry>            
                        <Values/>            
                        <Value0>147480</Value0>            
                        <Value1>1638400</Value1>            
                    </Entry>          
                    <Entry>            
                        <Values/>            
                        <Value0>147482</Value0>            
                        <Value1>1769472</Value1>            
                    </Entry>          
                    <Entry>            
                        <Values/>            
                        <Value0>147484</Value0>            
                        <Value1>1900544</Value1>            
                    </Entry>          
                    <Entry>            
                        <Values/>            
                        <Value0>147486</Value0>            
                        <Value1>2031616</Value1>            
                    </Entry>          
                    <Entry>            
                        <Values/>            
                        <Value0>147488</Value0>            
                        <Value1>2162688</Value1>            
                    </Entry>          
                    <Entry>            
                        <Values/>            
                        <Value0>147490</Value0>            
                        <Value1>2293760</Value1>            
                    </Entry>          
                    <Entry>            
                        <Values/>            
                        <Value0>147492</Value0>            
                        <Value1>2424832</Value1>            
                    </Entry>          
                    <Entry>            
                        <Values/>            
                        <Value0>147494</Value0>            
                        <Value1>2555904</Value1>            
                    </Entry>          
                    <Entry>            
                        <Values/>            
                        <Value0>147496</Value0>            
                        <Value1>2686976</Value1>            
                    </Entry>          
                    <Entry>            
                        <Values/>            
                        <Value0>147498</Value0>            
                        <Value1>2818048</Value1>            
                    </Entry>          
                    <Entry>            
                        <Values/>            
                        <Value0>147500</Value0>            
                        <Value1>2949120</Value1>            
                    </Entry>          
                    <Entry>            
                        <Values/>            
                        <Value0>147502</Value0>            
                        <Value1>3080192</Value1>            
                    </Entry>          
                    <Entry>            
                        <Values/>            
                        <Value0>147504</Value0>            
                        <Value1>3211264</Value1>            
                    </Entry>          
                    <Entry>            
                        <Values/>            
                        <Value0>147506</Value0>            
                        <Value1>3342336</Value1>            
                    </Entry>          
                    <Entry>            
                        <Values/>            
                        <Value0>147508</Value0>            
                        <Value1>3473408</Value1>            
                    </Entry>          
                    <Entry>            
                        <Values/>            
                        <Value0>147510</Value0>            
                        <Value1>3604480</Value1>            
                    </Entry>          
                    <Entry>            
                        <Values/>            
                        <Value0>147512</Value0>            
                        <Value1>3735552</Value1>            
                    </Entry>          
                    <Entry>            
                        <Values/>            
                        <Value0>147514</Value0>            
                        <Value1>3866624</Value1>            
                    </Entry>          
                    <Entry>            
                        <Values/>            
                        <Value0>147516</Value0>            
                        <Value1>3997696</Value1>            
                    </Entry>          
                    <Entry>            
                        <Values/>            
                        <Value0>147518</Value0>            
                        <Value1>4128768</Value1>            
                    </Entry>          
                    <Entry>            
                        <Values/>            
                        <Value0>147520</Value0>            
                        <Value1>4259840</Value1>            
                    </Entry>          
                    <Entry>            
                        <Values/>            
                        <Value0>147522</Value0>            
                        <Value1>4390912</Value1>            
                    </Entry>          
                    <Entry>            
                        <Values/>            
                        <Value0>147524</Value0>            
                        <Value1>4521984</Value1>            
                    </Entry>          
                    <Entry>            
                        <Values/>            
                        <Value0>147526</Value0>            
                        <Value1>4653056</Value1>            
                    </Entry>          
                    <Entry>            
                        <Values/>            
                        <Value0>147528</Value0>            
                        <Value1>4784128</Value1>            
                    </Entry>          
                    <Entry>            
                        <Values/>            
                        <Value0>147530</Value0>            
                        <Value1>4915200</Value1>            
                    </Entry>          
                    <Entry>            
                        <Values/>            
                        <Value0>147532</Value0>            
                        <Value1>5046272</Value1>            
                    </Entry>          
                    <Entry>            
                        <Values/>            
                        <Value0>147534</Value0>            
                        <Value1>5177344</Value1>            
                    </Entry>          
                    <Entry>            
                        <Values/>            
                        <Value0>147536</Value0>            
                        <Value1>5308416</Value1>            
                    </Entry>          
                    <Entry>            
                        <Values/>            
                        <Value0>147538</Value0>            
                        <Value1>5439488</Value1>            
                    </Entry>          
                    <Entry>            
                        <Values/>            
                        <Value0>147540</Value0>            
                        <Value1>5570560</Value1>            
                    </Entry>          
                    <Entry>            
                        <Values/>            
                        <Value0>147542</Value0>            
                        <Value1>5701632</Value1>            
                    </Entry>          
                    <Entry>            
                        <Values/>            
                        <Value0>147544</Value0>            
                        <Value1>5832704</Value1>            
                    </Entry>          
                    <Entry>            
                        <Values/>            
                        <Value0>147546</Value0>            
                        <Value1>5963776</Value1>            
                    </Entry>          
                    <Entry>            
                        <Values/>            
                        <Value0>147548</Value0>            
                        <Value1>6094848</Value1>            
                    </Entry>          
                    <Entry>            
                        <Values/>            
                        <Value0>147550</Value0>            
                        <Value1>6225920</Value1>            
                    </Entry>          
                    <Entry>            
                        <Values/>            
                        <Value0>147552</Value0>            
                        <Value1>6356992</Value1>            
                    </Entry>          
                    <Entry>            
                        <Values/>            
                        <Value0>147554</Value0>            
                        <Value1>6488064</Value1>            
                    </Entry>          
                </Unknown>        
                <Dialogs>          
                    <Dialog>喷泉公园</Dialog>          
                    <Dialog>离新桥站不远的喷泉公园。春天是樱花，秋天是银杏，是能看到四季不同面貌的市民休息的人气景点。不论工作日还是休息日，一年中都有很多市民来此热闹。</Dialog>          
                    <Dialog>小公园</Dialog>          
                    <Dialog>只有几个游乐设施和广场的这个公园没有特别的名字。但是市民们满怀爱意地称之为“小公园”，在喜欢的景点调查中一定是名列前茅的隐藏人气景点。</Dialog>          
                    <Dialog>新干线车站</Dialog>          
                    <Dialog>对于十羽野高中生来说，新TOWA的车站是离学校最近的车站。车站附近挤满了学生。从新和田站到十羽野站之间是市的主要街道，电器街和娱乐设施鳞次栉比。</Dialog>          
                    <Dialog>迪克斯</Dialog>          
                    <Dialog>德克西斯是以都哇市为中心连锁经营的家庭餐厅。甜点受到广大市民的喜爱。最近，竞争对手店进军附近成为了新闻。</Dialog>          
                    <Dialog>十羽寺</Dialog>          
                    <Dialog>十羽寺是一座将本山设置在奥十羽野，开山超过400年的名刹。因为比起本山交通更方便，所以年末年初就不用说了，全年都有很多来自市内外的参拜客人，非常热闹。</Dialog>          
                    <Dialog>洋房</Dialog>          
                    <Dialog>在古老的洋房里，那种豪华的建筑吸引了很多人的目光，但是不知道是什么样的人住的，是为了什么目的而建的，最近也有关于Dracula传说的传言。</Dialog>          
                    <Dialog>十羽野站</Dialog>          
                    <Dialog>看到车站内的大小、一天的利用人数以及周边的繁华景象，说是城市的主要航站楼也不为过。位于市中心，也是远行市民的大门。</Dialog>          
                    <Dialog>游戏中心</Dialog>          
                    <Dialog>是最新的游戏框体和备齐大型的奖牌机的受欢迎的娱乐设施。不仅是新的东西，还设置了怀旧的游戏，在复古游戏的粉丝中很受欢迎。</Dialog>          
                    <Dialog>电器街</Dialog>          
                    <Dialog>连接新和田站到十羽野站之间的主要街道十羽野站一侧是一条电器商店鳞次栉比的电器街，现在已经成为了一个游戏店、动漫店等鳞次栉比的大型娱乐区。</Dialog>          
                    <Dialog>十羽野城</Dialog>          
                    <Dialog>历史悠久的十羽野城遗址，以前只剩下外护城河和石墙，现在天守阁也被复原，作为公园也被整修，成为了市内内外众多游客到访的人气景点。</Dialog>          
                    <Dialog>电视台</Dialog>          
                    <Dialog>“とわのTV”是一个与地域密切相关的地方电视台，在本地制作大胆的节目方面有着公认的评价。节目也传达了制作人员对TOWA市有着强烈的爱。</Dialog>          
                    <Dialog>永远的坂上站</Dialog>          
                    <Dialog>和之坂上是近年来在进行再开发的市，作为郊外的住宅区发展起来的地域。游乐园、植物园、室内游泳池设施等，聚集了丰富的大型娱乐、文化设施。</Dialog>          
                    <Dialog>游乐园</Dialog>          
                    <Dialog>SPA世界是TOWA市唯一的游乐园，是不可撼动的人气景点。象征性的果然还是巨大的摩天轮，从能一览奈良市的摩天轮上看到的绝景是很多情侣的固定约会路线。</Dialog>          
                    <Dialog>室内游泳池</Dialog>          
                    <Dialog>一年四季都可以穿着泳衣享受的大型温水游泳设施。不仅仅是流水池和水上滑梯等游乐设施，还能享受小吃，这里也是情侣间人气的固定景点。</Dialog>          
                    <Dialog>河床</Dialog>          
                    <Dialog>十羽野川是东面的象征。那个河床被整备，散步道和堤坝作为跑步路线也很受欢迎。从这里十羽野川的堤坝眺望的夕阳很美。</Dialog>          
                    <Dialog>临海站</Dialog>          
                    <Dialog>近年来在TOWA的市再开发中，发展显著的地区是这个“临海车站”周边。这是一个很受年轻人欢迎的商业地区，有很多利用原本广阔空间的大型商业设施和娱乐设施。</Dialog>          
                    <Dialog>活动大厅</Dialog>          
                    <Dialog>是离临海站很近的多功能复合设施群。公园、大大小小的大厅、中等规模的体育场等聚集在一起，各自的设施每天都会举行现场表演和展示会等活动。</Dialog>          
                    <Dialog>商业街</Dialog>          
                    <Dialog>作为商业地区的临海站的代表性大型商业设施，以时尚和杂货为中心，有很多商店入店。以年轻人为中心的人气景点，连日来有很多人，非常热闹。</Dialog>          
                    <Dialog>天空塔</Dialog>          
                    <Dialog>与海湾大桥、港之丘公园并列，是临海地区代表性的观光景点“天空塔”。作为名建筑也备受瞩目，但实际上也兼有大型灯塔，至今仍在现役中。</Dialog>          
                    <Dialog>港之丘公园</Dialog>          
                    <Dialog>以港口和天空塔为首，在能一览临海地区、海岸区域的山丘上，所以叫“港之丘公园”。或许是因为那绝美的景色吧，在绿意盎然、公园众多的都市中，也是屈指可数的人气公园。</Dialog>          
                    <Dialog>贝桥</Dialog>          
                    <Dialog>贝桥不仅受市民欢迎，而且在从市外开车来和市的游客中也很受欢迎，但是在海水浴季节会出现大塞车，平时使用的周边居民提出了强烈的改善要求。</Dialog>          
                    <Dialog>水族馆</Dialog>          
                    <Dialog>位于临海地区的港口一侧和海岸一侧中间的“とわの水族馆”，是一个活灵活现地展示着三重目鲨鱼等非常珍贵的深海鱼的水族馆，是一个从市内外有很多游客的人气景点。</Dialog>          
                    <Dialog>海水浴场</Dialog>          
                    <Dialog>因为冲绳市的海水浴场垃圾很少，水质和沙质也很好，所以是海水浴季节有很多海水浴客人到访的地方。季节限定营业的海之家好像也成为了隐藏的美食点。</Dialog>          
                    <Dialog>中国餐厅</Dialog>          
                    <Dialog>临海站周边有很多中华餐厅，虽然这里是连锁店，但是味道很好。在TOWA市内正在讨论进一步的店铺展开。</Dialog>          
                    <Dialog>鱼市</Dialog>          
                    <Dialog>鱼市场支撑着海市的厨房。原本以这里为中心的港口地区，现在作为商业地区成为了受年轻人欢迎的地区。但是鱼市场现在依然充满活力，可能会有新鲜的发现。</Dialog>          
                    <Dialog>船码头</Dialog>          
                    <Dialog>是客船、商业船、渔业船等很多船只停泊的码头。最近秘密关注的是从这里开始的湾岸游轮，作为可以体验非日常生活的服务而受到欢迎。</Dialog>          
                    <Dialog>奥十羽野站</Dialog>          
                    <Dialog>从濑户的坂上再往北走，海拔也提高了，就到了奈良市的里屋“奥十羽野”。自古以来就有着山岳信仰的历史，美术馆、动物园、滑雪场等观光景点也很多。</Dialog>          
                    <Dialog>湖</Dialog>          
                    <Dialog>十羽野湖的透明度也很有名，模仿天鹅形状的游览船很受欢迎。这是一个忘记都市的喧嚣，享受悠闲时光的郊外景点。最近，未确认生物的目击信息成为了话题。</Dialog>          
                    <Dialog>山上美术馆</Dialog>          
                    <Dialog>“十羽野美术馆”是能在奥十羽野的自然中享受一流艺术的设施。展示种类非常广泛，无论是在郊外的美术馆，男女老少都很喜欢。</Dialog>          
                    <Dialog>山上动物园</Dialog>          
                    <Dialog>“とわの动物园”是引入了行动展示的人气动物园，吸引了来自市内外的众多游客。能抱动物宝宝的服务也很受欢迎，服务前可以排很长的队伍。</Dialog>          
                    <Dialog>天羽山</Dialog>          
                    <Dialog>天羽山市的象征。传说这座山峰展开十只翅膀的样子是“十羽野”的由来。近年来，作为可以轻松享受自然的人气旅游地，评价也很高。</Dialog>          
                    <Dialog>高原</Dialog>          
                    <Dialog>可能是受近年来环保意识的影响，最近最受关注的景点是奥十羽野高原地区。这里有罕见的高原植物开放的湿地、牧场、农场等，作为生态观光地也备受瞩目。</Dialog>          
                    <Dialog>奥十羽野温泉</Dialog>          
                    <Dialog>近年来，奥十羽野作为观光地的人气非常高，而奥十羽野温泉则是其人气的一部分。泉质也很好，日向温泉街的风情也是人气的秘密吧。</Dialog>          
                    <Dialog>瀑布</Dialog>          
                    <Dialog>不管怎么说，奥十羽野的魅力在于离都市很近，可以轻松地享受自然。被称为“奥十羽野的华严”的这座名瀑布，近年来也有很多游客到访。</Dialog>          
                    <Dialog>十羽野高中</Dialog>          
                    <Dialog>私立十羽野高中虽然有历史，但是其自由的校风很有魅力，每年都有来自市内外的众多入学希望者聚集在一起。每年都有很多活动，学生们都积极参加。</Dialog>          
                    <Dialog>图书室</Dialog>          
                    <Dialog>十羽野高中的图书室以藏书丰富多彩而闻名。最近，有着罕见的美貌，却对使用者非常严格的女图书委员，在校内也有传闻。</Dialog>          
                    <Dialog>网球场</Dialog>          
                    <Dialog>十羽野高网球部和校风一样进行着自由的活动。以通过网球加深友谊为目的，男女混合双打的友谊赛偶尔举行，受到很多部员的好评。</Dialog>          
                    <Dialog>校舍后面</Dialog>          
                    <Dialog>十羽野高中的校舍里没有任何出奇的地方。但是在这里，“在校舍后面向喜欢的人告白的话会很顺利”，从很早以前就有在学生之间传开的传言。</Dialog>          
                    <Dialog>中庭</Dialog>          
                    <Dialog>十羽野高中的中庭是以中央的物体为中心进行修整的庭园状，放学后和午休等时候，在这里读书、聊天的学生很多，是校内最受欢迎的景点。</Dialog>          
                    <Dialog>运动场</Dialog>          
                    <Dialog>9月举办的体育节是全校的大型活动之一，很多学生都很期待。项目丰富多彩，虽然是高中的体育节，但也有租借物品的竞争等。</Dialog>          
                    <Dialog>游泳池</Dialog>          
                    <Dialog>十羽野高中的游泳池是25米，全6个泳道的最标准的游泳池。每年7月的游泳池开放，虽然没有什么特别特别的活动，但似乎是男生们期待已久的隐藏人气活动。</Dialog>          
                    <Dialog>屋顶</Dialog>          
                    <Dialog>周边没有高个子的建筑物，校舍本身也位于平缓的山丘上，从屋顶可以看到海湾区域，那个景色作为隐藏的绝景景点在学生中很受欢迎。</Dialog>          
                    <Dialog>学生食堂</Dialog>          
                    <Dialog>十羽野高中的学校食堂，菜单的丰富和味道都很好，学生和老师都评价很好。但是，每一道菜的价格设定，虽然是学校食堂，但和普通的饮食店没有区别也是其特征。</Dialog>          
                    <Dialog>采购部</Dialog>          
                    <Dialog>十羽野高中的购买部和学校食堂一样，商品种类繁多，不仅有明显和学业无关的东西，也有只在这里买到的稀有物品。</Dialog>          
                    <Dialog>东面站</Dialog>          
                    <Dialog>东面站是现在备受瞩目的新兴区域“东面”的门口。以十羽野川及其河岸地为代表，是一个安静、艺术设施和专卖店鳞次栉比、充满活力的区域。</Dialog>          
                    <Dialog>购物街</Dialog>          
                    <Dialog>和临海地区的购物中心不同，TOWA东的购物街有很多专卖店。在那个专卖店街，聚集了来自市内外的很多以及多方面的狂热者。</Dialog>          
                    <Dialog>照相机商店</Dialog>          
                    <Dialog>在购物街开店的专卖店之一就是这家相机店。实际上销售很多照相机零件，即使是大型商店也不会进货，梦幻般的绝品也会进货。</Dialog>          
                    <Dialog>图片库</Dialog>          
                    <Dialog>和田东区的另一张脸，可以体验到最先进的艺术场景。特别是在每个季节举办的摄影展览会上，展示了来自全国各地的应征作品，吸引了很多参观者，非常热闹。</Dialog>          
                    <Dialog>吃饭处</Dialog>          
                    <Dialog>在逛了专卖店，欣赏了艺术场景之后，能够悠闲地享受美食，这也是日本料理的魅力所在。虽然是很小的区域，但是很多饮食店都在削减开支。</Dialog>          
                    <Dialog>厨具店</Dialog>          
                    <Dialog>说起罕见的专卖店，应该是这个烹饪器具专卖店吧。最近，情侣来这里的客人增加了，也有专家认为当地的料理热潮已经到来。</Dialog>          
                </Dialogs>        
            </SDL2>      
        </Entry>    
    </Entries>  
</DBIN2>