<?xml version="1.0" encoding="utf-8"?><DBIN2 xmlns:xsi="http://www.w3.org/2001/XMLSchema-instance" xmlns:xsd="http://www.w3.org/2001/XMLSchema" Key="1036414431" Unknown="12">  
    <Entries>    
        <Entry Unknown0="2331472347" Unknown1="881465457">      
            <SDL2 Key="1397244284">        
                <Unknown>          
                    <Entry>            
                        <Values>              
                            <Entry>                
                                <Value0>4294901760</Value0>                
                                <Value1>0</Value1>                
                            </Entry>              
                            <Entry>                
                                <Value0>12287</Value0>                
                                <Value1>500</Value1>                
                            </Entry>              
                        </Values>            
                        <Value0>147456</Value0>            
                        <Value1>65536</Value1>            
                    </Entry>          
                    <Entry>            
                        <Values/>            
                        <Value0>147458</Value0>            
                        <Value1>196608</Value1>            
                    </Entry>          
                    <Entry>            
                        <Values>              
                            <Entry>                
                                <Value0>12288</Value0>                
                                <Value1>0</Value1>                
                            </Entry>              
                            <Entry>                
                                <Value0>12289</Value0>                
                                <Value1>1333</Value1>                
                            </Entry>              
                        </Values>            
                        <Value0>147456</Value0>            
                        <Value1>262144</Value1>            
                    </Entry>          
                    <Entry>            
                        <Values>              
                            <Entry>                
                                <Value0>12290</Value0>                
                                <Value1>0</Value1>                
                            </Entry>              
                        </Values>            
                        <Value0>147456</Value0>            
                        <Value1>327680</Value1>            
                    </Entry>          
                    <Entry>            
                        <Values>              
                            <Entry>                
                                <Value0>12291</Value0>                
                                <Value1>0</Value1>                
                            </Entry>              
                            <Entry>                
                                <Value0>12292</Value0>                
                                <Value1>2000</Value1>                
                            </Entry>              
                        </Values>            
                        <Value0>147456</Value0>            
                        <Value1>393216</Value1>            
                    </Entry>          
                    <Entry>            
                        <Values/>            
                        <Value0>147458</Value0>            
                        <Value1>458752</Value1>            
                    </Entry>          
                    <Entry>            
                        <Values>              
                            <Entry>                
                                <Value0>12293</Value0>                
                                <Value1>0</Value1>                
                            </Entry>              
                            <Entry>                
                                <Value0>12294</Value0>                
                                <Value1>2000</Value1>                
                            </Entry>              
                        </Values>            
                        <Value0>147456</Value0>            
                        <Value1>524288</Value1>            
                    </Entry>          
                    <Entry>            
                        <Values/>            
                        <Value0>147458</Value0>            
                        <Value1>589824</Value1>            
                    </Entry>          
                    <Entry>            
                        <Values>              
                            <Entry>                
                                <Value0>12295</Value0>                
                                <Value1>0</Value1>                
                            </Entry>              
                            <Entry>                
                                <Value0>12296</Value0>                
                                <Value1>2000</Value1>                
                            </Entry>              
                        </Values>            
                        <Value0>147456</Value0>            
                        <Value1>655360</Value1>            
                    </Entry>          
                </Unknown>        
                <Dialogs>          
                    <Dialog>高嶺</Dialog>          
                    <Dialog>▲主人公＊▲. 欢迎光临。</Dialog>          
                    <Dialog>○○○○○○○○</Dialog>          
                    <Dialog>很抱歉打扰你。</Dialog>          
                    <Dialog>你要来我太兴奋了，妈妈取笑我。</Dialog>          
                    <Dialog>我很期待见到你。</Dialog>          
                    <Dialog>很高兴你今天来了。如果你能一直照顾我，我会很高兴的。</Dialog>          
                    <Dialog>我觉得我在这里待的时间不长了。</Dialog>          
                    <Dialog>我不喜欢。我想你是因为最近没能见到你。</Dialog>          
                    <Dialog>房间和往常一样漂亮。</Dialog>          
                    <Dialog>别看太多。不管你在房间里待了多少次，有你在我都很紧张。</Dialog>          
                </Dialogs>        
            </SDL2>      
        </Entry>    
        <Entry Unknown0="1014902885" Unknown1="2974393080">      
            <SDL2 Key="1397244284">        
                <Unknown>          
                    <Entry>            
                        <Values>              
                            <Entry>                
                                <Value0>12297</Value0>                
                                <Value1>0</Value1>                
                            </Entry>              
                        </Values>            
                        <Value0>147456</Value0>            
                        <Value1>65536</Value1>            
                    </Entry>          
                    <Entry>            
                        <Values>              
                            <Entry>                
                                <Value0>12298</Value0>                
                                <Value1>0</Value1>                
                            </Entry>              
                        </Values>            
                        <Value0>147456</Value0>            
                        <Value1>131072</Value1>            
                    </Entry>          
                    <Entry>            
                        <Values>              
                            <Entry>                
                                <Value0>12299</Value0>                
                                <Value1>0</Value1>                
                            </Entry>              
                        </Values>            
                        <Value0>147456</Value0>            
                        <Value1>196608</Value1>            
                    </Entry>          
                    <Entry>            
                        <Values/>            
                        <Value0>147460</Value0>            
                        <Value1>327680</Value1>            
                    </Entry>          
                    <Entry>            
                        <Values>              
                            <Entry>                
                                <Value0>12300</Value0>                
                                <Value1>0</Value1>                
                            </Entry>              
                        </Values>            
                        <Value0>147456</Value0>            
                        <Value1>393216</Value1>            
                    </Entry>          
                </Unknown>        
                <Dialogs>          
                    <Dialog>高嶺</Dialog>          
                    <Dialog>已经很久了。。。</Dialog>          
                    <Dialog>呼呼，我不知道我是否已经习惯了。</Dialog>          
                    <Dialog>我们还有很长的路要走。。。不是吗？</Dialog>          
                    <Dialog>○○○○○○○○</Dialog>          
                    <Dialog>你在说什么？</Dialog>          
                    <Dialog>我不知道我们约会多久了。</Dialog>          
                </Dialogs>        
            </SDL2>      
        </Entry>    
        <Entry Unknown0="3141380844" Unknown1="1859332535">      
            <SDL2 Key="454734915">        
                <Unknown>          
                    <Entry>            
                        <Values/>            
                        <Value0>147456</Value0>            
                        <Value1>65536</Value1>            
                    </Entry>          
                    <Entry>            
                        <Values>              
                            <Entry>                
                                <Value0>12301</Value0>                
                                <Value1>0</Value1>                
                            </Entry>              
                            <Entry>                
                                <Value0>12302</Value0>                
                                <Value1>2000</Value1>                
                            </Entry>              
                        </Values>            
                        <Value0>147458</Value0>            
                        <Value1>196608</Value1>            
                    </Entry>          
                    <Entry>            
                        <Values/>            
                        <Value0>147456</Value0>            
                        <Value1>262144</Value1>            
                    </Entry>          
                    <Entry>            
                        <Values/>            
                        <Value0>147456</Value0>            
                        <Value1>327680</Value1>            
                    </Entry>          
                    <Entry>            
                        <Values/>            
                        <Value0>147456</Value0>            
                        <Value1>393216</Value1>            
                    </Entry>          
                    <Entry>            
                        <Values>              
                            <Entry>                
                                <Value0>12303</Value0>                
                                <Value1>0</Value1>                
                            </Entry>              
                            <Entry>                
                                <Value0>12304</Value0>                
                                <Value1>1200</Value1>                
                            </Entry>              
                        </Values>            
                        <Value0>147458</Value0>            
                        <Value1>458752</Value1>            
                    </Entry>          
                    <Entry>            
                        <Values>              
                            <Entry>                
                                <Value0>12305</Value0>                
                                <Value1>0</Value1>                
                            </Entry>              
                            <Entry>                
                                <Value0>12306</Value0>                
                                <Value1>1000</Value1>                
                            </Entry>              
                        </Values>            
                        <Value0>147458</Value0>            
                        <Value1>524288</Value1>            
                    </Entry>          
                    <Entry>            
                        <Values>              
                            <Entry>                
                                <Value0>12307</Value0>                
                                <Value1>0</Value1>                
                            </Entry>              
                            <Entry>                
                                <Value0>12308</Value0>                
                                <Value1>1200</Value1>                
                            </Entry>              
                        </Values>            
                        <Value0>147458</Value0>            
                        <Value1>589824</Value1>            
                    </Entry>          
                    <Entry>            
                        <Values>              
                            <Entry>                
                                <Value0>12309</Value0>                
                                <Value1>0</Value1>                
                            </Entry>              
                        </Values>            
                        <Value0>147458</Value0>            
                        <Value1>655360</Value1>            
                    </Entry>          
                </Unknown>        
                <Dialogs>          
                    <Dialog>○○○○○○○○</Dialog>          
                    <Dialog>我懂了。我想知道发生了什么。。。</Dialog>          
                    <Dialog>高嶺</Dialog>          
                    <Dialog>例如，它是一个日期，但是。。。你还记得你去哪儿了吗？</Dialog>          
                    <Dialog>我想我已经去过所有我能去的地方了。</Dialog>          
                    <Dialog>我懂了。。。我去过很多我认为可以去的地方。</Dialog>          
                    <Dialog>对。。。还是有点小。我们需要发展更多。</Dialog>          
                    <Dialog>我们创造了很多回忆。我再也数不清了。</Dialog>          
                    <Dialog>我去过很多次，但我想留下更多的回忆。不同的地方，不同的季节。。。</Dialog>          
                    <Dialog>我需要更多的回忆。我们全力以赴，好吗？呼呼。</Dialog>          
                    <Dialog>我想和你留下更多的回忆。</Dialog>          
                </Dialogs>        
            </SDL2>      
        </Entry>    
        <Entry Unknown0="2059870635" Unknown1="442165313">      
            <SDL2 Key="454734915">        
                <Unknown>          
                    <Entry>            
                        <Values>              
                            <Entry>                
                                <Value0>12310</Value0>                
                                <Value1>0</Value1>                
                            </Entry>              
                            <Entry>                
                                <Value0>12311</Value0>                
                                <Value1>667</Value1>                
                            </Entry>              
                        </Values>            
                        <Value0>147456</Value0>            
                        <Value1>65536</Value1>            
                    </Entry>          
                    <Entry>            
                        <Values/>            
                        <Value0>147458</Value0>            
                        <Value1>196608</Value1>            
                    </Entry>          
                    <Entry>            
                        <Values>              
                            <Entry>                
                                <Value0>12312</Value0>                
                                <Value1>0</Value1>                
                            </Entry>              
                        </Values>            
                        <Value0>147456</Value0>            
                        <Value1>262144</Value1>            
                    </Entry>          
                    <Entry>            
                        <Values>              
                            <Entry>                
                                <Value0>12313</Value0>                
                                <Value1>0</Value1>                
                            </Entry>              
                        </Values>            
                        <Value0>147456</Value0>            
                        <Value1>327680</Value1>            
                    </Entry>          
                    <Entry>            
                        <Values>              
                            <Entry>                
                                <Value0>12314</Value0>                
                                <Value1>0</Value1>                
                            </Entry>              
                            <Entry>                
                                <Value0>12315</Value0>                
                                <Value1>1000</Value1>                
                            </Entry>              
                        </Values>            
                        <Value0>147456</Value0>            
                        <Value1>393216</Value1>            
                    </Entry>          
                    <Entry>            
                        <Values>              
                            <Entry>                
                                <Value0>12316</Value0>                
                                <Value1>0</Value1>                
                            </Entry>              
                        </Values>            
                        <Value0>147456</Value0>            
                        <Value1>458752</Value1>            
                    </Entry>          
                    <Entry>            
                        <Values>              
                            <Entry>                
                                <Value0>12317</Value0>                
                                <Value1>0</Value1>                
                            </Entry>              
                            <Entry>                
                                <Value0>12318</Value0>                
                                <Value1>1200</Value1>                
                            </Entry>              
                        </Values>            
                        <Value0>147456</Value0>            
                        <Value1>524288</Value1>            
                    </Entry>          
                    <Entry>            
                        <Values>              
                            <Entry>                
                                <Value0>12319</Value0>                
                                <Value1>0</Value1>                
                            </Entry>              
                            <Entry>                
                                <Value0>12320</Value0>                
                                <Value1>2000</Value1>                
                            </Entry>              
                        </Values>            
                        <Value0>147456</Value0>            
                        <Value1>589824</Value1>            
                    </Entry>          
                    <Entry>            
                        <Values>              
                            <Entry>                
                                <Value0>12321</Value0>                
                                <Value1>0</Value1>                
                            </Entry>              
                            <Entry>                
                                <Value0>12322</Value0>                
                                <Value1>2000</Value1>                
                            </Entry>              
                        </Values>            
                        <Value0>147456</Value0>            
                        <Value1>655360</Value1>            
                    </Entry>          
                    <Entry>            
                        <Values>              
                            <Entry>                
                                <Value0>12323</Value0>                
                                <Value1>0</Value1>                
                            </Entry>              
                            <Entry>                
                                <Value0>12324</Value0>                
                                <Value1>1200</Value1>                
                            </Entry>              
                        </Values>            
                        <Value0>147456</Value0>            
                        <Value1>720896</Value1>            
                    </Entry>          
                    <Entry>            
                        <Values>              
                            <Entry>                
                                <Value0>12325</Value0>                
                                <Value1>0</Value1>                
                            </Entry>              
                        </Values>            
                        <Value0>147456</Value0>            
                        <Value1>786432</Value1>            
                    </Entry>          
                    <Entry>            
                        <Values/>            
                        <Value0>147458</Value0>            
                        <Value1>851968</Value1>            
                    </Entry>          
                </Unknown>        
                <Dialogs>          
                    <Dialog>高嶺</Dialog>          
                    <Dialog>剩下的。。。作为恋人，我也做过其他事情。</Dialog>          
                    <Dialog>○○○○○○○○</Dialog>          
                    <Dialog>什么？</Dialog>          
                    <Dialog>好。。。一个吻。</Dialog>          
                    <Dialog>如果我做了这么多，那么我会。。。</Dialog>          
                    <Dialog>我做了很多，但是很好。还不错。</Dialog>          
                    <Dialog>这当然令人尴尬，但我想知道我是否能做得更多。。。开玩笑的。</Dialog>          
                    <Dialog>但如果我们是恋人，我们应该做得更多。我有点担心。。。</Dialog>          
                    <Dialog>之后，接吻了很久。。。如果你这么多次，我会发疯的。</Dialog>          
                    <Dialog>之后，接吻了很久。。。我想知道如果再发生会发生什么。。。</Dialog>          
                    <Dialog>在那之后，我要求了很多次。。。哦，我在想什么。。。</Dialog>          
                    <Dialog>在那之后，我问过你很多次。。。</Dialog>          
                    <Dialog>（我听了很激动……）</Dialog>          
                </Dialogs>        
            </SDL2>      
        </Entry>    
        <Entry Unknown0="3964592181" Unknown1="2736353992">      
            <SDL2 Key="1263135405">        
                <Unknown>          
                    <Entry>            
                        <Values/>            
                        <Value0>147456</Value0>            
                        <Value1>65536</Value1>            
                    </Entry>          
                    <Entry>            
                        <Values>              
                            <Entry>                
                                <Value0>12326</Value0>                
                                <Value1>0</Value1>                
                            </Entry>              
                            <Entry>                
                                <Value0>12327</Value0>                
                                <Value1>3333</Value1>                
                            </Entry>              
                        </Values>            
                        <Value0>147458</Value0>            
                        <Value1>196608</Value1>            
                    </Entry>          
                    <Entry>            
                        <Values/>            
                        <Value0>147456</Value0>            
                        <Value1>262144</Value1>            
                    </Entry>          
                    <Entry>            
                        <Values>              
                            <Entry>                
                                <Value0>12328</Value0>                
                                <Value1>0</Value1>                
                            </Entry>              
                            <Entry>                
                                <Value0>12329</Value0>                
                                <Value1>1000</Value1>                
                            </Entry>              
                        </Values>            
                        <Value0>147458</Value0>            
                        <Value1>327680</Value1>            
                    </Entry>          
                    <Entry>            
                        <Values>              
                            <Entry>                
                                <Value0>12330</Value0>                
                                <Value1>0</Value1>                
                            </Entry>              
                        </Values>            
                        <Value0>147458</Value0>            
                        <Value1>393216</Value1>            
                    </Entry>          
                    <Entry>            
                        <Values>              
                            <Entry>                
                                <Value0>12331</Value0>                
                                <Value1>0</Value1>                
                            </Entry>              
                            <Entry>                
                                <Value0>12332</Value0>                
                                <Value1>667</Value1>                
                            </Entry>              
                        </Values>            
                        <Value0>147458</Value0>            
                        <Value1>458752</Value1>            
                    </Entry>          
                    <Entry>            
                        <Values/>            
                        <Value0>147456</Value0>            
                        <Value1>524288</Value1>            
                    </Entry>          
                    <Entry>            
                        <Values>              
                            <Entry>                
                                <Value0>12333</Value0>                
                                <Value1>0</Value1>                
                            </Entry>              
                        </Values>            
                        <Value0>147458</Value0>            
                        <Value1>589824</Value1>            
                    </Entry>          
                    <Entry>            
                        <Values/>            
                        <Value0>147456</Value0>            
                        <Value1>655360</Value1>            
                    </Entry>          
                    <Entry>            
                        <Values>              
                            <Entry>                
                                <Value0>12334</Value0>                
                                <Value1>0</Value1>                
                            </Entry>              
                        </Values>            
                        <Value0>147458</Value0>            
                        <Value1>720896</Value1>            
                    </Entry>          
                    <Entry>            
                        <Values/>            
                        <Value0>147456</Value0>            
                        <Value1>786432</Value1>            
                    </Entry>          
                </Unknown>        
                <Dialogs>          
                    <Dialog>○○○○○○○○</Dialog>          
                    <Dialog>顺便说一句。。。▲高嶺＊＊▲，你们有什么想一起做的吗？</Dialog>          
                    <Dialog>高嶺</Dialog>          
                    <Dialog>我想做什么？为什么？</Dialog>          
                    <Dialog>是的。一些特别的东西，我想知道它是否会成为记忆。。。</Dialog>          
                    <Dialog>然后我。。。我想去旅行。如果我们这样做，我们将永远在一起。。。</Dialog>          
                    <Dialog>然后我。。。我想去旅行。</Dialog>          
                    <Dialog>然后我。。。我想再去旅行一次。</Dialog>          
                    <Dialog>一次旅行。。。。就我们两个？</Dialog>          
                    <Dialog>... 对。</Dialog>          
                    <Dialog>我明白了，我觉得会很有趣。</Dialog>          
                    <Dialog>是的，我想再去一次。</Dialog>          
                    <Dialog>（一次旅行，嗯……）</Dialog>          
                </Dialogs>        
            </SDL2>      
        </Entry>    
        <Entry Unknown0="1796037308" Unknown1="2040789383">      
            <SDL2 Key="1263135405">        
                <Unknown>          
                    <Entry>            
                        <Values>              
                            <Entry>                
                                <Value0>4294901760</Value0>                
                                <Value1>0</Value1>                
                            </Entry>              
                            <Entry>                
                                <Value0>12335</Value0>                
                                <Value1>2667</Value1>                
                            </Entry>              
                            <Entry>                
                                <Value0>12336</Value0>                
                                <Value1>4667</Value1>                
                            </Entry>              
                        </Values>            
                        <Value0>147456</Value0>            
                        <Value1>65536</Value1>            
                    </Entry>          
                    <Entry>            
                        <Values/>            
                        <Value0>147458</Value0>            
                        <Value1>196608</Value1>            
                    </Entry>          
                    <Entry>            
                        <Values>              
                            <Entry>                
                                <Value0>12337</Value0>                
                                <Value1>0</Value1>                
                            </Entry>              
                        </Values>            
                        <Value0>147456</Value0>            
                        <Value1>262144</Value1>            
                    </Entry>          
                    <Entry>            
                        <Values/>            
                        <Value0>147458</Value0>            
                        <Value1>327680</Value1>            
                    </Entry>          
                    <Entry>            
                        <Values>              
                            <Entry>                
                                <Value0>12338</Value0>                
                                <Value1>0</Value1>                
                            </Entry>              
                            <Entry>                
                                <Value0>12339</Value0>                
                                <Value1>1000</Value1>                
                            </Entry>              
                        </Values>            
                        <Value0>147456</Value0>            
                        <Value1>393216</Value1>            
                    </Entry>          
                    <Entry>            
                        <Values/>            
                        <Value0>147458</Value0>            
                        <Value1>458752</Value1>            
                    </Entry>          
                    <Entry>            
                        <Values>              
                            <Entry>                
                                <Value0>12340</Value0>                
                                <Value1>0</Value1>                
                            </Entry>              
                            <Entry>                
                                <Value0>12341</Value0>                
                                <Value1>2667</Value1>                
                            </Entry>              
                        </Values>            
                        <Value0>147456</Value0>            
                        <Value1>524288</Value1>            
                    </Entry>          
                    <Entry>            
                        <Values/>            
                        <Value0>147458</Value0>            
                        <Value1>589824</Value1>            
                    </Entry>          
                </Unknown>        
                <Dialogs>          
                    <Dialog>高嶺</Dialog>          
                    <Dialog>▲主人公＊▲. 你觉得我的泳衣怎么样。可爱吗？</Dialog>          
                    <Dialog>○○○○○○○○</Dialog>          
                    <Dialog>当然！它非常适合你。这是最好的！！</Dialog>          
                    <Dialog>呼呼！</Dialog>          
                    <Dialog>（我想知道这是不是对的……）</Dialog>          
                    <Dialog>嘿，是不是很奇怪？晒伤之后。。。</Dialog>          
                    <Dialog>这并不奇怪！很适合你！▲高嶺＊＊▲，你看起来棒极了！！</Dialog>          
                    <Dialog>真正地？如果你这样说。。。</Dialog>          
                    <Dialog>（不管怎样都很好……）</Dialog>          
                </Dialogs>        
            </SDL2>      
        </Entry>    
        <Entry Unknown0="714592635" Unknown1="3760896017">      
            <SDL2 Key="1263135405">        
                <Unknown>          
                    <Entry>            
                        <Values>              
                            <Entry>                
                                <Value0>12342</Value0>                
                                <Value1>0</Value1>                
                            </Entry>              
                        </Values>            
                        <Value0>147456</Value0>            
                        <Value1>65536</Value1>            
                    </Entry>          
                    <Entry>            
                        <Values/>            
                        <Value0>147458</Value0>            
                        <Value1>196608</Value1>            
                    </Entry>          
                    <Entry>            
                        <Values>              
                            <Entry>                
                                <Value0>12343</Value0>                
                                <Value1>0</Value1>                
                            </Entry>              
                            <Entry>                
                                <Value0>12344</Value0>                
                                <Value1>1333</Value1>                
                            </Entry>              
                        </Values>            
                        <Value0>147456</Value0>            
                        <Value1>262144</Value1>            
                    </Entry>          
                    <Entry>            
                        <Values/>            
                        <Value0>147458</Value0>            
                        <Value1>327680</Value1>            
                    </Entry>          
                    <Entry>            
                        <Values>              
                            <Entry>                
                                <Value0>12345</Value0>                
                                <Value1>0</Value1>                
                            </Entry>              
                            <Entry>                
                                <Value0>12346</Value0>                
                                <Value1>1000</Value1>                
                            </Entry>              
                        </Values>            
                        <Value0>147456</Value0>            
                        <Value1>393216</Value1>            
                    </Entry>          
                    <Entry>            
                        <Values/>            
                        <Value0>147458</Value0>            
                        <Value1>458752</Value1>            
                    </Entry>          
                    <Entry>            
                        <Values>              
                            <Entry>                
                                <Value0>12347</Value0>                
                                <Value1>0</Value1>                
                            </Entry>              
                            <Entry>                
                                <Value0>12348</Value0>                
                                <Value1>2000</Value1>                
                            </Entry>              
                        </Values>            
                        <Value0>147456</Value0>            
                        <Value1>524288</Value1>            
                    </Entry>          
                    <Entry>            
                        <Values/>            
                        <Value0>147458</Value0>            
                        <Value1>589824</Value1>            
                    </Entry>          
                </Unknown>        
                <Dialogs>          
                    <Dialog>高嶺</Dialog>          
                    <Dialog>那么，我先洗个澡。</Dialog>          
                    <Dialog>○○○○○○○○</Dialog>          
                    <Dialog>是的，是的。我在这里放松一下。</Dialog>          
                    <Dialog>福，感觉真好。这热水真好。</Dialog>          
                    <Dialog>（即使这是……）</Dialog>          
                    <Dialog>嘿，感觉真好。你愿意和我一起去吗？</Dialog>          
                    <Dialog>什么！？你的心必须准备好。。。</Dialog>          
                    <Dialog>天啊，我们已经很孤单了。加油！</Dialog>          
                    <Dialog>（这不是……）</Dialog>          
                </Dialogs>        
            </SDL2>      
        </Entry>    
        <Entry Unknown0="3692990469" Unknown1="1860780696">      
            <SDL2 Key="1263135405">        
                <Unknown>          
                    <Entry>            
                        <Values>              
                            <Entry>                
                                <Value0>4294901760</Value0>                
                                <Value1>0</Value1>                
                            </Entry>              
                            <Entry>                
                                <Value0>12349</Value0>                
                                <Value1>500</Value1>                
                            </Entry>              
                        </Values>            
                        <Value0>147456</Value0>            
                        <Value1>65536</Value1>            
                    </Entry>          
                    <Entry>            
                        <Values/>            
                        <Value0>147458</Value0>            
                        <Value1>196608</Value1>            
                    </Entry>          
                    <Entry>            
                        <Values>              
                            <Entry>                
                                <Value0>12350</Value0>                
                                <Value1>0</Value1>                
                            </Entry>              
                        </Values>            
                        <Value0>147456</Value0>            
                        <Value1>262144</Value1>            
                    </Entry>          
                    <Entry>            
                        <Values/>            
                        <Value0>147458</Value0>            
                        <Value1>327680</Value1>            
                    </Entry>          
                    <Entry>            
                        <Values/>            
                        <Value0>147458</Value0>            
                        <Value1>393216</Value1>            
                    </Entry>          
                    <Entry>            
                        <Values>              
                            <Entry>                
                                <Value0>12351</Value0>                
                                <Value1>0</Value1>                
                            </Entry>              
                        </Values>            
                        <Value0>147456</Value0>            
                        <Value1>458752</Value1>            
                    </Entry>          
                    <Entry>            
                        <Values/>            
                        <Value0>147458</Value0>            
                        <Value1>524288</Value1>            
                    </Entry>          
                    <Entry>            
                        <Values>              
                            <Entry>                
                                <Value0>12352</Value0>                
                                <Value1>0</Value1>                
                            </Entry>              
                            <Entry>                
                                <Value0>12353</Value0>                
                                <Value1>1200</Value1>                
                            </Entry>              
                        </Values>            
                        <Value0>147456</Value0>            
                        <Value1>589824</Value1>            
                    </Entry>          
                    <Entry>            
                        <Values/>            
                        <Value0>147458</Value0>            
                        <Value1>655360</Value1>            
                    </Entry>          
                </Unknown>        
                <Dialogs>          
                    <Dialog>高嶺</Dialog>          
                    <Dialog>▲主人公＊▲. 对不起，我先去，热水太好了。</Dialog>          
                    <Dialog>○○○○○○○○</Dialog>          
                    <Dialog>▲高嶺＊＊▲!? 那种风格。。。</Dialog>          
                    <Dialog>很热！天啊，我自己。。。</Dialog>          
                    <Dialog>（不可能，怎么了？）</Dialog>          
                    <Dialog>▲高嶺＊＊▲～?</Dialog>          
                    <Dialog>基亚！</Dialog>          
                    <Dialog>哦，我的上帝！我很抱歉！</Dialog>          
                    <Dialog>不，没关系。嘿，这很麻烦，所以只有我们两个。。。</Dialog>          
                    <Dialog>（不可能！我在想什么……）</Dialog>          
                </Dialogs>        
            </SDL2>      
        </Entry>    
        <Entry Unknown0="1541212812" Unknown1="645122391">      
            <SDL2 Key="4112215412">        
                <Unknown>          
                    <Entry>            
                        <Values>              
                            <Entry>                
                                <Value0>12354</Value0>                
                                <Value1>0</Value1>                
                            </Entry>              
                        </Values>            
                        <Value0>147456</Value0>            
                        <Value1>65536</Value1>            
                    </Entry>          
                    <Entry>            
                        <Values/>            
                        <Value0>147458</Value0>            
                        <Value1>196608</Value1>            
                    </Entry>          
                    <Entry>            
                        <Values>              
                            <Entry>                
                                <Value0>12355</Value0>                
                                <Value1>0</Value1>                
                            </Entry>              
                        </Values>            
                        <Value0>147456</Value0>            
                        <Value1>262144</Value1>            
                    </Entry>          
                </Unknown>        
                <Dialogs>          
                    <Dialog>高嶺</Dialog>          
                    <Dialog>嘿，怎么了？你一直心不在焉地盯着我看。</Dialog>          
                    <Dialog>○○○○○○○○</Dialog>          
                    <Dialog>哇，对不起！没什么。。。</Dialog>          
                    <Dialog>？</Dialog>          
                </Dialogs>        
            </SDL2>      
        </Entry>    
        <Entry Unknown0="442990923" Unknown1="3808069857">      
            <SDL2 Key="4112215412">        
                <Unknown>          
                    <Entry>            
                        <Values>              
                            <Entry>                
                                <Value0>12356</Value0>                
                                <Value1>0</Value1>                
                            </Entry>              
                            <Entry>                
                                <Value0>12357</Value0>                
                                <Value1>667</Value1>                
                            </Entry>              
                        </Values>            
                        <Value0>147456</Value0>            
                        <Value1>65536</Value1>            
                    </Entry>          
                    <Entry>            
                        <Values/>            
                        <Value0>147458</Value0>            
                        <Value1>196608</Value1>            
                    </Entry>          
                    <Entry>            
                        <Values>              
                            <Entry>                
                                <Value0>12358</Value0>                
                                <Value1>0</Value1>                
                            </Entry>              
                        </Values>            
                        <Value0>147456</Value0>            
                        <Value1>262144</Value1>            
                    </Entry>          
                    <Entry>            
                        <Values/>            
                        <Value0>147458</Value0>            
                        <Value1>327680</Value1>            
                    </Entry>          
                </Unknown>        
                <Dialogs>          
                    <Dialog>高嶺</Dialog>          
                    <Dialog>你知道，现在有一种流行的游戏。我们下次一起去看看怎么样？</Dialog>          
                    <Dialog>○○○○○○○○</Dialog>          
                    <Dialog>哦，什么游戏？</Dialog>          
                    <Dialog>它叫帕祖鲁达玛。</Dialog>          
                    <Dialog>好吧，那我下次试试。</Dialog>          
                </Dialogs>        
            </SDL2>      
        </Entry>    
        <Entry Unknown0="2364424405" Unknown1="2075726440">      
            <SDL2 Key="4112215412">        
                <Unknown>          
                    <Entry>            
                        <Values>              
                            <Entry>                
                                <Value0>4294901760</Value0>                
                                <Value1>0</Value1>                
                            </Entry>              
                        </Values>            
                        <Value0>147456</Value0>            
                        <Value1>65536</Value1>            
                    </Entry>          
                    <Entry>            
                        <Values/>            
                        <Value0>147458</Value0>            
                        <Value1>196608</Value1>            
                    </Entry>          
                    <Entry>            
                        <Values>              
                            <Entry>                
                                <Value0>12360</Value0>                
                                <Value1>0</Value1>                
                            </Entry>              
                        </Values>            
                        <Value0>147456</Value0>            
                        <Value1>262144</Value1>            
                    </Entry>          
                    <Entry>            
                        <Values/>            
                        <Value0>65541</Value0>            
                        <Value1>65542</Value1>            
                    </Entry>          
                    <Entry>            
                        <Values/>            
                        <Value0>65542</Value0>            
                        <Value1>65543</Value1>            
                    </Entry>          
                    <Entry>            
                        <Values/>            
                        <Value0>65543</Value0>            
                        <Value1>147456</Value1>            
                    </Entry>          
                    <Entry>            
                        <Values>              
                            <Entry>                
                                <Value0>12361</Value0>                
                                <Value1>0</Value1>                
                            </Entry>              
                            <Entry>                
                                <Value0>12362</Value0>                
                                <Value1>1333</Value1>                
                            </Entry>              
                        </Values>            
                        <Value0>147456</Value0>            
                        <Value1>524288</Value1>            
                    </Entry>          
                    <Entry>            
                        <Values>              
                            <Entry>                
                                <Value0>12363</Value0>                
                                <Value1>0</Value1>                
                            </Entry>              
                            <Entry>                
                                <Value0>12364</Value0>                
                                <Value1>1333</Value1>                
                            </Entry>              
                        </Values>            
                        <Value0>147456</Value0>            
                        <Value1>589824</Value1>            
                    </Entry>          
                    <Entry>            
                        <Values>              
                            <Entry>                
                                <Value0>12365</Value0>                
                                <Value1>0</Value1>                
                            </Entry>              
                            <Entry>                
                                <Value0>12366</Value0>                
                                <Value1>1333</Value1>                
                            </Entry>              
                        </Values>            
                        <Value0>147456</Value0>            
                        <Value1>655360</Value1>            
                    </Entry>          
                </Unknown>        
                <Dialogs>          
                    <Dialog>高嶺</Dialog>          
                    <Dialog>▲主人公＊▲。</Dialog>          
                    <Dialog>○○○○○○○○</Dialog>          
                    <Dialog>嗯？</Dialog>          
                    <Dialog>嘿，从现在开始。。。你能好好照顾我吗？</Dialog>          
                    <Dialog>当然！</Dialog>          
                    <Dialog>我不知道接下来会发生什么。</Dialog>          
                    <Dialog>让我们看看。。。</Dialog>          
                    <Dialog>谢谢您。。。我会让你这么想很久。。。</Dialog>          
                    <Dialog>我明白了，你说得对。没关系，我很高兴现在能这样在一起。</Dialog>          
                    <Dialog>…天啊。好吧，你不用说出来。如果你和我在一起。。。</Dialog>          
                </Dialogs>        
            </SDL2>      
        </Entry>    
        <Entry Unknown0="195902044" Unknown1="2957220135">      
            <SDL2 Key="4112215412">        
                <Unknown>          
                    <Entry>            
                        <Values>              
                            <Entry>                
                                <Value0>4294901760</Value0>                
                                <Value1>0</Value1>                
                            </Entry>              
                            <Entry>                
                                <Value0>12367</Value0>                
                                <Value1>500</Value1>                
                            </Entry>              
                        </Values>            
                        <Value0>147456</Value0>            
                        <Value1>65536</Value1>            
                    </Entry>          
                    <Entry>            
                        <Values/>            
                        <Value0>147458</Value0>            
                        <Value1>196608</Value1>            
                    </Entry>          
                </Unknown>        
                <Dialogs>          
                    <Dialog>高嶺</Dialog>          
                    <Dialog>▲主人公＊▲. 谢谢你和我在一起。。。</Dialog>          
                    <Dialog>○○○○○○○○</Dialog>          
                    <Dialog>▲高嶺＊＊▲...</Dialog>          
                </Dialogs>        
            </SDL2>      
        </Entry>    
    </Entries>  
</DBIN2>