<?xml version="1.0" encoding="utf-8"?><DBIN2 xmlns:xsi="http://www.w3.org/2001/XMLSchema-instance" xmlns:xsd="http://www.w3.org/2001/XMLSchema" Key="2235967054" Unknown="85">  
    <Entries>    
        <Entry Unknown0="2883529540" Unknown1="1693567465">      
            <SDL2 Key="3618555366">        
                <Unknown>          
                    <Entry>            
                        <Values>              
                            <Entry>                
                                <Value0>13994</Value0>                
                                <Value1>0</Value1>                
                            </Entry>              
                        </Values>            
                        <Value0>147456</Value0>            
                        <Value1>65536</Value1>            
                    </Entry>          
                </Unknown>        
                <Dialogs>          
                    <Dialog>高嶺</Dialog>          
                    <Dialog>拜托。。。</Dialog>          
                </Dialogs>        
            </SDL2>      
        </Entry>    
        <Entry Unknown0="1812306685" Unknown1="2321777167">      
            <SDL2 Key="3618555366">        
                <Unknown>          
                    <Entry>            
                        <Values>              
                            <Entry>                
                                <Value0>13995</Value0>                
                                <Value1>0</Value1>                
                            </Entry>              
                        </Values>            
                        <Value0>147456</Value0>            
                        <Value1>65536</Value1>            
                    </Entry>          
                </Unknown>        
                <Dialogs>          
                    <Dialog>高嶺</Dialog>          
                    <Dialog>即使对一个女孩来说，这也不奇怪。。。</Dialog>          
                </Dialogs>        
            </SDL2>      
        </Entry>    
        <Entry Unknown0="2323042595" Unknown1="4212762752">      
            <SDL2 Key="3618555366">        
                <Unknown>          
                    <Entry>            
                        <Values>              
                            <Entry>                
                                <Value0>13996</Value0>                
                                <Value1>0</Value1>                
                            </Entry>              
                        </Values>            
                        <Value0>147456</Value0>            
                        <Value1>65536</Value1>            
                    </Entry>          
                </Unknown>        
                <Dialogs>          
                    <Dialog>高嶺</Dialog>          
                    <Dialog>... 你爱我吗？</Dialog>          
                </Dialogs>        
            </SDL2>      
        </Entry>    
        <Entry Unknown0="456129428" Unknown1="3024230713">      
            <SDL2 Key="2673952956">        
                <Unknown>          
                    <Entry>            
                        <Values>              
                            <Entry>                
                                <Value0>13997</Value0>                
                                <Value1>0</Value1>                
                            </Entry>              
                        </Values>            
                        <Value0>147456</Value0>            
                        <Value1>65536</Value1>            
                    </Entry>          
                </Unknown>        
                <Dialogs>          
                    <Dialog>高嶺</Dialog>          
                    <Dialog>乞求。。。我要去做。</Dialog>          
                </Dialogs>        
            </SDL2>      
        </Entry>    
        <Entry Unknown0="3696585293" Unknown1="3685929567">      
            <SDL2 Key="2673952956">        
                <Unknown>          
                    <Entry>            
                        <Values>              
                            <Entry>                
                                <Value0>13998</Value0>                
                                <Value1>0</Value1>                
                            </Entry>              
                        </Values>            
                        <Value0>147456</Value0>            
                        <Value1>65536</Value1>            
                    </Entry>          
                </Unknown>        
                <Dialogs>          
                    <Dialog>高嶺</Dialog>          
                    <Dialog>让我宠坏你吧，我要你去做。</Dialog>          
                </Dialogs>        
            </SDL2>      
        </Entry>    
        <Entry Unknown0="4207321459" Unknown1="1231812816">      
            <SDL2 Key="2673952956">        
                <Unknown>          
                    <Entry>            
                        <Values>              
                            <Entry>                
                                <Value0>13999</Value0>                
                                <Value1>0</Value1>                
                            </Entry>              
                        </Values>            
                        <Value0>147456</Value0>            
                        <Value1>65536</Value1>            
                    </Entry>          
                </Unknown>        
                <Dialogs>          
                    <Dialog>高嶺</Dialog>          
                    <Dialog>你不喜欢这个？</Dialog>          
                </Dialogs>        
            </SDL2>      
        </Entry>    
        <Entry Unknown0="1266633700" Unknown1="244410761">      
            <SDL2 Key="2673952956">        
                <Unknown>          
                    <Entry>            
                        <Values>              
                            <Entry>                
                                <Value0>14000</Value0>                
                                <Value1>0</Value1>                
                            </Entry>              
                        </Values>            
                        <Value0>147456</Value0>            
                        <Value1>65536</Value1>            
                    </Entry>          
                </Unknown>        
                <Dialogs>          
                    <Dialog>高嶺</Dialog>          
                    <Dialog>没错，是的。</Dialog>          
                </Dialogs>        
            </SDL2>      
        </Entry>    
        <Entry Unknown0="212155037" Unknown1="537076399">      
            <SDL2 Key="2673952956">        
                <Unknown>          
                    <Entry>            
                        <Values>              
                            <Entry>                
                                <Value0>14001</Value0>                
                                <Value1>0</Value1>                
                            </Entry>              
                        </Values>            
                        <Value0>147456</Value0>            
                        <Value1>65536</Value1>            
                    </Entry>          
                </Unknown>        
                <Dialogs>          
                    <Dialog>高嶺</Dialog>          
                    <Dialog>一点。。。是的，没关系。</Dialog>          
                </Dialogs>        
            </SDL2>      
        </Entry>    
        <Entry Unknown0="706113987" Unknown1="2444838944">      
            <SDL2 Key="2673952956">        
                <Unknown>          
                    <Entry>            
                        <Values>              
                            <Entry>                
                                <Value0>14002</Value0>                
                                <Value1>0</Value1>                
                            </Entry>              
                        </Values>            
                        <Value0>147456</Value0>            
                        <Value1>65536</Value1>            
                    </Entry>          
                </Unknown>        
                <Dialogs>          
                    <Dialog>高嶺</Dialog>          
                    <Dialog>啊。。。是的，我明白了。</Dialog>          
                </Dialogs>        
            </SDL2>      
        </Entry>    
        <Entry Unknown0="3150912308" Unknown1="1591917017">      
            <SDL2 Key="2673952956">        
                <Unknown>          
                    <Entry>            
                        <Values>              
                            <Entry>                
                                <Value0>14003</Value0>                
                                <Value1>0</Value1>                
                            </Entry>              
                            <Entry>                
                                <Value0>14004</Value0>                
                                <Value1>500</Value1>                
                            </Entry>              
                        </Values>            
                        <Value0>147456</Value0>            
                        <Value1>65536</Value1>            
                    </Entry>          
                </Unknown>        
                <Dialogs>          
                    <Dialog>高嶺</Dialog>          
                    <Dialog>是的，我一直在等你。呼呼。</Dialog>          
                </Dialogs>        
            </SDL2>      
        </Entry>    
        <Entry Unknown0="2096466669" Unknown1="1901228799">      
            <SDL2 Key="2673952956">        
                <Unknown>          
                    <Entry>            
                        <Values>              
                            <Entry>                
                                <Value0>14005</Value0>                
                                <Value1>0</Value1>                
                            </Entry>              
                            <Entry>                
                                <Value0>14006</Value0>                
                                <Value1>500</Value1>                
                            </Entry>              
                        </Values>            
                        <Value0>147456</Value0>            
                        <Value1>65536</Value1>            
                    </Entry>          
                </Unknown>        
                <Dialogs>          
                    <Dialog>高嶺</Dialog>          
                    <Dialog>对。我要你来。</Dialog>          
                </Dialogs>        
            </SDL2>      
        </Entry>    
        <Entry Unknown0="2590425363" Unknown1="4278950000">      
            <SDL2 Key="2673952956">        
                <Unknown>          
                    <Entry>            
                        <Values>              
                            <Entry>                
                                <Value0>14007</Value0>                
                                <Value1>0</Value1>                
                            </Entry>              
                        </Values>            
                        <Value0>147456</Value0>            
                        <Value1>65536</Value1>            
                    </Entry>          
                </Unknown>        
                <Dialogs>          
                    <Dialog>高嶺</Dialog>          
                    <Dialog>啊。。。呼呼。</Dialog>          
                </Dialogs>        
            </SDL2>      
        </Entry>    
        <Entry Unknown0="3944737668" Unknown1="2972780841">      
            <SDL2 Key="2673952956">        
                <Unknown>          
                    <Entry>            
                        <Values>              
                            <Entry>                
                                <Value0>14008</Value0>                
                                <Value1>0</Value1>                
                            </Entry>              
                        </Values>            
                        <Value0>147456</Value0>            
                        <Value1>65536</Value1>            
                    </Entry>          
                </Unknown>        
                <Dialogs>          
                    <Dialog>高嶺</Dialog>          
                    <Dialog>是 啊。。。天哪。</Dialog>          
                </Dialogs>        
            </SDL2>      
        </Entry>    
        <Entry Unknown0="2890226237" Unknown1="3567436367">      
            <SDL2 Key="2673952956">        
                <Unknown>          
                    <Entry>            
                        <Values>              
                            <Entry>                
                                <Value0>14009</Value0>                
                                <Value1>0</Value1>                
                            </Entry>              
                        </Values>            
                        <Value0>147456</Value0>            
                        <Value1>65536</Value1>            
                    </Entry>          
                </Unknown>        
                <Dialogs>          
                    <Dialog>高嶺</Dialog>          
                    <Dialog>正确的。。。对。</Dialog>          
                </Dialogs>        
            </SDL2>      
        </Entry>    
        <Entry Unknown0="3400962403" Unknown1="610003136">      
            <SDL2 Key="2673952956">        
                <Unknown>          
                    <Entry>            
                        <Values>              
                            <Entry>                
                                <Value0>14010</Value0>                
                                <Value1>0</Value1>                
                            </Entry>              
                        </Values>            
                        <Value0>147456</Value0>            
                        <Value1>65536</Value1>            
                    </Entry>          
                </Unknown>        
                <Dialogs>          
                    <Dialog>高嶺</Dialog>          
                    <Dialog>还没有。</Dialog>          
                </Dialogs>        
            </SDL2>      
        </Entry>    
        <Entry Unknown0="1534049236" Unknown1="3699464569">      
            <SDL2 Key="2673952956">        
                <Unknown>          
                    <Entry>            
                        <Values>              
                            <Entry>                
                                <Value0>14011</Value0>                
                                <Value1>0</Value1>                
                            </Entry>              
                        </Values>            
                        <Value0>147456</Value0>            
                        <Value1>65536</Value1>            
                    </Entry>          
                </Unknown>        
                <Dialogs>          
                    <Dialog>高嶺</Dialog>          
                    <Dialog>嗯，我心不在焉。</Dialog>          
                </Dialogs>        
            </SDL2>      
        </Entry>    
        <Entry Unknown0="479537805" Unknown1="871502495">      
            <SDL2 Key="2673952956">        
                <Unknown>          
                    <Entry>            
                        <Values>              
                            <Entry>                
                                <Value0>14012</Value0>                
                                <Value1>0</Value1>                
                            </Entry>              
                        </Values>            
                        <Value0>147456</Value0>            
                        <Value1>65536</Value1>            
                    </Entry>          
                </Unknown>        
                <Dialogs>          
                    <Dialog>高嶺</Dialog>          
                    <Dialog>这很好。</Dialog>          
                </Dialogs>        
            </SDL2>      
        </Entry>    
        <Entry Unknown0="973496755" Unknown1="3115005968">      
            <SDL2 Key="2673952956">        
                <Unknown>          
                    <Entry>            
                        <Values>              
                            <Entry>                
                                <Value0>14013</Value0>                
                                <Value1>0</Value1>                
                            </Entry>              
                        </Values>            
                        <Value0>147456</Value0>            
                        <Value1>65536</Value1>            
                    </Entry>          
                </Unknown>        
                <Dialogs>          
                    <Dialog>高嶺</Dialog>          
                    <Dialog>不可能。。。还没有？</Dialog>          
                </Dialogs>        
            </SDL2>      
        </Entry>    
        <Entry Unknown0="2344553252" Unknown1="2010229193">      
            <SDL2 Key="3215031847">        
                <Unknown>          
                    <Entry>            
                        <Values>              
                            <Entry>                
                                <Value0>14014</Value0>                
                                <Value1>0</Value1>                
                            </Entry>              
                        </Values>            
                        <Value0>147456</Value0>            
                        <Value1>65536</Value1>            
                    </Entry>          
                </Unknown>        
                <Dialogs>          
                    <Dialog>高嶺</Dialog>          
                    <Dialog>是啊。。。是的，很好。</Dialog>          
                </Dialogs>        
            </SDL2>      
        </Entry>    
        <Entry Unknown0="1290140381" Unknown1="1447191279">      
            <SDL2 Key="3215031847">        
                <Unknown>          
                    <Entry>            
                        <Values>              
                            <Entry>                
                                <Value0>14015</Value0>                
                                <Value1>0</Value1>                
                            </Entry>              
                        </Values>            
                        <Value0>147456</Value0>            
                        <Value1>65536</Value1>            
                    </Entry>          
                </Unknown>        
                <Dialogs>          
                    <Dialog>高嶺</Dialog>          
                    <Dialog>注意到？</Dialog>          
                </Dialogs>        
            </SDL2>      
        </Entry>    
        <Entry Unknown0="1784033539" Unknown1="3875244128">      
            <SDL2 Key="3215031847">        
                <Unknown>          
                    <Entry>            
                        <Values>              
                            <Entry>                
                                <Value0>14016</Value0>                
                                <Value1>0</Value1>                
                            </Entry>              
                        </Values>            
                        <Value0>147456</Value0>            
                        <Value1>65536</Value1>            
                    </Entry>          
                </Unknown>        
                <Dialogs>          
                    <Dialog>高嶺</Dialog>          
                    <Dialog>... 为什么？</Dialog>          
                </Dialogs>        
            </SDL2>      
        </Entry>    
        <Entry Unknown0="4212120436" Unknown1="3525441817">      
            <SDL2 Key="3215031847">        
                <Unknown>          
                    <Entry>            
                        <Values>              
                            <Entry>                
                                <Value0>92483</Value0>                
                                <Value1>0</Value1>                
                            </Entry>              
                        </Values>            
                        <Value0>147456</Value0>            
                        <Value1>65536</Value1>            
                    </Entry>          
                </Unknown>        
                <Dialogs>          
                    <Dialog>高嶺</Dialog>          
                    <Dialog>我还在这里。</Dialog>          
                </Dialogs>        
            </SDL2>      
        </Entry>    
        <Entry Unknown0="3157609005" Unknown1="4254249535">      
            <SDL2 Key="3215031847">        
                <Unknown>          
                    <Entry>            
                        <Values>              
                            <Entry>                
                                <Value0>92484</Value0>                
                                <Value1>0</Value1>                
                            </Entry>              
                        </Values>            
                        <Value0>147456</Value0>            
                        <Value1>65536</Value1>            
                    </Entry>          
                </Unknown>        
                <Dialogs>          
                    <Dialog>高嶺</Dialog>          
                    <Dialog>请吻我？</Dialog>          
                </Dialogs>        
            </SDL2>      
        </Entry>    
        <Entry Unknown0="3668345171" Unknown1="2068568240">      
            <SDL2 Key="3215031847">        
                <Unknown/>        
                <Dialogs/>        
            </SDL2>      
        </Entry>    
        <Entry Unknown0="727690180" Unknown1="3044100457">      
            <SDL2 Key="3215031847">        
                <Unknown/>        
                <Dialogs/>        
            </SDL2>      
        </Entry>    
        <Entry Unknown0="3968146045" Unknown1="1356989071">      
            <SDL2 Key="3215031847">        
                <Unknown/>        
                <Dialogs/>        
            </SDL2>      
        </Entry>    
        <Entry Unknown0="183914915" Unknown1="547039232">      
            <SDL2 Key="3215031847">        
                <Unknown/>        
                <Dialogs/>        
            </SDL2>      
        </Entry>    
        <Entry Unknown0="2611968788" Unknown1="1354865081">      
            <SDL2 Key="3215031847">        
                <Unknown>          
                    <Entry>            
                        <Values>              
                            <Entry>                
                                <Value0>92489</Value0>                
                                <Value1>0</Value1>                
                            </Entry>              
                        </Values>            
                        <Value0>147456</Value0>            
                        <Value1>65536</Value1>            
                    </Entry>          
                </Unknown>        
                <Dialogs>          
                    <Dialog>高嶺</Dialog>          
                    <Dialog>还没有，还在继续。。。</Dialog>          
                </Dialogs>        
            </SDL2>      
        </Entry>    
        <Entry Unknown0="1557523149" Unknown1="1060262623">      
            <SDL2 Key="3215031847">        
                <Unknown>          
                    <Entry>            
                        <Values>              
                            <Entry>                
                                <Value0>92490</Value0>                
                                <Value1>0</Value1>                
                            </Entry>              
                            <Entry>                
                                <Value0>92491</Value0>                
                                <Value1>2000</Value1>                
                            </Entry>              
                        </Values>            
                        <Value0>147456</Value0>            
                        <Value1>65536</Value1>            
                    </Entry>          
                </Unknown>        
                <Dialogs>          
                    <Dialog>高嶺</Dialog>          
                    <Dialog>这是第100次。。。不，没什么。</Dialog>          
                </Dialogs>        
            </SDL2>      
        </Entry>    
        <Entry Unknown0="2051416563" Unknown1="2917890128">      
            <SDL2 Key="3215031847">        
                <Unknown>          
                    <Entry>            
                        <Values>              
                            <Entry>                
                                <Value0>92492</Value0>                
                                <Value1>0</Value1>                
                            </Entry>              
                            <Entry>                
                                <Value0>92493</Value0>                
                                <Value1>500</Value1>                
                            </Entry>              
                        </Values>            
                        <Value0>147456</Value0>            
                        <Value1>65536</Value1>            
                    </Entry>          
                </Unknown>        
                <Dialogs>          
                    <Dialog>高嶺</Dialog>          
                    <Dialog>更多，是吗？我还是很好。。。</Dialog>          
                </Dialogs>        
            </SDL2>      
        </Entry>    
        <Entry Unknown0="3422538596" Unknown1="3809601801">      
            <SDL2 Key="3215031847">        
                <Unknown>          
                    <Entry>            
                        <Values>              
                            <Entry>                
                                <Value0>92494</Value0>                
                                <Value1>0</Value1>                
                            </Entry>              
                        </Values>            
                        <Value0>147456</Value0>            
                        <Value1>65536</Value1>            
                    </Entry>          
                </Unknown>        
                <Dialogs>          
                    <Dialog>高嶺</Dialog>          
                    <Dialog>我们在做伟大的事情吗？</Dialog>          
                </Dialogs>        
            </SDL2>      
        </Entry>    
        <Entry Unknown0="2351282717" Unknown1="3263341103">      
            <SDL2 Key="3215031847">        
                <Unknown>          
                    <Entry>            
                        <Values>              
                            <Entry>                
                                <Value0>92495</Value0>                
                                <Value1>0</Value1>                
                            </Entry>              
                        </Values>            
                        <Value0>147456</Value0>            
                        <Value1>65536</Value1>            
                    </Entry>          
                </Unknown>        
                <Dialogs>          
                    <Dialog>高嶺</Dialog>          
                    <Dialog>A再也数不起了。。。</Dialog>          
                </Dialogs>        
            </SDL2>      
        </Entry>    
        <Entry Unknown0="2862018883" Unknown1="1916520608">      
            <SDL2 Key="3215031847">        
                <Unknown>          
                    <Entry>            
                        <Values>              
                            <Entry>                
                                <Value0>92496</Value0>                
                                <Value1>0</Value1>                
                            </Entry>              
                        </Values>            
                        <Value0>147456</Value0>            
                        <Value1>65536</Value1>            
                    </Entry>          
                </Unknown>        
                <Dialogs>          
                    <Dialog>高嶺</Dialog>          
                    <Dialog>不。。。我要摔倒了。</Dialog>          
                </Dialogs>        
            </SDL2>      
        </Entry>    
        <Entry Unknown0="995072948" Unknown1="3194042713">      
            <SDL2 Key="3215031847">        
                <Unknown>          
                    <Entry>            
                        <Values>              
                            <Entry>                
                                <Value0>92497</Value0>                
                                <Value1>0</Value1>                
                            </Entry>              
                            <Entry>                
                                <Value0>92498</Value0>                
                                <Value1>500</Value1>                
                            </Entry>              
                        </Values>            
                        <Value0>147456</Value0>            
                        <Value1>65536</Value1>            
                    </Entry>          
                </Unknown>        
                <Dialogs>          
                    <Dialog>高嶺</Dialog>          
                    <Dialog>我不知道了。是你的错。。。</Dialog>          
                </Dialogs>        
            </SDL2>      
        </Entry>    
        <Entry Unknown0="4235528813" Unknown1="2496852607">      
            <SDL2 Key="3215031847">        
                <Unknown>          
                    <Entry>            
                        <Values>              
                            <Entry>                
                                <Value0>14033</Value0>                
                                <Value1>0</Value1>                
                            </Entry>              
                        </Values>            
                        <Value0>147456</Value0>            
                        <Value1>65536</Value1>            
                    </Entry>          
                </Unknown>        
                <Dialogs>          
                    <Dialog>高嶺</Dialog>          
                    <Dialog>我很高兴。。。我真的是。</Dialog>          
                </Dialogs>        
            </SDL2>      
        </Entry>    
        <Entry Unknown0="451297683" Unknown1="76224752">      
            <SDL2 Key="3788613235">        
                <Unknown>          
                    <Entry>            
                        <Values>              
                            <Entry>                
                                <Value0>14034</Value0>                
                                <Value1>0</Value1>                
                            </Entry>              
                        </Values>            
                        <Value0>147456</Value0>            
                        <Value1>65536</Value1>            
                    </Entry>          
                </Unknown>        
                <Dialogs>          
                    <Dialog>高嶺</Dialog>          
                    <Dialog>天哪，没有你。。。</Dialog>          
                </Dialogs>        
            </SDL2>      
        </Entry>    
        <Entry Unknown0="1805609732" Unknown1="1420921257">      
            <SDL2 Key="3788613235">        
                <Unknown>          
                    <Entry>            
                        <Values>              
                            <Entry>                
                                <Value0>14035</Value0>                
                                <Value1>0</Value1>                
                            </Entry>              
                        </Values>            
                        <Value0>147456</Value0>            
                        <Value1>65536</Value1>            
                    </Entry>          
                </Unknown>        
                <Dialogs>          
                    <Dialog>高嶺</Dialog>          
                    <Dialog>我只能看见你。。。</Dialog>          
                </Dialogs>        
            </SDL2>      
        </Entry>    
        <Entry Unknown0="751164093" Unknown1="841106127">      
            <SDL2 Key="3788613235">        
                <Unknown>          
                    <Entry>            
                        <Values>              
                            <Entry>                
                                <Value0>14036</Value0>                
                                <Value1>0</Value1>                
                            </Entry>              
                            <Entry>                
                                <Value0>14037</Value0>                
                                <Value1>500</Value1>                
                            </Entry>              
                        </Values>            
                        <Value0>147456</Value0>            
                        <Value1>65536</Value1>            
                    </Entry>          
                </Unknown>        
                <Dialogs>          
                    <Dialog>高嶺</Dialog>          
                    <Dialog>我喜欢。。。我喜欢吻你。</Dialog>          
                </Dialogs>        
            </SDL2>      
        </Entry>    
        <Entry Unknown0="1245057507" Unknown1="3269158976">      
            <SDL2 Key="3788613235">        
                <Unknown>          
                    <Entry>            
                        <Values>              
                            <Entry>                
                                <Value0>14038</Value0>                
                                <Value1>0</Value1>                
                            </Entry>              
                            <Entry>                
                                <Value0>14039</Value0>                
                                <Value1>500</Value1>                
                            </Entry>              
                        </Values>            
                        <Value0>147456</Value0>            
                        <Value1>65536</Value1>            
                    </Entry>          
                </Unknown>        
                <Dialogs>          
                    <Dialog>高嶺</Dialog>          
                    <Dialog>我想吻你。下一次。。。对吗？</Dialog>          
                </Dialogs>        
            </SDL2>      
        </Entry>    
        <Entry Unknown0="3689888596" Unknown1="235002361">      
            <SDL2 Key="3788613235">        
                <Unknown>          
                    <Entry>            
                        <Values>              
                            <Entry>                
                                <Value0>14040</Value0>                
                                <Value1>0</Value1>                
                            </Entry>              
                        </Values>            
                        <Value0>147456</Value0>            
                        <Value1>65536</Value1>            
                    </Entry>          
                </Unknown>        
                <Dialogs>          
                    <Dialog>高嶺</Dialog>          
                    <Dialog>和你接吻是。。。神秘的。</Dialog>          
                </Dialogs>        
            </SDL2>      
        </Entry>    
        <Entry Unknown0="2618665485" Unknown1="410161695">      
            <SDL2 Key="3788613235">        
                <Unknown>          
                    <Entry>            
                        <Values>              
                            <Entry>                
                                <Value0>92506</Value0>                
                                <Value1>0</Value1>                
                            </Entry>              
                        </Values>            
                        <Value0>147456</Value0>            
                        <Value1>65536</Value1>            
                    </Entry>          
                </Unknown>        
                <Dialogs>          
                    <Dialog>高嶺</Dialog>          
                    <Dialog>永远和我在一起。。。</Dialog>          
                </Dialogs>        
            </SDL2>      
        </Entry>    
        <Entry Unknown0="3129401651" Unknown1="2284566672">      
            <SDL2 Key="3788613235">        
                <Unknown>          
                    <Entry>            
                        <Values>              
                            <Entry>                
                                <Value0>92507</Value0>                
                                <Value1>0</Value1>                
                            </Entry>              
                        </Values>            
                        <Value0>147456</Value0>            
                        <Value1>65536</Value1>            
                    </Entry>          
                </Unknown>        
                <Dialogs>          
                    <Dialog>高嶺</Dialog>          
                    <Dialog>爱。。。我爱你！</Dialog>          
                </Dialogs>        
            </SDL2>      
        </Entry>    
        <Entry Unknown0="188713892" Unknown1="1213278537">      
            <SDL2 Key="3788613235">        
                <Unknown>          
                    <Entry>            
                        <Values>              
                            <Entry>                
                                <Value0>92508</Value0>                
                                <Value1>0</Value1>                
                            </Entry>              
                        </Values>            
                        <Value0>147456</Value0>            
                        <Value1>65536</Value1>            
                    </Entry>          
                </Unknown>        
                <Dialogs>          
                    <Dialog>高嶺</Dialog>          
                    <Dialog>我爱你。。。</Dialog>          
                </Dialogs>        
            </SDL2>      
        </Entry>    
        <Entry Unknown0="3429202525" Unknown1="1740825199">      
            <SDL2 Key="3788613235">        
                <Unknown>          
                    <Entry>            
                        <Values>              
                            <Entry>                
                                <Value0>92509</Value0>                
                                <Value1>0</Value1>                
                            </Entry>              
                        </Values>            
                        <Value0>147456</Value0>            
                        <Value1>65536</Value1>            
                    </Entry>          
                </Unknown>        
                <Dialogs>          
                    <Dialog>高嶺</Dialog>          
                    <Dialog>嗯。。。</Dialog>          
                </Dialogs>        
            </SDL2>      
        </Entry>    
        <Entry Unknown0="3939938691" Unknown1="2474313952">      
            <SDL2 Key="3788613235">        
                <Unknown>          
                    <Entry>            
                        <Values>              
                            <Entry>                
                                <Value0>14045</Value0>                
                                <Value1>0</Value1>                
                            </Entry>              
                        </Values>            
                        <Value0>147456</Value0>            
                        <Value1>65536</Value1>            
                    </Entry>          
                </Unknown>        
                <Dialogs>          
                    <Dialog>高嶺</Dialog>          
                    <Dialog>淘气的。。。</Dialog>          
                </Dialogs>        
            </SDL2>      
        </Entry>    
        <Entry Unknown0="2072992756" Unknown1="3718347161">      
            <SDL2 Key="3788613235">        
                <Unknown>          
                    <Entry>            
                        <Values>              
                            <Entry>                
                                <Value0>14046</Value0>                
                                <Value1>0</Value1>                
                            </Entry>              
                        </Values>            
                        <Value0>147456</Value0>            
                        <Value1>65536</Value1>            
                    </Entry>          
                </Unknown>        
                <Dialogs>          
                    <Dialog>高嶺</Dialog>          
                    <Dialog>你不喜欢，对吧？</Dialog>          
                </Dialogs>        
            </SDL2>      
        </Entry>    
        <Entry Unknown0="1018546861" Unknown1="4027724479">      
            <SDL2 Key="3788613235">        
                <Unknown>          
                    <Entry>            
                        <Values>              
                            <Entry>                
                                <Value0>14047</Value0>                
                                <Value1>0</Value1>                
                            </Entry>              
                        </Values>            
                        <Value0>147456</Value0>            
                        <Value1>65536</Value1>            
                    </Entry>          
                </Unknown>        
                <Dialogs>          
                    <Dialog>高嶺</Dialog>          
                    <Dialog>... 无益？</Dialog>          
                </Dialogs>        
            </SDL2>      
        </Entry>    
        <Entry Unknown0="1512440275" Unknown1="1623939120">      
            <SDL2 Key="3788613235">        
                <Unknown>          
                    <Entry>            
                        <Values>              
                            <Entry>                
                                <Value0>14048</Value0>                
                                <Value1>0</Value1>                
                            </Entry>              
                        </Values>            
                        <Value0>147456</Value0>            
                        <Value1>65536</Value1>            
                    </Entry>          
                </Unknown>        
                <Dialogs>          
                    <Dialog>高嶺</Dialog>          
                    <Dialog>为什么不？我不知道。</Dialog>          
                </Dialogs>        
            </SDL2>      
        </Entry>    
        <Entry Unknown0="2883529540" Unknown1="3069299177">      
            <SDL2 Key="3788613235">        
                <Unknown>          
                    <Entry>            
                        <Values>              
                            <Entry>                
                                <Value0>14049</Value0>                
                                <Value1>0</Value1>                
                            </Entry>              
                        </Values>            
                        <Value0>147456</Value0>            
                        <Value1>65536</Value1>            
                    </Entry>          
                </Unknown>        
                <Dialogs>          
                    <Dialog>高嶺</Dialog>          
                    <Dialog>天啊。。。</Dialog>          
                </Dialogs>        
            </SDL2>      
        </Entry>    
        <Entry Unknown0="1812306685" Unknown1="1499628047">      
            <SDL2 Key="3788613235">        
                <Unknown>          
                    <Entry>            
                        <Values>              
                            <Entry>                
                                <Value0>14050</Value0>                
                                <Value1>0</Value1>                
                            </Entry>              
                        </Values>            
                        <Value0>147456</Value0>            
                        <Value1>65536</Value1>            
                    </Entry>          
                </Unknown>        
                <Dialogs>          
                    <Dialog>高嶺</Dialog>          
                    <Dialog>我希望你是在开玩笑。</Dialog>          
                </Dialogs>        
            </SDL2>      
        </Entry>    
        <Entry Unknown0="2323042595" Unknown1="790341760">      
            <SDL2 Key="3788613235">        
                <Unknown>          
                    <Entry>            
                        <Values>              
                            <Entry>                
                                <Value0>14051</Value0>                
                                <Value1>0</Value1>                
                            </Entry>              
                        </Values>            
                        <Value0>147456</Value0>            
                        <Value1>65536</Value1>            
                    </Entry>          
                </Unknown>        
                <Dialogs>          
                    <Dialog>高嶺</Dialog>          
                    <Dialog>还没有？</Dialog>          
                </Dialogs>        
            </SDL2>      
        </Entry>    
        <Entry Unknown0="456129428" Unknown1="1631656249">      
            <SDL2 Key="2845976921">        
                <Unknown>          
                    <Entry>            
                        <Values>              
                            <Entry>                
                                <Value0>14052</Value0>                
                                <Value1>0</Value1>                
                            </Entry>              
                        </Values>            
                        <Value0>147456</Value0>            
                        <Value1>65536</Value1>            
                    </Entry>          
                </Unknown>        
                <Dialogs>          
                    <Dialog>高嶺</Dialog>          
                    <Dialog>即使是我。。。天哪。</Dialog>          
                </Dialogs>        
            </SDL2>      
        </Entry>    
        <Entry Unknown0="3696585293" Unknown1="112448095">      
            <SDL2 Key="2845976921">        
                <Unknown>          
                    <Entry>            
                        <Values>              
                            <Entry>                
                                <Value0>92510</Value0>                
                                <Value1>0</Value1>                
                            </Entry>              
                        </Values>            
                        <Value0>147456</Value0>            
                        <Value1>65536</Value1>            
                    </Entry>          
                </Unknown>        
                <Dialogs>          
                    <Dialog>高嶺</Dialog>          
                    <Dialog>我要你。。。吻我。</Dialog>          
                </Dialogs>        
            </SDL2>      
        </Entry>    
        <Entry Unknown0="4207321459" Unknown1="2540304592">      
            <SDL2 Key="2845976921">        
                <Unknown>          
                    <Entry>            
                        <Values>              
                            <Entry>                
                                <Value0>92511</Value0>                
                                <Value1>0</Value1>                
                            </Entry>              
                        </Values>            
                        <Value0>147456</Value0>            
                        <Value1>65536</Value1>            
                    </Entry>          
                </Unknown>        
                <Dialogs>          
                    <Dialog>高嶺</Dialog>          
                    <Dialog>拜托。我们接吻吧。</Dialog>          
                </Dialogs>        
            </SDL2>      
        </Entry>    
        <Entry Unknown0="1266633700" Unknown1="3633473929">      
            <SDL2 Key="2845976921">        
                <Unknown>          
                    <Entry>            
                        <Values>              
                            <Entry>                
                                <Value0>92512</Value0>                
                                <Value1>0</Value1>                
                            </Entry>              
                        </Values>            
                        <Value0>147456</Value0>            
                        <Value1>65536</Value1>            
                    </Entry>          
                </Unknown>        
                <Dialogs>          
                    <Dialog>高嶺</Dialog>          
                    <Dialog>我们接吻吧。听起来不错？</Dialog>          
                </Dialogs>        
            </SDL2>      
        </Entry>    
        <Entry Unknown0="212155037" Unknown1="4144177839">      
            <SDL2 Key="2845976921">        
                <Unknown>          
                    <Entry>            
                        <Values>              
                            <Entry>                
                                <Value0>92513</Value0>                
                                <Value1>0</Value1>                
                            </Entry>              
                        </Values>            
                        <Value0>147456</Value0>            
                        <Value1>65536</Value1>            
                    </Entry>          
                </Unknown>        
                <Dialogs>          
                    <Dialog>高嶺</Dialog>          
                    <Dialog>我想吻你。别让我再说一遍。</Dialog>          
                </Dialogs>        
            </SDL2>      
        </Entry>    
        <Entry Unknown0="706113987" Unknown1="1186547744">      
            <SDL2 Key="2845976921">        
                <Unknown>          
                    <Entry>            
                        <Values>              
                            <Entry>                
                                <Value0>92514</Value0>                
                                <Value1>0</Value1>                
                            </Entry>              
                        </Values>            
                        <Value0>147456</Value0>            
                        <Value1>65536</Value1>            
                    </Entry>          
                </Unknown>        
                <Dialogs>          
                    <Dialog>高嶺</Dialog>          
                    <Dialog>来吧。。。我们接吻吧。</Dialog>          
                </Dialogs>        
            </SDL2>      
        </Entry>    
        <Entry Unknown0="3150912308" Unknown1="2313337305">      
            <SDL2 Key="2845976921">        
                <Unknown>          
                    <Entry>            
                        <Values>              
                            <Entry>                
                                <Value0>92515</Value0>                
                                <Value1>0</Value1>                
                            </Entry>              
                        </Values>            
                        <Value0>147456</Value0>            
                        <Value1>65536</Value1>            
                    </Entry>          
                </Unknown>        
                <Dialogs>          
                    <Dialog>高嶺</Dialog>          
                    <Dialog>嘿，吻我？</Dialog>          
                </Dialogs>        
            </SDL2>      
        </Entry>    
        <Entry Unknown0="2096466669" Unknown1="2622714623">      
            <SDL2 Key="2845976921">        
                <Unknown>          
                    <Entry>            
                        <Values>              
                            <Entry>                
                                <Value0>92516</Value0>                
                                <Value1>0</Value1>                
                            </Entry>              
                        </Values>            
                        <Value0>147456</Value0>            
                        <Value1>65536</Value1>            
                    </Entry>          
                </Unknown>        
                <Dialogs>          
                    <Dialog>高嶺</Dialog>          
                    <Dialog>我不是在等。</Dialog>          
                </Dialogs>        
            </SDL2>      
        </Entry>    
        <Entry Unknown0="2590425363" Unknown1="218732656">      
            <SDL2 Key="2845976921">        
                <Unknown>          
                    <Entry>            
                        <Values>              
                            <Entry>                
                                <Value0>92517</Value0>                
                                <Value1>0</Value1>                
                            </Entry>              
                        </Values>            
                        <Value0>147456</Value0>            
                        <Value1>65536</Value1>            
                    </Entry>          
                </Unknown>        
                <Dialogs>          
                    <Dialog>高嶺</Dialog>          
                    <Dialog>淘气的。。。有时候，甚至我。。。</Dialog>          
                </Dialogs>        
            </SDL2>      
        </Entry>    
        <Entry Unknown0="3944737668" Unknown1="1110575401">      
            <SDL2 Key="2845976921">        
                <Unknown>          
                    <Entry>            
                        <Values>              
                            <Entry>                
                                <Value0>92518</Value0>                
                                <Value1>0</Value1>                
                            </Entry>              
                        </Values>            
                        <Value0>147456</Value0>            
                        <Value1>65536</Value1>            
                    </Entry>          
                </Unknown>        
                <Dialogs>          
                    <Dialog>高嶺</Dialog>          
                    <Dialog>我对你太刻薄了。你恨我吗？</Dialog>          
                </Dialogs>        
            </SDL2>      
        </Entry>    
        <Entry Unknown0="2890226236" Unknown1="3869491791">      
            <SDL2 Key="2845976921">        
                <Unknown>          
                    <Entry>            
                        <Values>              
                            <Entry>                
                                <Value0>14062</Value0>                
                                <Value1>0</Value1>                
                            </Entry>              
                        </Values>            
                        <Value0>147456</Value0>            
                        <Value1>65536</Value1>            
                    </Entry>          
                </Unknown>        
                <Dialogs>          
                    <Dialog>高嶺</Dialog>          
                    <Dialog>情人节之吻。。。我开玩笑的。</Dialog>          
                </Dialogs>        
            </SDL2>      
        </Entry>    
        <Entry Unknown0="3400962402" Unknown1="391768256">      
            <SDL2 Key="2845976921">        
                <Unknown>          
                    <Entry>            
                        <Values>              
                            <Entry>                
                                <Value0>14063</Value0>                
                                <Value1>0</Value1>                
                            </Entry>              
                        </Values>            
                        <Value0>147456</Value0>            
                        <Value1>65536</Value1>            
                    </Entry>          
                </Unknown>        
                <Dialogs>          
                    <Dialog>高嶺</Dialog>          
                    <Dialog>不仅仅是巧克力。。。我也会给你一个吻。</Dialog>          
                </Dialogs>        
            </SDL2>      
        </Entry>    
        <Entry Unknown0="1534049237" Unknown1="3632421241">      
            <SDL2 Key="2845976921">        
                <Unknown>          
                    <Entry>            
                        <Values>              
                            <Entry>                
                                <Value0>14064</Value0>                
                                <Value1>0</Value1>                
                            </Entry>              
                        </Values>            
                        <Value0>147456</Value0>            
                        <Value1>65536</Value1>            
                    </Entry>          
                </Unknown>        
                <Dialogs>          
                    <Dialog>高嶺</Dialog>          
                    <Dialog>除了巧克力，亲吻也是一份礼物。。。我开玩笑的。</Dialog>          
                </Dialogs>        
            </SDL2>      
        </Entry>    
        <Entry Unknown0="479537804" Unknown1="938676895">      
            <SDL2 Key="2845976921">        
                <Unknown>          
                    <Entry>            
                        <Values>              
                            <Entry>                
                                <Value0>14065</Value0>                
                                <Value1>0</Value1>                
                            </Entry>              
                        </Values>            
                        <Value0>147456</Value0>            
                        <Value1>65536</Value1>            
                    </Entry>          
                </Unknown>        
                <Dialogs>          
                    <Dialog>高嶺</Dialog>          
                    <Dialog>今天是我们的周年纪念日。。。让我们亲吻来记住它。</Dialog>          
                </Dialogs>        
            </SDL2>      
        </Entry>    
        <Entry Unknown0="973496754" Unknown1="2796107792">      
            <SDL2 Key="2845976921">        
                <Unknown>          
                    <Entry>            
                        <Values>              
                            <Entry>                
                                <Value0>14066</Value0>                
                                <Value1>0</Value1>                
                            </Entry>              
                        </Values>            
                        <Value0>147456</Value0>            
                        <Value1>65536</Value1>            
                    </Entry>          
                </Unknown>        
                <Dialogs>          
                    <Dialog>高嶺</Dialog>          
                    <Dialog>我很高兴。。。那是一个美好的周年纪念。</Dialog>          
                </Dialogs>        
            </SDL2>      
        </Entry>    
        <Entry Unknown0="2344553253" Unknown1="1775413705">      
            <SDL2 Key="2845976921">        
                <Unknown>          
                    <Entry>            
                        <Values>              
                            <Entry>                
                                <Value0>14067</Value0>                
                                <Value1>0</Value1>                
                            </Entry>              
                        </Values>            
                        <Value0>147456</Value0>            
                        <Value1>65536</Value1>            
                    </Entry>          
                </Unknown>        
                <Dialogs>          
                    <Dialog>高嶺</Dialog>          
                    <Dialog>今天的吻也是这个周年纪念日的美好回忆。</Dialog>          
                </Dialogs>        
            </SDL2>      
        </Entry>    
        <Entry Unknown0="1290140380" Unknown1="1145266927">      
            <SDL2 Key="3386007460">        
                <Unknown>          
                    <Entry>            
                        <Values>              
                            <Entry>                
                                <Value0>14068</Value0>                
                                <Value1>0</Value1>                
                            </Entry>              
                        </Values>            
                        <Value0>147456</Value0>            
                        <Value1>65536</Value1>            
                    </Entry>          
                </Unknown>        
                <Dialogs>          
                    <Dialog>高嶺</Dialog>          
                    <Dialog>也。。。我有件礼物给你。</Dialog>          
                </Dialogs>        
            </SDL2>      
        </Entry>    
        <Entry Unknown0="1784033538" Unknown1="4126771296">      
            <SDL2 Key="3386007460">        
                <Unknown>          
                    <Entry>            
                        <Values>              
                            <Entry>                
                                <Value0>14069</Value0>                
                                <Value1>0</Value1>                
                            </Entry>              
                        </Values>            
                        <Value0>147456</Value0>            
                        <Value1>65536</Value1>            
                    </Entry>          
                </Unknown>        
                <Dialogs>          
                    <Dialog>高嶺</Dialog>          
                    <Dialog>这是一个难忘的生日。</Dialog>          
                </Dialogs>        
            </SDL2>      
        </Entry>    
        <Entry Unknown0="4212120437" Unknown1="3122854169">      
            <SDL2 Key="3386007460">        
                <Unknown>          
                    <Entry>            
                        <Values>              
                            <Entry>                
                                <Value0>14070</Value0>                
                                <Value1>0</Value1>                
                            </Entry>              
                        </Values>            
                        <Value0>147456</Value0>            
                        <Value1>65536</Value1>            
                    </Entry>          
                </Unknown>        
                <Dialogs>          
                    <Dialog>高嶺</Dialog>          
                    <Dialog>这个吻算礼物吗？我开玩笑的。</Dialog>          
                </Dialogs>        
            </SDL2>      
        </Entry>    
        <Entry Unknown0="3157609004" Unknown1="2509484607">      
            <SDL2 Key="3386007460">        
                <Unknown>          
                    <Entry>            
                        <Values>              
                            <Entry>                
                                <Value0>14071</Value0>                
                                <Value1>0</Value1>                
                            </Entry>              
                        </Values>            
                        <Value0>147456</Value0>            
                        <Value1>65536</Value1>            
                    </Entry>          
                </Unknown>        
                <Dialogs>          
                    <Dialog>高嶺</Dialog>          
                    <Dialog>让我们用…来庆祝这个生日。。。一个吻。</Dialog>          
                </Dialogs>        
            </SDL2>      
        </Entry>    
        <Entry Unknown0="3668345170" Unknown1="71948464">      
            <SDL2 Key="3386007460">        
                <Unknown>          
                    <Entry>            
                        <Values>              
                            <Entry>                
                                <Value0>14072</Value0>                
                                <Value1>0</Value1>                
                            </Entry>              
                        </Values>            
                        <Value0>147456</Value0>            
                        <Value1>65536</Value1>            
                    </Entry>          
                </Unknown>        
                <Dialogs>          
                    <Dialog>高嶺</Dialog>          
                    <Dialog>一个吻。。。我想知道这是否也是一份礼物。</Dialog>          
                </Dialogs>        
            </SDL2>      
        </Entry>    
        <Entry Unknown0="727690181" Unknown1="3413264745">      
            <SDL2 Key="3386007460">        
                <Unknown>          
                    <Entry>            
                        <Values>              
                            <Entry>                
                                <Value0>14073</Value0>                
                                <Value1>0</Value1>                
                            </Entry>              
                        </Values>            
                        <Value0>147456</Value0>            
                        <Value1>65536</Value1>            
                    </Entry>          
                </Unknown>        
                <Dialogs>          
                    <Dialog>高嶺</Dialog>          
                    <Dialog>我要吻你作为我的礼物。</Dialog>          
                </Dialogs>        
            </SDL2>      
        </Entry>    
        <Entry Unknown0="3968146044" Unknown1="987955855">      
            <SDL2 Key="3386007460">        
                <Unknown>          
                    <Entry>            
                        <Values>              
                            <Entry>                
                                <Value0>14074</Value0>                
                                <Value1>0</Value1>                
                            </Entry>              
                        </Values>            
                        <Value0>147456</Value0>            
                        <Value1>65536</Value1>            
                    </Entry>          
                </Unknown>        
                <Dialogs>          
                    <Dialog>高嶺</Dialog>          
                    <Dialog>那是一个美好的圣诞节。。。非常感谢。</Dialog>          
                </Dialogs>        
            </SDL2>      
        </Entry>    
        <Entry Unknown0="183914914" Unknown1="1268328448">      
            <SDL2 Key="3386007460">        
                <Unknown>          
                    <Entry>            
                        <Values>              
                            <Entry>                
                                <Value0>14075</Value0>                
                                <Value1>0</Value1>                
                            </Entry>              
                        </Values>            
                        <Value0>147456</Value0>            
                        <Value1>65536</Value1>            
                    </Entry>          
                </Unknown>        
                <Dialogs>          
                    <Dialog>高嶺</Dialog>          
                    <Dialog>这也是。。。这是圣诞节的回忆。</Dialog>          
                </Dialogs>        
            </SDL2>      
        </Entry>    
        <Entry Unknown0="2611968789" Unknown1="79862201">      
            <SDL2 Key="3386007460">        
                <Unknown>          
                    <Entry>            
                        <Values>              
                            <Entry>                
                                <Value0>14076</Value0>                
                                <Value1>0</Value1>                
                            </Entry>              
                        </Values>            
                        <Value0>147456</Value0>            
                        <Value1>65536</Value1>            
                    </Entry>          
                </Unknown>        
                <Dialogs>          
                    <Dialog>高嶺</Dialog>          
                    <Dialog>我有更多的圣诞节记忆。</Dialog>          
                </Dialogs>        
            </SDL2>      
        </Entry>    
        <Entry Unknown0="1557523148" Unknown1="1798525663">      
            <SDL2 Key="3386007460">        
                <Unknown>          
                    <Entry>            
                        <Values>              
                            <Entry>                
                                <Value0>14077</Value0>                
                                <Value1>0</Value1>                
                            </Entry>              
                        </Values>            
                        <Value0>147456</Value0>            
                        <Value1>65536</Value1>            
                    </Entry>          
                </Unknown>        
                <Dialogs>          
                    <Dialog>高嶺</Dialog>          
                    <Dialog>今天的吻是一个纪念性的吻。</Dialog>          
                </Dialogs>        
            </SDL2>      
        </Entry>    
        <Entry Unknown0="2051416562" Unknown1="4209604688">      
            <SDL2 Key="3386007460">        
                <Unknown>          
                    <Entry>            
                        <Values>              
                            <Entry>                
                                <Value0>14078</Value0>                
                                <Value1>0</Value1>                
                            </Entry>              
                        </Values>            
                        <Value0>147456</Value0>            
                        <Value1>65536</Value1>            
                    </Entry>          
                </Unknown>        
                <Dialogs>          
                    <Dialog>高嶺</Dialog>          
                    <Dialog>每到结婚纪念日，我都想亲吻。。。我真的很想要。</Dialog>          
                </Dialogs>        
            </SDL2>      
        </Entry>    
        <Entry Unknown0="3422538597" Unknown1="3037915401">      
            <SDL2 Key="3386007460">        
                <Unknown>          
                    <Entry>            
                        <Values>              
                            <Entry>                
                                <Value0>14079</Value0>                
                                <Value1>0</Value1>                
                            </Entry>              
                        </Values>            
                        <Value0>147456</Value0>            
                        <Value1>65536</Value1>            
                    </Entry>          
                </Unknown>        
                <Dialogs>          
                    <Dialog>高嶺</Dialog>          
                    <Dialog>呼呼，每一个周年纪念日的一个吻听起来不错，不是吗。</Dialog>          
                </Dialogs>        
            </SDL2>      
        </Entry>    
        <Entry Unknown0="2351282716" Unknown1="981705263">      
            <SDL2 Key="3386007460">        
                <Unknown>          
                    <Entry>            
                        <Values>              
                            <Entry>                
                                <Value0>14080</Value0>                
                                <Value1>0</Value1>                
                            </Entry>              
                        </Values>            
                        <Value0>147456</Value0>            
                        <Value1>65536</Value1>            
                    </Entry>          
                </Unknown>        
                <Dialogs>          
                    <Dialog>高嶺</Dialog>          
                    <Dialog>我很孤独，你知道吗？</Dialog>          
                </Dialogs>        
            </SDL2>      
        </Entry>    
        <Entry Unknown0="2862018882" Unknown1="2335819936">      
            <SDL2 Key="3386007460">        
                <Unknown>          
                    <Entry>            
                        <Values>              
                            <Entry>                
                                <Value0>14081</Value0>                
                                <Value1>0</Value1>                
                            </Entry>              
                        </Values>            
                        <Value0>147456</Value0>            
                        <Value1>65536</Value1>            
                    </Entry>          
                </Unknown>        
                <Dialogs>          
                    <Dialog>高嶺</Dialog>          
                    <Dialog>我一直想这么做。。。</Dialog>          
                </Dialogs>        
            </SDL2>      
        </Entry>    
        <Entry Unknown0="995072949" Unknown1="1147287897">      
            <SDL2 Key="3386007460">        
                <Unknown>          
                    <Entry>            
                        <Values>              
                            <Entry>                
                                <Value0>14082</Value0>                
                                <Value1>0</Value1>                
                            </Entry>              
                        </Values>            
                        <Value0>147456</Value0>            
                        <Value1>65536</Value1>            
                    </Entry>          
                </Unknown>        
                <Dialogs>          
                    <Dialog>高嶺</Dialog>          
                    <Dialog>我不喜欢打架了，我喜欢。</Dialog>          
                </Dialogs>        
            </SDL2>      
        </Entry>    
        <Entry Unknown0="4235528812" Unknown1="1809052287">      
            <SDL2 Key="2208547722">        
                <Unknown>          
                    <Entry>            
                        <Values>              
                            <Entry>                
                                <Value0>14083</Value0>                
                                <Value1>0</Value1>                
                            </Entry>              
                        </Values>            
                        <Value0>147456</Value0>            
                        <Value1>65536</Value1>            
                    </Entry>          
                </Unknown>        
                <Dialogs>          
                    <Dialog>高嶺</Dialog>          
                    <Dialog>是的，我们吵架的时候。</Dialog>          
                </Dialogs>        
            </SDL2>      
        </Entry>    
        <Entry Unknown0="451297682" Unknown1="4203288816">      
            <SDL2 Key="2208547722">        
                <Unknown>          
                    <Entry>            
                        <Values>              
                            <Entry>                
                                <Value0>14084</Value0>                
                                <Value1>0</Value1>                
                            </Entry>              
                        </Values>            
                        <Value0>147456</Value0>            
                        <Value1>65536</Value1>            
                    </Entry>          
                </Unknown>        
                <Dialogs>          
                    <Dialog>高嶺</Dialog>          
                    <Dialog>我不想再离开了。。。</Dialog>          
                </Dialogs>        
            </SDL2>      
        </Entry>    
        <Entry Unknown0="1805609733" Unknown1="3048376745">      
            <SDL2 Key="2208547722">        
                <Unknown>          
                    <Entry>            
                        <Values>              
                            <Entry>                
                                <Value0>14085</Value0>                
                                <Value1>0</Value1>                
                            </Entry>              
                        </Values>            
                        <Value0>147456</Value0>            
                        <Value1>65536</Value1>            
                    </Entry>          
                </Unknown>        
                <Dialogs>          
                    <Dialog>高嶺</Dialog>          
                    <Dialog>吻我，再吻我。</Dialog>          
                </Dialogs>        
            </SDL2>      
        </Entry>    
    </Entries>  
</DBIN2>