<?xml version="1.0" encoding="utf-8"?><DBIN2 xmlns:xsi="http://www.w3.org/2001/XMLSchema-instance" xmlns:xsd="http://www.w3.org/2001/XMLSchema" Key="3587779673" Unknown="100">  
    <Entries>    
        <Entry Unknown0="1090657834" Unknown1="3610050476">      
            <SDL2 Key="1864574811">        
                <Unknown>          
                    <Entry>            
                        <Values>              
                            <Entry>                
                                <Value0>14759</Value0>                
                                <Value1>0</Value1>                
                            </Entry>              
                        </Values>            
                        <Value0>147456</Value0>            
                        <Value1>65536</Value1>            
                    </Entry>          
                </Unknown>        
                <Dialogs>          
                    <Dialog>高嶺</Dialog>          
                    <Dialog>打~起来~，是~Ma~不~ka~。</Dialog>          
                </Dialogs>        
            </SDL2>      
        </Entry>    
        <Entry Unknown0="1065359872" Unknown1="1411962154">      
            <SDL2 Key="1864574811">        
                <Unknown>          
                    <Entry>            
                        <Values>              
                            <Entry>                
                                <Value0>14761</Value0>                
                                <Value1>0</Value1>                
                            </Entry>              
                        </Values>            
                        <Value0>147456</Value0>            
                        <Value1>65536</Value1>            
                    </Entry>          
                </Unknown>        
                <Dialogs>          
                    <Dialog>高嶺</Dialog>          
                    <Dialog>这是一条旗鱼。</Dialog>          
                </Dialogs>        
            </SDL2>      
        </Entry>    
        <Entry Unknown0="3179044990" Unknown1="1409176358">      
            <SDL2 Key="2405650102">        
                <Unknown>          
                    <Entry>            
                        <Values>              
                            <Entry>                
                                <Value0>14763</Value0>                
                                <Value1>0</Value1>                
                            </Entry>              
                        </Values>            
                        <Value0>147456</Value0>            
                        <Value1>65536</Value1>            
                    </Entry>          
                </Unknown>        
                <Dialogs>          
                    <Dialog>高嶺</Dialog>          
                    <Dialog>如果你不说我不会原谅你的。。。</Dialog>          
                </Dialogs>        
            </SDL2>      
        </Entry>    
        <Entry Unknown0="2975002234" Unknown1="612126716">      
            <SDL2 Key="2405650102">        
                <Unknown>          
                    <Entry>            
                        <Values>              
                            <Entry>                
                                <Value0>14765</Value0>                
                                <Value1>0</Value1>                
                            </Entry>              
                        </Values>            
                        <Value0>147456</Value0>            
                        <Value1>65536</Value1>            
                    </Entry>          
                </Unknown>        
                <Dialogs>          
                    <Dialog>高嶺</Dialog>          
                    <Dialog>一条巴奇围巾感觉很浪漫。</Dialog>          
                </Dialogs>        
            </SDL2>      
        </Entry>    
        <Entry Unknown0="1875962448" Unknown1="2709005690">      
            <SDL2 Key="2405650102">        
                <Unknown>          
                    <Entry>            
                        <Values>              
                            <Entry>                
                                <Value0>14767</Value0>                
                                <Value1>0</Value1>                
                            </Entry>              
                        </Values>            
                        <Value0>147456</Value0>            
                        <Value1>65536</Value1>            
                    </Entry>          
                </Unknown>        
                <Dialogs>          
                    <Dialog>高嶺</Dialog>          
                    <Dialog>毛三马▼</Dialog>          
                </Dialogs>        
            </SDL2>      
        </Entry>    
        <Entry Unknown0="3989582030" Unknown1="2756617078">      
            <SDL2 Key="2405650102">        
                <Unknown>          
                    <Entry>            
                        <Values>              
                            <Entry>                
                                <Value0>14769</Value0>                
                                <Value1>0</Value1>                
                            </Entry>              
                        </Values>            
                        <Value0>147456</Value0>            
                        <Value1>65536</Value1>            
                    </Entry>          
                </Unknown>        
                <Dialogs>          
                    <Dialog>高嶺</Dialog>          
                    <Dialog>我真的能把它拿出来吗？</Dialog>          
                </Dialogs>        
            </SDL2>      
        </Entry>    
        <Entry Unknown0="3785539274" Unknown1="1909235532">      
            <SDL2 Key="2405650102">        
                <Unknown>          
                    <Entry>            
                        <Values>              
                            <Entry>                
                                <Value0>14771</Value0>                
                                <Value1>0</Value1>                
                            </Entry>              
                        </Values>            
                        <Value0>147456</Value0>            
                        <Value1>65536</Value1>            
                    </Entry>          
                </Unknown>        
                <Dialogs>          
                    <Dialog>高嶺</Dialog>          
                    <Dialog>也许你能做到。</Dialog>          
                </Dialogs>        
            </SDL2>      
        </Entry>    
        <Entry Unknown0="3743464096" Unknown1="4073223626">      
            <SDL2 Key="2405650102">        
                <Unknown>          
                    <Entry>            
                        <Values>              
                            <Entry>                
                                <Value0>14773</Value0>                
                                <Value1>0</Value1>                
                            </Entry>              
                        </Values>            
                        <Value0>147456</Value0>            
                        <Value1>65536</Value1>            
                    </Entry>          
                </Unknown>        
                <Dialogs>          
                    <Dialog>高嶺</Dialog>          
                    <Dialog>你不用担心，是吗？</Dialog>          
                </Dialogs>        
            </SDL2>      
        </Entry>    
        <Entry Unknown0="1562148894" Unknown1="4187943878">      
            <SDL2 Key="2405650102">        
                <Unknown>          
                    <Entry>            
                        <Values>              
                            <Entry>                
                                <Value0>14775</Value0>                
                                <Value1>0</Value1>                
                            </Entry>              
                        </Values>            
                        <Value0>147456</Value0>            
                        <Value1>65536</Value1>            
                    </Entry>          
                </Unknown>        
                <Dialogs>          
                    <Dialog>高嶺</Dialog>          
                    <Dialog>一石二鸟，我做到了</Dialog>          
                </Dialogs>        
            </SDL2>      
        </Entry>    
        <Entry Unknown0="1374817818" Unknown1="3458002844">      
            <SDL2 Key="2405650102">        
                <Unknown>          
                    <Entry>            
                        <Values>              
                            <Entry>                
                                <Value0>14777</Value0>                
                                <Value1>0</Value1>                
                            </Entry>              
                        </Values>            
                        <Value0>147456</Value0>            
                        <Value1>65536</Value1>            
                    </Entry>          
                </Unknown>        
                <Dialogs>          
                    <Dialog>高嶺</Dialog>          
                    <Dialog>大概有10万斯科维尔。</Dialog>          
                </Dialogs>        
            </SDL2>      
        </Entry>    
        <Entry Unknown0="259001072" Unknown1="1327023386">      
            <SDL2 Key="2405650102">        
                <Unknown>          
                    <Entry>            
                        <Values>              
                            <Entry>                
                                <Value0>14779</Value0>                
                                <Value1>0</Value1>                
                            </Entry>              
                        </Values>            
                        <Value0>147456</Value0>            
                        <Value1>65536</Value1>            
                    </Entry>          
                </Unknown>        
                <Dialogs>          
                    <Dialog>高嶺</Dialog>          
                    <Dialog>我们开始吧！加油！士兵！战斗！已经停了。</Dialog>          
                </Dialogs>        
            </SDL2>      
        </Entry>    
        <Entry Unknown0="2372685934" Unknown1="1257128726">      
            <SDL2 Key="2405650102">        
                <Unknown>          
                    <Entry>            
                        <Values>              
                            <Entry>                
                                <Value0>14781</Value0>                
                                <Value1>0</Value1>                
                            </Entry>              
                        </Values>            
                        <Value0>147456</Value0>            
                        <Value1>65536</Value1>            
                    </Entry>          
                </Unknown>        
                <Dialogs>          
                    <Dialog>高嶺</Dialog>          
                    <Dialog>两点到哪？A！</Dialog>          
                </Dialogs>        
            </SDL2>      
        </Entry>    
        <Entry Unknown0="2168643178" Unknown1="460079084">      
            <SDL2 Key="2405650102">        
                <Unknown>          
                    <Entry>            
                        <Values>              
                            <Entry>                
                                <Value0>14783</Value0>                
                                <Value1>0</Value1>                
                            </Entry>              
                        </Values>            
                        <Value0>147456</Value0>            
                        <Value1>65536</Value1>            
                    </Entry>          
                </Unknown>        
                <Dialogs>          
                    <Dialog>高嶺</Dialog>          
                    <Dialog>别把它放在肉旁边！</Dialog>          
                </Dialogs>        
            </SDL2>      
        </Entry>    
        <Entry Unknown0="2143345216" Unknown1="2556958058">      
            <SDL2 Key="2405650102">        
                <Unknown>          
                    <Entry>            
                        <Values>              
                            <Entry>                
                                <Value0>14785</Value0>                
                                <Value1>0</Value1>                
                            </Entry>              
                        </Values>            
                        <Value0>147456</Value0>            
                        <Value1>65536</Value1>            
                    </Entry>          
                </Unknown>        
                <Dialogs>          
                    <Dialog>高嶺</Dialog>          
                    <Dialog>不只是任何人。</Dialog>          
                </Dialogs>        
            </SDL2>      
        </Entry>    
        <Entry Unknown0="4256964798" Unknown1="2671678310">      
            <SDL2 Key="2405650102">        
                <Unknown>          
                    <Entry>            
                        <Values>              
                            <Entry>                
                                <Value0>14787</Value0>                
                                <Value1>0</Value1>                
                            </Entry>              
                        </Values>            
                        <Value0>147456</Value0>            
                        <Value1>65536</Value1>            
                    </Entry>          
                </Unknown>        
                <Dialogs>          
                    <Dialog>高嶺</Dialog>          
                    <Dialog>剥下痂，里面是什么！？</Dialog>          
                </Dialogs>        
            </SDL2>      
        </Entry>    
        <Entry Unknown0="4052922042" Unknown1="1757187900">      
            <SDL2 Key="2405650102">        
                <Unknown>          
                    <Entry>            
                        <Values>              
                            <Entry>                
                                <Value0>14789</Value0>                
                                <Value1>0</Value1>                
                            </Entry>              
                        </Values>            
                        <Value0>147456</Value0>            
                        <Value1>65536</Value1>            
                    </Entry>          
                </Unknown>        
                <Dialogs>          
                    <Dialog>高嶺</Dialog>          
                    <Dialog>前面最好！</Dialog>          
                </Dialogs>        
            </SDL2>      
        </Entry>    
        <Entry Unknown0="2937105040" Unknown1="4122502586">      
            <SDL2 Key="2405650102">        
                <Unknown>          
                    <Entry>            
                        <Values>              
                            <Entry>                
                                <Value0>14791</Value0>                
                                <Value1>0</Value1>                
                            </Entry>              
                        </Values>            
                        <Value0>147456</Value0>            
                        <Value1>65536</Value1>            
                    </Entry>          
                </Unknown>        
                <Dialogs>          
                    <Dialog>高嶺</Dialog>          
                    <Dialog>我的船是水手利贝。</Dialog>          
                </Dialogs>        
            </SDL2>      
        </Entry>    
        <Entry Unknown0="755822606" Unknown1="4035896246">      
            <SDL2 Key="1227145868">        
                <Unknown>          
                    <Entry>            
                        <Values>              
                            <Entry>                
                                <Value0>14793</Value0>                
                                <Value1>0</Value1>                
                            </Entry>              
                        </Values>            
                        <Value0>147456</Value0>            
                        <Value1>65536</Value1>            
                    </Entry>          
                </Unknown>        
                <Dialogs>          
                    <Dialog>高嶺</Dialog>          
                    <Dialog>我听说了。。。</Dialog>          
                </Dialogs>        
            </SDL2>      
        </Entry>    
        <Entry Unknown0="568491530" Unknown1="2769084300">      
            <SDL2 Key="1227145868">        
                <Unknown>          
                    <Entry>            
                        <Values>              
                            <Entry>                
                                <Value0>14795</Value0>                
                                <Value1>0</Value1>                
                            </Entry>              
                        </Values>            
                        <Value0>147456</Value0>            
                        <Value1>65536</Value1>            
                    </Entry>          
                </Unknown>        
                <Dialogs>          
                    <Dialog>高嶺</Dialog>          
                    <Dialog>东京东京！结束了！</Dialog>          
                </Dialogs>        
            </SDL2>      
        </Entry>    
        <Entry Unknown0="526416608" Unknown1="638104842">      
            <SDL2 Key="1227145868">        
                <Unknown>          
                    <Entry>            
                        <Values>              
                            <Entry>                
                                <Value0>14797</Value0>                
                                <Value1>0</Value1>                
                            </Entry>              
                        </Values>            
                        <Value0>147456</Value0>            
                        <Value1>65536</Value1>            
                    </Entry>          
                </Unknown>        
                <Dialogs>          
                    <Dialog>高嶺</Dialog>          
                    <Dialog>想看吗！我想听！泰拳！</Dialog>          
                </Dialogs>        
            </SDL2>      
        </Entry>    
        <Entry Unknown0="2640068702" Unknown1="635319046">      
            <SDL2 Key="1227145868">        
                <Unknown>          
                    <Entry>            
                        <Values>              
                            <Entry>                
                                <Value0>14799</Value0>                
                                <Value1>0</Value1>                
                            </Entry>              
                        </Values>            
                        <Value0>147456</Value0>            
                        <Value1>65536</Value1>            
                    </Entry>          
                </Unknown>        
                <Dialogs>          
                    <Dialog>高嶺</Dialog>          
                    <Dialog>是 啊！是样本吗？</Dialog>          
                </Dialogs>        
            </SDL2>      
        </Entry>    
        <Entry Unknown0="2436025946" Unknown1="308031452">      
            <SDL2 Key="1227145868">        
                <Unknown>          
                    <Entry>            
                        <Values>              
                            <Entry>                
                                <Value0>14801</Value0>                
                                <Value1>0</Value1>                
                            </Entry>              
                        </Values>            
                        <Value0>147456</Value0>            
                        <Value1>65536</Value1>            
                    </Entry>          
                </Unknown>        
                <Dialogs>          
                    <Dialog>高嶺</Dialog>          
                    <Dialog>我的王子▼</Dialog>          
                </Dialogs>        
            </SDL2>      
        </Entry>    
        <Entry Unknown0="1336986160" Unknown1="2472019290">      
            <SDL2 Key="1227145868">        
                <Unknown>          
                    <Entry>            
                        <Values>              
                            <Entry>                
                                <Value0>14803</Value0>                
                                <Value1>0</Value1>                
                            </Entry>              
                        </Values>            
                        <Value0>147456</Value0>            
                        <Value1>65536</Value1>            
                    </Entry>          
                </Unknown>        
                <Dialogs>          
                    <Dialog>高嶺</Dialog>          
                    <Dialog>我一路转过身来。</Dialog>          
                </Dialogs>        
            </SDL2>      
        </Entry>    
        <Entry Unknown0="3450605742" Unknown1="2519630678">      
            <SDL2 Key="1227145868">        
                <Unknown>          
                    <Entry>            
                        <Values>              
                            <Entry>                
                                <Value0>14805</Value0>                
                                <Value1>0</Value1>                
                            </Entry>              
                        </Values>            
                        <Value0>147456</Value0>            
                        <Value1>65536</Value1>            
                    </Entry>          
                </Unknown>        
                <Dialogs>          
                    <Dialog>高嶺</Dialog>          
                    <Dialog>福格苏，这是一种风格。</Dialog>          
                </Dialogs>        
            </SDL2>      
        </Entry>    
        <Entry Unknown0="3246562986" Unknown1="1336704812">      
            <SDL2 Key="1227145868">        
                <Unknown>          
                    <Entry>            
                        <Values>              
                            <Entry>                
                                <Value0>14807</Value0>                
                                <Value1>0</Value1>                
                            </Entry>              
                        </Values>            
                        <Value0>147456</Value0>            
                        <Value1>65536</Value1>            
                    </Entry>          
                </Unknown>        
                <Dialogs>          
                    <Dialog>高嶺</Dialog>          
                    <Dialog>我饿了，我饿了，我饿了。。。</Dialog>          
                </Dialogs>        
            </SDL2>      
        </Entry>    
        <Entry Unknown0="3204487808" Unknown1="3433584042">      
            <SDL2 Key="1227145868">        
                <Unknown>          
                    <Entry>            
                        <Values>              
                            <Entry>                
                                <Value0>14809</Value0>                
                                <Value1>0</Value1>                
                            </Entry>              
                        </Values>            
                        <Value0>147456</Value0>            
                        <Value1>65536</Value1>            
                    </Entry>          
                </Unknown>        
                <Dialogs>          
                    <Dialog>高嶺</Dialog>          
                    <Dialog>欢迎光临！玩得高兴！</Dialog>          
                </Dialogs>        
            </SDL2>      
        </Entry>    
        <Entry Unknown0="1039982846" Unknown1="3414086566">      
            <SDL2 Key="1227145868">        
                <Unknown>          
                    <Entry>            
                        <Values>              
                            <Entry>                
                                <Value0>14811</Value0>                
                                <Value1>0</Value1>                
                            </Entry>              
                        </Values>            
                        <Value0>147456</Value0>            
                        <Value1>65536</Value1>            
                    </Entry>          
                </Unknown>        
                <Dialogs>          
                    <Dialog>高嶺</Dialog>          
                    <Dialog>我没有好好训练肌肉。。。</Dialog>          
                </Dialogs>        
            </SDL2>      
        </Entry>    
        <Entry Unknown0="835874554" Unknown1="3170684796">      
            <SDL2 Key="1227145868">        
                <Unknown>          
                    <Entry>            
                        <Values>              
                            <Entry>                
                                <Value0>14813</Value0>                
                                <Value1>0</Value1>                
                            </Entry>              
                        </Values>            
                        <Value0>147456</Value0>            
                        <Value1>65536</Value1>            
                    </Entry>          
                </Unknown>        
                <Dialogs>          
                    <Dialog>高嶺</Dialog>          
                    <Dialog>不是你，对吧？你搞砸了，对吧？</Dialog>          
                </Dialogs>        
            </SDL2>      
        </Entry>    
        <Entry Unknown0="4015024848" Unknown1="972596730">      
            <SDL2 Key="1227145868">        
                <Unknown>          
                    <Entry>            
                        <Values>              
                            <Entry>                
                                <Value0>14815</Value0>                
                                <Value1>0</Value1>                
                            </Entry>              
                        </Values>            
                        <Value0>147456</Value0>            
                        <Value1>65536</Value1>            
                    </Entry>          
                </Unknown>        
                <Dialogs>          
                    <Dialog>高嶺</Dialog>          
                    <Dialog>是只兔子，塞诺！</Dialog>          
                </Dialogs>        
            </SDL2>      
        </Entry>    
        <Entry Unknown0="1833742414" Unknown1="1020142582">      
            <SDL2 Key="1227145868">        
                <Unknown>          
                    <Entry>            
                        <Values>              
                            <Entry>                
                                <Value0>14817</Value0>                
                                <Value1>0</Value1>                
                            </Entry>              
                        </Values>            
                        <Value0>147456</Value0>            
                        <Value1>65536</Value1>            
                    </Entry>          
                </Unknown>        
                <Dialogs>          
                    <Dialog>高嶺</Dialog>          
                    <Dialog>打电话给店主！</Dialog>          
                </Dialogs>        
            </SDL2>      
        </Entry>    
        <Entry Unknown0="1629634122" Unknown1="3914080204">      
            <SDL2 Key="1227145868">        
                <Unknown>          
                    <Entry>            
                        <Values>              
                            <Entry>                
                                <Value0>14819</Value0>                
                                <Value1>0</Value1>                
                            </Entry>              
                        </Values>            
                        <Value0>147456</Value0>            
                        <Value1>65536</Value1>            
                    </Entry>          
                </Unknown>        
                <Dialogs>          
                    <Dialog>高嶺</Dialog>          
                    <Dialog>对不起，我想到了乌冬和面包。</Dialog>          
                </Dialogs>        
            </SDL2>      
        </Entry>    
        <Entry Unknown0="1604336160" Unknown1="1783166282">      
            <SDL2 Key="1227145868">        
                <Unknown>          
                    <Entry>            
                        <Values>              
                            <Entry>                
                                <Value0>14821</Value0>                
                                <Value1>0</Value1>                
                            </Entry>              
                        </Values>            
                        <Value0>147456</Value0>            
                        <Value1>65536</Value1>            
                    </Entry>          
                </Unknown>        
                <Dialogs>          
                    <Dialog>高嶺</Dialog>          
                    <Dialog>似乎左边的手指更长了。</Dialog>          
                </Dialogs>        
            </SDL2>      
        </Entry>    
        <Entry Unknown0="3717988510" Unknown1="1360950086">      
            <SDL2 Key="1227145868">        
                <Unknown>          
                    <Entry>            
                        <Values>              
                            <Entry>                
                                <Value0>14823</Value0>                
                                <Value1>0</Value1>                
                            </Entry>              
                        </Values>            
                        <Value0>147456</Value0>            
                        <Value1>65536</Value1>            
                    </Entry>          
                </Unknown>        
                <Dialogs>          
                    <Dialog>高嶺</Dialog>          
                    <Dialog>优柔寡断，说清楚点！</Dialog>          
                </Dialogs>        
            </SDL2>      
        </Entry>    
        <Entry Unknown0="3513945754" Unknown1="1721528092">      
            <SDL2 Key="2036656359">        
                <Unknown>          
                    <Entry>            
                        <Values>              
                            <Entry>                
                                <Value0>14825</Value0>                
                                <Value1>0</Value1>                
                            </Entry>              
                        </Values>            
                        <Value0>147456</Value0>            
                        <Value1>65536</Value1>            
                    </Entry>          
                </Unknown>        
                <Dialogs>          
                    <Dialog>高嶺</Dialog>          
                    <Dialog>让我期待。。。让我。。。你要背叛我吗？</Dialog>          
                </Dialogs>        
            </SDL2>      
        </Entry>    
        <Entry Unknown0="2414905968" Unknown1="3885516186">      
            <SDL2 Key="2036656359">        
                <Unknown>          
                    <Entry>            
                        <Values>              
                            <Entry>                
                                <Value0>14827</Value0>                
                                <Value1>0</Value1>                
                            </Entry>              
                        </Values>            
                        <Value0>147456</Value0>            
                        <Value1>65536</Value1>            
                    </Entry>          
                </Unknown>        
                <Dialogs>          
                    <Dialog>高嶺</Dialog>          
                    <Dialog>我没办法，就一点点。</Dialog>          
                </Dialogs>        
            </SDL2>      
        </Entry>    
        <Entry Unknown0="233623790" Unknown1="3798909846">      
            <SDL2 Key="2036656359">        
                <Unknown>          
                    <Entry>            
                        <Values>              
                            <Entry>                
                                <Value0>14829</Value0>                
                                <Value1>0</Value1>                
                            </Entry>              
                        </Values>            
                        <Value0>147456</Value0>            
                        <Value1>65536</Value1>            
                    </Entry>          
                </Unknown>        
                <Dialogs>          
                    <Dialog>高嶺</Dialog>          
                    <Dialog>来吧！把百叶窗打开！</Dialog>          
                </Dialogs>        
            </SDL2>      
        </Entry>    
        <Entry Unknown0="29515498" Unknown1="3018637164">      
            <SDL2 Key="2036656359">        
                <Unknown>          
                    <Entry>            
                        <Values>              
                            <Entry>                
                                <Value0>14831</Value0>                
                                <Value1>0</Value1>                
                            </Entry>              
                        </Values>            
                        <Value0>147456</Value0>            
                        <Value1>65536</Value1>            
                    </Entry>          
                </Unknown>        
                <Dialogs>          
                    <Dialog>高嶺</Dialog>          
                    <Dialog>搬运和米饭过夜。</Dialog>          
                </Dialogs>        
            </SDL2>      
        </Entry>    
        <Entry Unknown0="4282407616" Unknown1="820549098">      
            <SDL2 Key="2036656359">        
                <Unknown>          
                    <Entry>            
                        <Values>              
                            <Entry>                
                                <Value0>14833</Value0>                
                                <Value1>0</Value1>                
                            </Entry>              
                        </Values>            
                        <Value0>147456</Value0>            
                        <Value1>65536</Value1>            
                    </Entry>          
                </Unknown>        
                <Dialogs>          
                    <Dialog>高嶺</Dialog>          
                    <Dialog>这个村人。。。我想听听你的印象。</Dialog>          
                </Dialogs>        
            </SDL2>      
        </Entry>    
        <Entry Unknown0="2101125182" Unknown1="935203814">      
            <SDL2 Key="2036656359">        
                <Unknown>          
                    <Entry>            
                        <Values>              
                            <Entry>                
                                <Value0>14835</Value0>                
                                <Value1>0</Value1>                
                            </Entry>              
                        </Values>            
                        <Value0>147456</Value0>            
                        <Value1>65536</Value1>            
                    </Entry>          
                </Unknown>        
                <Dialogs>          
                    <Dialog>高嶺</Dialog>          
                    <Dialog>啊，我的腿。。。</Dialog>          
                </Dialogs>        
            </SDL2>      
        </Entry>    
        <Entry Unknown0="1897016890" Unknown1="3225161660">      
            <SDL2 Key="2036656359">        
                <Unknown>          
                    <Entry>            
                        <Values>              
                            <Entry>                
                                <Value0>14837</Value0>                
                                <Value1>0</Value1>                
                            </Entry>              
                        </Values>            
                        <Value0>147456</Value0>            
                        <Value1>65536</Value1>            
                    </Entry>          
                </Unknown>        
                <Dialogs>          
                    <Dialog>高嶺</Dialog>          
                    <Dialog>今天。。。这是个住的好地方。</Dialog>          
                </Dialogs>        
            </SDL2>      
        </Entry>    
        <Entry Unknown0="797977104" Unknown1="1295574330">      
            <SDL2 Key="2036656359">        
                <Unknown>          
                    <Entry>            
                        <Values>              
                            <Entry>                
                                <Value0>14839</Value0>                
                                <Value1>0</Value1>                
                            </Entry>              
                        </Values>            
                        <Value0>147456</Value0>            
                        <Value1>65536</Value1>            
                    </Entry>          
                </Unknown>        
                <Dialogs>          
                    <Dialog>高嶺</Dialog>          
                    <Dialog>相互的爱，啊哈</Dialog>          
                </Dialogs>        
            </SDL2>      
        </Entry>    
        <Entry Unknown0="2911662222" Unknown1="1208902454">      
            <SDL2 Key="2036656359">        
                <Unknown>          
                    <Entry>            
                        <Values>              
                            <Entry>                
                                <Value0>14841</Value0>                
                                <Value1>0</Value1>                
                            </Entry>              
                        </Values>            
                        <Value0>147456</Value0>            
                        <Value1>65536</Value1>            
                    </Entry>          
                </Unknown>        
                <Dialogs>          
                    <Dialog>高嶺</Dialog>          
                    <Dialog>解开谜团的钥匙在邮箱里。</Dialog>          
                </Dialogs>        
            </SDL2>      
        </Entry>    
        <Entry Unknown0="2707619466" Unknown1="495738636">      
            <SDL2 Key="2036656359">        
                <Unknown>          
                    <Entry>            
                        <Values>              
                            <Entry>                
                                <Value0>14843</Value0>                
                                <Value1>0</Value1>                
                            </Entry>              
                        </Values>            
                        <Value0>147456</Value0>            
                        <Value1>65536</Value1>            
                    </Entry>          
                </Unknown>        
                <Dialogs>          
                    <Dialog>高嶺</Dialog>          
                    <Dialog>不要哭，彩虹▼</Dialog>          
                </Dialogs>        
            </SDL2>      
        </Entry>    
        <Entry Unknown0="2682321504" Unknown1="2659726730">      
            <SDL2 Key="2036656359">        
                <Unknown>          
                    <Entry>            
                        <Values>              
                            <Entry>                
                                <Value0>14845</Value0>                
                                <Value1>0</Value1>                
                            </Entry>              
                        </Values>            
                        <Value0>147456</Value0>            
                        <Value1>65536</Value1>            
                    </Entry>          
                </Unknown>        
                <Dialogs>          
                    <Dialog>高嶺</Dialog>          
                    <Dialog>尼戈罗的尼戈罗是什么颜色的？</Dialog>          
                </Dialogs>        
            </SDL2>      
        </Entry>    
        <Entry Unknown0="501006558" Unknown1="2640229254">      
            <SDL2 Key="2036656359">        
                <Unknown>          
                    <Entry>            
                        <Values>              
                            <Entry>                
                                <Value0>14847</Value0>                
                                <Value1>0</Value1>                
                            </Entry>              
                        </Values>            
                        <Value0>147456</Value0>            
                        <Value1>65536</Value1>            
                    </Entry>          
                </Unknown>        
                <Dialogs>          
                    <Dialog>高嶺</Dialog>          
                    <Dialog>奇迹发生在热水供应室。</Dialog>          
                </Dialogs>        
            </SDL2>      
        </Entry>    
        <Entry Unknown0="296898266" Unknown1="2866589532">      
            <SDL2 Key="2036656359">        
                <Unknown>          
                    <Entry>            
                        <Values>              
                            <Entry>                
                                <Value0>14849</Value0>                
                                <Value1>0</Value1>                
                            </Entry>              
                        </Values>            
                        <Value0>147456</Value0>            
                        <Value1>65536</Value1>            
                    </Entry>          
                </Unknown>        
                <Dialogs>          
                    <Dialog>高嶺</Dialog>          
                    <Dialog>这是。。。我不能给顾客。</Dialog>          
                </Dialogs>        
            </SDL2>      
        </Entry>    
        <Entry Unknown0="3476048560" Unknown1="735610330">      
            <SDL2 Key="2036656359">        
                <Unknown>          
                    <Entry>            
                        <Values>              
                            <Entry>                
                                <Value0>14851</Value0>                
                                <Value1>0</Value1>                
                            </Entry>              
                        </Values>            
                        <Value0>147456</Value0>            
                        <Value1>65536</Value1>            
                    </Entry>          
                </Unknown>        
                <Dialogs>          
                    <Dialog>高嶺</Dialog>          
                    <Dialog>它出来的很快，只有在这样的时候。</Dialog>          
                </Dialogs>        
            </SDL2>      
        </Entry>    
        <Entry Unknown0="1294766126" Unknown1="783156182">      
            <SDL2 Key="824605629">        
                <Unknown>          
                    <Entry>            
                        <Values>              
                            <Entry>                
                                <Value0>14853</Value0>                
                                <Value1>0</Value1>                
                            </Entry>              
                        </Values>            
                        <Value0>147456</Value0>            
                        <Value1>65536</Value1>            
                    </Entry>          
                </Unknown>        
                <Dialogs>          
                    <Dialog>高嶺</Dialog>          
                    <Dialog>不可能，这样的终端价格。。。</Dialog>          
                </Dialogs>        
            </SDL2>      
        </Entry>    
        <Entry Unknown0="1090657834" Unknown1="3878485932">      
            <SDL2 Key="824605629">        
                <Unknown>          
                    <Entry>            
                        <Values>              
                            <Entry>                
                                <Value0>14855</Value0>                
                                <Value1>0</Value1>                
                            </Entry>              
                        </Values>            
                        <Value0>147456</Value0>            
                        <Value1>65536</Value1>            
                    </Entry>          
                </Unknown>        
                <Dialogs>          
                    <Dialog>高嶺</Dialog>          
                    <Dialog>不是Bibimbap，是Pibimba，不是吗？</Dialog>          
                </Dialogs>        
            </SDL2>      
        </Entry>    
        <Entry Unknown0="1065359872" Unknown1="1680397610">      
            <SDL2 Key="824605629">        
                <Unknown>          
                    <Entry>            
                        <Values>              
                            <Entry>                
                                <Value0>14857</Value0>                
                                <Value1>0</Value1>                
                            </Entry>              
                        </Values>            
                        <Value0>147456</Value0>            
                        <Value1>65536</Value1>            
                    </Entry>          
                </Unknown>        
                <Dialogs>          
                    <Dialog>高嶺</Dialog>          
                    <Dialog>唐~！</Dialog>          
                </Dialogs>        
            </SDL2>      
        </Entry>    
        <Entry Unknown0="3179044990" Unknown1="1677611814">      
            <SDL2 Key="824605629">        
                <Unknown>          
                    <Entry>            
                        <Values>              
                            <Entry>                
                                <Value0>14859</Value0>                
                                <Value1>0</Value1>                
                            </Entry>              
                        </Values>            
                        <Value0>147456</Value0>            
                        <Value1>65536</Value1>            
                    </Entry>          
                </Unknown>        
                <Dialogs>          
                    <Dialog>高嶺</Dialog>          
                    <Dialog>这个娃娃在我睡觉的时候长得很高！</Dialog>          
                </Dialogs>        
            </SDL2>      
        </Entry>    
        <Entry Unknown0="2975002234" Unknown1="343691260">      
            <SDL2 Key="824605629">        
                <Unknown>          
                    <Entry>            
                        <Values>              
                            <Entry>                
                                <Value0>14861</Value0>                
                                <Value1>0</Value1>                
                            </Entry>              
                        </Values>            
                        <Value0>147456</Value0>            
                        <Value1>65536</Value1>            
                    </Entry>          
                </Unknown>        
                <Dialogs>          
                    <Dialog>高嶺</Dialog>          
                    <Dialog>麦纳卡能量，注入</Dialog>          
                </Dialogs>        
            </SDL2>      
        </Entry>    
        <Entry Unknown0="1875962448" Unknown1="2440570234">      
            <SDL2 Key="824605629">        
                <Unknown>          
                    <Entry>            
                        <Values>              
                            <Entry>                
                                <Value0>14863</Value0>                
                                <Value1>0</Value1>                
                            </Entry>              
                        </Values>            
                        <Value0>147456</Value0>            
                        <Value1>65536</Value1>            
                    </Entry>          
                </Unknown>        
                <Dialogs>          
                    <Dialog>高嶺</Dialog>          
                    <Dialog>这就是前景，投降。</Dialog>          
                </Dialogs>        
            </SDL2>      
        </Entry>    
        <Entry Unknown0="3989582030" Unknown1="2488181622">      
            <SDL2 Key="824605629">        
                <Unknown>          
                    <Entry>            
                        <Values>              
                            <Entry>                
                                <Value0>14865</Value0>                
                                <Value1>0</Value1>                
                            </Entry>              
                        </Values>            
                        <Value0>147456</Value0>            
                        <Value1>65536</Value1>            
                    </Entry>          
                </Unknown>        
                <Dialogs>          
                    <Dialog>高嶺</Dialog>          
                    <Dialog>更多快照。。。告诉我？</Dialog>          
                </Dialogs>        
            </SDL2>      
        </Entry>    
        <Entry Unknown0="3785539274" Unknown1="1103929164">      
            <SDL2 Key="824605629">        
                <Unknown>          
                    <Entry>            
                        <Values>              
                            <Entry>                
                                <Value0>14867</Value0>                
                                <Value1>0</Value1>                
                            </Entry>              
                        </Values>            
                        <Value0>147456</Value0>            
                        <Value1>65536</Value1>            
                    </Entry>          
                </Unknown>        
                <Dialogs>          
                    <Dialog>高嶺</Dialog>          
                    <Dialog>我不能只在球场上尽力而为！</Dialog>          
                </Dialogs>        
            </SDL2>      
        </Entry>    
        <Entry Unknown0="3743464096" Unknown1="3267917258">      
            <SDL2 Key="824605629">        
                <Unknown>          
                    <Entry>            
                        <Values>              
                            <Entry>                
                                <Value0>14869</Value0>                
                                <Value1>0</Value1>                
                            </Entry>              
                        </Values>            
                        <Value0>147456</Value0>            
                        <Value1>65536</Value1>            
                    </Entry>          
                </Unknown>        
                <Dialogs>          
                    <Dialog>高嶺</Dialog>          
                    <Dialog>它禁不住变成了毒药。</Dialog>          
                </Dialogs>        
            </SDL2>      
        </Entry>    
        <Entry Unknown0="1562148894" Unknown1="3382637510">      
            <SDL2 Key="824605629">        
                <Unknown>          
                    <Entry>            
                        <Values>              
                            <Entry>                
                                <Value0>14871</Value0>                
                                <Value1>0</Value1>                
                            </Entry>              
                        </Values>            
                        <Value0>147456</Value0>            
                        <Value1>65536</Value1>            
                    </Entry>          
                </Unknown>        
                <Dialogs>          
                    <Dialog>高嶺</Dialog>          
                    <Dialog>荧光素？</Dialog>          
                </Dialogs>        
            </SDL2>      
        </Entry>    
        <Entry Unknown0="1374817818" Unknown1="4263309212">      
            <SDL2 Key="824605629">        
                <Unknown>          
                    <Entry>            
                        <Values>              
                            <Entry>                
                                <Value0>14873</Value0>                
                                <Value1>0</Value1>                
                            </Entry>              
                        </Values>            
                        <Value0>147456</Value0>            
                        <Value1>65536</Value1>            
                    </Entry>          
                </Unknown>        
                <Dialogs>          
                    <Dialog>高嶺</Dialog>          
                    <Dialog>不，这豆腐很好吃。</Dialog>          
                </Dialogs>        
            </SDL2>      
        </Entry>    
        <Entry Unknown0="259001072" Unknown1="2132329754">      
            <SDL2 Key="824605629">        
                <Unknown>          
                    <Entry>            
                        <Values>              
                            <Entry>                
                                <Value0>14875</Value0>                
                                <Value1>0</Value1>                
                            </Entry>              
                            <Entry>                
                                <Value0>14877</Value0>                
                                <Value1>500</Value1>                
                            </Entry>              
                        </Values>            
                        <Value0>147456</Value0>            
                        <Value1>65536</Value1>            
                    </Entry>          
                </Unknown>        
                <Dialogs>          
                    <Dialog>高嶺</Dialog>          
                    <Dialog>我想知道这个汉字是什么是的。是的颜色根据书写顺序而变化。</Dialog>          
                </Dialogs>        
            </SDL2>      
        </Entry>    
        <Entry Unknown0="2372685934" Unknown1="2062435094">      
            <SDL2 Key="824605629">        
                <Unknown>          
                    <Entry>            
                        <Values>              
                            <Entry>                
                                <Value0>14879</Value0>                
                                <Value1>0</Value1>                
                            </Entry>              
                        </Values>            
                        <Value0>147456</Value0>            
                        <Value1>65536</Value1>            
                    </Entry>          
                </Unknown>        
                <Dialogs>          
                    <Dialog>高嶺</Dialog>          
                    <Dialog>是的，我们上船吧。</Dialog>          
                </Dialogs>        
            </SDL2>      
        </Entry>    
        <Entry Unknown0="2168643178" Unknown1="728514540">      
            <SDL2 Key="824605629">        
                <Unknown>          
                    <Entry>            
                        <Values>              
                            <Entry>                
                                <Value0>14881</Value0>                
                                <Value1>0</Value1>                
                            </Entry>              
                        </Values>            
                        <Value0>147456</Value0>            
                        <Value1>65536</Value1>            
                    </Entry>          
                </Unknown>        
                <Dialogs>          
                    <Dialog>高嶺</Dialog>          
                    <Dialog>我不适合在屏幕上。。。</Dialog>          
                </Dialogs>        
            </SDL2>      
        </Entry>    
        <Entry Unknown0="2143345216" Unknown1="2825393514">      
            <SDL2 Key="824605629">        
                <Unknown>          
                    <Entry>            
                        <Values>              
                            <Entry>                
                                <Value0>14883</Value0>                
                                <Value1>0</Value1>                
                            </Entry>              
                        </Values>            
                        <Value0>147456</Value0>            
                        <Value1>65536</Value1>            
                    </Entry>          
                </Unknown>        
                <Dialogs>          
                    <Dialog>高嶺</Dialog>          
                    <Dialog>等待！不要舀米饭。</Dialog>          
                </Dialogs>        
            </SDL2>      
        </Entry>    
        <Entry Unknown0="4256964798" Unknown1="2940113766">      
            <SDL2 Key="824605629">        
                <Unknown>          
                    <Entry>            
                        <Values>              
                            <Entry>                
                                <Value0>14885</Value0>                
                                <Value1>0</Value1>                
                            </Entry>              
                        </Values>            
                        <Value0>147456</Value0>            
                        <Value1>65536</Value1>            
                    </Entry>          
                </Unknown>        
                <Dialogs>          
                    <Dialog>高嶺</Dialog>          
                    <Dialog>来，看。可可来了！</Dialog>          
                </Dialogs>        
            </SDL2>      
        </Entry>    
        <Entry Unknown0="4052922042" Unknown1="1488752444">      
            <SDL2 Key="1365611049">        
                <Unknown>          
                    <Entry>            
                        <Values>              
                            <Entry>                
                                <Value0>14887</Value0>                
                                <Value1>0</Value1>                
                            </Entry>              
                        </Values>            
                        <Value0>147456</Value0>            
                        <Value1>65536</Value1>            
                    </Entry>          
                </Unknown>        
                <Dialogs>          
                    <Dialog>高嶺</Dialog>          
                    <Dialog>凯苏卡钦▼</Dialog>          
                </Dialogs>        
            </SDL2>      
        </Entry>    
        <Entry Unknown0="2937105040" Unknown1="2780325306">      
            <SDL2 Key="1365611049">        
                <Unknown>          
                    <Entry>            
                        <Values>              
                            <Entry>                
                                <Value0>14889</Value0>                
                                <Value1>0</Value1>                
                            </Entry>              
                        </Values>            
                        <Value0>147456</Value0>            
                        <Value1>65536</Value1>            
                    </Entry>          
                </Unknown>        
                <Dialogs>          
                    <Dialog>高嶺</Dialog>          
                    <Dialog>我想每天给你做味噌汤。</Dialog>          
                </Dialogs>        
            </SDL2>      
        </Entry>    
        <Entry Unknown0="755822606" Unknown1="2693718966">      
            <SDL2 Key="1365611049">        
                <Unknown>          
                    <Entry>            
                        <Values>              
                            <Entry>                
                                <Value0>14891</Value0>                
                                <Value1>0</Value1>                
                            </Entry>              
                        </Values>            
                        <Value0>147456</Value0>            
                        <Value1>65536</Value1>            
                    </Entry>          
                </Unknown>        
                <Dialogs>          
                    <Dialog>高嶺</Dialog>          
                    <Dialog>我不需要麻烦。</Dialog>          
                </Dialogs>        
            </SDL2>      
        </Entry>    
        <Entry Unknown0="568491530" Unknown1="4111261580">      
            <SDL2 Key="1365611049">        
                <Unknown>          
                    <Entry>            
                        <Values>              
                            <Entry>                
                                <Value0>14893</Value0>                
                                <Value1>0</Value1>                
                            </Entry>              
                        </Values>            
                        <Value0>147456</Value0>            
                        <Value1>65536</Value1>            
                    </Entry>          
                </Unknown>        
                <Dialogs>          
                    <Dialog>高嶺</Dialog>          
                    <Dialog>“月亮很美”</Dialog>          
                </Dialogs>        
            </SDL2>      
        </Entry>    
        <Entry Unknown0="526416608" Unknown1="1980282122">      
            <SDL2 Key="1365611049">        
                <Unknown>          
                    <Entry>            
                        <Values>              
                            <Entry>                
                                <Value0>14895</Value0>                
                                <Value1>0</Value1>                
                            </Entry>              
                        </Values>            
                        <Value0>147456</Value0>            
                        <Value1>65536</Value1>            
                    </Entry>          
                </Unknown>        
                <Dialogs>          
                    <Dialog>高嶺</Dialog>          
                    <Dialog>“我可以死”</Dialog>          
                </Dialogs>        
            </SDL2>      
        </Entry>    
        <Entry Unknown0="2640068702" Unknown1="1977496326">      
            <SDL2 Key="1365611049">        
                <Unknown>          
                    <Entry>            
                        <Values>              
                            <Entry>                
                                <Value0>14897</Value0>                
                                <Value1>0</Value1>                
                            </Entry>              
                        </Values>            
                        <Value0>147456</Value0>            
                        <Value1>65536</Value1>            
                    </Entry>          
                </Unknown>        
                <Dialogs>          
                    <Dialog>高嶺</Dialog>          
                    <Dialog>对电话双方，挤挤挤！</Dialog>          
                </Dialogs>        
            </SDL2>      
        </Entry>    
        <Entry Unknown0="2436025946" Unknown1="1113337820">      
            <SDL2 Key="1365611049">        
                <Unknown>          
                    <Entry>            
                        <Values>              
                            <Entry>                
                                <Value0>14899</Value0>                
                                <Value1>0</Value1>                
                            </Entry>              
                        </Values>            
                        <Value0>147456</Value0>            
                        <Value1>65536</Value1>            
                    </Entry>          
                </Unknown>        
                <Dialogs>          
                    <Dialog>高嶺</Dialog>          
                    <Dialog>所有的申请者都能得到一份礼物是什么意思！？</Dialog>          
                </Dialogs>        
            </SDL2>      
        </Entry>    
        <Entry Unknown0="1336986160" Unknown1="3277325658">      
            <SDL2 Key="1365611049">        
                <Unknown>          
                    <Entry>            
                        <Values>              
                            <Entry>                
                                <Value0>14901</Value0>                
                                <Value1>0</Value1>                
                            </Entry>              
                        </Values>            
                        <Value0>147456</Value0>            
                        <Value1>65536</Value1>            
                    </Entry>          
                </Unknown>        
                <Dialogs>          
                    <Dialog>高嶺</Dialog>          
                    <Dialog>我喜欢吃很多米饭的人。</Dialog>          
                </Dialogs>        
            </SDL2>      
        </Entry>    
        <Entry Unknown0="3450605742" Unknown1="3324937046">      
            <SDL2 Key="1365611049">        
                <Unknown>          
                    <Entry>            
                        <Values>              
                            <Entry>                
                                <Value0>14903</Value0>                
                                <Value1>0</Value1>                
                            </Entry>              
                        </Values>            
                        <Value0>147456</Value0>            
                        <Value1>65536</Value1>            
                    </Entry>          
                </Unknown>        
                <Dialogs>          
                    <Dialog>高嶺</Dialog>          
                    <Dialog>第一次，我觉得逃跑并不丢脸。</Dialog>          
                </Dialogs>        
            </SDL2>      
        </Entry>    
        <Entry Unknown0="3246562986" Unknown1="531398444">      
            <SDL2 Key="1365611049">        
                <Unknown>          
                    <Entry>            
                        <Values>              
                            <Entry>                
                                <Value0>14905</Value0>                
                                <Value1>0</Value1>                
                            </Entry>              
                        </Values>            
                        <Value0>147456</Value0>            
                        <Value1>65536</Value1>            
                    </Entry>          
                </Unknown>        
                <Dialogs>          
                    <Dialog>高嶺</Dialog>          
                    <Dialog>别惹我！</Dialog>          
                </Dialogs>        
            </SDL2>      
        </Entry>    
        <Entry Unknown0="3204487808" Unknown1="2628277674">      
            <SDL2 Key="1365611049">        
                <Unknown>          
                    <Entry>            
                        <Values>              
                            <Entry>                
                                <Value0>14907</Value0>                
                                <Value1>0</Value1>                
                            </Entry>              
                        </Values>            
                        <Value0>147456</Value0>            
                        <Value1>65536</Value1>            
                    </Entry>          
                </Unknown>        
                <Dialogs>          
                    <Dialog>高嶺</Dialog>          
                    <Dialog>我的咖喱里没有肉。。。</Dialog>          
                </Dialogs>        
            </SDL2>      
        </Entry>    
        <Entry Unknown0="1039982846" Unknown1="2608780198">      
            <SDL2 Key="1365611049">        
                <Unknown>          
                    <Entry>            
                        <Values>              
                            <Entry>                
                                <Value0>14909</Value0>                
                                <Value1>0</Value1>                
                            </Entry>              
                        </Values>            
                        <Value0>147456</Value0>            
                        <Value1>65536</Value1>            
                    </Entry>          
                </Unknown>        
                <Dialogs>          
                    <Dialog>高嶺</Dialog>          
                    <Dialog>……你现在发抖了吗？</Dialog>          
                </Dialogs>        
            </SDL2>      
        </Entry>    
        <Entry Unknown0="835874554" Unknown1="3975991164">      
            <SDL2 Key="1365611049">        
                <Unknown>          
                    <Entry>            
                        <Values>              
                            <Entry>                
                                <Value0>14911</Value0>                
                                <Value1>0</Value1>                
                            </Entry>              
                        </Values>            
                        <Value0>147456</Value0>            
                        <Value1>65536</Value1>            
                    </Entry>          
                </Unknown>        
                <Dialogs>          
                    <Dialog>高嶺</Dialog>          
                    <Dialog>它走了，最后一班火车。</Dialog>          
                </Dialogs>        
            </SDL2>      
        </Entry>    
        <Entry Unknown0="4015024848" Unknown1="1777903098">      
            <SDL2 Key="1365611049">        
                <Unknown>          
                    <Entry>            
                        <Values>              
                            <Entry>                
                                <Value0>14913</Value0>                
                                <Value1>0</Value1>                
                            </Entry>              
                        </Values>            
                        <Value0>147456</Value0>            
                        <Value1>65536</Value1>            
                    </Entry>          
                </Unknown>        
                <Dialogs>          
                    <Dialog>高嶺</Dialog>          
                    <Dialog>我想吃一顿</Dialog>          
                </Dialogs>        
            </SDL2>      
        </Entry>    
        <Entry Unknown0="1833742414" Unknown1="1825448950">      
            <SDL2 Key="1365611049">        
                <Unknown>          
                    <Entry>            
                        <Values>              
                            <Entry>                
                                <Value0>14915</Value0>                
                                <Value1>0</Value1>                
                            </Entry>              
                        </Values>            
                        <Value0>147456</Value0>            
                        <Value1>65536</Value1>            
                    </Entry>          
                </Unknown>        
                <Dialogs>          
                    <Dialog>高嶺</Dialog>          
                    <Dialog>把我抱到骨子里。</Dialog>          
                </Dialogs>        
            </SDL2>      
        </Entry>    
        <Entry Unknown0="1629634122" Unknown1="3108773836">      
            <SDL2 Key="1365611049">        
                <Unknown>          
                    <Entry>            
                        <Values>              
                            <Entry>                
                                <Value0>14917</Value0>                
                                <Value1>0</Value1>                
                            </Entry>              
                        </Values>            
                        <Value0>147456</Value0>            
                        <Value1>65536</Value1>            
                    </Entry>          
                </Unknown>        
                <Dialogs>          
                    <Dialog>高嶺</Dialog>          
                    <Dialog>我想吃棉花糖。</Dialog>          
                </Dialogs>        
            </SDL2>      
        </Entry>    
        <Entry Unknown0="1604336160" Unknown1="977859914">      
            <SDL2 Key="1365611049">        
                <Unknown>          
                    <Entry>            
                        <Values>              
                            <Entry>                
                                <Value0>14919</Value0>                
                                <Value1>0</Value1>                
                            </Entry>              
                        </Values>            
                        <Value0>147456</Value0>            
                        <Value1>65536</Value1>            
                    </Entry>          
                </Unknown>        
                <Dialogs>          
                    <Dialog>高嶺</Dialog>          
                    <Dialog>是某种同位素吗？</Dialog>          
                </Dialogs>        
            </SDL2>      
        </Entry>    
        <Entry Unknown0="3717988510" Unknown1="555643718">      
            <SDL2 Key="2207631476">        
                <Unknown>          
                    <Entry>            
                        <Values>              
                            <Entry>                
                                <Value0>14921</Value0>                
                                <Value1>0</Value1>                
                            </Entry>              
                        </Values>            
                        <Value0>147456</Value0>            
                        <Value1>65536</Value1>            
                    </Entry>          
                </Unknown>        
                <Dialogs>          
                    <Dialog>高嶺</Dialog>          
                    <Dialog>这只是我的心，但请接受它。</Dialog>          
                </Dialogs>        
            </SDL2>      
        </Entry>    
        <Entry Unknown0="3513945754" Unknown1="379350812">      
            <SDL2 Key="2207631476">        
                <Unknown>          
                    <Entry>            
                        <Values>              
                            <Entry>                
                                <Value0>14923</Value0>                
                                <Value1>0</Value1>                
                            </Entry>              
                        </Values>            
                        <Value0>147456</Value0>            
                        <Value1>65536</Value1>            
                    </Entry>          
                </Unknown>        
                <Dialogs>          
                    <Dialog>高嶺</Dialog>          
                    <Dialog>这很疯狂，也很危险。</Dialog>          
                </Dialogs>        
            </SDL2>      
        </Entry>    
        <Entry Unknown0="2414905968" Unknown1="2543338906">      
            <SDL2 Key="2207631476">        
                <Unknown>          
                    <Entry>            
                        <Values>              
                            <Entry>                
                                <Value0>14925</Value0>                
                                <Value1>0</Value1>                
                            </Entry>              
                        </Values>            
                        <Value0>147456</Value0>            
                        <Value1>65536</Value1>            
                    </Entry>          
                </Unknown>        
                <Dialogs>          
                    <Dialog>高嶺</Dialog>          
                    <Dialog>这是尼库曼，这是安曼。很容易，不是吗？</Dialog>          
                </Dialogs>        
            </SDL2>      
        </Entry>    
        <Entry Unknown0="233623790" Unknown1="2456732566">      
            <SDL2 Key="2207631476">        
                <Unknown>          
                    <Entry>            
                        <Values>              
                            <Entry>                
                                <Value0>14927</Value0>                
                                <Value1>0</Value1>                
                            </Entry>              
                        </Values>            
                        <Value0>147456</Value0>            
                        <Value1>65536</Value1>            
                    </Entry>          
                </Unknown>        
                <Dialogs>          
                    <Dialog>高嶺</Dialog>          
                    <Dialog>别输给自己。</Dialog>          
                </Dialogs>        
            </SDL2>      
        </Entry>    
        <Entry Unknown0="29515498" Unknown1="3287072620">      
            <SDL2 Key="2207631476">        
                <Unknown>          
                    <Entry>            
                        <Values>              
                            <Entry>                
                                <Value0>14929</Value0>                
                                <Value1>0</Value1>                
                            </Entry>              
                        </Values>            
                        <Value0>147456</Value0>            
                        <Value1>65536</Value1>            
                    </Entry>          
                </Unknown>        
                <Dialogs>          
                    <Dialog>高嶺</Dialog>          
                    <Dialog>就像我们第一次来这里一样</Dialog>          
                </Dialogs>        
            </SDL2>      
        </Entry>    
        <Entry Unknown0="4282407616" Unknown1="1088984554">      
            <SDL2 Key="2207631476">        
                <Unknown>          
                    <Entry>            
                        <Values>              
                            <Entry>                
                                <Value0>14931</Value0>                
                                <Value1>0</Value1>                
                            </Entry>              
                        </Values>            
                        <Value0>147456</Value0>            
                        <Value1>65536</Value1>            
                    </Entry>          
                </Unknown>        
                <Dialogs>          
                    <Dialog>高嶺</Dialog>          
                    <Dialog>这篇三个字母的作文的主题是鳗鱼。</Dialog>          
                </Dialogs>        
            </SDL2>      
        </Entry>    
        <Entry Unknown0="2101125182" Unknown1="1203639270">      
            <SDL2 Key="2207631476">        
                <Unknown>          
                    <Entry>            
                        <Values>              
                            <Entry>                
                                <Value0>14933</Value0>                
                                <Value1>0</Value1>                
                            </Entry>              
                        </Values>            
                        <Value0>147456</Value0>            
                        <Value1>65536</Value1>            
                    </Entry>          
                </Unknown>        
                <Dialogs>          
                    <Dialog>高嶺</Dialog>          
                    <Dialog>雪里托里。。。它是？</Dialog>          
                </Dialogs>        
            </SDL2>      
        </Entry>    
        <Entry Unknown0="1897016890" Unknown1="2956726204">      
            <SDL2 Key="2207631476">        
                <Unknown>          
                    <Entry>            
                        <Values>              
                            <Entry>                
                                <Value0>14935</Value0>                
                                <Value1>0</Value1>                
                            </Entry>              
                        </Values>            
                        <Value0>147456</Value0>            
                        <Value1>65536</Value1>            
                    </Entry>          
                </Unknown>        
                <Dialogs>          
                    <Dialog>高嶺</Dialog>          
                    <Dialog>但别在那一天。</Dialog>          
                </Dialogs>        
            </SDL2>      
        </Entry>    
        <Entry Unknown0="797977104" Unknown1="1027138874">      
            <SDL2 Key="2207631476">        
                <Unknown>          
                    <Entry>            
                        <Values>              
                            <Entry>                
                                <Value0>14937</Value0>                
                                <Value1>0</Value1>                
                            </Entry>              
                        </Values>            
                        <Value0>147456</Value0>            
                        <Value1>65536</Value1>            
                    </Entry>          
                </Unknown>        
                <Dialogs>          
                    <Dialog>高嶺</Dialog>          
                    <Dialog>打个招呼！</Dialog>          
                </Dialogs>        
            </SDL2>      
        </Entry>    
        <Entry Unknown0="2911662222" Unknown1="940466998">      
            <SDL2 Key="2207631476">        
                <Unknown>          
                    <Entry>            
                        <Values>              
                            <Entry>                
                                <Value0>14939</Value0>                
                                <Value1>0</Value1>                
                            </Entry>              
                        </Values>            
                        <Value0>147456</Value0>            
                        <Value1>65536</Value1>            
                    </Entry>          
                </Unknown>        
                <Dialogs>          
                    <Dialog>高嶺</Dialog>          
                    <Dialog>寿司，这是你能吃的所有东西。</Dialog>          
                </Dialogs>        
            </SDL2>      
        </Entry>    
        <Entry Unknown0="2707619466" Unknown1="1837915916">      
            <SDL2 Key="2207631476">        
                <Unknown>          
                    <Entry>            
                        <Values>              
                            <Entry>                
                                <Value0>14941</Value0>                
                                <Value1>0</Value1>                
                            </Entry>              
                        </Values>            
                        <Value0>147456</Value0>            
                        <Value1>65536</Value1>            
                    </Entry>          
                </Unknown>        
                <Dialogs>          
                    <Dialog>高嶺</Dialog>          
                    <Dialog>茶柱，站起来！</Dialog>          
                </Dialogs>        
            </SDL2>      
        </Entry>    
        <Entry Unknown0="2682321504" Unknown1="4001904010">      
            <SDL2 Key="2207631476">        
                <Unknown>          
                    <Entry>            
                        <Values>              
                            <Entry>                
                                <Value0>14943</Value0>                
                                <Value1>0</Value1>                
                            </Entry>              
                        </Values>            
                        <Value0>147456</Value0>            
                        <Value1>65536</Value1>            
                    </Entry>          
                </Unknown>        
                <Dialogs>          
                    <Dialog>高嶺</Dialog>          
                    <Dialog>雨，停！</Dialog>          
                </Dialogs>        
            </SDL2>      
        </Entry>    
        <Entry Unknown0="501006558" Unknown1="3982406534">      
            <SDL2 Key="2207631476">        
                <Unknown>          
                    <Entry>            
                        <Values>              
                            <Entry>                
                                <Value0>14945</Value0>                
                                <Value1>0</Value1>                
                            </Entry>              
                        </Values>            
                        <Value0>147456</Value0>            
                        <Value1>65536</Value1>            
                    </Entry>          
                </Unknown>        
                <Dialogs>          
                    <Dialog>高嶺</Dialog>          
                    <Dialog>训练，及时赶到！</Dialog>          
                </Dialogs>        
            </SDL2>      
        </Entry>    
        <Entry Unknown0="296898266" Unknown1="3671895900">      
            <SDL2 Key="2207631476">        
                <Unknown>          
                    <Entry>            
                        <Values>              
                            <Entry>                
                                <Value0>14947</Value0>                
                                <Value1>0</Value1>                
                            </Entry>              
                        </Values>            
                        <Value0>147456</Value0>            
                        <Value1>65536</Value1>            
                    </Entry>          
                </Unknown>        
                <Dialogs>          
                    <Dialog>高嶺</Dialog>          
                    <Dialog>工作，哪一个！</Dialog>          
                </Dialogs>        
            </SDL2>      
        </Entry>    
        <Entry Unknown0="3476048560" Unknown1="1540916698">      
            <SDL2 Key="2207631476">        
                <Unknown>          
                    <Entry>            
                        <Values>              
                            <Entry>                
                                <Value0>14949</Value0>                
                                <Value1>0</Value1>                
                            </Entry>              
                        </Values>            
                        <Value0>147456</Value0>            
                        <Value1>65536</Value1>            
                    </Entry>          
                </Unknown>        
                <Dialogs>          
                    <Dialog>高嶺</Dialog>          
                    <Dialog>我们再来一个冰淇淋~！</Dialog>          
                </Dialogs>        
            </SDL2>      
        </Entry>    
        <Entry Unknown0="1294766126" Unknown1="1588462550">      
            <SDL2 Key="996625242">        
                <Unknown>          
                    <Entry>            
                        <Values>              
                            <Entry>                
                                <Value0>14951</Value0>                
                                <Value1>0</Value1>                
                            </Entry>              
                        </Values>            
                        <Value0>147456</Value0>            
                        <Value1>65536</Value1>            
                    </Entry>          
                </Unknown>        
                <Dialogs>          
                    <Dialog>高嶺</Dialog>          
                    <Dialog>赖斯，站起来！</Dialog>          
                </Dialogs>        
            </SDL2>      
        </Entry>    
        <Entry Unknown0="1090657834" Unknown1="3073179564">      
            <SDL2 Key="996625242">        
                <Unknown>          
                    <Entry>            
                        <Values>              
                            <Entry>                
                                <Value0>14953</Value0>                
                                <Value1>0</Value1>                
                            </Entry>              
                        </Values>            
                        <Value0>147456</Value0>            
                        <Value1>65536</Value1>            
                    </Entry>          
                </Unknown>        
                <Dialogs>          
                    <Dialog>高嶺</Dialog>          
                    <Dialog>头痛，治好！</Dialog>          
                </Dialogs>        
            </SDL2>      
        </Entry>    
        <Entry Unknown0="1065359872" Unknown1="875091242">      
            <SDL2 Key="996625242">        
                <Unknown>          
                    <Entry>            
                        <Values>              
                            <Entry>                
                                <Value0>14955</Value0>                
                                <Value1>0</Value1>                
                            </Entry>              
                        </Values>            
                        <Value0>147456</Value0>            
                        <Value1>65536</Value1>            
                    </Entry>          
                </Unknown>        
                <Dialogs>          
                    <Dialog>高嶺</Dialog>          
                    <Dialog>我肚子疼~！</Dialog>          
                </Dialogs>        
            </SDL2>      
        </Entry>    
        <Entry Unknown0="3179044990" Unknown1="872305446">      
            <SDL2 Key="996625242">        
                <Unknown>          
                    <Entry>            
                        <Values>              
                            <Entry>                
                                <Value0>14957</Value0>                
                                <Value1>0</Value1>                
                            </Entry>              
                        </Values>            
                        <Value0>147456</Value0>            
                        <Value1>65536</Value1>            
                    </Entry>          
                </Unknown>        
                <Dialogs>          
                    <Dialog>高嶺</Dialog>          
                    <Dialog>伸展你的背！</Dialog>          
                </Dialogs>        
            </SDL2>      
        </Entry>    
        <Entry Unknown0="2975002234" Unknown1="1148997628">      
            <SDL2 Key="996625242">        
                <Unknown>          
                    <Entry>            
                        <Values>              
                            <Entry>                
                                <Value0>14959</Value0>                
                                <Value1>0</Value1>                
                            </Entry>              
                        </Values>            
                        <Value0>147456</Value0>            
                        <Value1>65536</Value1>            
                    </Entry>          
                </Unknown>        
                <Dialogs>          
                    <Dialog>高嶺</Dialog>          
                    <Dialog>幸运的是！</Dialog>          
                </Dialogs>        
            </SDL2>      
        </Entry>    
    </Entries>  
</DBIN2>