<?xml version="1.0" encoding="utf-8"?><DBIN2 xmlns:xsi="http://www.w3.org/2001/XMLSchema-instance" xmlns:xsd="http://www.w3.org/2001/XMLSchema" Key="3924503094" Unknown="6">  
    <Entries>    
        <Entry Unknown0="2742608032" Unknown1="1637189962">      
            <SDL2 Key="1729813985">        
                <Unknown>          
                    <Entry>            
                        <Values/>            
                        <Value0>147456</Value0>            
                        <Value1>65536</Value1>            
                    </Entry>          
                    <Entry>            
                        <Values/>            
                        <Value0>147456</Value0>            
                        <Value1>131072</Value1>            
                    </Entry>          
                    <Entry>            
                        <Values>              
                            <Entry>                
                                <Value0>15133</Value0>                
                                <Value1>0</Value1>                
                            </Entry>              
                        </Values>            
                        <Value0>147459</Value0>            
                        <Value1>262144</Value1>            
                    </Entry>          
                    <Entry>            
                        <Values/>            
                        <Value0>147456</Value0>            
                        <Value1>327680</Value1>            
                    </Entry>          
                    <Entry>            
                        <Values>              
                            <Entry>                
                                <Value0>15134</Value0>                
                                <Value1>0</Value1>                
                            </Entry>              
                        </Values>            
                        <Value0>147459</Value0>            
                        <Value1>393216</Value1>            
                    </Entry>          
                    <Entry>            
                        <Values/>            
                        <Value0>147456</Value0>            
                        <Value1>458752</Value1>            
                    </Entry>          
                    <Entry>            
                        <Values>              
                            <Entry>                
                                <Value0>15135</Value0>                
                                <Value1>0</Value1>                
                            </Entry>              
                            <Entry>                
                                <Value0>15136</Value0>                
                                <Value1>117</Value1>                
                            </Entry>              
                        </Values>            
                        <Value0>147459</Value0>            
                        <Value1>524288</Value1>            
                    </Entry>          
                    <Entry>            
                        <Values>              
                            <Entry>                
                                <Value0>15137</Value0>                
                                <Value1>0</Value1>                
                            </Entry>              
                        </Values>            
                        <Value0>147459</Value0>            
                        <Value1>589824</Value1>            
                    </Entry>          
                    <Entry>            
                        <Values/>            
                        <Value0>147456</Value0>            
                        <Value1>655360</Value1>            
                    </Entry>          
                    <Entry>            
                        <Values>              
                            <Entry>                
                                <Value0>15138</Value0>                
                                <Value1>0</Value1>                
                            </Entry>              
                            <Entry>                
                                <Value0>15139</Value0>                
                                <Value1>117</Value1>                
                            </Entry>              
                        </Values>            
                        <Value0>147459</Value0>            
                        <Value1>720896</Value1>            
                    </Entry>          
                    <Entry>            
                        <Values/>            
                        <Value0>147456</Value0>            
                        <Value1>786432</Value1>            
                    </Entry>          
                    <Entry>            
                        <Values/>            
                        <Value0>147456</Value0>            
                        <Value1>851968</Value1>            
                    </Entry>          
                </Unknown>        
                <Dialogs>          
                    <Dialog>○○○○○○○○</Dialog>          
                    <Dialog>（我的电话响了。。。是▲高嶺＊＊▲）</Dialog>          
                    <Dialog>你好，▲高嶺＊＊▲？</Dialog>          
                    <Dialog>高嶺</Dialog>          
                    <Dialog>你好，对不起。</Dialog>          
                    <Dialog>发生了什么？</Dialog>          
                    <Dialog>一、 。。。我感冒了。</Dialog>          
                    <Dialog>冷吗？你没事吧？</Dialog>          
                    <Dialog>是的，没那么糟。别担心，我没事。</Dialog>          
                    <Dialog>我只是不能做运动。。。</Dialog>          
                    <Dialog>感冒的时候不要考虑俱乐部活动。那样你会愈合得更快。</Dialog>          
                    <Dialog>是的，谢谢你。。。再见。</Dialog>          
                    <Dialog>（▲高嶺＊＊▲感冒了，嗯……）</Dialog>          
                    <Dialog>（我要去看她）</Dialog>          
                </Dialogs>        
            </SDL2>      
        </Entry>    
        <Entry Unknown0="288973294" Unknown1="1175901963">      
            <SDL2 Key="939340116">        
                <Unknown>          
                    <Entry>            
                        <Values/>            
                        <Value0>147456</Value0>            
                        <Value1>65536</Value1>            
                    </Entry>          
                    <Entry>            
                        <Values/>            
                        <Value0>147456</Value0>            
                        <Value1>131072</Value1>            
                    </Entry>          
                    <Entry>            
                        <Values>              
                            <Entry>                
                                <Value0>15140</Value0>                
                                <Value1>0</Value1>                
                            </Entry>              
                        </Values>            
                        <Value0>147459</Value0>            
                        <Value1>262144</Value1>            
                    </Entry>          
                    <Entry>            
                        <Values/>            
                        <Value0>147456</Value0>            
                        <Value1>327680</Value1>            
                    </Entry>          
                    <Entry>            
                        <Values>              
                            <Entry>                
                                <Value0>15141</Value0>                
                                <Value1>0</Value1>                
                            </Entry>              
                            <Entry>                
                                <Value0>15142</Value0>                
                                <Value1>167</Value1>                
                            </Entry>              
                        </Values>            
                        <Value0>147459</Value0>            
                        <Value1>393216</Value1>            
                    </Entry>          
                    <Entry>            
                        <Values/>            
                        <Value0>147456</Value0>            
                        <Value1>458752</Value1>            
                    </Entry>          
                    <Entry>            
                        <Values>              
                            <Entry>                
                                <Value0>15143</Value0>                
                                <Value1>0</Value1>                
                            </Entry>              
                        </Values>            
                        <Value0>147459</Value0>            
                        <Value1>524288</Value1>            
                    </Entry>          
                    <Entry>            
                        <Values/>            
                        <Value0>147456</Value0>            
                        <Value1>589824</Value1>            
                    </Entry>          
                    <Entry>            
                        <Values>              
                            <Entry>                
                                <Value0>15144</Value0>                
                                <Value1>0</Value1>                
                            </Entry>              
                            <Entry>                
                                <Value0>15145</Value0>                
                                <Value1>167</Value1>                
                            </Entry>              
                            <Entry>                
                                <Value0>15146</Value0>                
                                <Value1>117</Value1>                
                            </Entry>              
                        </Values>            
                        <Value0>147459</Value0>            
                        <Value1>655360</Value1>            
                    </Entry>          
                    <Entry>            
                        <Values/>            
                        <Value0>147456</Value0>            
                        <Value1>720896</Value1>            
                    </Entry>          
                </Unknown>        
                <Dialogs>          
                    <Dialog>○○○○○○○○</Dialog>          
                    <Dialog>（我的电话响了。。。是▲高嶺＊＊▲）</Dialog>          
                    <Dialog>你好。</Dialog>          
                    <Dialog>高嶺</Dialog>          
                    <Dialog>生日快乐。</Dialog>          
                    <Dialog>啊。。。今天。。。我明白了，今天是我的生日。非常感谢。</Dialog>          
                    <Dialog>我控制不住自己。。。所以我打了电话。对不起，太晚了。</Dialog>          
                    <Dialog>没关系。我真的很高兴。</Dialog>          
                    <Dialog>哦，该挂了。</Dialog>          
                    <Dialog>我懂了。说真的，非常感谢。</Dialog>          
                    <Dialog>对。你的礼物是。。。还是个秘密。期待很快与您见面。</Dialog>          
                    <Dialog>（那天真的是我的生日……）</Dialog>          
                </Dialogs>        
            </SDL2>      
        </Entry>    
        <Entry Unknown0="3535419311" Unknown1="3328481420">      
            <SDL2 Key="1498245310">        
                <Unknown>          
                    <Entry>            
                        <Values/>            
                        <Value0>147456</Value0>            
                        <Value1>65536</Value1>            
                    </Entry>          
                    <Entry>            
                        <Values/>            
                        <Value0>147456</Value0>            
                        <Value1>131072</Value1>            
                    </Entry>          
                    <Entry>            
                        <Values>              
                            <Entry>                
                                <Value0>15147</Value0>                
                                <Value1>0</Value1>                
                            </Entry>              
                            <Entry>                
                                <Value0>15148</Value0>                
                                <Value1>83</Value1>                
                            </Entry>              
                        </Values>            
                        <Value0>147459</Value0>            
                        <Value1>262144</Value1>            
                    </Entry>          
                    <Entry>            
                        <Values/>            
                        <Value0>147456</Value0>            
                        <Value1>327680</Value1>            
                    </Entry>          
                    <Entry>            
                        <Values>              
                            <Entry>                
                                <Value0>15149</Value0>                
                                <Value1>0</Value1>                
                            </Entry>              
                        </Values>            
                        <Value0>147459</Value0>            
                        <Value1>393216</Value1>            
                    </Entry>          
                    <Entry>            
                        <Values/>            
                        <Value0>147456</Value0>            
                        <Value1>458752</Value1>            
                    </Entry>          
                    <Entry>            
                        <Values>              
                            <Entry>                
                                <Value0>15150</Value0>                
                                <Value1>0</Value1>                
                            </Entry>              
                        </Values>            
                        <Value0>147459</Value0>            
                        <Value1>524288</Value1>            
                    </Entry>          
                    <Entry>            
                        <Values/>            
                        <Value0>147456</Value0>            
                        <Value1>589824</Value1>            
                    </Entry>          
                    <Entry>            
                        <Values>              
                            <Entry>                
                                <Value0>15151</Value0>                
                                <Value1>0</Value1>                
                            </Entry>              
                            <Entry>                
                                <Value0>15152</Value0>                
                                <Value1>117</Value1>                
                            </Entry>              
                        </Values>            
                        <Value0>147459</Value0>            
                        <Value1>655360</Value1>            
                    </Entry>          
                    <Entry>            
                        <Values/>            
                        <Value0>147456</Value0>            
                        <Value1>720896</Value1>            
                    </Entry>          
                    <Entry>            
                        <Values>              
                            <Entry>                
                                <Value0>15153</Value0>                
                                <Value1>0</Value1>                
                            </Entry>              
                            <Entry>                
                                <Value0>15154</Value0>                
                                <Value1>117</Value1>                
                            </Entry>              
                        </Values>            
                        <Value0>147459</Value0>            
                        <Value1>786432</Value1>            
                    </Entry>          
                    <Entry>            
                        <Values/>            
                        <Value0>147456</Value0>            
                        <Value1>851968</Value1>            
                    </Entry>          
                </Unknown>        
                <Dialogs>          
                    <Dialog>○○○○○○○○</Dialog>          
                    <Dialog>（我的电话响了。。。是▲高嶺＊＊▲）</Dialog>          
                    <Dialog>你好。</Dialog>          
                    <Dialog>高嶺</Dialog>          
                    <Dialog>你好。对不起，太晚了。</Dialog>          
                    <Dialog>好吧，今天是个特别的日子。</Dialog>          
                    <Dialog>是的！今天是我们的周年纪念日。</Dialog>          
                    <Dialog>哦。非常感谢你打电话给我。</Dialog>          
                    <Dialog>呼呼，这一年发生了很多事。。。</Dialog>          
                    <Dialog>是的，没错。</Dialog>          
                    <Dialog>哦，时间到了。我马上就挂了。</Dialog>          
                    <Dialog>是的，谢谢。谢谢你打电话给我。</Dialog>          
                    <Dialog>是 啊。待会儿见。</Dialog>          
                    <Dialog>（今天是我们的周年纪念日。▲当然很好。）</Dialog>          
                </Dialogs>        
            </SDL2>      
        </Entry>    
        <Entry Unknown0="1393061936" Unknown1="2535791066">      
            <SDL2 Key="693091106">        
                <Unknown>          
                    <Entry>            
                        <Values/>            
                        <Value0>147456</Value0>            
                        <Value1>65536</Value1>            
                    </Entry>          
                    <Entry>            
                        <Values/>            
                        <Value0>147456</Value0>            
                        <Value1>131072</Value1>            
                    </Entry>          
                    <Entry>            
                        <Values>              
                            <Entry>                
                                <Value0>15155</Value0>                
                                <Value1>0</Value1>                
                            </Entry>              
                        </Values>            
                        <Value0>147459</Value0>            
                        <Value1>262144</Value1>            
                    </Entry>          
                    <Entry>            
                        <Values/>            
                        <Value0>147456</Value0>            
                        <Value1>262144</Value1>            
                    </Entry>          
                    <Entry>            
                        <Values>              
                            <Entry>                
                                <Value0>15156</Value0>                
                                <Value1>0</Value1>                
                            </Entry>              
                            <Entry>                
                                <Value0>15157</Value0>                
                                <Value1>117</Value1>                
                            </Entry>              
                        </Values>            
                        <Value0>147459</Value0>            
                        <Value1>327680</Value1>            
                    </Entry>          
                    <Entry>            
                        <Values/>            
                        <Value0>147456</Value0>            
                        <Value1>393216</Value1>            
                    </Entry>          
                    <Entry>            
                        <Values>              
                            <Entry>                
                                <Value0>15158</Value0>                
                                <Value1>0</Value1>                
                            </Entry>              
                            <Entry>                
                                <Value0>15159</Value0>                
                                <Value1>83</Value1>                
                            </Entry>              
                        </Values>            
                        <Value0>147459</Value0>            
                        <Value1>458752</Value1>            
                    </Entry>          
                    <Entry>            
                        <Values/>            
                        <Value0>147456</Value0>            
                        <Value1>524288</Value1>            
                    </Entry>          
                    <Entry>            
                        <Values>              
                            <Entry>                
                                <Value0>15160</Value0>                
                                <Value1>0</Value1>                
                            </Entry>              
                        </Values>            
                        <Value0>147459</Value0>            
                        <Value1>589824</Value1>            
                    </Entry>          
                    <Entry>            
                        <Values/>            
                        <Value0>147456</Value0>            
                        <Value1>655360</Value1>            
                    </Entry>          
                </Unknown>        
                <Dialogs>          
                    <Dialog>○○○○○○○○</Dialog>          
                    <Dialog>（我的电话响了。。。是▲高嶺＊＊▲）</Dialog>          
                    <Dialog>你好。</Dialog>          
                    <Dialog>高嶺</Dialog>          
                    <Dialog>新年快乐。</Dialog>          
                    <Dialog>呼呼。我先跟你说的。如果我爸爸知道，他会嫉妒的。</Dialog>          
                    <Dialog>... 那就保密吧。</Dialog>          
                    <Dialog>我很快就挂了。是时候向我的爸爸妈妈拜年了。</Dialog>          
                    <Dialog>哦，对了。到时候见。</Dialog>          
                    <Dialog>是啊，让我们今年也继续相处吧。</Dialog>          
                    <Dialog>（我和▲高嶺＊＊▲新年开始了……）</Dialog>          
                </Dialogs>        
            </SDL2>      
        </Entry>    
        <Entry Unknown0="2177495422" Unknown1="2057725851">      
            <SDL2 Key="863083694">        
                <Unknown>          
                    <Entry>            
                        <Values/>            
                        <Value0>147456</Value0>            
                        <Value1>65536</Value1>            
                    </Entry>          
                    <Entry>            
                        <Values>              
                            <Entry>                
                                <Value0>15161</Value0>                
                                <Value1>0</Value1>                
                            </Entry>              
                        </Values>            
                        <Value0>147458</Value0>            
                        <Value1>196608</Value1>            
                    </Entry>          
                    <Entry>            
                        <Values/>            
                        <Value0>147456</Value0>            
                        <Value1>262144</Value1>            
                    </Entry>          
                    <Entry>            
                        <Values>              
                            <Entry>                
                                <Value0>15162</Value0>                
                                <Value1>0</Value1>                
                            </Entry>              
                            <Entry>                
                                <Value0>15163</Value0>                
                                <Value1>117</Value1>                
                            </Entry>              
                        </Values>            
                        <Value0>147458</Value0>            
                        <Value1>327680</Value1>            
                    </Entry>          
                    <Entry>            
                        <Values/>            
                        <Value0>147456</Value0>            
                        <Value1>393216</Value1>            
                    </Entry>          
                    <Entry>            
                        <Values>              
                            <Entry>                
                                <Value0>15164</Value0>                
                                <Value1>0</Value1>                
                            </Entry>              
                        </Values>            
                        <Value0>147458</Value0>            
                        <Value1>458752</Value1>            
                    </Entry>          
                    <Entry>            
                        <Values/>            
                        <Value0>147456</Value0>            
                        <Value1>524288</Value1>            
                    </Entry>          
                    <Entry>            
                        <Values>              
                            <Entry>                
                                <Value0>15165</Value0>                
                                <Value1>0</Value1>                
                            </Entry>              
                        </Values>            
                        <Value0>147458</Value0>            
                        <Value1>589824</Value1>            
                    </Entry>          
                    <Entry>            
                        <Values/>            
                        <Value0>147456</Value0>            
                        <Value1>655360</Value1>            
                    </Entry>          
                    <Entry>            
                        <Values>              
                            <Entry>                
                                <Value0>15166</Value0>                
                                <Value1>0</Value1>                
                            </Entry>              
                            <Entry>                
                                <Value0>15167</Value0>                
                                <Value1>83</Value1>                
                            </Entry>              
                        </Values>            
                        <Value0>147458</Value0>            
                        <Value1>720896</Value1>            
                    </Entry>          
                    <Entry>            
                        <Values/>            
                        <Value0>147456</Value0>            
                        <Value1>786432</Value1>            
                    </Entry>          
                    <Entry>            
                        <Values>              
                            <Entry>                
                                <Value0>15168</Value0>                
                                <Value1>0</Value1>                
                            </Entry>              
                        </Values>            
                        <Value0>147458</Value0>            
                        <Value1>851968</Value1>            
                    </Entry>          
                    <Entry>            
                        <Values/>            
                        <Value0>147456</Value0>            
                        <Value1>917504</Value1>            
                    </Entry>          
                </Unknown>        
                <Dialogs>          
                    <Dialog>○○○○○○○○</Dialog>          
                    <Dialog>（已经过了午夜。今天是▲高嶺＊＊▲的生日）</Dialog>          
                    <Dialog>高嶺</Dialog>          
                    <Dialog>你好。</Dialog>          
                    <Dialog>▲高嶺＊＊▲，生日快乐。</Dialog>          
                    <Dialog>非常感谢。很高兴你打电话给我。</Dialog>          
                    <Dialog>是的，我想马上告诉你。你在睡觉吗？</Dialog>          
                    <Dialog>别担心，我是醒着的。没事的。</Dialog>          
                    <Dialog>我明白了，那就没事了。</Dialog>          
                    <Dialog>呼呼，我很高兴我醒了。</Dialog>          
                    <Dialog>我很快就挂了。你困了吗？</Dialog>          
                    <Dialog>别把我当孩子看待。我已经是成年人了。</Dialog>          
                    <Dialog>哈哈，没错。但今天我要做。再见。</Dialog>          
                    <Dialog>好的，回头见。</Dialog>          
                    <Dialog>（很高兴我能祝贺她……）</Dialog>          
                </Dialogs>        
            </SDL2>      
        </Entry>    
        <Entry Unknown0="1112164159" Unknown1="4210305052">      
            <SDL2 Key="460539615">        
                <Unknown>          
                    <Entry>            
                        <Values/>            
                        <Value0>147456</Value0>            
                        <Value1>65536</Value1>            
                    </Entry>          
                    <Entry>            
                        <Values>              
                            <Entry>                
                                <Value0>15169</Value0>                
                                <Value1>0</Value1>                
                            </Entry>              
                        </Values>            
                        <Value0>147458</Value0>            
                        <Value1>196608</Value1>            
                    </Entry>          
                    <Entry>            
                        <Values/>            
                        <Value0>147456</Value0>            
                        <Value1>262144</Value1>            
                    </Entry>          
                    <Entry>            
                        <Values>              
                            <Entry>                
                                <Value0>15170</Value0>                
                                <Value1>0</Value1>                
                            </Entry>              
                            <Entry>                
                                <Value0>15171</Value0>                
                                <Value1>83</Value1>                
                            </Entry>              
                        </Values>            
                        <Value0>147458</Value0>            
                        <Value1>327680</Value1>            
                    </Entry>          
                    <Entry>            
                        <Values/>            
                        <Value0>147456</Value0>            
                        <Value1>393216</Value1>            
                    </Entry>          
                    <Entry>            
                        <Values>              
                            <Entry>                
                                <Value0>15172</Value0>                
                                <Value1>0</Value1>                
                            </Entry>              
                        </Values>            
                        <Value0>147458</Value0>            
                        <Value1>458752</Value1>            
                    </Entry>          
                    <Entry>            
                        <Values/>            
                        <Value0>147456</Value0>            
                        <Value1>524288</Value1>            
                    </Entry>          
                    <Entry>            
                        <Values>              
                            <Entry>                
                                <Value0>15173</Value0>                
                                <Value1>0</Value1>                
                            </Entry>              
                            <Entry>                
                                <Value0>15174</Value0>                
                                <Value1>117</Value1>                
                            </Entry>              
                        </Values>            
                        <Value0>147458</Value0>            
                        <Value1>589824</Value1>            
                    </Entry>          
                    <Entry>            
                        <Values/>            
                        <Value0>147456</Value0>            
                        <Value1>655360</Value1>            
                    </Entry>          
                    <Entry>            
                        <Values>              
                            <Entry>                
                                <Value0>15175</Value0>                
                                <Value1>0</Value1>                
                            </Entry>              
                        </Values>            
                        <Value0>147458</Value0>            
                        <Value1>720896</Value1>            
                    </Entry>          
                    <Entry>            
                        <Values/>            
                        <Value0>147456</Value0>            
                        <Value1>786432</Value1>            
                    </Entry>          
                </Unknown>        
                <Dialogs>          
                    <Dialog>○○○○○○○○</Dialog>          
                    <Dialog>（已经过了午夜，今天是我们的周年纪念日。我应该打电话给▲高嶺＊＊▲）</Dialog>          
                    <Dialog>高嶺</Dialog>          
                    <Dialog>你好。</Dialog>          
                    <Dialog>你好。我很抱歉迟到了。原谅我这一次。</Dialog>          
                    <Dialog>当然。因为今天是我们的周年纪念日。</Dialog>          
                    <Dialog>哦，所以我想马上给你打电话。</Dialog>          
                    <Dialog>对。。。我很高兴。</Dialog>          
                    <Dialog>已经到时间了。我很快就挂了。</Dialog>          
                    <Dialog>是的。非常感谢你打电话给我。</Dialog>          
                    <Dialog>是的，回头见。</Dialog>          
                    <Dialog>再见，再见。</Dialog>          
                    <Dialog>（我们的周年纪念日，我很高兴我记得）</Dialog>          
                </Dialogs>        
            </SDL2>      
        </Entry>    
    </Entries>  
</DBIN2>