<?xml version="1.0" encoding="utf-8"?><DBIN2 xmlns:xsi="http://www.w3.org/2001/XMLSchema-instance" xmlns:xsd="http://www.w3.org/2001/XMLSchema" Key="4125498072" Unknown="15">  
    <Entries>    
        <Entry Unknown0="4155504088" Unknown1="3129658777">      
            <SDL2 Key="4221348197">        
                <Unknown>          
                    <Entry>            
                        <Values/>            
                        <Value0>147456</Value0>            
                        <Value1>65536</Value1>            
                    </Entry>          
                    <Entry>            
                        <Values/>            
                        <Value0>147456</Value0>            
                        <Value1>131072</Value1>            
                    </Entry>          
                    <Entry>            
                        <Values/>            
                        <Value0>65539</Value0>            
                        <Value1>65540</Value1>            
                    </Entry>          
                    <Entry>            
                        <Values/>            
                        <Value0>65540</Value0>            
                        <Value1>147456</Value1>            
                    </Entry>          
                    <Entry>            
                        <Values/>            
                        <Value0>147456</Value0>            
                        <Value1>327680</Value1>            
                    </Entry>          
                    <Entry>            
                        <Values>              
                            <Entry>                
                                <Value0>4294901760</Value0>                
                                <Value1>0</Value1>                
                            </Entry>              
                        </Values>            
                        <Value0>147462</Value0>            
                        <Value1>458752</Value1>            
                    </Entry>          
                    <Entry>            
                        <Values/>            
                        <Value0>147456</Value0>            
                        <Value1>524288</Value1>            
                    </Entry>          
                    <Entry>            
                        <Values>              
                            <Entry>                
                                <Value0>18481</Value0>                
                                <Value1>0</Value1>                
                            </Entry>              
                        </Values>            
                        <Value0>147462</Value0>            
                        <Value1>589824</Value1>            
                    </Entry>          
                    <Entry>            
                        <Values/>            
                        <Value0>147456</Value0>            
                        <Value1>655360</Value1>            
                    </Entry>          
                    <Entry>            
                        <Values>              
                            <Entry>                
                                <Value0>18482</Value0>                
                                <Value1>0</Value1>                
                            </Entry>              
                            <Entry>                
                                <Value0>18483</Value0>                
                                <Value1>500</Value1>                
                            </Entry>              
                        </Values>            
                        <Value0>147462</Value0>            
                        <Value1>720896</Value1>            
                    </Entry>          
                    <Entry>            
                        <Values>              
                            <Entry>                
                                <Value0>18484</Value0>                
                                <Value1>0</Value1>                
                            </Entry>              
                        </Values>            
                        <Value0>147462</Value0>            
                        <Value1>786432</Value1>            
                    </Entry>          
                    <Entry>            
                        <Values/>            
                        <Value0>147456</Value0>            
                        <Value1>851968</Value1>            
                    </Entry>          
                    <Entry>            
                        <Values/>            
                        <Value0>147456</Value0>            
                        <Value1>917504</Value1>            
                    </Entry>          
                </Unknown>        
                <Dialogs>          
                    <Dialog>○○○○○○○○</Dialog>          
                    <Dialog>好吧，我们回家吧。</Dialog>          
                    <Dialog>（啊，▲高嶺＊＊▲……）</Dialog>          
                    <Dialog>我们一起回去吧</Dialog>          
                    <Dialog>我一个人回去</Dialog>          
                    <Dialog>▲高嶺＊＊▲!</Dialog>          
                    <Dialog>高嶺</Dialog>          
                    <Dialog>▲主人公＊▲.</Dialog>          
                    <Dialog>我要回家了，我们何不一起去呢？</Dialog>          
                    <Dialog>对！啊。。。</Dialog>          
                    <Dialog>嗯？你有事吗？</Dialog>          
                    <Dialog>不，不是真的。。。我忍不住大声说出来。。。我们该走了吗？</Dialog>          
                    <Dialog>我今天很忙。。。我们再见。当我们相遇时，我们可以任意绕道而行。我开玩笑的。</Dialog>          
                    <Dialog>（我忍不住……）</Dialog>          
                    <Dialog>（今天可以）</Dialog>          
                </Dialogs>        
            </SDL2>      
        </Entry>    
        <Entry Unknown0="1818215021" Unknown1="1251238473">      
            <SDL2 Key="2741840955">        
                <Unknown>          
                    <Entry>            
                        <Values/>            
                        <Value0>147456</Value0>            
                        <Value1>65536</Value1>            
                    </Entry>          
                    <Entry>            
                        <Values/>            
                        <Value0>147456</Value0>            
                        <Value1>131072</Value1>            
                    </Entry>          
                    <Entry>            
                        <Values/>            
                        <Value0>65539</Value0>            
                        <Value1>65540</Value1>            
                    </Entry>          
                    <Entry>            
                        <Values/>            
                        <Value0>65540</Value0>            
                        <Value1>147456</Value1>            
                    </Entry>          
                    <Entry>            
                        <Values/>            
                        <Value0>147456</Value0>            
                        <Value1>327680</Value1>            
                    </Entry>          
                    <Entry>            
                        <Values>              
                            <Entry>                
                                <Value0>4294901760</Value0>                
                                <Value1>0</Value1>                
                            </Entry>              
                        </Values>            
                        <Value0>147462</Value0>            
                        <Value1>458752</Value1>            
                    </Entry>          
                    <Entry>            
                        <Values/>            
                        <Value0>147456</Value0>            
                        <Value1>524288</Value1>            
                    </Entry>          
                    <Entry>            
                        <Values>              
                            <Entry>                
                                <Value0>18485</Value0>                
                                <Value1>0</Value1>                
                            </Entry>              
                            <Entry>                
                                <Value0>18486</Value0>                
                                <Value1>500</Value1>                
                            </Entry>              
                        </Values>            
                        <Value0>147462</Value0>            
                        <Value1>589824</Value1>            
                    </Entry>          
                    <Entry>            
                        <Values>              
                            <Entry>                
                                <Value0>18487</Value0>                
                                <Value1>0</Value1>                
                            </Entry>              
                            <Entry>                
                                <Value0>18488</Value0>                
                                <Value1>500</Value1>                
                            </Entry>              
                        </Values>            
                        <Value0>147462</Value0>            
                        <Value1>655360</Value1>            
                    </Entry>          
                    <Entry>            
                        <Values/>            
                        <Value0>147456</Value0>            
                        <Value1>720896</Value1>            
                    </Entry>          
                    <Entry>            
                        <Values/>            
                        <Value0>147456</Value0>            
                        <Value1>786432</Value1>            
                    </Entry>          
                </Unknown>        
                <Dialogs>          
                    <Dialog>○○○○○○○○</Dialog>          
                    <Dialog>好吧，我们回家吧。</Dialog>          
                    <Dialog>（啊，▲高嶺＊＊▲……）</Dialog>          
                    <Dialog>我们一起回去吧</Dialog>          
                    <Dialog>我一个人回去</Dialog>          
                    <Dialog>嘿，这边。</Dialog>          
                    <Dialog>高嶺</Dialog>          
                    <Dialog>▲主人公＊▲。</Dialog>          
                    <Dialog>我们为什么不一起回家呢？</Dialog>          
                    <Dialog>是的，很高兴。我很期待这个，因为我想和你一起回家。</Dialog>          
                    <Dialog>你冒昧地邀请我，但今天不可能。。。我们下次一起回家，好吗？</Dialog>          
                    <Dialog>（有这样的日子……）</Dialog>          
                    <Dialog>（好吧，没关系……）</Dialog>          
                </Dialogs>        
            </SDL2>      
        </Entry>    
        <Entry Unknown0="1013601565" Unknown1="1093145172">      
            <SDL2 Key="2741840955">        
                <Unknown>          
                    <Entry>            
                        <Values/>            
                        <Value0>147456</Value0>            
                        <Value1>65536</Value1>            
                    </Entry>          
                    <Entry>            
                        <Values/>            
                        <Value0>147456</Value0>            
                        <Value1>131072</Value1>            
                    </Entry>          
                    <Entry>            
                        <Values/>            
                        <Value0>65539</Value0>            
                        <Value1>65540</Value1>            
                    </Entry>          
                    <Entry>            
                        <Values/>            
                        <Value0>65540</Value0>            
                        <Value1>147456</Value1>            
                    </Entry>          
                    <Entry>            
                        <Values/>            
                        <Value0>147456</Value0>            
                        <Value1>327680</Value1>            
                    </Entry>          
                    <Entry>            
                        <Values>              
                            <Entry>                
                                <Value0>18489</Value0>                
                                <Value1>0</Value1>                
                            </Entry>              
                        </Values>            
                        <Value0>147462</Value0>            
                        <Value1>458752</Value1>            
                    </Entry>          
                    <Entry>            
                        <Values/>            
                        <Value0>147456</Value0>            
                        <Value1>524288</Value1>            
                    </Entry>          
                    <Entry>            
                        <Values>              
                            <Entry>                
                                <Value0>18490</Value0>                
                                <Value1>0</Value1>                
                            </Entry>              
                        </Values>            
                        <Value0>147462</Value0>            
                        <Value1>589824</Value1>            
                    </Entry>          
                    <Entry>            
                        <Values>              
                            <Entry>                
                                <Value0>18491</Value0>                
                                <Value1>0</Value1>                
                            </Entry>              
                            <Entry>                
                                <Value0>18492</Value0>                
                                <Value1>500</Value1>                
                            </Entry>              
                        </Values>            
                        <Value0>147462</Value0>            
                        <Value1>655360</Value1>            
                    </Entry>          
                    <Entry>            
                        <Values/>            
                        <Value0>147456</Value0>            
                        <Value1>720896</Value1>            
                    </Entry>          
                    <Entry>            
                        <Values/>            
                        <Value0>147456</Value0>            
                        <Value1>786432</Value1>            
                    </Entry>          
                </Unknown>        
                <Dialogs>          
                    <Dialog>○○○○○○○○</Dialog>          
                    <Dialog>好吧，我想我要回家了。。。</Dialog>          
                    <Dialog>（啊，▲高嶺＊＊▲……）</Dialog>          
                    <Dialog>我们一起回去吧</Dialog>          
                    <Dialog>我一个人回去</Dialog>          
                    <Dialog>嘿！</Dialog>          
                    <Dialog>高嶺</Dialog>          
                    <Dialog>对。</Dialog>          
                    <Dialog>我们为什么不一起回家呢？</Dialog>          
                    <Dialog>是的，我和你一起去</Dialog>          
                    <Dialog>我今天很忙。。。。下次，你想一起回去吗？</Dialog>          
                    <Dialog>（哇…）</Dialog>          
                    <Dialog>（我今天不想…）</Dialog>          
                </Dialogs>        
            </SDL2>      
        </Entry>    
        <Entry Unknown0="671057192" Unknown1="3705282025">      
            <SDL2 Key="3550303382">        
                <Unknown>          
                    <Entry>            
                        <Values/>            
                        <Value0>147456</Value0>            
                        <Value1>65536</Value1>            
                    </Entry>          
                    <Entry>            
                        <Values/>            
                        <Value0>147456</Value0>            
                        <Value1>131072</Value1>            
                    </Entry>          
                    <Entry>            
                        <Values/>            
                        <Value0>65539</Value0>            
                        <Value1>65540</Value1>            
                    </Entry>          
                    <Entry>            
                        <Values/>            
                        <Value0>65540</Value0>            
                        <Value1>147456</Value1>            
                    </Entry>          
                    <Entry>            
                        <Values/>            
                        <Value0>147456</Value0>            
                        <Value1>327680</Value1>            
                    </Entry>          
                    <Entry>            
                        <Values>              
                            <Entry>                
                                <Value0>4294901760</Value0>                
                                <Value1>0</Value1>                
                            </Entry>              
                        </Values>            
                        <Value0>147462</Value0>            
                        <Value1>458752</Value1>            
                    </Entry>          
                    <Entry>            
                        <Values>              
                            <Entry>                
                                <Value0>18493</Value0>                
                                <Value1>0</Value1>                
                            </Entry>              
                        </Values>            
                        <Value0>147462</Value0>            
                        <Value1>524288</Value1>            
                    </Entry>          
                    <Entry>            
                        <Values>              
                            <Entry>                
                                <Value0>18494</Value0>                
                                <Value1>0</Value1>                
                            </Entry>              
                        </Values>            
                        <Value0>147462</Value0>            
                        <Value1>589824</Value1>            
                    </Entry>          
                    <Entry>            
                        <Values/>            
                        <Value0>147456</Value0>            
                        <Value1>655360</Value1>            
                    </Entry>          
                    <Entry>            
                        <Values/>            
                        <Value0>147456</Value0>            
                        <Value1>720896</Value1>            
                    </Entry>          
                </Unknown>        
                <Dialogs>          
                    <Dialog>○○○○○○○○</Dialog>          
                    <Dialog>我想我要回家了。</Dialog>          
                    <Dialog>（啊，▲高嶺＊＊▲……）</Dialog>          
                    <Dialog>我们一起回去吧</Dialog>          
                    <Dialog>我一个人回去</Dialog>          
                    <Dialog>▲高嶺＊＊▲. 我们一起回家吧。</Dialog>          
                    <Dialog>高嶺</Dialog>          
                    <Dialog>▲主人公＊▲.</Dialog>          
                    <Dialog>对。我今天有很多时间。我们慢慢来，好吗？</Dialog>          
                    <Dialog>我觉得今天不是个好主意。再见。</Dialog>          
                    <Dialog>（我被拒绝了……）</Dialog>          
                    <Dialog>（没事，没事……）</Dialog>          
                </Dialogs>        
            </SDL2>      
        </Entry>    
        <Entry Unknown0="3702493885" Unknown1="2363798169">      
            <SDL2 Key="2607794028">        
                <Unknown>          
                    <Entry>            
                        <Values/>            
                        <Value0>147456</Value0>            
                        <Value1>65536</Value1>            
                    </Entry>          
                    <Entry>            
                        <Values/>            
                        <Value0>147456</Value0>            
                        <Value1>131072</Value1>            
                    </Entry>          
                    <Entry>            
                        <Values/>            
                        <Value0>65539</Value0>            
                        <Value1>65540</Value1>            
                    </Entry>          
                    <Entry>            
                        <Values/>            
                        <Value0>65540</Value0>            
                        <Value1>147456</Value1>            
                    </Entry>          
                    <Entry>            
                        <Values/>            
                        <Value0>147456</Value0>            
                        <Value1>327680</Value1>            
                    </Entry>          
                    <Entry>            
                        <Values>              
                            <Entry>                
                                <Value0>18495</Value0>                
                                <Value1>0</Value1>                
                            </Entry>              
                        </Values>            
                        <Value0>147462</Value0>            
                        <Value1>458752</Value1>            
                    </Entry>          
                    <Entry>            
                        <Values>              
                            <Entry>                
                                <Value0>18496</Value0>                
                                <Value1>0</Value1>                
                            </Entry>              
                        </Values>            
                        <Value0>147462</Value0>            
                        <Value1>524288</Value1>            
                    </Entry>          
                    <Entry>            
                        <Values>              
                            <Entry>                
                                <Value0>18497</Value0>                
                                <Value1>0</Value1>                
                            </Entry>              
                        </Values>            
                        <Value0>147462</Value0>            
                        <Value1>589824</Value1>            
                    </Entry>          
                    <Entry>            
                        <Values/>            
                        <Value0>147456</Value0>            
                        <Value1>655360</Value1>            
                    </Entry>          
                    <Entry>            
                        <Values/>            
                        <Value0>147456</Value0>            
                        <Value1>720896</Value1>            
                    </Entry>          
                </Unknown>        
                <Dialogs>          
                    <Dialog>○○○○○○○○</Dialog>          
                    <Dialog>福。。。我要回家了。</Dialog>          
                    <Dialog>（啊，▲高嶺＊＊▲……）</Dialog>          
                    <Dialog>我们一起回去吧</Dialog>          
                    <Dialog>我一个人回去</Dialog>          
                    <Dialog>你要回家吗？</Dialog>          
                    <Dialog>高嶺</Dialog>          
                    <Dialog>这是正确的。。。</Dialog>          
                    <Dialog>我想和你一起回家。我们该走了吗？</Dialog>          
                    <Dialog>对不起，今天不行。再见。</Dialog>          
                    <Dialog>（很糟糕……）</Dialog>          
                    <Dialog>（我随时可以见到你。。。（很好）</Dialog>          
                </Dialogs>        
            </SDL2>      
        </Entry>    
        <Entry Unknown0="1824187757" Unknown1="2272813732">      
            <SDL2 Key="3181313480">        
                <Unknown>          
                    <Entry>            
                        <Values/>            
                        <Value0>147456</Value0>            
                        <Value1>65536</Value1>            
                    </Entry>          
                    <Entry>            
                        <Values/>            
                        <Value0>147456</Value0>            
                        <Value1>131072</Value1>            
                    </Entry>          
                    <Entry>            
                        <Values/>            
                        <Value0>65539</Value0>            
                        <Value1>65540</Value1>            
                    </Entry>          
                    <Entry>            
                        <Values/>            
                        <Value0>65540</Value0>            
                        <Value1>147456</Value1>            
                    </Entry>          
                    <Entry>            
                        <Values/>            
                        <Value0>147456</Value0>            
                        <Value1>327680</Value1>            
                    </Entry>          
                    <Entry>            
                        <Values>              
                            <Entry>                
                                <Value0>18498</Value0>                
                                <Value1>0</Value1>                
                            </Entry>              
                        </Values>            
                        <Value0>147462</Value0>            
                        <Value1>458752</Value1>            
                    </Entry>          
                    <Entry>            
                        <Values/>            
                        <Value0>147456</Value0>            
                        <Value1>524288</Value1>            
                    </Entry>          
                    <Entry>            
                        <Values>              
                            <Entry>                
                                <Value0>18499</Value0>                
                                <Value1>0</Value1>                
                            </Entry>              
                        </Values>            
                        <Value0>147462</Value0>            
                        <Value1>589824</Value1>            
                    </Entry>          
                    <Entry>            
                        <Values>              
                            <Entry>                
                                <Value0>18500</Value0>                
                                <Value1>0</Value1>                
                            </Entry>              
                        </Values>            
                        <Value0>147462</Value0>            
                        <Value1>655360</Value1>            
                    </Entry>          
                    <Entry>            
                        <Values/>            
                        <Value0>147456</Value0>            
                        <Value1>720896</Value1>            
                    </Entry>          
                    <Entry>            
                        <Values/>            
                        <Value0>147456</Value0>            
                        <Value1>786432</Value1>            
                    </Entry>          
                </Unknown>        
                <Dialogs>          
                    <Dialog>○○○○○○○○</Dialog>          
                    <Dialog>我想该回家了。</Dialog>          
                    <Dialog>（啊，▲高嶺＊＊▲……）</Dialog>          
                    <Dialog>我们一起回去吧</Dialog>          
                    <Dialog>我一个人回去</Dialog>          
                    <Dialog>▲高嶺＊＊▲. 你现在要回家吗？</Dialog>          
                    <Dialog>高嶺</Dialog>          
                    <Dialog>这是正确的。你在邀请我和你一起回家吗？</Dialog>          
                    <Dialog>没错。</Dialog>          
                    <Dialog>那我们走吧。</Dialog>          
                    <Dialog>但今天不好。对不起的。</Dialog>          
                    <Dialog>（我一个人回去……）</Dialog>          
                    <Dialog>（不知何故，我感到孤独……）</Dialog>          
                </Dialogs>        
            </SDL2>      
        </Entry>    
        <Entry Unknown0="2538558840" Unknown1="1982491961">      
            <SDL2 Key="3989713955">        
                <Unknown>          
                    <Entry>            
                        <Values/>            
                        <Value0>147456</Value0>            
                        <Value1>65536</Value1>            
                    </Entry>          
                    <Entry>            
                        <Values/>            
                        <Value0>147456</Value0>            
                        <Value1>131072</Value1>            
                    </Entry>          
                    <Entry>            
                        <Values/>            
                        <Value0>65539</Value0>            
                        <Value1>65540</Value1>            
                    </Entry>          
                    <Entry>            
                        <Values/>            
                        <Value0>65540</Value0>            
                        <Value1>147456</Value1>            
                    </Entry>          
                    <Entry>            
                        <Values/>            
                        <Value0>147456</Value0>            
                        <Value1>327680</Value1>            
                    </Entry>          
                    <Entry>            
                        <Values>              
                            <Entry>                
                                <Value0>4294901760</Value0>                
                                <Value1>0</Value1>                
                            </Entry>              
                        </Values>            
                        <Value0>147462</Value0>            
                        <Value1>458752</Value1>            
                    </Entry>          
                    <Entry>            
                        <Values/>            
                        <Value0>147456</Value0>            
                        <Value1>524288</Value1>            
                    </Entry>          
                    <Entry>            
                        <Values>              
                            <Entry>                
                                <Value0>18501</Value0>                
                                <Value1>0</Value1>                
                            </Entry>              
                        </Values>            
                        <Value0>147462</Value0>            
                        <Value1>589824</Value1>            
                    </Entry>          
                    <Entry>            
                        <Values/>            
                        <Value0>147456</Value0>            
                        <Value1>655360</Value1>            
                    </Entry>          
                    <Entry>            
                        <Values/>            
                        <Value0>147456</Value0>            
                        <Value1>720896</Value1>            
                    </Entry>          
                </Unknown>        
                <Dialogs>          
                    <Dialog>○○○○○○○○</Dialog>          
                    <Dialog>已经这么晚了。。。</Dialog>          
                    <Dialog>（啊，▲高嶺＊＊▲……）</Dialog>          
                    <Dialog>我们一起回去吧</Dialog>          
                    <Dialog>我一个人回去</Dialog>          
                    <Dialog>嘿，▲高嶺＊＊▲。</Dialog>          
                    <Dialog>高嶺</Dialog>          
                    <Dialog>▲主人公＊▲.</Dialog>          
                    <Dialog>如果你愿意，我们一起回家吧。</Dialog>          
                    <Dialog>…不太好。所以我不回家了。</Dialog>          
                    <Dialog>（不好，或者……）</Dialog>          
                    <Dialog>（让我们别管她……）</Dialog>          
                </Dialogs>        
            </SDL2>      
        </Entry>    
        <Entry Unknown0="218046989" Unknown1="3325297385">      
            <SDL2 Key="3989713955">        
                <Unknown>          
                    <Entry>            
                        <Values/>            
                        <Value0>147456</Value0>            
                        <Value1>65536</Value1>            
                    </Entry>          
                    <Entry>            
                        <Values/>            
                        <Value0>147456</Value0>            
                        <Value1>131072</Value1>            
                    </Entry>          
                    <Entry>            
                        <Values/>            
                        <Value0>65539</Value0>            
                        <Value1>65540</Value1>            
                    </Entry>          
                    <Entry>            
                        <Values/>            
                        <Value0>65540</Value0>            
                        <Value1>147456</Value1>            
                    </Entry>          
                    <Entry>            
                        <Values/>            
                        <Value0>147456</Value0>            
                        <Value1>327680</Value1>            
                    </Entry>          
                    <Entry>            
                        <Values>              
                            <Entry>                
                                <Value0>18502</Value0>                
                                <Value1>0</Value1>                
                            </Entry>              
                        </Values>            
                        <Value0>147462</Value0>            
                        <Value1>458752</Value1>            
                    </Entry>          
                    <Entry>            
                        <Values/>            
                        <Value0>147456</Value0>            
                        <Value1>524288</Value1>            
                    </Entry>          
                    <Entry>            
                        <Values>              
                            <Entry>                
                                <Value0>18503</Value0>                
                                <Value1>0</Value1>                
                            </Entry>              
                        </Values>            
                        <Value0>147462</Value0>            
                        <Value1>589824</Value1>            
                    </Entry>          
                    <Entry>            
                        <Values/>            
                        <Value0>147456</Value0>            
                        <Value1>655360</Value1>            
                    </Entry>          
                    <Entry>            
                        <Values/>            
                        <Value0>147456</Value0>            
                        <Value1>720896</Value1>            
                    </Entry>          
                </Unknown>        
                <Dialogs>          
                    <Dialog>○○○○○○○○</Dialog>          
                    <Dialog>嗯，回来后的计划。。。</Dialog>          
                    <Dialog>（啊，▲高嶺＊＊▲……）</Dialog>          
                    <Dialog>我们一起回去吧</Dialog>          
                    <Dialog>我一个人回去</Dialog>          
                    <Dialog>在这里！</Dialog>          
                    <Dialog>高嶺</Dialog>          
                    <Dialog>啊。。。</Dialog>          
                    <Dialog>你现在要回家吗？</Dialog>          
                    <Dialog>对。。。但是，我想一个人回家。</Dialog>          
                    <Dialog>（哦，好吧……）</Dialog>          
                    <Dialog>（我们不要……）</Dialog>          
                </Dialogs>        
            </SDL2>      
        </Entry>    
        <Entry Unknown0="3691689405" Unknown1="3452482292">      
            <SDL2 Key="2777786361">        
                <Unknown>          
                    <Entry>            
                        <Values/>            
                        <Value0>147456</Value0>            
                        <Value1>65536</Value1>            
                    </Entry>          
                    <Entry>            
                        <Values/>            
                        <Value0>147456</Value0>            
                        <Value1>131072</Value1>            
                    </Entry>          
                    <Entry>            
                        <Values/>            
                        <Value0>65539</Value0>            
                        <Value1>65540</Value1>            
                    </Entry>          
                    <Entry>            
                        <Values/>            
                        <Value0>65540</Value0>            
                        <Value1>147456</Value1>            
                    </Entry>          
                    <Entry>            
                        <Values/>            
                        <Value0>147456</Value0>            
                        <Value1>327680</Value1>            
                    </Entry>          
                    <Entry>            
                        <Values>              
                            <Entry>                
                                <Value0>18504</Value0>                
                                <Value1>0</Value1>                
                            </Entry>              
                        </Values>            
                        <Value0>147462</Value0>            
                        <Value1>458752</Value1>            
                    </Entry>          
                    <Entry>            
                        <Values/>            
                        <Value0>147456</Value0>            
                        <Value1>524288</Value1>            
                    </Entry>          
                    <Entry>            
                        <Values>              
                            <Entry>                
                                <Value0>18505</Value0>                
                                <Value1>0</Value1>                
                            </Entry>              
                        </Values>            
                        <Value0>147462</Value0>            
                        <Value1>589824</Value1>            
                    </Entry>          
                    <Entry>            
                        <Values/>            
                        <Value0>147456</Value0>            
                        <Value1>655360</Value1>            
                    </Entry>          
                    <Entry>            
                        <Values/>            
                        <Value0>147456</Value0>            
                        <Value1>720896</Value1>            
                    </Entry>          
                </Unknown>        
                <Dialogs>          
                    <Dialog>○○○○○○○○</Dialog>          
                    <Dialog>好吧，我要回家了。</Dialog>          
                    <Dialog>（啊，▲高嶺＊＊▲……）</Dialog>          
                    <Dialog>我们一起回去吧</Dialog>          
                    <Dialog>我一个人回去</Dialog>          
                    <Dialog>嘿，能给我一分钟吗？</Dialog>          
                    <Dialog>高嶺</Dialog>          
                    <Dialog>... 有什么问题？</Dialog>          
                    <Dialog>我想和你一起回家。</Dialog>          
                    <Dialog>我赶时间。。。</Dialog>          
                    <Dialog>（她看起来很暴躁……）</Dialog>          
                    <Dialog>（我把这个传过一次……）</Dialog>          
                </Dialogs>        
            </SDL2>      
        </Entry>    
        <Entry Unknown0="3349145032" Unknown1="4202347913">      
            <SDL2 Key="2777786361">        
                <Unknown>          
                    <Entry>            
                        <Values>              
                            <Entry>                
                                <Value0>18506</Value0>                
                                <Value1>0</Value1>                
                            </Entry>              
                        </Values>            
                        <Value0>147456</Value0>            
                        <Value1>65536</Value1>            
                    </Entry>          
                    <Entry>            
                        <Values/>            
                        <Value0>147458</Value0>            
                        <Value1>196608</Value1>            
                    </Entry>          
                    <Entry>            
                        <Values>              
                            <Entry>                
                                <Value0>18507</Value0>                
                                <Value1>0</Value1>                
                            </Entry>              
                            <Entry>                
                                <Value0>18508</Value0>                
                                <Value1>500</Value1>                
                            </Entry>              
                        </Values>            
                        <Value0>147456</Value0>            
                        <Value1>262144</Value1>            
                    </Entry>          
                    <Entry>            
                        <Values/>            
                        <Value0>65541</Value0>            
                        <Value1>65542</Value1>            
                    </Entry>          
                    <Entry>            
                        <Values/>            
                        <Value0>65542</Value0>            
                        <Value1>147458</Value1>            
                    </Entry>          
                    <Entry>            
                        <Values/>            
                        <Value0>147458</Value0>            
                        <Value1>458752</Value1>            
                    </Entry>          
                    <Entry>            
                        <Values>              
                            <Entry>                
                                <Value0>18509</Value0>                
                                <Value1>0</Value1>                
                            </Entry>              
                        </Values>            
                        <Value0>147456</Value0>            
                        <Value1>524288</Value1>            
                    </Entry>          
                    <Entry>            
                        <Values/>            
                        <Value0>147458</Value0>            
                        <Value1>589824</Value1>            
                    </Entry>          
                    <Entry>            
                        <Values>              
                            <Entry>                
                                <Value0>18510</Value0>                
                                <Value1>0</Value1>                
                            </Entry>              
                        </Values>            
                        <Value0>147456</Value0>            
                        <Value1>655360</Value1>            
                    </Entry>          
                    <Entry>            
                        <Values/>            
                        <Value0>147458</Value0>            
                        <Value1>720896</Value1>            
                    </Entry>          
                </Unknown>        
                <Dialogs>          
                    <Dialog>高嶺</Dialog>          
                    <Dialog>多好的一分钟。</Dialog>          
                    <Dialog>○○○○○○○○</Dialog>          
                    <Dialog>▲高嶺＊＊▲?</Dialog>          
                    <Dialog>我看见你回家了，所以我追着你。我能和你一起去吗？</Dialog>          
                    <Dialog>好吧，我们一起回家吧</Dialog>          
                    <Dialog>对不起，今天有点。。。</Dialog>          
                    <Dialog>好吧，我们一起回家吧。</Dialog>          
                    <Dialog>呼呼，跑过去抓你是值得的。</Dialog>          
                    <Dialog>今天我想一个人回家。我很抱歉。。。</Dialog>          
                    <Dialog>所以。。。很抱歉耽误了你。</Dialog>          
                    <Dialog>对不起的。再见。</Dialog>          
                </Dialogs>        
            </SDL2>      
        </Entry>    
        <Entry Unknown0="2085614173" Unknown1="713314873">      
            <SDL2 Key="3317816660">        
                <Unknown>          
                    <Entry>            
                        <Values>              
                            <Entry>                
                                <Value0>4294901760</Value0>                
                                <Value1>0</Value1>                
                            </Entry>              
                            <Entry>                
                                <Value0>18511</Value0>                
                                <Value1>500</Value1>                
                            </Entry>              
                        </Values>            
                        <Value0>147456</Value0>            
                        <Value1>65536</Value1>            
                    </Entry>          
                    <Entry>            
                        <Values/>            
                        <Value0>147458</Value0>            
                        <Value1>196608</Value1>            
                    </Entry>          
                    <Entry>            
                        <Values>              
                            <Entry>                
                                <Value0>18512</Value0>                
                                <Value1>0</Value1>                
                            </Entry>              
                        </Values>            
                        <Value0>147456</Value0>            
                        <Value1>262144</Value1>            
                    </Entry>          
                    <Entry>            
                        <Values/>            
                        <Value0>65541</Value0>            
                        <Value1>65542</Value1>            
                    </Entry>          
                    <Entry>            
                        <Values/>            
                        <Value0>65542</Value0>            
                        <Value1>147458</Value1>            
                    </Entry>          
                    <Entry>            
                        <Values/>            
                        <Value0>147458</Value0>            
                        <Value1>458752</Value1>            
                    </Entry>          
                    <Entry>            
                        <Values>              
                            <Entry>                
                                <Value0>18513</Value0>                
                                <Value1>0</Value1>                
                            </Entry>              
                        </Values>            
                        <Value0>147456</Value0>            
                        <Value1>524288</Value1>            
                    </Entry>          
                    <Entry>            
                        <Values/>            
                        <Value0>147458</Value0>            
                        <Value1>589824</Value1>            
                    </Entry>          
                    <Entry>            
                        <Values>              
                            <Entry>                
                                <Value0>18514</Value0>                
                                <Value1>0</Value1>                
                            </Entry>              
                        </Values>            
                        <Value0>147456</Value0>            
                        <Value1>655360</Value1>            
                    </Entry>          
                    <Entry>            
                        <Values/>            
                        <Value0>147458</Value0>            
                        <Value1>720896</Value1>            
                    </Entry>          
                </Unknown>        
                <Dialogs>          
                    <Dialog>高嶺</Dialog>          
                    <Dialog>▲幸灾乐祸＊▲……真是巧合。</Dialog>          
                    <Dialog>○○○○○○○○</Dialog>          
                    <Dialog>这是正确的。你现在要回家吗？</Dialog>          
                    <Dialog>对。嘿，我能和你一起回家吗？</Dialog>          
                    <Dialog>好吧，我们一起回去吧</Dialog>          
                    <Dialog>对不起，今天是。。。</Dialog>          
                    <Dialog>没关系。走吧。</Dialog>          
                    <Dialog>我很高兴。</Dialog>          
                    <Dialog>今天发生了很多事。。。</Dialog>          
                    <Dialog>无益？好吧，下次见。</Dialog>          
                    <Dialog>是的。</Dialog>          
                </Dialogs>        
            </SDL2>      
        </Entry>    
        <Entry Unknown0="207242509" Unknown1="555221572">      
            <SDL2 Key="2375176506">        
                <Unknown>          
                    <Entry>            
                        <Values>              
                            <Entry>                
                                <Value0>18515</Value0>                
                                <Value1>0</Value1>                
                            </Entry>              
                        </Values>            
                        <Value0>147456</Value0>            
                        <Value1>65536</Value1>            
                    </Entry>          
                    <Entry>            
                        <Values/>            
                        <Value0>147458</Value0>            
                        <Value1>196608</Value1>            
                    </Entry>          
                    <Entry>            
                        <Values>              
                            <Entry>                
                                <Value0>18516</Value0>                
                                <Value1>0</Value1>                
                            </Entry>              
                        </Values>            
                        <Value0>147456</Value0>            
                        <Value1>262144</Value1>            
                    </Entry>          
                    <Entry>            
                        <Values/>            
                        <Value0>65541</Value0>            
                        <Value1>65542</Value1>            
                    </Entry>          
                    <Entry>            
                        <Values/>            
                        <Value0>65542</Value0>            
                        <Value1>147458</Value1>            
                    </Entry>          
                    <Entry>            
                        <Values/>            
                        <Value0>147458</Value0>            
                        <Value1>458752</Value1>            
                    </Entry>          
                    <Entry>            
                        <Values>              
                            <Entry>                
                                <Value0>18517</Value0>                
                                <Value1>0</Value1>                
                            </Entry>              
                        </Values>            
                        <Value0>147456</Value0>            
                        <Value1>524288</Value1>            
                    </Entry>          
                    <Entry>            
                        <Values/>            
                        <Value0>147458</Value0>            
                        <Value1>589824</Value1>            
                    </Entry>          
                    <Entry>            
                        <Values>              
                            <Entry>                
                                <Value0>18518</Value0>                
                                <Value1>0</Value1>                
                            </Entry>              
                        </Values>            
                        <Value0>147456</Value0>            
                        <Value1>655360</Value1>            
                    </Entry>          
                    <Entry>            
                        <Values/>            
                        <Value0>147458</Value0>            
                        <Value1>720896</Value1>            
                    </Entry>          
                </Unknown>        
                <Dialogs>          
                    <Dialog>高嶺</Dialog>          
                    <Dialog>哇，是艾卡。</Dialog>          
                    <Dialog>○○○○○○○○</Dialog>          
                    <Dialog>太棒了。</Dialog>          
                    <Dialog>我在等你一起回家。你怎么说？</Dialog>          
                    <Dialog>好吧，我们一起回家吧</Dialog>          
                    <Dialog>对不起，今天是。。。</Dialog>          
                    <Dialog>可以。你特意来等我。</Dialog>          
                    <Dialog>因为我想和你在一起</Dialog>          
                    <Dialog>对不起，今天不行。</Dialog>          
                    <Dialog>不可能吗？真可惜。。。</Dialog>          
                    <Dialog>我很抱歉。那么。。。</Dialog>          
                </Dialogs>        
            </SDL2>      
        </Entry>    
        <Entry Unknown0="938456344" Unknown1="919211481">      
            <SDL2 Key="2375176506">        
                <Unknown>          
                    <Entry>            
                        <Values>              
                            <Entry>                
                                <Value0>18519</Value0>                
                                <Value1>0</Value1>                
                            </Entry>              
                        </Values>            
                        <Value0>147456</Value0>            
                        <Value1>65536</Value1>            
                    </Entry>          
                    <Entry>            
                        <Values/>            
                        <Value0>147458</Value0>            
                        <Value1>196608</Value1>            
                    </Entry>          
                    <Entry>            
                        <Values>              
                            <Entry>                
                                <Value0>18520</Value0>                
                                <Value1>0</Value1>                
                            </Entry>              
                        </Values>            
                        <Value0>147456</Value0>            
                        <Value1>262144</Value1>            
                    </Entry>          
                    <Entry>            
                        <Values/>            
                        <Value0>147458</Value0>            
                        <Value1>327680</Value1>            
                    </Entry>          
                    <Entry>            
                        <Values>              
                            <Entry>                
                                <Value0>18521</Value0>                
                                <Value1>0</Value1>                
                            </Entry>              
                        </Values>            
                        <Value0>147456</Value0>            
                        <Value1>393216</Value1>            
                    </Entry>          
                </Unknown>        
                <Dialogs>          
                    <Dialog>高嶺</Dialog>          
                    <Dialog>早上好。今天天气真好。</Dialog>          
                    <Dialog>○○○○○○○○</Dialog>          
                    <Dialog>早上好，▲高嶺＊＊▲。</Dialog>          
                    <Dialog>你想和我一起去吗？我们可以边走边谈。</Dialog>          
                    <Dialog>是的，我们走吧。</Dialog>          
                    <Dialog>是的，我们走吧。</Dialog>          
                </Dialogs>        
            </SDL2>      
        </Entry>    
        <Entry Unknown0="2896134829" Unknown1="1188340361">      
            <SDL2 Key="2948761734">        
                <Unknown>          
                    <Entry>            
                        <Values>              
                            <Entry>                
                                <Value0>18522</Value0>                
                                <Value1>0</Value1>                
                            </Entry>              
                        </Values>            
                        <Value0>147456</Value0>            
                        <Value1>65536</Value1>            
                    </Entry>          
                    <Entry>            
                        <Values/>            
                        <Value0>147458</Value0>            
                        <Value1>196608</Value1>            
                    </Entry>          
                    <Entry>            
                        <Values>              
                            <Entry>                
                                <Value0>18523</Value0>                
                                <Value1>0</Value1>                
                            </Entry>              
                        </Values>            
                        <Value0>147456</Value0>            
                        <Value1>262144</Value1>            
                    </Entry>          
                    <Entry>            
                        <Values/>            
                        <Value0>147458</Value0>            
                        <Value1>327680</Value1>            
                    </Entry>          
                    <Entry>            
                        <Values>              
                            <Entry>                
                                <Value0>18524</Value0>                
                                <Value1>0</Value1>                
                            </Entry>              
                        </Values>            
                        <Value0>147456</Value0>            
                        <Value1>393216</Value1>            
                    </Entry>          
                </Unknown>        
                <Dialogs>          
                    <Dialog>高嶺</Dialog>          
                    <Dialog>早上好，我一直在等你。</Dialog>          
                    <Dialog>○○○○○○○○</Dialog>          
                    <Dialog>早上好，▲高嶺＊＊▲。你等了很久吗？</Dialog>          
                    <Dialog>是的，我们一起上学更有趣，不是吗？</Dialog>          
                    <Dialog>我懂了。好了，我们走！</Dialog>          
                    <Dialog>呼呼。。。我一会儿过来。</Dialog>          
                </Dialogs>        
            </SDL2>      
        </Entry>    
        <Entry Unknown0="2091521373" Unknown1="1298682516">      
            <SDL2 Key="2948761734">        
                <Unknown>          
                    <Entry>            
                        <Values>              
                            <Entry>                
                                <Value0>18525</Value0>                
                                <Value1>0</Value1>                
                            </Entry>              
                        </Values>            
                        <Value0>147456</Value0>            
                        <Value1>65536</Value1>            
                    </Entry>          
                    <Entry>            
                        <Values/>            
                        <Value0>147458</Value0>            
                        <Value1>196608</Value1>            
                    </Entry>          
                    <Entry>            
                        <Values>              
                            <Entry>                
                                <Value0>18526</Value0>                
                                <Value1>0</Value1>                
                            </Entry>              
                        </Values>            
                        <Value0>147456</Value0>            
                        <Value1>262144</Value1>            
                    </Entry>          
                    <Entry>            
                        <Values/>            
                        <Value0>147458</Value0>            
                        <Value1>327680</Value1>            
                    </Entry>          
                    <Entry>            
                        <Values>              
                            <Entry>                
                                <Value0>18527</Value0>                
                                <Value1>0</Value1>                
                            </Entry>              
                        </Values>            
                        <Value0>147456</Value0>            
                        <Value1>393216</Value1>            
                    </Entry>          
                </Unknown>        
                <Dialogs>          
                    <Dialog>高嶺</Dialog>          
                    <Dialog>早上好，我以为你该来这儿了。</Dialog>          
                    <Dialog>○○○○○○○○</Dialog>          
                    <Dialog>▲高嶺＊＊▲，早上好。</Dialog>          
                    <Dialog>现在正是时候。我们走吧？</Dialog>          
                    <Dialog>啊，我明白了。那我有个好时机。</Dialog>          
                    <Dialog>我身体很好。</Dialog>          
                </Dialogs>        
            </SDL2>      
        </Entry>    
    </Entries>  
</DBIN2>