<?xml version="1.0" encoding="utf-8"?><DBIN2 xmlns:xsi="http://www.w3.org/2001/XMLSchema-instance" xmlns:xsd="http://www.w3.org/2001/XMLSchema" Key="2267249102" Unknown="1">  
    <Entries>    
        <Entry Unknown0="147228835" Unknown1="1300179668">      
            <SDL2 Key="4112768466">        
                <Unknown>          
                    <Entry>            
                        <Values>              
                            <Entry>                
                                <Value0>20411</Value0>                
                                <Value1>0</Value1>                
                            </Entry>              
                        </Values>            
                        <Value0>147456</Value0>            
                        <Value1>65536</Value1>            
                    </Entry>          
                    <Entry>            
                        <Values>              
                            <Entry>                
                                <Value0>20412</Value0>                
                                <Value1>0</Value1>                
                            </Entry>              
                        </Values>            
                        <Value0>147456</Value0>            
                        <Value1>131072</Value1>            
                    </Entry>          
                    <Entry>            
                        <Values/>            
                        <Value0>147459</Value0>            
                        <Value1>262144</Value1>            
                    </Entry>          
                    <Entry>            
                        <Values>              
                            <Entry>                
                                <Value0>20413</Value0>                
                                <Value1>0</Value1>                
                            </Entry>              
                        </Values>            
                        <Value0>147456</Value0>            
                        <Value1>327680</Value1>            
                    </Entry>          
                    <Entry>            
                        <Values>              
                            <Entry>                
                                <Value0>20414</Value0>                
                                <Value1>0</Value1>                
                            </Entry>              
                        </Values>            
                        <Value0>147456</Value0>            
                        <Value1>393216</Value1>            
                    </Entry>          
                    <Entry>            
                        <Values/>            
                        <Value0>147459</Value0>            
                        <Value1>458752</Value1>            
                    </Entry>          
                    <Entry>            
                        <Values>              
                            <Entry>                
                                <Value0>20415</Value0>                
                                <Value1>0</Value1>                
                            </Entry>              
                        </Values>            
                        <Value0>147456</Value0>            
                        <Value1>524288</Value1>            
                    </Entry>          
                    <Entry>            
                        <Values/>            
                        <Value0>147459</Value0>            
                        <Value1>589824</Value1>            
                    </Entry>          
                    <Entry>            
                        <Values>              
                            <Entry>                
                                <Value0>20416</Value0>                
                                <Value1>0</Value1>                
                            </Entry>              
                        </Values>            
                        <Value0>147456</Value0>            
                        <Value1>655360</Value1>            
                    </Entry>          
                    <Entry>            
                        <Values/>            
                        <Value0>147459</Value0>            
                        <Value1>720896</Value1>            
                    </Entry>          
                    <Entry>            
                        <Values>              
                            <Entry>                
                                <Value0>20417</Value0>                
                                <Value1>0</Value1>                
                            </Entry>              
                        </Values>            
                        <Value0>147456</Value0>            
                        <Value1>786432</Value1>            
                    </Entry>          
                    <Entry>            
                        <Values/>            
                        <Value0>147459</Value0>            
                        <Value1>851968</Value1>            
                    </Entry>          
                    <Entry>            
                        <Values>              
                            <Entry>                
                                <Value0>20418</Value0>                
                                <Value1>0</Value1>                
                            </Entry>              
                        </Values>            
                        <Value0>147456</Value0>            
                        <Value1>917504</Value1>            
                    </Entry>          
                    <Entry>            
                        <Values/>            
                        <Value0>147459</Value0>            
                        <Value1>983040</Value1>            
                    </Entry>          
                    <Entry>            
                        <Values>              
                            <Entry>                
                                <Value0>20419</Value0>                
                                <Value1>0</Value1>                
                            </Entry>              
                        </Values>            
                        <Value0>147456</Value0>            
                        <Value1>1048576</Value1>            
                    </Entry>          
                    <Entry>            
                        <Values/>            
                        <Value0>147459</Value0>            
                        <Value1>1114112</Value1>            
                    </Entry>          
                    <Entry>            
                        <Values>              
                            <Entry>                
                                <Value0>20420</Value0>                
                                <Value1>0</Value1>                
                            </Entry>              
                        </Values>            
                        <Value0>147456</Value0>            
                        <Value1>1179648</Value1>            
                    </Entry>          
                    <Entry>            
                        <Values>              
                            <Entry>                
                                <Value0>20421</Value0>                
                                <Value1>0</Value1>                
                            </Entry>              
                        </Values>            
                        <Value0>147456</Value0>            
                        <Value1>1245184</Value1>            
                    </Entry>          
                    <Entry>            
                        <Values/>            
                        <Value0>147459</Value0>            
                        <Value1>1310720</Value1>            
                    </Entry>          
                    <Entry>            
                        <Values>              
                            <Entry>                
                                <Value0>20422</Value0>                
                                <Value1>0</Value1>                
                            </Entry>              
                        </Values>            
                        <Value0>147456</Value0>            
                        <Value1>1376256</Value1>            
                    </Entry>          
                    <Entry>            
                        <Values/>            
                        <Value0>147459</Value0>            
                        <Value1>1441792</Value1>            
                    </Entry>          
                    <Entry>            
                        <Values>              
                            <Entry>                
                                <Value0>20423</Value0>                
                                <Value1>0</Value1>                
                            </Entry>              
                        </Values>            
                        <Value0>147456</Value0>            
                        <Value1>1507328</Value1>            
                    </Entry>          
                    <Entry>            
                        <Values>              
                            <Entry>                
                                <Value0>20424</Value0>                
                                <Value1>0</Value1>                
                            </Entry>              
                        </Values>            
                        <Value0>147456</Value0>            
                        <Value1>1572864</Value1>            
                    </Entry>          
                    <Entry>            
                        <Values>              
                            <Entry>                
                                <Value0>20425</Value0>                
                                <Value1>0</Value1>                
                            </Entry>              
                        </Values>            
                        <Value0>147456</Value0>            
                        <Value1>1638400</Value1>            
                    </Entry>          
                    <Entry>            
                        <Values>              
                            <Entry>                
                                <Value0>20426</Value0>                
                                <Value1>0</Value1>                
                            </Entry>              
                        </Values>            
                        <Value0>147456</Value0>            
                        <Value1>1703936</Value1>            
                    </Entry>          
                    <Entry>            
                        <Values>              
                            <Entry>                
                                <Value0>20427</Value0>                
                                <Value1>0</Value1>                
                            </Entry>              
                        </Values>            
                        <Value0>147456</Value0>            
                        <Value1>1769472</Value1>            
                    </Entry>          
                    <Entry>            
                        <Values>              
                            <Entry>                
                                <Value0>20428</Value0>                
                                <Value1>0</Value1>                
                            </Entry>              
                        </Values>            
                        <Value0>147456</Value0>            
                        <Value1>1835008</Value1>            
                    </Entry>          
                    <Entry>            
                        <Values>              
                            <Entry>                
                                <Value0>20429</Value0>                
                                <Value1>0</Value1>                
                            </Entry>              
                        </Values>            
                        <Value0>147456</Value0>            
                        <Value1>1900544</Value1>            
                    </Entry>          
                    <Entry>            
                        <Values>              
                            <Entry>                
                                <Value0>20430</Value0>                
                                <Value1>0</Value1>                
                            </Entry>              
                        </Values>            
                        <Value0>147456</Value0>            
                        <Value1>1966080</Value1>            
                    </Entry>          
                    <Entry>            
                        <Values>              
                            <Entry>                
                                <Value0>20431</Value0>                
                                <Value1>0</Value1>                
                            </Entry>              
                        </Values>            
                        <Value0>147456</Value0>            
                        <Value1>851968</Value1>            
                    </Entry>          
                    <Entry>            
                        <Values/>            
                        <Value0>147459</Value0>            
                        <Value1>851968</Value1>            
                    </Entry>          
                    <Entry>            
                        <Values>              
                            <Entry>                
                                <Value0>20432</Value0>                
                                <Value1>0</Value1>                
                            </Entry>              
                        </Values>            
                        <Value0>147456</Value0>            
                        <Value1>2031616</Value1>            
                    </Entry>          
                    <Entry>            
                        <Values/>            
                        <Value0>147459</Value0>            
                        <Value1>2097152</Value1>            
                    </Entry>          
                    <Entry>            
                        <Values>              
                            <Entry>                
                                <Value0>20433</Value0>                
                                <Value1>0</Value1>                
                            </Entry>              
                        </Values>            
                        <Value0>147456</Value0>            
                        <Value1>2162688</Value1>            
                    </Entry>          
                    <Entry>            
                        <Values/>            
                        <Value0>147459</Value0>            
                        <Value1>851968</Value1>            
                    </Entry>          
                    <Entry>            
                        <Values>              
                            <Entry>                
                                <Value0>20434</Value0>                
                                <Value1>0</Value1>                
                            </Entry>              
                        </Values>            
                        <Value0>147456</Value0>            
                        <Value1>2228224</Value1>            
                    </Entry>          
                    <Entry>            
                        <Values/>            
                        <Value0>147459</Value0>            
                        <Value1>2293760</Value1>            
                    </Entry>          
                    <Entry>            
                        <Values>              
                            <Entry>                
                                <Value0>20435</Value0>                
                                <Value1>0</Value1>                
                            </Entry>              
                        </Values>            
                        <Value0>147456</Value0>            
                        <Value1>2359296</Value1>            
                    </Entry>          
                    <Entry>            
                        <Values/>            
                        <Value0>147459</Value0>            
                        <Value1>2424832</Value1>            
                    </Entry>          
                    <Entry>            
                        <Values>              
                            <Entry>                
                                <Value0>20436</Value0>                
                                <Value1>0</Value1>                
                            </Entry>              
                        </Values>            
                        <Value0>147456</Value0>            
                        <Value1>2490368</Value1>            
                    </Entry>          
                    <Entry>            
                        <Values>              
                            <Entry>                
                                <Value0>20437</Value0>                
                                <Value1>0</Value1>                
                            </Entry>              
                        </Values>            
                        <Value0>147456</Value0>            
                        <Value1>2555904</Value1>            
                    </Entry>          
                </Unknown>        
                <Dialogs>          
                    <Dialog>高嶺</Dialog>          
                    <Dialog>抱歉让你久等了。我让你等得太久了。</Dialog>          
                    <Dialog>嘿，像这样并排走着。。。已经有一段时间了，对吧？</Dialog>          
                    <Dialog>○○○○○○○○</Dialog>          
                    <Dialog>也许是。。。我很抱歉。</Dialog>          
                    <Dialog>不，没关系。从现在起我们会经常在一起，对吗？</Dialog>          
                    <Dialog>哈~a。。。</Dialog>          
                    <Dialog>发生了什么？</Dialog>          
                    <Dialog>我记得我们去阿塔米的时候。</Dialog>          
                    <Dialog>啊，阿塔米。。。</Dialog>          
                    <Dialog>我仍然记得很多，因为这是我们美好的回忆。。。</Dialog>          
                    <Dialog>我明白了，没错。</Dialog>          
                    <Dialog>那是我和你在一起最久的一天。。。我永远不会忘记。</Dialog>          
                    <Dialog>....</Dialog>          
                    <Dialog>呃。。。</Dialog>          
                    <Dialog>什么？</Dialog>          
                    <Dialog>嗯。。。我觉得我一直在看着你。</Dialog>          
                    <Dialog>真的？</Dialog>          
                    <Dialog>真正地。。。天哪，你突然怎么了？</Dialog>          
                    <Dialog>一、 。。。我有点漂亮吗？。。。我开玩笑的。</Dialog>          
                    <Dialog>嗯。。。</Dialog>          
                    <Dialog>对不起，我说了些奇怪的话。。。天哪，别用那双闪亮的眼睛看着我？</Dialog>          
                    <Dialog>嗯，我有那种眼睛吗？</Dialog>          
                    <Dialog>你知道。想让我看看你的脸吗？</Dialog>          
                    <Dialog>看看我的眼睛。</Dialog>          
                    <Dialog>别那么做。再来一点，好吗？</Dialog>          
                    <Dialog>嗯，有点太近了。没关系，我能很好地看到你。。。</Dialog>          
                    <Dialog>是 啊。。。看起来不错。保持这样。。。你想笑吗？</Dialog>          
                    <Dialog>笑？</Dialog>          
                    <Dialog>是的，这是一个很好的微笑。。。我最喜欢的微笑。</Dialog>          
                    <Dialog>怎么了，尴尬吗？如果是的话，那没关系。</Dialog>          
                    <Dialog>……怎么了？</Dialog>          
                    <Dialog>这里有点安静。。。</Dialog>          
                    <Dialog>嗯？嗯。。。</Dialog>          
                    <Dialog>那个。。。</Dialog>          
                    <Dialog>▲高嶺＊＊▲...</Dialog>          
                    <Dialog>你能原谅我吗？</Dialog>          
                    <Dialog>嗯？</Dialog>          
                    <Dialog>呼呼。。。</Dialog>          
                    <Dialog>没关系，从现在起。。。我们能留下更多的回忆吗？</Dialog>          
                </Dialogs>        
            </SDL2>      
        </Entry>    
    </Entries>  
</DBIN2>