<?xml version="1.0" encoding="utf-8"?><DBIN2 xmlns:xsi="http://www.w3.org/2001/XMLSchema-instance" xmlns:xsd="http://www.w3.org/2001/XMLSchema" Key="3688274753" Unknown="4">  
    <Entries>    
        <Entry Unknown0="4129225405" Unknown1="4164589779">      
            <SDL2 Key="3910906660">        
                <Unknown/>        
                <Dialogs/>        
            </SDL2>      
        </Entry>    
        <Entry Unknown0="1890164031" Unknown1="2228951648">      
            <SDL2 Key="3910906660">        
                <Unknown/>        
                <Dialogs/>        
            </SDL2>      
        </Entry>    
        <Entry Unknown0="3846709196" Unknown1="610641665">      
            <SDL2 Key="3910906660">        
                <Unknown/>        
                <Dialogs/>        
            </SDL2>      
        </Entry>    
        <Entry Unknown0="2261682797" Unknown1="2884257923">      
            <SDL2 Key="3910906660">        
                <Unknown/>        
                <Dialogs/>        
            </SDL2>      
        </Entry>    
    </Entries>  
</DBIN2>