<?xml version="1.0" encoding="utf-8"?><DBIN2 xmlns:xsi="http://www.w3.org/2001/XMLSchema-instance" xmlns:xsd="http://www.w3.org/2001/XMLSchema" Key="791114441" Unknown="11">  
    <Entries>    
        <Entry Unknown0="1225868428" Unknown1="1091812208">      
            <SDL2 Key="1233785306">        
                <Unknown/>        
                <Dialogs/>        
            </SDL2>      
        </Entry>    
        <Entry Unknown0="3922579500" Unknown1="4255406892">      
            <SDL2 Key="1233785306">        
                <Unknown/>        
                <Dialogs/>        
            </SDL2>      
        </Entry>    
        <Entry Unknown0="2908860648" Unknown1="2437224384">      
            <SDL2 Key="1233785306">        
                <Unknown/>        
                <Dialogs/>        
            </SDL2>      
        </Entry>    
        <Entry Unknown0="1493267580" Unknown1="822520672">      
            <SDL2 Key="1233785306">        
                <Unknown/>        
                <Dialogs/>        
            </SDL2>      
        </Entry>    
        <Entry Unknown0="4189962268" Unknown1="3885452060">      
            <SDL2 Key="1233785306">        
                <Unknown/>        
                <Dialogs/>        
            </SDL2>      
        </Entry>    
        <Entry Unknown0="3176243416" Unknown1="2335442864">      
            <SDL2 Key="1233785306">        
                <Unknown/>        
                <Dialogs/>        
            </SDL2>      
        </Entry>    
        <Entry Unknown0="703685740" Unknown1="737254224">      
            <SDL2 Key="1233785306">        
                <Unknown/>        
                <Dialogs/>        
            </SDL2>      
        </Entry>    
        <Entry Unknown0="3383619596" Unknown1="3615636236">      
            <SDL2 Key="1233785306">        
                <Unknown/>        
                <Dialogs/>        
            </SDL2>      
        </Entry>    
        <Entry Unknown0="2369867976" Unknown1="2049439648">      
            <SDL2 Key="1233785306">        
                <Unknown/>        
                <Dialogs/>        
            </SDL2>      
        </Entry>    
        <Entry Unknown0="971052124" Unknown1="450923328">      
            <SDL2 Key="1233785306">        
                <Unknown/>        
                <Dialogs/>        
            </SDL2>      
        </Entry>    
        <Entry Unknown0="3651002620" Unknown1="3329567740">      
            <SDL2 Key="1233785306">        
                <Unknown/>        
                <Dialogs/>        
            </SDL2>      
        </Entry>    
    </Entries>  
</DBIN2>