<?xml version="1.0" encoding="utf-8"?><DBIN2 xmlns:xsi="http://www.w3.org/2001/XMLSchema-instance" xmlns:xsd="http://www.w3.org/2001/XMLSchema" Key="2778214897" Unknown="4">  
    <Entries>    
        <Entry Unknown0="2127718159" Unknown1="1987359771">      
            <SDL2 Key="4048327857">        
                <Unknown>          
                    <Entry>            
                        <Values/>            
                        <Value0>147456</Value0>            
                        <Value1>65536</Value1>            
                    </Entry>          
                    <Entry>            
                        <Values/>            
                        <Value0>147456</Value0>            
                        <Value1>131072</Value1>            
                    </Entry>          
                    <Entry>            
                        <Values/>            
                        <Value0>147456</Value0>            
                        <Value1>196608</Value1>            
                    </Entry>          
                    <Entry>            
                        <Values/>            
                        <Value0>147456</Value0>            
                        <Value1>131072</Value1>            
                    </Entry>          
                    <Entry>            
                        <Values/>            
                        <Value0>147456</Value0>            
                        <Value1>262144</Value1>            
                    </Entry>          
                    <Entry>            
                        <Values/>            
                        <Value0>147456</Value0>            
                        <Value1>327680</Value1>            
                    </Entry>          
                    <Entry>            
                        <Values/>            
                        <Value0>147456</Value0>            
                        <Value1>393216</Value1>            
                    </Entry>          
                    <Entry>            
                        <Values/>            
                        <Value0>147456</Value0>            
                        <Value1>458752</Value1>            
                    </Entry>          
                    <Entry>            
                        <Values/>            
                        <Value0>147456</Value0>            
                        <Value1>524288</Value1>            
                    </Entry>          
                    <Entry>            
                        <Values/>            
                        <Value0>147456</Value0>            
                        <Value1>589824</Value1>            
                    </Entry>          
                    <Entry>            
                        <Values/>            
                        <Value0>147456</Value0>            
                        <Value1>655360</Value1>            
                    </Entry>          
                    <Entry>            
                        <Values/>            
                        <Value0>147456</Value0>            
                        <Value1>720896</Value1>            
                    </Entry>          
                    <Entry>            
                        <Values/>            
                        <Value0>147456</Value0>            
                        <Value1>786432</Value1>            
                    </Entry>          
                    <Entry>            
                        <Values/>            
                        <Value0>147456</Value0>            
                        <Value1>720896</Value1>            
                    </Entry>          
                    <Entry>            
                        <Values/>            
                        <Value0>147456</Value0>            
                        <Value1>851968</Value1>            
                    </Entry>          
                    <Entry>            
                        <Values/>            
                        <Value0>147456</Value0>            
                        <Value1>917504</Value1>            
                    </Entry>          
                    <Entry>            
                        <Values/>            
                        <Value0>147456</Value0>            
                        <Value1>983040</Value1>            
                    </Entry>          
                    <Entry>            
                        <Values/>            
                        <Value0>147456</Value0>            
                        <Value1>1048576</Value1>            
                    </Entry>          
                    <Entry>            
                        <Values/>            
                        <Value0>147456</Value0>            
                        <Value1>1114112</Value1>            
                    </Entry>          
                    <Entry>            
                        <Values/>            
                        <Value0>147456</Value0>            
                        <Value1>1179648</Value1>            
                    </Entry>          
                    <Entry>            
                        <Values/>            
                        <Value0>147456</Value0>            
                        <Value1>1245184</Value1>            
                    </Entry>          
                    <Entry>            
                        <Values/>            
                        <Value0>147456</Value0>            
                        <Value1>1310720</Value1>            
                    </Entry>          
                    <Entry>            
                        <Values/>            
                        <Value0>147456</Value0>            
                        <Value1>1376256</Value1>            
                    </Entry>          
                    <Entry>            
                        <Values/>            
                        <Value0>147456</Value0>            
                        <Value1>1310720</Value1>            
                    </Entry>          
                    <Entry>            
                        <Values/>            
                        <Value0>147456</Value0>            
                        <Value1>1441792</Value1>            
                    </Entry>          
                    <Entry>            
                        <Values/>            
                        <Value0>147456</Value0>            
                        <Value1>1507328</Value1>            
                    </Entry>          
                    <Entry>            
                        <Values/>            
                        <Value0>147456</Value0>            
                        <Value1>1572864</Value1>            
                    </Entry>          
                    <Entry>            
                        <Values/>            
                        <Value0>147456</Value0>            
                        <Value1>1638400</Value1>            
                    </Entry>          
                    <Entry>            
                        <Values/>            
                        <Value0>147456</Value0>            
                        <Value1>1703936</Value1>            
                    </Entry>          
                    <Entry>            
                        <Values/>            
                        <Value0>147456</Value0>            
                        <Value1>1769472</Value1>            
                    </Entry>          
                    <Entry>            
                        <Values/>            
                        <Value0>147456</Value0>            
                        <Value1>1835008</Value1>            
                    </Entry>          
                    <Entry>            
                        <Values/>            
                        <Value0>147456</Value0>            
                        <Value1>1900544</Value1>            
                    </Entry>          
                    <Entry>            
                        <Values/>            
                        <Value0>147456</Value0>            
                        <Value1>1966080</Value1>            
                    </Entry>          
                    <Entry>            
                        <Values/>            
                        <Value0>147456</Value0>            
                        <Value1>1900544</Value1>            
                    </Entry>          
                    <Entry>            
                        <Values/>            
                        <Value0>147456</Value0>            
                        <Value1>2031616</Value1>            
                    </Entry>          
                    <Entry>            
                        <Values/>            
                        <Value0>147456</Value0>            
                        <Value1>327680</Value1>            
                    </Entry>          
                    <Entry>            
                        <Values/>            
                        <Value0>147456</Value0>            
                        <Value1>2097152</Value1>            
                    </Entry>          
                    <Entry>            
                        <Values/>            
                        <Value0>147456</Value0>            
                        <Value1>458752</Value1>            
                    </Entry>          
                    <Entry>            
                        <Values/>            
                        <Value0>147456</Value0>            
                        <Value1>2162688</Value1>            
                    </Entry>          
                    <Entry>            
                        <Values/>            
                        <Value0>147456</Value0>            
                        <Value1>589824</Value1>            
                    </Entry>          
                    <Entry>            
                        <Values/>            
                        <Value0>65570</Value0>            
                        <Value1>65571</Value1>            
                    </Entry>          
                    <Entry>            
                        <Values/>            
                        <Value0>65571</Value0>            
                        <Value1>65572</Value1>            
                    </Entry>          
                    <Entry>            
                        <Values/>            
                        <Value0>65572</Value0>            
                        <Value1>147456</Value1>            
                    </Entry>          
                    <Entry>            
                        <Values/>            
                        <Value0>147456</Value0>            
                        <Value1>2424832</Value1>            
                    </Entry>          
                    <Entry>            
                        <Values/>            
                        <Value0>65574</Value0>            
                        <Value1>65575</Value1>            
                    </Entry>          
                    <Entry>            
                        <Values/>            
                        <Value0>65575</Value0>            
                        <Value1>65576</Value1>            
                    </Entry>          
                    <Entry>            
                        <Values/>            
                        <Value0>65576</Value0>            
                        <Value1>65577</Value1>            
                    </Entry>          
                    <Entry>            
                        <Values/>            
                        <Value0>65577</Value0>            
                        <Value1>147456</Value1>            
                    </Entry>          
                    <Entry>            
                        <Values/>            
                        <Value0>147456</Value0>            
                        <Value1>2752512</Value1>            
                    </Entry>          
                    <Entry>            
                        <Values/>            
                        <Value0>147456</Value0>            
                        <Value1>2818048</Value1>            
                    </Entry>          
                </Unknown>        
                <Dialogs>          
                    <Dialog>○○○○○○○○</Dialog>          
                    <Dialog>啊，我刚想起来。▲高嶺＊＊▲第二天就要到了。</Dialog>          
                    <Dialog>作为代表我应该买什么</Dialog>          
                    <Dialog>啊，我现在想起来了。下周是我的生日。</Dialog>          
                    <Dialog>啊，这个星期是我的生日。。。</Dialog>          
                    <Dialog>我想我最好给她准备一份礼物。。。</Dialog>          
                    <Dialog>啊！明天就是我们的生日了</Dialog>          
                    <Dialog>我得给她买件礼物。。。</Dialog>          
                    <Dialog>啊！今天是我的生日</Dialog>          
                    <Dialog>我得赶紧给她买礼物。。。</Dialog>          
                    <Dialog>顺便说一句，很快就会变成白色的。</Dialog>          
                    <Dialog>▲高嶺＊＊▲…我给你拿什么</Dialog>          
                    <Dialog>顺便说一句，下星期是白昼。</Dialog>          
                    <Dialog>啊，本周是白昼。。。</Dialog>          
                    <Dialog>▲高嶺＊＊▲······················</Dialog>          
                    <Dialog>啊！明天是白昼</Dialog>          
                    <Dialog>▲高嶺＊＊▲……我得给你买点东西。。。</Dialog>          
                    <Dialog>啊！今天是白昼</Dialog>          
                    <Dialog>▲高嶺＊＊▲……我得赶紧给你拿点东西。。。</Dialog>          
                    <Dialog>空气中弥漫着圣诞节的气氛。</Dialog>          
                    <Dialog>▲高嶺＊＊▲…我该给你买什么</Dialog>          
                    <Dialog>下周是圣诞节。</Dialog>          
                    <Dialog>这周是圣诞节。</Dialog>          
                    <Dialog>▲高嶺＊＊▲……我最好给你买点东西，对吧</Dialog>          
                    <Dialog>啊！明天是圣诞节前夕</Dialog>          
                    <Dialog>▲高嶺＊＊▲……我给你拿点东西。。。</Dialog>          
                    <Dialog>啊！今天是平安夜</Dialog>          
                    <Dialog>▲高嶺＊＊▲……我得赶紧给你拿点东西。。。</Dialog>          
                    <Dialog>啊，我现在想起来了。。。我们的结婚纪念日马上就要到了。</Dialog>          
                    <Dialog>我最好给她准备一份礼物。。。</Dialog>          
                    <Dialog>啊，我想起来了。我们的结婚纪念日下周就要到了。</Dialog>          
                    <Dialog>啊！我们的结婚纪念日就要到了。</Dialog>          
                    <Dialog>啊！▲高嶺＊＊▲我。。。我们的周年纪念日就在明天</Dialog>          
                    <Dialog>啊！▲高嶺＊＊▲我。。。我们的周年纪念日</Dialog>          
                    <Dialog>奢侈品名牌专卖店</Dialog>          
                    <Dialog>化妆品店</Dialog>          
                    <Dialog>配件店</Dialog>          
                    <Dialog>我应该在这里买礼物吗</Dialog>          
                    <Dialog>▲生成選択肢１▲</Dialog>          
                    <Dialog>▲生成選択肢２▲</Dialog>          
                    <Dialog>▲生成選択肢３▲</Dialog>          
                    <Dialog>不要买</Dialog>          
                    <Dialog>好吧，我要这个一个。希望如此，▲高嶺＊＊▲会喜欢的。。。</Dialog>          
                    <Dialog>嗯。。。我想我去另一家商店试试。我下次再来。</Dialog>          
                </Dialogs>        
            </SDL2>      
        </Entry>    
        <Entry Unknown0="504094895" Unknown1="2817283154">      
            <SDL2 Key="4048327857">        
                <Unknown/>        
                <Dialogs/>        
            </SDL2>      
        </Entry>    
        <Entry Unknown0="1434599654" Unknown1="747604939">      
            <SDL2 Key="4048327857">        
                <Unknown/>        
                <Dialogs/>        
            </SDL2>      
        </Entry>    
        <Entry Unknown0="2921510751" Unknown1="3435594859">      
            <SDL2 Key="4048327857">        
                <Unknown/>        
                <Dialogs/>        
            </SDL2>      
        </Entry>    
    </Entries>  
</DBIN2>